STARTFONT 2.1
FONT -TakWolf-Fusion Pixel 10px Prop zh_Hans-Regular-R-Normal-Sans Serif-10-100-75-75-P-98-ISO10646-1
SIZE 10 75 75
FONTBOUNDINGBOX 10 14 0 -3
STARTPROPERTIES 24
FOUNDRY "TakWolf"
FAMILY_NAME "Fusion Pixel 10px Prop zh_Hans"
WEIGHT_NAME "Regular"
SLANT "R"
SETWIDTH_NAME "Normal"
ADD_STYLE_NAME "Sans Serif"
PIXEL_SIZE 10
POINT_SIZE 100
RESOLUTION_X 75
RESOLUTION_Y 75
SPACING "P"
AVERAGE_WIDTH 98
CHARSET_REGISTRY "ISO10646"
CHARSET_ENCODING "1"
DEFAULT_CHAR 65534
FONT_ASCENT 11
FONT_DESCENT 3
X_HEIGHT 5
CAP_HEIGHT 7
UNDERLINE_POSITION -1
UNDERLINE_THICKNESS 1
FONT_VERSION "2026.09.25"
COPYRIGHT "Copyright (c) 2022, TakWolf (https://takwolf.com)"
LICENSE "This Font Software is licensed under the SIL Open Font License, Version 1.1"
ENDPROPERTIES
CHARS 6894
STARTCHAR .notdef
ENCODING 65534
SWIDTH 1000 0
DWIDTH 10 0
BBX 10 10 0 -1
BITMAP
FFC0
8040
8040
8040
8040
8040
8040
8040
8040
FFC0
ENDCHAR
STARTCHAR u0020
ENCODING 32
SWIDTH 500 0
DWIDTH 5 0
BBX 0 0 0 0
BITMAP
ENDCHAR
STARTCHAR u0021
ENCODING 33
SWIDTH 400 0
DWIDTH 4 0
BBX 1 7 1 0
BITMAP
80
80
80
80
80
00
80
ENDCHAR
STARTCHAR u0022
ENCODING 34
SWIDTH 600 0
DWIDTH 6 0
BBX 3 2 1 5
BITMAP
A0
A0
ENDCHAR
STARTCHAR u0023
ENCODING 35
SWIDTH 600 0
DWIDTH 6 0
BBX 5 7 0 0
BITMAP
50
F8
50
50
50
F8
50
ENDCHAR
STARTCHAR u0024
ENCODING 36
SWIDTH 600 0
DWIDTH 6 0
BBX 5 9 0 -1
BITMAP
20
70
A8
A0
70
28
A8
70
20
ENDCHAR
STARTCHAR u0025
ENCODING 37
SWIDTH 800 0
DWIDTH 8 0
BBX 7 7 0 0
BITMAP
44
A8
48
10
24
2A
44
ENDCHAR
STARTCHAR u0026
ENCODING 38
SWIDTH 700 0
DWIDTH 7 0
BBX 6 7 0 0
BITMAP
20
50
50
64
94
88
74
ENDCHAR
STARTCHAR u0027
ENCODING 39
SWIDTH 400 0
DWIDTH 4 0
BBX 1 2 1 5
BITMAP
80
80
ENDCHAR
STARTCHAR u0028
ENCODING 40
SWIDTH 600 0
DWIDTH 6 0
BBX 3 9 1 -1
BITMAP
20
40
40
80
80
80
40
40
20
ENDCHAR
STARTCHAR u0029
ENCODING 41
SWIDTH 600 0
DWIDTH 6 0
BBX 3 9 1 -1
BITMAP
80
40
40
20
20
20
40
40
80
ENDCHAR
STARTCHAR u002A
ENCODING 42
SWIDTH 600 0
DWIDTH 6 0
BBX 5 5 0 0
BITMAP
20
A8
70
A8
20
ENDCHAR
STARTCHAR u002B
ENCODING 43
SWIDTH 600 0
DWIDTH 6 0
BBX 5 5 0 0
BITMAP
20
20
F8
20
20
ENDCHAR
STARTCHAR u002C
ENCODING 44
SWIDTH 400 0
DWIDTH 4 0
BBX 2 3 0 -2
BITMAP
40
40
80
ENDCHAR
STARTCHAR u002D
ENCODING 45
SWIDTH 600 0
DWIDTH 6 0
BBX 5 1 0 2
BITMAP
F8
ENDCHAR
STARTCHAR u002E
ENCODING 46
SWIDTH 400 0
DWIDTH 4 0
BBX 1 1 1 0
BITMAP
80
ENDCHAR
STARTCHAR u002F
ENCODING 47
SWIDTH 500 0
DWIDTH 5 0
BBX 4 9 0 -1
BITMAP
10
10
20
20
40
40
40
80
80
ENDCHAR
STARTCHAR u0030
ENCODING 48
SWIDTH 500 0
DWIDTH 5 0
BBX 4 7 0 0
BITMAP
60
90
B0
D0
90
90
60
ENDCHAR
STARTCHAR u0031
ENCODING 49
SWIDTH 500 0
DWIDTH 5 0
BBX 3 7 1 0
BITMAP
40
C0
40
40
40
40
E0
ENDCHAR
STARTCHAR u0032
ENCODING 50
SWIDTH 500 0
DWIDTH 5 0
BBX 4 7 0 0
BITMAP
60
90
10
20
40
80
F0
ENDCHAR
STARTCHAR u0033
ENCODING 51
SWIDTH 500 0
DWIDTH 5 0
BBX 4 7 0 0
BITMAP
60
90
10
20
10
90
60
ENDCHAR
STARTCHAR u0034
ENCODING 52
SWIDTH 500 0
DWIDTH 5 0
BBX 4 7 0 0
BITMAP
30
50
50
90
90
F0
10
ENDCHAR
STARTCHAR u0035
ENCODING 53
SWIDTH 500 0
DWIDTH 5 0
BBX 4 7 0 0
BITMAP
F0
80
80
E0
10
10
E0
ENDCHAR
STARTCHAR u0036
ENCODING 54
SWIDTH 500 0
DWIDTH 5 0
BBX 4 7 0 0
BITMAP
60
90
80
E0
90
90
60
ENDCHAR
STARTCHAR u0037
ENCODING 55
SWIDTH 500 0
DWIDTH 5 0
BBX 4 7 0 0
BITMAP
F0
10
10
20
20
40
40
ENDCHAR
STARTCHAR u0038
ENCODING 56
SWIDTH 500 0
DWIDTH 5 0
BBX 4 7 0 0
BITMAP
60
90
90
60
90
90
60
ENDCHAR
STARTCHAR u0039
ENCODING 57
SWIDTH 500 0
DWIDTH 5 0
BBX 4 7 0 0
BITMAP
60
90
90
70
10
90
60
ENDCHAR
STARTCHAR u003A
ENCODING 58
SWIDTH 400 0
DWIDTH 4 0
BBX 1 5 1 0
BITMAP
80
00
00
00
80
ENDCHAR
STARTCHAR u003B
ENCODING 59
SWIDTH 400 0
DWIDTH 4 0
BBX 2 7 0 -2
BITMAP
40
00
00
00
40
40
80
ENDCHAR
STARTCHAR u003C
ENCODING 60
SWIDTH 400 0
DWIDTH 4 0
BBX 3 5 0 0
BITMAP
20
40
80
40
20
ENDCHAR
STARTCHAR u003D
ENCODING 61
SWIDTH 600 0
DWIDTH 6 0
BBX 5 3 0 1
BITMAP
F8
00
F8
ENDCHAR
STARTCHAR u003E
ENCODING 62
SWIDTH 400 0
DWIDTH 4 0
BBX 3 5 0 0
BITMAP
80
40
20
40
80
ENDCHAR
STARTCHAR u003F
ENCODING 63
SWIDTH 600 0
DWIDTH 6 0
BBX 5 7 0 0
BITMAP
70
88
08
10
20
00
20
ENDCHAR
STARTCHAR u0040
ENCODING 64
SWIDTH 600 0
DWIDTH 6 0
BBX 5 8 0 -1
BITMAP
70
88
98
A8
A8
B8
80
70
ENDCHAR
STARTCHAR u0041
ENCODING 65
SWIDTH 600 0
DWIDTH 6 0
BBX 5 7 0 0
BITMAP
20
20
50
50
70
88
88
ENDCHAR
STARTCHAR u0042
ENCODING 66
SWIDTH 600 0
DWIDTH 6 0
BBX 5 7 0 0
BITMAP
F0
88
88
F0
88
88
F0
ENDCHAR
STARTCHAR u0043
ENCODING 67
SWIDTH 600 0
DWIDTH 6 0
BBX 5 7 0 0
BITMAP
70
88
80
80
80
88
70
ENDCHAR
STARTCHAR u0044
ENCODING 68
SWIDTH 600 0
DWIDTH 6 0
BBX 5 7 0 0
BITMAP
F0
88
88
88
88
88
F0
ENDCHAR
STARTCHAR u0045
ENCODING 69
SWIDTH 600 0
DWIDTH 6 0
BBX 5 7 0 0
BITMAP
F8
80
80
F0
80
80
F8
ENDCHAR
STARTCHAR u0046
ENCODING 70
SWIDTH 600 0
DWIDTH 6 0
BBX 5 7 0 0
BITMAP
F8
80
80
F0
80
80
80
ENDCHAR
STARTCHAR u0047
ENCODING 71
SWIDTH 600 0
DWIDTH 6 0
BBX 5 7 0 0
BITMAP
70
88
80
80
98
88
78
ENDCHAR
STARTCHAR u0048
ENCODING 72
SWIDTH 600 0
DWIDTH 6 0
BBX 5 7 0 0
BITMAP
88
88
88
F8
88
88
88
ENDCHAR
STARTCHAR u0049
ENCODING 73
SWIDTH 400 0
DWIDTH 4 0
BBX 3 7 0 0
BITMAP
E0
40
40
40
40
40
E0
ENDCHAR
STARTCHAR u004A
ENCODING 74
SWIDTH 500 0
DWIDTH 5 0
BBX 4 7 0 0
BITMAP
10
10
10
10
90
90
60
ENDCHAR
STARTCHAR u004B
ENCODING 75
SWIDTH 600 0
DWIDTH 6 0
BBX 5 7 0 0
BITMAP
88
90
A0
C0
A0
90
88
ENDCHAR
STARTCHAR u004C
ENCODING 76
SWIDTH 500 0
DWIDTH 5 0
BBX 4 7 0 0
BITMAP
80
80
80
80
80
80
F0
ENDCHAR
STARTCHAR u004D
ENCODING 77
SWIDTH 800 0
DWIDTH 8 0
BBX 7 7 0 0
BITMAP
82
C6
C6
AA
AA
92
92
ENDCHAR
STARTCHAR u004E
ENCODING 78
SWIDTH 600 0
DWIDTH 6 0
BBX 5 7 0 0
BITMAP
88
C8
C8
A8
98
98
88
ENDCHAR
STARTCHAR u004F
ENCODING 79
SWIDTH 600 0
DWIDTH 6 0
BBX 5 7 0 0
BITMAP
70
88
88
88
88
88
70
ENDCHAR
STARTCHAR u0050
ENCODING 80
SWIDTH 600 0
DWIDTH 6 0
BBX 5 7 0 0
BITMAP
F0
88
88
F0
80
80
80
ENDCHAR
STARTCHAR u0051
ENCODING 81
SWIDTH 600 0
DWIDTH 6 0
BBX 5 7 0 0
BITMAP
70
88
88
88
A8
90
68
ENDCHAR
STARTCHAR u0052
ENCODING 82
SWIDTH 600 0
DWIDTH 6 0
BBX 5 7 0 0
BITMAP
F0
88
88
F0
90
88
88
ENDCHAR
STARTCHAR u0053
ENCODING 83
SWIDTH 600 0
DWIDTH 6 0
BBX 5 7 0 0
BITMAP
70
88
80
70
08
88
70
ENDCHAR
STARTCHAR u0054
ENCODING 84
SWIDTH 600 0
DWIDTH 6 0
BBX 5 7 0 0
BITMAP
F8
20
20
20
20
20
20
ENDCHAR
STARTCHAR u0055
ENCODING 85
SWIDTH 600 0
DWIDTH 6 0
BBX 5 7 0 0
BITMAP
88
88
88
88
88
88
70
ENDCHAR
STARTCHAR u0056
ENCODING 86
SWIDTH 600 0
DWIDTH 6 0
BBX 5 7 0 0
BITMAP
88
88
50
50
50
20
20
ENDCHAR
STARTCHAR u0057
ENCODING 87
SWIDTH 800 0
DWIDTH 8 0
BBX 7 7 0 0
BITMAP
92
92
92
AA
AA
44
44
ENDCHAR
STARTCHAR u0058
ENCODING 88
SWIDTH 600 0
DWIDTH 6 0
BBX 5 7 0 0
BITMAP
88
88
50
20
50
88
88
ENDCHAR
STARTCHAR u0059
ENCODING 89
SWIDTH 600 0
DWIDTH 6 0
BBX 5 7 0 0
BITMAP
88
88
50
50
20
20
20
ENDCHAR
STARTCHAR u005A
ENCODING 90
SWIDTH 600 0
DWIDTH 6 0
BBX 5 7 0 0
BITMAP
F8
08
10
20
40
80
F8
ENDCHAR
STARTCHAR u005B
ENCODING 91
SWIDTH 600 0
DWIDTH 6 0
BBX 3 9 1 -1
BITMAP
E0
80
80
80
80
80
80
80
E0
ENDCHAR
STARTCHAR u005C
ENCODING 92
SWIDTH 500 0
DWIDTH 5 0
BBX 4 9 0 -1
BITMAP
80
80
40
40
20
20
20
10
10
ENDCHAR
STARTCHAR u005D
ENCODING 93
SWIDTH 600 0
DWIDTH 6 0
BBX 3 9 1 -1
BITMAP
E0
20
20
20
20
20
20
20
E0
ENDCHAR
STARTCHAR u005E
ENCODING 94
SWIDTH 400 0
DWIDTH 4 0
BBX 3 2 0 5
BITMAP
40
A0
ENDCHAR
STARTCHAR u005F
ENCODING 95
SWIDTH 500 0
DWIDTH 5 0
BBX 4 1 0 -2
BITMAP
F0
ENDCHAR
STARTCHAR u0060
ENCODING 96
SWIDTH 500 0
DWIDTH 5 0
BBX 2 2 1 5
BITMAP
80
40
ENDCHAR
STARTCHAR u0061
ENCODING 97
SWIDTH 500 0
DWIDTH 5 0
BBX 4 5 0 0
BITMAP
60
10
70
90
70
ENDCHAR
STARTCHAR u0062
ENCODING 98
SWIDTH 500 0
DWIDTH 5 0
BBX 4 7 0 0
BITMAP
80
80
E0
90
90
90
E0
ENDCHAR
STARTCHAR u0063
ENCODING 99
SWIDTH 500 0
DWIDTH 5 0
BBX 4 5 0 0
BITMAP
60
90
80
90
60
ENDCHAR
STARTCHAR u0064
ENCODING 100
SWIDTH 500 0
DWIDTH 5 0
BBX 4 7 0 0
BITMAP
10
10
70
90
90
90
70
ENDCHAR
STARTCHAR u0065
ENCODING 101
SWIDTH 500 0
DWIDTH 5 0
BBX 4 5 0 0
BITMAP
60
90
F0
80
60
ENDCHAR
STARTCHAR u0066
ENCODING 102
SWIDTH 500 0
DWIDTH 5 0
BBX 4 7 0 0
BITMAP
30
40
F0
40
40
40
40
ENDCHAR
STARTCHAR u0067
ENCODING 103
SWIDTH 500 0
DWIDTH 5 0
BBX 4 7 0 -2
BITMAP
70
90
90
90
70
10
60
ENDCHAR
STARTCHAR u0068
ENCODING 104
SWIDTH 500 0
DWIDTH 5 0
BBX 4 7 0 0
BITMAP
80
80
E0
90
90
90
90
ENDCHAR
STARTCHAR u0069
ENCODING 105
SWIDTH 400 0
DWIDTH 4 0
BBX 3 7 0 0
BITMAP
40
00
C0
40
40
40
E0
ENDCHAR
STARTCHAR u006A
ENCODING 106
SWIDTH 400 0
DWIDTH 4 0
BBX 3 9 0 -2
BITMAP
20
00
E0
20
20
20
20
20
C0
ENDCHAR
STARTCHAR u006B
ENCODING 107
SWIDTH 500 0
DWIDTH 5 0
BBX 4 7 0 0
BITMAP
80
80
90
A0
C0
A0
90
ENDCHAR
STARTCHAR u006C
ENCODING 108
SWIDTH 400 0
DWIDTH 4 0
BBX 3 7 0 0
BITMAP
C0
40
40
40
40
40
60
ENDCHAR
STARTCHAR u006D
ENCODING 109
SWIDTH 600 0
DWIDTH 6 0
BBX 5 5 0 0
BITMAP
D0
A8
A8
A8
A8
ENDCHAR
STARTCHAR u006E
ENCODING 110
SWIDTH 500 0
DWIDTH 5 0
BBX 4 5 0 0
BITMAP
E0
90
90
90
90
ENDCHAR
STARTCHAR u006F
ENCODING 111
SWIDTH 500 0
DWIDTH 5 0
BBX 4 5 0 0
BITMAP
60
90
90
90
60
ENDCHAR
STARTCHAR u0070
ENCODING 112
SWIDTH 500 0
DWIDTH 5 0
BBX 4 7 0 -2
BITMAP
E0
90
90
90
E0
80
80
ENDCHAR
STARTCHAR u0071
ENCODING 113
SWIDTH 500 0
DWIDTH 5 0
BBX 4 7 0 -2
BITMAP
70
90
90
90
70
10
10
ENDCHAR
STARTCHAR u0072
ENCODING 114
SWIDTH 400 0
DWIDTH 4 0
BBX 3 5 0 0
BITMAP
A0
C0
80
80
80
ENDCHAR
STARTCHAR u0073
ENCODING 115
SWIDTH 500 0
DWIDTH 5 0
BBX 4 5 0 0
BITMAP
70
80
60
10
E0
ENDCHAR
STARTCHAR u0074
ENCODING 116
SWIDTH 500 0
DWIDTH 5 0
BBX 4 7 0 0
BITMAP
40
40
F0
40
40
40
30
ENDCHAR
STARTCHAR u0075
ENCODING 117
SWIDTH 500 0
DWIDTH 5 0
BBX 4 5 0 0
BITMAP
90
90
90
90
70
ENDCHAR
STARTCHAR u0076
ENCODING 118
SWIDTH 600 0
DWIDTH 6 0
BBX 5 5 0 0
BITMAP
88
88
50
50
20
ENDCHAR
STARTCHAR u0077
ENCODING 119
SWIDTH 600 0
DWIDTH 6 0
BBX 5 5 0 0
BITMAP
A8
A8
A8
50
50
ENDCHAR
STARTCHAR u0078
ENCODING 120
SWIDTH 600 0
DWIDTH 6 0
BBX 5 5 0 0
BITMAP
88
50
20
50
88
ENDCHAR
STARTCHAR u0079
ENCODING 121
SWIDTH 600 0
DWIDTH 6 0
BBX 5 7 0 -2
BITMAP
88
88
50
50
20
20
C0
ENDCHAR
STARTCHAR u007A
ENCODING 122
SWIDTH 500 0
DWIDTH 5 0
BBX 4 5 0 0
BITMAP
F0
20
40
80
F0
ENDCHAR
STARTCHAR u007B
ENCODING 123
SWIDTH 700 0
DWIDTH 7 0
BBX 4 9 1 -1
BITMAP
30
40
40
40
80
40
40
40
30
ENDCHAR
STARTCHAR u007C
ENCODING 124
SWIDTH 400 0
DWIDTH 4 0
BBX 1 9 1 -1
BITMAP
80
80
80
80
80
80
80
80
80
ENDCHAR
STARTCHAR u007D
ENCODING 125
SWIDTH 700 0
DWIDTH 7 0
BBX 4 9 1 -1
BITMAP
C0
20
20
20
10
20
20
20
C0
ENDCHAR
STARTCHAR u007E
ENCODING 126
SWIDTH 600 0
DWIDTH 6 0
BBX 5 3 0 2
BITMAP
40
A8
10
ENDCHAR
STARTCHAR u00A4
ENCODING 164
SWIDTH 600 0
DWIDTH 6 0
BBX 5 5 0 1
BITMAP
88
70
50
70
88
ENDCHAR
STARTCHAR u00A7
ENCODING 167
SWIDTH 500 0
DWIDTH 5 0
BBX 4 9 0 -2
BITMAP
60
90
80
60
90
60
10
90
60
ENDCHAR
STARTCHAR u00A8
ENCODING 168
SWIDTH 600 0
DWIDTH 6 0
BBX 3 1 1 6
BITMAP
A0
ENDCHAR
STARTCHAR u00B0
ENCODING 176
SWIDTH 400 0
DWIDTH 4 0
BBX 3 3 0 5
BITMAP
40
A0
40
ENDCHAR
STARTCHAR u00B1
ENCODING 177
SWIDTH 600 0
DWIDTH 6 0
BBX 5 5 0 0
BITMAP
20
20
F8
20
F8
ENDCHAR
STARTCHAR u00B7.zh_hans
ENCODING 183
SWIDTH 1000 0
DWIDTH 10 0
BBX 2 2 4 2
BITMAP
C0
C0
ENDCHAR
STARTCHAR u00D7
ENCODING 215
SWIDTH 600 0
DWIDTH 6 0
BBX 5 5 0 0
BITMAP
88
50
20
50
88
ENDCHAR
STARTCHAR u00E0
ENCODING 224
SWIDTH 500 0
DWIDTH 5 0
BBX 4 8 0 0
BITMAP
40
20
00
60
10
70
90
70
ENDCHAR
STARTCHAR u00E1
ENCODING 225
SWIDTH 500 0
DWIDTH 5 0
BBX 4 8 0 0
BITMAP
20
40
00
60
10
70
90
70
ENDCHAR
STARTCHAR u00E8
ENCODING 232
SWIDTH 500 0
DWIDTH 5 0
BBX 4 8 0 0
BITMAP
40
20
00
60
90
F0
80
60
ENDCHAR
STARTCHAR u00E9
ENCODING 233
SWIDTH 500 0
DWIDTH 5 0
BBX 4 8 0 0
BITMAP
20
40
00
60
90
F0
80
60
ENDCHAR
STARTCHAR u00EA
ENCODING 234
SWIDTH 500 0
DWIDTH 5 0
BBX 4 8 0 0
BITMAP
20
50
00
60
90
F0
80
60
ENDCHAR
STARTCHAR u00EC
ENCODING 236
SWIDTH 400 0
DWIDTH 4 0
BBX 3 8 0 0
BITMAP
80
40
00
C0
40
40
40
E0
ENDCHAR
STARTCHAR u00ED
ENCODING 237
SWIDTH 400 0
DWIDTH 4 0
BBX 3 8 0 0
BITMAP
20
40
00
C0
40
40
40
E0
ENDCHAR
STARTCHAR u00F2
ENCODING 242
SWIDTH 500 0
DWIDTH 5 0
BBX 4 8 0 0
BITMAP
40
20
00
60
90
90
90
60
ENDCHAR
STARTCHAR u00F3
ENCODING 243
SWIDTH 500 0
DWIDTH 5 0
BBX 4 8 0 0
BITMAP
20
40
00
60
90
90
90
60
ENDCHAR
STARTCHAR u00F7
ENCODING 247
SWIDTH 600 0
DWIDTH 6 0
BBX 5 5 0 0
BITMAP
20
00
F8
00
20
ENDCHAR
STARTCHAR u00F9
ENCODING 249
SWIDTH 500 0
DWIDTH 5 0
BBX 4 8 0 0
BITMAP
40
20
00
90
90
90
90
70
ENDCHAR
STARTCHAR u00FA
ENCODING 250
SWIDTH 500 0
DWIDTH 5 0
BBX 4 8 0 0
BITMAP
20
40
00
90
90
90
90
70
ENDCHAR
STARTCHAR u00FC
ENCODING 252
SWIDTH 500 0
DWIDTH 5 0
BBX 4 7 0 0
BITMAP
50
00
90
90
90
90
70
ENDCHAR
STARTCHAR u0101
ENCODING 257
SWIDTH 500 0
DWIDTH 5 0
BBX 4 7 0 0
BITMAP
70
00
60
10
70
90
70
ENDCHAR
STARTCHAR u0113
ENCODING 275
SWIDTH 500 0
DWIDTH 5 0
BBX 4 7 0 0
BITMAP
70
00
60
90
F0
80
60
ENDCHAR
STARTCHAR u011B
ENCODING 283
SWIDTH 500 0
DWIDTH 5 0
BBX 4 8 0 0
BITMAP
50
20
00
60
90
F0
80
60
ENDCHAR
STARTCHAR u012B
ENCODING 299
SWIDTH 400 0
DWIDTH 4 0
BBX 3 7 0 0
BITMAP
E0
00
C0
40
40
40
E0
ENDCHAR
STARTCHAR u0144
ENCODING 324
SWIDTH 500 0
DWIDTH 5 0
BBX 4 8 0 0
BITMAP
20
40
00
E0
90
90
90
90
ENDCHAR
STARTCHAR u0148
ENCODING 328
SWIDTH 500 0
DWIDTH 5 0
BBX 4 8 0 0
BITMAP
50
20
00
E0
90
90
90
90
ENDCHAR
STARTCHAR u014D
ENCODING 333
SWIDTH 500 0
DWIDTH 5 0
BBX 4 7 0 0
BITMAP
70
00
60
90
90
90
60
ENDCHAR
STARTCHAR u016B
ENCODING 363
SWIDTH 500 0
DWIDTH 5 0
BBX 4 7 0 0
BITMAP
70
00
90
90
90
90
70
ENDCHAR
STARTCHAR u01CE
ENCODING 462
SWIDTH 500 0
DWIDTH 5 0
BBX 4 8 0 0
BITMAP
50
20
00
60
10
70
90
70
ENDCHAR
STARTCHAR u01D0
ENCODING 464
SWIDTH 400 0
DWIDTH 4 0
BBX 3 8 0 0
BITMAP
A0
40
00
C0
40
40
40
E0
ENDCHAR
STARTCHAR u01D2
ENCODING 466
SWIDTH 500 0
DWIDTH 5 0
BBX 4 8 0 0
BITMAP
50
20
00
60
90
90
90
60
ENDCHAR
STARTCHAR u01D4
ENCODING 468
SWIDTH 500 0
DWIDTH 5 0
BBX 4 8 0 0
BITMAP
50
20
00
90
90
90
90
70
ENDCHAR
STARTCHAR u01D6
ENCODING 470
SWIDTH 500 0
DWIDTH 5 0
BBX 4 9 0 0
BITMAP
70
00
50
00
90
90
90
90
70
ENDCHAR
STARTCHAR u01D8
ENCODING 472
SWIDTH 500 0
DWIDTH 5 0
BBX 4 10 0 0
BITMAP
10
20
00
50
00
90
90
90
90
70
ENDCHAR
STARTCHAR u01DA
ENCODING 474
SWIDTH 500 0
DWIDTH 5 0
BBX 4 10 0 0
BITMAP
50
20
00
50
00
90
90
90
90
70
ENDCHAR
STARTCHAR u01DC
ENCODING 476
SWIDTH 500 0
DWIDTH 5 0
BBX 4 10 0 0
BITMAP
40
20
00
50
00
90
90
90
90
70
ENDCHAR
STARTCHAR u0391
ENCODING 913
SWIDTH 600 0
DWIDTH 6 0
BBX 5 7 0 0
BITMAP
20
20
50
50
70
88
88
ENDCHAR
STARTCHAR u0392
ENCODING 914
SWIDTH 600 0
DWIDTH 6 0
BBX 5 7 0 0
BITMAP
F0
88
88
F0
88
88
F0
ENDCHAR
STARTCHAR u0393
ENCODING 915
SWIDTH 500 0
DWIDTH 5 0
BBX 4 7 0 0
BITMAP
F0
80
80
80
80
80
80
ENDCHAR
STARTCHAR u0394
ENCODING 916
SWIDTH 600 0
DWIDTH 6 0
BBX 5 7 0 0
BITMAP
20
20
50
50
88
88
F8
ENDCHAR
STARTCHAR u0395
ENCODING 917
SWIDTH 600 0
DWIDTH 6 0
BBX 5 7 0 0
BITMAP
F8
80
80
F0
80
80
F8
ENDCHAR
STARTCHAR u0396
ENCODING 918
SWIDTH 600 0
DWIDTH 6 0
BBX 5 7 0 0
BITMAP
F8
08
10
20
40
80
F8
ENDCHAR
STARTCHAR u0397
ENCODING 919
SWIDTH 600 0
DWIDTH 6 0
BBX 5 7 0 0
BITMAP
88
88
88
F8
88
88
88
ENDCHAR
STARTCHAR u0398
ENCODING 920
SWIDTH 600 0
DWIDTH 6 0
BBX 5 7 0 0
BITMAP
70
88
88
E8
88
88
70
ENDCHAR
STARTCHAR u0399
ENCODING 921
SWIDTH 400 0
DWIDTH 4 0
BBX 3 7 0 0
BITMAP
E0
40
40
40
40
40
E0
ENDCHAR
STARTCHAR u039A
ENCODING 922
SWIDTH 600 0
DWIDTH 6 0
BBX 5 7 0 0
BITMAP
88
90
A0
C0
A0
90
88
ENDCHAR
STARTCHAR u039B
ENCODING 923
SWIDTH 600 0
DWIDTH 6 0
BBX 5 7 0 0
BITMAP
20
20
50
50
50
88
88
ENDCHAR
STARTCHAR u039C
ENCODING 924
SWIDTH 800 0
DWIDTH 8 0
BBX 7 7 0 0
BITMAP
82
C6
C6
AA
AA
92
92
ENDCHAR
STARTCHAR u039D
ENCODING 925
SWIDTH 600 0
DWIDTH 6 0
BBX 5 7 0 0
BITMAP
88
C8
C8
A8
98
98
88
ENDCHAR
STARTCHAR u039E
ENCODING 926
SWIDTH 600 0
DWIDTH 6 0
BBX 5 7 0 0
BITMAP
F8
00
00
70
00
00
F8
ENDCHAR
STARTCHAR u039F
ENCODING 927
SWIDTH 600 0
DWIDTH 6 0
BBX 5 7 0 0
BITMAP
70
88
88
88
88
88
70
ENDCHAR
STARTCHAR u03A0
ENCODING 928
SWIDTH 600 0
DWIDTH 6 0
BBX 5 7 0 0
BITMAP
F8
88
88
88
88
88
88
ENDCHAR
STARTCHAR u03A1
ENCODING 929
SWIDTH 600 0
DWIDTH 6 0
BBX 5 7 0 0
BITMAP
F0
88
88
F0
80
80
80
ENDCHAR
STARTCHAR u03A3
ENCODING 931
SWIDTH 600 0
DWIDTH 6 0
BBX 5 7 0 0
BITMAP
F8
40
20
10
20
40
F8
ENDCHAR
STARTCHAR u03A4
ENCODING 932
SWIDTH 600 0
DWIDTH 6 0
BBX 5 7 0 0
BITMAP
F8
20
20
20
20
20
20
ENDCHAR
STARTCHAR u03A5
ENCODING 933
SWIDTH 600 0
DWIDTH 6 0
BBX 5 7 0 0
BITMAP
88
88
50
50
20
20
20
ENDCHAR
STARTCHAR u03A6
ENCODING 934
SWIDTH 800 0
DWIDTH 8 0
BBX 7 7 0 0
BITMAP
10
7C
92
92
92
7C
10
ENDCHAR
STARTCHAR u03A7
ENCODING 935
SWIDTH 600 0
DWIDTH 6 0
BBX 5 7 0 0
BITMAP
88
88
50
20
50
88
88
ENDCHAR
STARTCHAR u03A8
ENCODING 936
SWIDTH 800 0
DWIDTH 8 0
BBX 7 7 0 0
BITMAP
92
92
92
92
7C
10
10
ENDCHAR
STARTCHAR u03A9
ENCODING 937
SWIDTH 600 0
DWIDTH 6 0
BBX 5 7 0 0
BITMAP
70
88
88
88
88
50
D8
ENDCHAR
STARTCHAR u03B1
ENCODING 945
SWIDTH 500 0
DWIDTH 5 0
BBX 4 5 0 0
BITMAP
70
90
90
B0
D0
ENDCHAR
STARTCHAR u03B2
ENCODING 946
SWIDTH 500 0
DWIDTH 5 0
BBX 4 9 0 -2
BITMAP
60
90
90
A0
90
90
E0
80
80
ENDCHAR
STARTCHAR u03B3
ENCODING 947
SWIDTH 600 0
DWIDTH 6 0
BBX 5 7 0 -2
BITMAP
88
48
50
20
20
40
40
ENDCHAR
STARTCHAR u03B4
ENCODING 948
SWIDTH 500 0
DWIDTH 5 0
BBX 4 7 0 0
BITMAP
70
80
40
A0
90
90
60
ENDCHAR
STARTCHAR u03B5
ENCODING 949
SWIDTH 500 0
DWIDTH 5 0
BBX 4 5 0 0
BITMAP
70
80
60
80
70
ENDCHAR
STARTCHAR u03B6
ENCODING 950
SWIDTH 500 0
DWIDTH 5 0
BBX 4 9 0 -2
BITMAP
F0
20
40
80
80
80
60
10
20
ENDCHAR
STARTCHAR u03B7
ENCODING 951
SWIDTH 500 0
DWIDTH 5 0
BBX 4 7 0 -2
BITMAP
E0
90
90
90
90
10
10
ENDCHAR
STARTCHAR u03B8
ENCODING 952
SWIDTH 500 0
DWIDTH 5 0
BBX 4 7 0 0
BITMAP
60
90
90
F0
90
90
60
ENDCHAR
STARTCHAR u03B9
ENCODING 953
SWIDTH 400 0
DWIDTH 4 0
BBX 3 5 0 0
BITMAP
40
C0
40
40
20
ENDCHAR
STARTCHAR u03BA
ENCODING 954
SWIDTH 500 0
DWIDTH 5 0
BBX 4 5 0 0
BITMAP
90
A0
C0
A0
90
ENDCHAR
STARTCHAR u03BB
ENCODING 955
SWIDTH 500 0
DWIDTH 5 0
BBX 4 7 0 0
BITMAP
C0
20
20
20
50
50
90
ENDCHAR
STARTCHAR u03BC
ENCODING 956
SWIDTH 500 0
DWIDTH 5 0
BBX 4 7 0 -2
BITMAP
90
90
90
B0
D0
80
80
ENDCHAR
STARTCHAR u03BD
ENCODING 957
SWIDTH 600 0
DWIDTH 6 0
BBX 5 5 0 0
BITMAP
88
88
50
50
20
ENDCHAR
STARTCHAR u03BE
ENCODING 958
SWIDTH 500 0
DWIDTH 5 0
BBX 4 9 0 -2
BITMAP
70
80
80
60
80
80
60
10
20
ENDCHAR
STARTCHAR u03BF
ENCODING 959
SWIDTH 500 0
DWIDTH 5 0
BBX 4 5 0 0
BITMAP
60
90
90
90
60
ENDCHAR
STARTCHAR u03C0
ENCODING 960
SWIDTH 600 0
DWIDTH 6 0
BBX 5 5 0 0
BITMAP
F8
50
50
50
98
ENDCHAR
STARTCHAR u03C1
ENCODING 961
SWIDTH 500 0
DWIDTH 5 0
BBX 4 7 0 -2
BITMAP
60
90
90
90
E0
80
80
ENDCHAR
STARTCHAR u03C3
ENCODING 963
SWIDTH 600 0
DWIDTH 6 0
BBX 5 5 0 0
BITMAP
78
90
90
90
60
ENDCHAR
STARTCHAR u03C4
ENCODING 964
SWIDTH 500 0
DWIDTH 5 0
BBX 4 5 0 0
BITMAP
F0
40
40
40
30
ENDCHAR
STARTCHAR u03C5
ENCODING 965
SWIDTH 500 0
DWIDTH 5 0
BBX 4 5 0 0
BITMAP
90
90
90
90
60
ENDCHAR
STARTCHAR u03C6
ENCODING 966
SWIDTH 600 0
DWIDTH 6 0
BBX 5 7 0 -2
BITMAP
90
A8
A8
A8
70
20
20
ENDCHAR
STARTCHAR u03C7
ENCODING 967
SWIDTH 600 0
DWIDTH 6 0
BBX 5 7 0 -2
BITMAP
88
48
50
20
50
90
88
ENDCHAR
STARTCHAR u03C8
ENCODING 968
SWIDTH 600 0
DWIDTH 6 0
BBX 5 7 0 -2
BITMAP
A8
A8
A8
A8
70
20
20
ENDCHAR
STARTCHAR u03C9
ENCODING 969
SWIDTH 600 0
DWIDTH 6 0
BBX 5 5 0 0
BITMAP
50
88
A8
A8
50
ENDCHAR
STARTCHAR u0401
ENCODING 1025
SWIDTH 600 0
DWIDTH 6 0
BBX 5 9 0 0
BITMAP
50
00
F8
80
80
F0
80
80
F8
ENDCHAR
STARTCHAR u0410
ENCODING 1040
SWIDTH 600 0
DWIDTH 6 0
BBX 5 7 0 0
BITMAP
20
20
50
50
70
88
88
ENDCHAR
STARTCHAR u0411
ENCODING 1041
SWIDTH 600 0
DWIDTH 6 0
BBX 5 7 0 0
BITMAP
F0
80
80
F0
88
88
F0
ENDCHAR
STARTCHAR u0412
ENCODING 1042
SWIDTH 600 0
DWIDTH 6 0
BBX 5 7 0 0
BITMAP
F0
88
88
F0
88
88
F0
ENDCHAR
STARTCHAR u0413
ENCODING 1043
SWIDTH 500 0
DWIDTH 5 0
BBX 4 7 0 0
BITMAP
F0
80
80
80
80
80
80
ENDCHAR
STARTCHAR u0414
ENCODING 1044
SWIDTH 700 0
DWIDTH 7 0
BBX 6 9 0 -2
BITMAP
78
48
48
48
88
88
FC
84
84
ENDCHAR
STARTCHAR u0415
ENCODING 1045
SWIDTH 600 0
DWIDTH 6 0
BBX 5 7 0 0
BITMAP
F8
80
80
F0
80
80
F8
ENDCHAR
STARTCHAR u0416
ENCODING 1046
SWIDTH 800 0
DWIDTH 8 0
BBX 7 7 0 0
BITMAP
92
54
54
38
54
92
92
ENDCHAR
STARTCHAR u0417
ENCODING 1047
SWIDTH 600 0
DWIDTH 6 0
BBX 5 7 0 0
BITMAP
70
88
08
30
08
88
70
ENDCHAR
STARTCHAR u0418
ENCODING 1048
SWIDTH 600 0
DWIDTH 6 0
BBX 5 7 0 0
BITMAP
88
98
98
A8
C8
C8
88
ENDCHAR
STARTCHAR u0419
ENCODING 1049
SWIDTH 600 0
DWIDTH 6 0
BBX 5 10 0 0
BITMAP
88
70
00
88
98
98
A8
C8
C8
88
ENDCHAR
STARTCHAR u041A
ENCODING 1050
SWIDTH 600 0
DWIDTH 6 0
BBX 5 7 0 0
BITMAP
88
90
A0
C0
A0
90
88
ENDCHAR
STARTCHAR u041B
ENCODING 1051
SWIDTH 600 0
DWIDTH 6 0
BBX 5 7 0 0
BITMAP
78
48
48
48
48
48
88
ENDCHAR
STARTCHAR u041C
ENCODING 1052
SWIDTH 800 0
DWIDTH 8 0
BBX 7 7 0 0
BITMAP
82
C6
C6
AA
AA
92
92
ENDCHAR
STARTCHAR u041D
ENCODING 1053
SWIDTH 600 0
DWIDTH 6 0
BBX 5 7 0 0
BITMAP
88
88
88
F8
88
88
88
ENDCHAR
STARTCHAR u041E
ENCODING 1054
SWIDTH 600 0
DWIDTH 6 0
BBX 5 7 0 0
BITMAP
70
88
88
88
88
88
70
ENDCHAR
STARTCHAR u041F
ENCODING 1055
SWIDTH 600 0
DWIDTH 6 0
BBX 5 7 0 0
BITMAP
F8
88
88
88
88
88
88
ENDCHAR
STARTCHAR u0420
ENCODING 1056
SWIDTH 600 0
DWIDTH 6 0
BBX 5 7 0 0
BITMAP
F0
88
88
F0
80
80
80
ENDCHAR
STARTCHAR u0421
ENCODING 1057
SWIDTH 600 0
DWIDTH 6 0
BBX 5 7 0 0
BITMAP
70
88
80
80
80
88
70
ENDCHAR
STARTCHAR u0422
ENCODING 1058
SWIDTH 600 0
DWIDTH 6 0
BBX 5 7 0 0
BITMAP
F8
20
20
20
20
20
20
ENDCHAR
STARTCHAR u0423
ENCODING 1059
SWIDTH 600 0
DWIDTH 6 0
BBX 5 7 0 0
BITMAP
88
88
50
50
20
20
C0
ENDCHAR
STARTCHAR u0424
ENCODING 1060
SWIDTH 800 0
DWIDTH 8 0
BBX 7 7 0 0
BITMAP
10
7C
92
92
92
7C
10
ENDCHAR
STARTCHAR u0425
ENCODING 1061
SWIDTH 600 0
DWIDTH 6 0
BBX 5 7 0 0
BITMAP
88
88
50
20
50
88
88
ENDCHAR
STARTCHAR u0426
ENCODING 1062
SWIDTH 700 0
DWIDTH 7 0
BBX 6 9 0 -2
BITMAP
88
88
88
88
88
88
FC
04
04
ENDCHAR
STARTCHAR u0427
ENCODING 1063
SWIDTH 600 0
DWIDTH 6 0
BBX 5 7 0 0
BITMAP
88
88
98
68
08
08
08
ENDCHAR
STARTCHAR u0428
ENCODING 1064
SWIDTH 800 0
DWIDTH 8 0
BBX 7 7 0 0
BITMAP
92
92
92
92
92
92
FE
ENDCHAR
STARTCHAR u0429
ENCODING 1065
SWIDTH 900 0
DWIDTH 9 0
BBX 8 9 0 -2
BITMAP
92
92
92
92
92
92
FF
01
01
ENDCHAR
STARTCHAR u042A
ENCODING 1066
SWIDTH 700 0
DWIDTH 7 0
BBX 6 7 0 0
BITMAP
C0
40
40
78
44
44
78
ENDCHAR
STARTCHAR u042B
ENCODING 1067
SWIDTH 800 0
DWIDTH 8 0
BBX 7 7 0 0
BITMAP
82
82
82
F2
8A
8A
F2
ENDCHAR
STARTCHAR u042C
ENCODING 1068
SWIDTH 600 0
DWIDTH 6 0
BBX 5 7 0 0
BITMAP
80
80
80
F0
88
88
F0
ENDCHAR
STARTCHAR u042D
ENCODING 1069
SWIDTH 600 0
DWIDTH 6 0
BBX 5 7 0 0
BITMAP
70
88
08
38
08
88
70
ENDCHAR
STARTCHAR u042E
ENCODING 1070
SWIDTH 800 0
DWIDTH 8 0
BBX 7 7 0 0
BITMAP
9C
A2
A2
E2
A2
A2
9C
ENDCHAR
STARTCHAR u042F
ENCODING 1071
SWIDTH 600 0
DWIDTH 6 0
BBX 5 7 0 0
BITMAP
78
88
88
78
48
88
88
ENDCHAR
STARTCHAR u0430
ENCODING 1072
SWIDTH 500 0
DWIDTH 5 0
BBX 4 5 0 0
BITMAP
60
10
70
90
70
ENDCHAR
STARTCHAR u0431
ENCODING 1073
SWIDTH 500 0
DWIDTH 5 0
BBX 4 7 0 0
BITMAP
10
60
80
E0
90
90
60
ENDCHAR
STARTCHAR u0432
ENCODING 1074
SWIDTH 500 0
DWIDTH 5 0
BBX 4 5 0 0
BITMAP
E0
90
E0
90
E0
ENDCHAR
STARTCHAR u0433
ENCODING 1075
SWIDTH 400 0
DWIDTH 4 0
BBX 3 5 0 0
BITMAP
E0
80
80
80
80
ENDCHAR
STARTCHAR u0434
ENCODING 1076
SWIDTH 600 0
DWIDTH 6 0
BBX 5 7 0 -2
BITMAP
70
50
50
90
F8
88
88
ENDCHAR
STARTCHAR u0435
ENCODING 1077
SWIDTH 500 0
DWIDTH 5 0
BBX 4 5 0 0
BITMAP
60
90
F0
80
60
ENDCHAR
STARTCHAR u0436
ENCODING 1078
SWIDTH 600 0
DWIDTH 6 0
BBX 5 5 0 0
BITMAP
A8
A8
70
A8
A8
ENDCHAR
STARTCHAR u0437
ENCODING 1079
SWIDTH 500 0
DWIDTH 5 0
BBX 4 5 0 0
BITMAP
E0
10
60
10
E0
ENDCHAR
STARTCHAR u0438
ENCODING 1080
SWIDTH 500 0
DWIDTH 5 0
BBX 4 5 0 0
BITMAP
90
B0
D0
90
90
ENDCHAR
STARTCHAR u0439
ENCODING 1081
SWIDTH 500 0
DWIDTH 5 0
BBX 4 8 0 0
BITMAP
90
60
00
90
B0
D0
90
90
ENDCHAR
STARTCHAR u043A
ENCODING 1082
SWIDTH 500 0
DWIDTH 5 0
BBX 4 5 0 0
BITMAP
90
A0
C0
A0
90
ENDCHAR
STARTCHAR u043B
ENCODING 1083
SWIDTH 600 0
DWIDTH 6 0
BBX 5 5 0 0
BITMAP
78
48
48
48
88
ENDCHAR
STARTCHAR u043C
ENCODING 1084
SWIDTH 600 0
DWIDTH 6 0
BBX 5 5 0 0
BITMAP
88
D8
D8
A8
A8
ENDCHAR
STARTCHAR u043D
ENCODING 1085
SWIDTH 500 0
DWIDTH 5 0
BBX 4 5 0 0
BITMAP
90
90
F0
90
90
ENDCHAR
STARTCHAR u043E
ENCODING 1086
SWIDTH 500 0
DWIDTH 5 0
BBX 4 5 0 0
BITMAP
60
90
90
90
60
ENDCHAR
STARTCHAR u043F
ENCODING 1087
SWIDTH 500 0
DWIDTH 5 0
BBX 4 5 0 0
BITMAP
F0
90
90
90
90
ENDCHAR
STARTCHAR u0440
ENCODING 1088
SWIDTH 500 0
DWIDTH 5 0
BBX 4 7 0 -2
BITMAP
E0
90
90
90
E0
80
80
ENDCHAR
STARTCHAR u0441
ENCODING 1089
SWIDTH 500 0
DWIDTH 5 0
BBX 4 5 0 0
BITMAP
60
90
80
90
60
ENDCHAR
STARTCHAR u0442
ENCODING 1090
SWIDTH 600 0
DWIDTH 6 0
BBX 5 5 0 0
BITMAP
F8
20
20
20
20
ENDCHAR
STARTCHAR u0443
ENCODING 1091
SWIDTH 600 0
DWIDTH 6 0
BBX 5 7 0 -2
BITMAP
88
88
50
50
20
20
C0
ENDCHAR
STARTCHAR u0444
ENCODING 1092
SWIDTH 600 0
DWIDTH 6 0
BBX 5 9 0 -2
BITMAP
20
20
70
A8
A8
A8
70
20
20
ENDCHAR
STARTCHAR u0445
ENCODING 1093
SWIDTH 600 0
DWIDTH 6 0
BBX 5 5 0 0
BITMAP
88
50
20
50
88
ENDCHAR
STARTCHAR u0446
ENCODING 1094
SWIDTH 600 0
DWIDTH 6 0
BBX 5 7 0 -2
BITMAP
90
90
90
90
F8
08
08
ENDCHAR
STARTCHAR u0447
ENCODING 1095
SWIDTH 500 0
DWIDTH 5 0
BBX 4 5 0 0
BITMAP
90
90
70
10
10
ENDCHAR
STARTCHAR u0448
ENCODING 1096
SWIDTH 600 0
DWIDTH 6 0
BBX 5 5 0 0
BITMAP
A8
A8
A8
A8
F8
ENDCHAR
STARTCHAR u0449
ENCODING 1097
SWIDTH 700 0
DWIDTH 7 0
BBX 6 7 0 -2
BITMAP
A8
A8
A8
A8
FC
04
04
ENDCHAR
STARTCHAR u044A
ENCODING 1098
SWIDTH 600 0
DWIDTH 6 0
BBX 5 5 0 0
BITMAP
C0
40
70
48
70
ENDCHAR
STARTCHAR u044B
ENCODING 1099
SWIDTH 700 0
DWIDTH 7 0
BBX 6 5 0 0
BITMAP
84
84
E4
94
E4
ENDCHAR
STARTCHAR u044C
ENCODING 1100
SWIDTH 500 0
DWIDTH 5 0
BBX 4 5 0 0
BITMAP
80
80
E0
90
E0
ENDCHAR
STARTCHAR u044D
ENCODING 1101
SWIDTH 500 0
DWIDTH 5 0
BBX 4 5 0 0
BITMAP
E0
10
70
10
E0
ENDCHAR
STARTCHAR u044E
ENCODING 1102
SWIDTH 700 0
DWIDTH 7 0
BBX 6 5 0 0
BITMAP
98
A4
E4
A4
98
ENDCHAR
STARTCHAR u044F
ENCODING 1103
SWIDTH 500 0
DWIDTH 5 0
BBX 4 5 0 0
BITMAP
70
90
70
50
90
ENDCHAR
STARTCHAR u0451
ENCODING 1105
SWIDTH 500 0
DWIDTH 5 0
BBX 4 7 0 0
BITMAP
50
00
60
90
F0
80
60
ENDCHAR
STARTCHAR u2014
ENCODING 8212
SWIDTH 1000 0
DWIDTH 10 0
BBX 9 1 0 3
BITMAP
FF80
ENDCHAR
STARTCHAR u2016
ENCODING 8214
SWIDTH 1000 0
DWIDTH 10 0
BBX 3 9 3 -1
BITMAP
A0
A0
A0
A0
A0
A0
A0
A0
A0
ENDCHAR
STARTCHAR u2018.zh_hans
ENCODING 8216
SWIDTH 1000 0
DWIDTH 10 0
BBX 2 4 6 4
BITMAP
40
80
C0
C0
ENDCHAR
STARTCHAR u2019.zh_hans
ENCODING 8217
SWIDTH 1000 0
DWIDTH 10 0
BBX 2 4 1 4
BITMAP
C0
C0
40
80
ENDCHAR
STARTCHAR u201C.zh_hans
ENCODING 8220
SWIDTH 1000 0
DWIDTH 10 0
BBX 5 4 3 4
BITMAP
48
90
D8
D8
ENDCHAR
STARTCHAR u201D.zh_hans
ENCODING 8221
SWIDTH 1000 0
DWIDTH 10 0
BBX 5 4 1 4
BITMAP
D8
D8
48
90
ENDCHAR
STARTCHAR u2026.zh_hans
ENCODING 8230
SWIDTH 1000 0
DWIDTH 10 0
BBX 8 2 1 2
BITMAP
DB
DB
ENDCHAR
STARTCHAR u2030
ENCODING 8240
SWIDTH 1000 0
DWIDTH 10 0
BBX 9 7 0 0
BITMAP
4400
A800
4800
1000
2500
2A80
4500
ENDCHAR
STARTCHAR u2032
ENCODING 8242
SWIDTH 500 0
DWIDTH 5 0
BBX 2 3 1 4
BITMAP
40
40
80
ENDCHAR
STARTCHAR u2033
ENCODING 8243
SWIDTH 700 0
DWIDTH 7 0
BBX 4 3 1 4
BITMAP
50
50
A0
ENDCHAR
STARTCHAR u203B
ENCODING 8251
SWIDTH 1000 0
DWIDTH 10 0
BBX 7 7 1 0
BITMAP
92
44
28
92
28
44
92
ENDCHAR
STARTCHAR u2103
ENCODING 8451
SWIDTH 1000 0
DWIDTH 10 0
BBX 9 8 0 0
BITMAP
4000
A700
4880
0800
0800
0800
0880
0700
ENDCHAR
STARTCHAR u2116
ENCODING 8470
SWIDTH 1000 0
DWIDTH 10 0
BBX 9 7 0 0
BITMAP
8800
C800
A900
AA80
A900
9800
8B80
ENDCHAR
STARTCHAR u2160
ENCODING 8544
SWIDTH 1000 0
DWIDTH 10 0
BBX 3 7 3 0
BITMAP
E0
40
40
40
40
40
E0
ENDCHAR
STARTCHAR u2161
ENCODING 8545
SWIDTH 1000 0
DWIDTH 10 0
BBX 6 7 2 0
BITMAP
FC
48
48
48
48
48
FC
ENDCHAR
STARTCHAR u2162
ENCODING 8546
SWIDTH 1000 0
DWIDTH 10 0
BBX 7 7 1 0
BITMAP
FE
54
54
54
54
54
FE
ENDCHAR
STARTCHAR u2163
ENCODING 8547
SWIDTH 1000 0
DWIDTH 10 0
BBX 9 7 0 0
BITMAP
FB80
5100
5100
4A00
4A00
4400
E400
ENDCHAR
STARTCHAR u2164
ENCODING 8548
SWIDTH 1000 0
DWIDTH 10 0
BBX 7 7 1 0
BITMAP
EE
44
44
28
28
10
10
ENDCHAR
STARTCHAR u2165
ENCODING 8549
SWIDTH 1000 0
DWIDTH 10 0
BBX 9 7 0 0
BITMAP
EF80
4500
4500
2900
2900
1100
1380
ENDCHAR
STARTCHAR u2166
ENCODING 8550
SWIDTH 1000 0
DWIDTH 10 0
BBX 9 7 0 0
BITMAP
DF80
8A80
8A80
5280
5280
2280
2780
ENDCHAR
STARTCHAR u2167
ENCODING 8551
SWIDTH 1000 0
DWIDTH 10 0
BBX 9 7 0 0
BITMAP
BF80
AA80
AA80
AA80
4A80
4A80
5F80
ENDCHAR
STARTCHAR u2168
ENCODING 8552
SWIDTH 1000 0
DWIDTH 10 0
BBX 9 7 0 0
BITMAP
FB80
5100
4A00
4400
4A00
5100
FB80
ENDCHAR
STARTCHAR u2169
ENCODING 8553
SWIDTH 1000 0
DWIDTH 10 0
BBX 7 7 1 0
BITMAP
EE
44
28
10
28
44
EE
ENDCHAR
STARTCHAR u216A
ENCODING 8554
SWIDTH 1000 0
DWIDTH 10 0
BBX 9 7 0 0
BITMAP
EF80
4500
2900
1100
2900
4500
EF80
ENDCHAR
STARTCHAR u216B
ENCODING 8555
SWIDTH 1000 0
DWIDTH 10 0
BBX 9 7 0 0
BITMAP
DF80
8A80
5280
2280
5280
8A80
DF80
ENDCHAR
STARTCHAR u2170
ENCODING 8560
SWIDTH 1000 0
DWIDTH 10 0
BBX 3 7 3 0
BITMAP
40
00
C0
40
40
40
E0
ENDCHAR
STARTCHAR u2171
ENCODING 8561
SWIDTH 1000 0
DWIDTH 10 0
BBX 6 7 2 0
BITMAP
48
00
D8
48
48
48
FC
ENDCHAR
STARTCHAR u2172
ENCODING 8562
SWIDTH 1000 0
DWIDTH 10 0
BBX 7 7 1 0
BITMAP
54
00
FC
54
54
54
FE
ENDCHAR
STARTCHAR u2173
ENCODING 8563
SWIDTH 1000 0
DWIDTH 10 0
BBX 9 7 0 0
BITMAP
4000
0000
FB80
5100
4A00
4A00
E400
ENDCHAR
STARTCHAR u2174
ENCODING 8564
SWIDTH 1000 0
DWIDTH 10 0
BBX 7 5 1 0
BITMAP
EE
44
28
28
10
ENDCHAR
STARTCHAR u2175
ENCODING 8565
SWIDTH 1000 0
DWIDTH 10 0
BBX 9 7 0 0
BITMAP
0100
0000
EF00
4500
2900
2900
1380
ENDCHAR
STARTCHAR u2176
ENCODING 8566
SWIDTH 1000 0
DWIDTH 10 0
BBX 9 7 0 0
BITMAP
0280
0000
DF80
8A80
5280
5280
2780
ENDCHAR
STARTCHAR u2177
ENCODING 8567
SWIDTH 1000 0
DWIDTH 10 0
BBX 9 7 0 0
BITMAP
0A80
0000
BF80
AA80
AA80
4A80
5F80
ENDCHAR
STARTCHAR u2178
ENCODING 8568
SWIDTH 1000 0
DWIDTH 10 0
BBX 9 7 0 0
BITMAP
4000
0000
C880
4500
4200
4500
E880
ENDCHAR
STARTCHAR u2179
ENCODING 8569
SWIDTH 1000 0
DWIDTH 10 0
BBX 5 5 2 0
BITMAP
88
50
20
50
88
ENDCHAR
STARTCHAR u2190
ENCODING 8592
SWIDTH 1000 0
DWIDTH 10 0
BBX 9 5 0 1
BITMAP
2000
4000
FF80
4000
2000
ENDCHAR
STARTCHAR u2191
ENCODING 8593
SWIDTH 1000 0
DWIDTH 10 0
BBX 5 9 2 -1
BITMAP
20
70
A8
20
20
20
20
20
20
ENDCHAR
STARTCHAR u2192
ENCODING 8594
SWIDTH 1000 0
DWIDTH 10 0
BBX 9 5 0 1
BITMAP
0200
0100
FF80
0100
0200
ENDCHAR
STARTCHAR u2193
ENCODING 8595
SWIDTH 1000 0
DWIDTH 10 0
BBX 5 9 2 -1
BITMAP
20
20
20
20
20
20
A8
70
20
ENDCHAR
STARTCHAR u2312
ENCODING 8978
SWIDTH 1000 0
DWIDTH 10 0
BBX 9 5 0 1
BITMAP
3E00
4100
8080
8080
8080
ENDCHAR
STARTCHAR u2460
ENCODING 9312
SWIDTH 1000 0
DWIDTH 10 0
BBX 9 9 0 -1
BITMAP
3E00
4100
8880
9880
8880
8880
9C80
4100
3E00
ENDCHAR
STARTCHAR u2461
ENCODING 9313
SWIDTH 1000 0
DWIDTH 10 0
BBX 9 9 0 -1
BITMAP
3E00
4100
9880
8480
8880
9080
9C80
4100
3E00
ENDCHAR
STARTCHAR u2462
ENCODING 9314
SWIDTH 1000 0
DWIDTH 10 0
BBX 9 9 0 -1
BITMAP
3E00
4100
9880
8480
8880
8480
9880
4100
3E00
ENDCHAR
STARTCHAR u2463
ENCODING 9315
SWIDTH 1000 0
DWIDTH 10 0
BBX 9 9 0 -1
BITMAP
3E00
4100
8C80
9480
9480
9E80
8480
4100
3E00
ENDCHAR
STARTCHAR u2464
ENCODING 9316
SWIDTH 1000 0
DWIDTH 10 0
BBX 9 9 0 -1
BITMAP
3E00
4100
9C80
9080
9880
8480
9880
4100
3E00
ENDCHAR
STARTCHAR u2465
ENCODING 9317
SWIDTH 1000 0
DWIDTH 10 0
BBX 9 9 0 -1
BITMAP
3E00
4100
8C80
9080
9C80
9480
9C80
4100
3E00
ENDCHAR
STARTCHAR u2466
ENCODING 9318
SWIDTH 1000 0
DWIDTH 10 0
BBX 9 9 0 -1
BITMAP
3E00
4100
9C80
8480
8880
8880
8880
4100
3E00
ENDCHAR
STARTCHAR u2467
ENCODING 9319
SWIDTH 1000 0
DWIDTH 10 0
BBX 9 9 0 -1
BITMAP
3E00
4100
9C80
9480
9C80
9480
9C80
4100
3E00
ENDCHAR
STARTCHAR u2468
ENCODING 9320
SWIDTH 1000 0
DWIDTH 10 0
BBX 9 9 0 -1
BITMAP
3E00
4100
9C80
9480
9C80
8480
9880
4100
3E00
ENDCHAR
STARTCHAR u2469
ENCODING 9321
SWIDTH 1000 0
DWIDTH 10 0
BBX 9 9 0 -1
BITMAP
3E00
4100
A680
AA80
AA80
AA80
AC80
4100
3E00
ENDCHAR
STARTCHAR u2474
ENCODING 9332
SWIDTH 1000 0
DWIDTH 10 0
BBX 9 9 0 -1
BITMAP
4100
8080
8880
9880
8880
8880
9C80
8080
4100
ENDCHAR
STARTCHAR u2475
ENCODING 9333
SWIDTH 1000 0
DWIDTH 10 0
BBX 9 9 0 -1
BITMAP
4100
8080
9880
8480
8880
9080
9C80
8080
4100
ENDCHAR
STARTCHAR u2476
ENCODING 9334
SWIDTH 1000 0
DWIDTH 10 0
BBX 9 9 0 -1
BITMAP
4100
8080
9880
8480
8880
8480
9880
8080
4100
ENDCHAR
STARTCHAR u2477
ENCODING 9335
SWIDTH 1000 0
DWIDTH 10 0
BBX 9 9 0 -1
BITMAP
4100
8080
8C80
9480
9480
9E80
8480
8080
4100
ENDCHAR
STARTCHAR u2478
ENCODING 9336
SWIDTH 1000 0
DWIDTH 10 0
BBX 9 9 0 -1
BITMAP
4100
8080
9C80
9080
9880
8480
9880
8080
4100
ENDCHAR
STARTCHAR u2479
ENCODING 9337
SWIDTH 1000 0
DWIDTH 10 0
BBX 9 9 0 -1
BITMAP
4100
8080
8C80
9080
9C80
9480
9C80
8080
4100
ENDCHAR
STARTCHAR u247A
ENCODING 9338
SWIDTH 1000 0
DWIDTH 10 0
BBX 9 9 0 -1
BITMAP
4100
8080
9C80
8480
8880
8880
8880
8080
4100
ENDCHAR
STARTCHAR u247B
ENCODING 9339
SWIDTH 1000 0
DWIDTH 10 0
BBX 9 9 0 -1
BITMAP
4100
8080
9C80
9480
9C80
9480
9C80
8080
4100
ENDCHAR
STARTCHAR u247C
ENCODING 9340
SWIDTH 1000 0
DWIDTH 10 0
BBX 9 9 0 -1
BITMAP
4100
8080
9C80
9480
9C80
8480
9880
8080
4100
ENDCHAR
STARTCHAR u247D
ENCODING 9341
SWIDTH 1000 0
DWIDTH 10 0
BBX 9 9 0 -1
BITMAP
4100
8080
A680
AA80
AA80
AA80
AC80
8080
4100
ENDCHAR
STARTCHAR u247E
ENCODING 9342
SWIDTH 1000 0
DWIDTH 10 0
BBX 9 9 0 -1
BITMAP
4100
8080
9280
B680
9280
9280
9280
8080
4100
ENDCHAR
STARTCHAR u247F
ENCODING 9343
SWIDTH 1000 0
DWIDTH 10 0
BBX 9 9 0 -1
BITMAP
4100
8080
AC80
A280
A480
A880
AE80
8080
4100
ENDCHAR
STARTCHAR u2480
ENCODING 9344
SWIDTH 1000 0
DWIDTH 10 0
BBX 9 9 0 -1
BITMAP
4100
8080
AC80
A280
A480
A280
AC80
8080
4100
ENDCHAR
STARTCHAR u2481
ENCODING 9345
SWIDTH 1000 0
DWIDTH 10 0
BBX 9 9 0 -1
BITMAP
4100
8080
A680
AA80
AA80
AF80
A280
8080
4100
ENDCHAR
STARTCHAR u2482
ENCODING 9346
SWIDTH 1000 0
DWIDTH 10 0
BBX 9 9 0 -1
BITMAP
4100
8080
AE80
A880
AC80
A280
AC80
8080
4100
ENDCHAR
STARTCHAR u2483
ENCODING 9347
SWIDTH 1000 0
DWIDTH 10 0
BBX 9 9 0 -1
BITMAP
4100
8080
A680
A880
AE80
AA80
AE80
8080
4100
ENDCHAR
STARTCHAR u2484
ENCODING 9348
SWIDTH 1000 0
DWIDTH 10 0
BBX 9 9 0 -1
BITMAP
4100
8080
AE80
A280
A480
A480
A480
8080
4100
ENDCHAR
STARTCHAR u2485
ENCODING 9349
SWIDTH 1000 0
DWIDTH 10 0
BBX 9 9 0 -1
BITMAP
4100
8080
AE80
AA80
AE80
AA80
AE80
8080
4100
ENDCHAR
STARTCHAR u2486
ENCODING 9350
SWIDTH 1000 0
DWIDTH 10 0
BBX 9 9 0 -1
BITMAP
4100
8080
AE80
AA80
AE80
A280
AC80
8080
4100
ENDCHAR
STARTCHAR u2487
ENCODING 9351
SWIDTH 1000 0
DWIDTH 10 0
BBX 9 9 0 -1
BITMAP
4100
8080
B480
8A80
9A80
AA80
B480
8080
4100
ENDCHAR
STARTCHAR u2488
ENCODING 9352
SWIDTH 1000 0
DWIDTH 10 0
BBX 5 7 3 0
BITMAP
40
C0
40
40
40
40
E8
ENDCHAR
STARTCHAR u2489
ENCODING 9353
SWIDTH 1000 0
DWIDTH 10 0
BBX 6 7 2 0
BITMAP
60
90
10
20
40
80
F4
ENDCHAR
STARTCHAR u248A
ENCODING 9354
SWIDTH 1000 0
DWIDTH 10 0
BBX 6 7 2 0
BITMAP
60
90
10
20
10
90
64
ENDCHAR
STARTCHAR u248B
ENCODING 9355
SWIDTH 1000 0
DWIDTH 10 0
BBX 6 7 2 0
BITMAP
30
50
50
90
90
F0
14
ENDCHAR
STARTCHAR u248C
ENCODING 9356
SWIDTH 1000 0
DWIDTH 10 0
BBX 6 7 2 0
BITMAP
F0
80
80
E0
10
10
E4
ENDCHAR
STARTCHAR u248D
ENCODING 9357
SWIDTH 1000 0
DWIDTH 10 0
BBX 6 7 2 0
BITMAP
60
90
80
E0
90
90
64
ENDCHAR
STARTCHAR u248E
ENCODING 9358
SWIDTH 1000 0
DWIDTH 10 0
BBX 6 7 2 0
BITMAP
F0
10
10
20
20
40
44
ENDCHAR
STARTCHAR u248F
ENCODING 9359
SWIDTH 1000 0
DWIDTH 10 0
BBX 6 7 2 0
BITMAP
60
90
90
60
90
90
64
ENDCHAR
STARTCHAR u2490
ENCODING 9360
SWIDTH 1000 0
DWIDTH 10 0
BBX 6 7 2 0
BITMAP
60
90
90
70
10
90
64
ENDCHAR
STARTCHAR u2491
ENCODING 9361
SWIDTH 1000 0
DWIDTH 10 0
BBX 9 7 0 0
BITMAP
4C00
D200
5600
5A00
5200
5200
4C80
ENDCHAR
STARTCHAR u2492
ENCODING 9362
SWIDTH 1000 0
DWIDTH 10 0
BBX 9 7 0 0
BITMAP
4400
CC00
4400
4400
4400
4400
EE80
ENDCHAR
STARTCHAR u2493
ENCODING 9363
SWIDTH 1000 0
DWIDTH 10 0
BBX 9 7 0 0
BITMAP
4C00
D200
4200
4400
4800
5000
5E80
ENDCHAR
STARTCHAR u2494
ENCODING 9364
SWIDTH 1000 0
DWIDTH 10 0
BBX 9 7 0 0
BITMAP
4C00
D200
4200
4400
4200
5200
4C80
ENDCHAR
STARTCHAR u2495
ENCODING 9365
SWIDTH 1000 0
DWIDTH 10 0
BBX 9 7 0 0
BITMAP
4600
CA00
4A00
5200
5200
5E00
4280
ENDCHAR
STARTCHAR u2496
ENCODING 9366
SWIDTH 1000 0
DWIDTH 10 0
BBX 9 7 0 0
BITMAP
5E00
D000
5000
5C00
4200
4200
5C80
ENDCHAR
STARTCHAR u2497
ENCODING 9367
SWIDTH 1000 0
DWIDTH 10 0
BBX 9 7 0 0
BITMAP
4C00
D200
5000
5C00
5200
5200
4C80
ENDCHAR
STARTCHAR u2498
ENCODING 9368
SWIDTH 1000 0
DWIDTH 10 0
BBX 9 7 0 0
BITMAP
5E00
C200
4200
4400
4400
4800
4880
ENDCHAR
STARTCHAR u2499
ENCODING 9369
SWIDTH 1000 0
DWIDTH 10 0
BBX 9 7 0 0
BITMAP
4C00
D200
5200
4C00
5200
5200
4C80
ENDCHAR
STARTCHAR u249A
ENCODING 9370
SWIDTH 1000 0
DWIDTH 10 0
BBX 9 7 0 0
BITMAP
4C00
D200
5200
4E00
4200
5200
4C80
ENDCHAR
STARTCHAR u249B
ENCODING 9371
SWIDTH 1000 0
DWIDTH 10 0
BBX 9 7 0 0
BITMAP
4400
AA00
2A00
4A00
4A00
8A00
E480
ENDCHAR
STARTCHAR u2500
ENCODING 9472
SWIDTH 1000 0
DWIDTH 10 0
BBX 10 1 0 3
BITMAP
FFC0
ENDCHAR
STARTCHAR u2501
ENCODING 9473
SWIDTH 1000 0
DWIDTH 10 0
BBX 10 3 0 2
BITMAP
FFC0
FFC0
FFC0
ENDCHAR
STARTCHAR u2502
ENCODING 9474
SWIDTH 1000 0
DWIDTH 10 0
BBX 1 10 4 -1
BITMAP
80
80
80
80
80
80
80
80
80
80
ENDCHAR
STARTCHAR u2503
ENCODING 9475
SWIDTH 1000 0
DWIDTH 10 0
BBX 3 10 3 -1
BITMAP
E0
E0
E0
E0
E0
E0
E0
E0
E0
E0
ENDCHAR
STARTCHAR u2504
ENCODING 9476
SWIDTH 1000 0
DWIDTH 10 0
BBX 9 1 0 3
BITMAP
DD80
ENDCHAR
STARTCHAR u2505
ENCODING 9477
SWIDTH 1000 0
DWIDTH 10 0
BBX 9 3 0 2
BITMAP
DD80
DD80
DD80
ENDCHAR
STARTCHAR u2506
ENCODING 9478
SWIDTH 1000 0
DWIDTH 10 0
BBX 1 9 4 -1
BITMAP
80
80
00
80
80
80
00
80
80
ENDCHAR
STARTCHAR u2507
ENCODING 9479
SWIDTH 1000 0
DWIDTH 10 0
BBX 3 9 3 -1
BITMAP
E0
E0
00
E0
E0
E0
00
E0
E0
ENDCHAR
STARTCHAR u2508
ENCODING 9480
SWIDTH 1000 0
DWIDTH 10 0
BBX 9 1 0 3
BITMAP
D680
ENDCHAR
STARTCHAR u2509
ENCODING 9481
SWIDTH 1000 0
DWIDTH 10 0
BBX 9 3 0 2
BITMAP
D680
D680
D680
ENDCHAR
STARTCHAR u250A
ENCODING 9482
SWIDTH 1000 0
DWIDTH 10 0
BBX 1 9 4 -1
BITMAP
80
00
80
80
00
80
00
80
80
ENDCHAR
STARTCHAR u250B
ENCODING 9483
SWIDTH 1000 0
DWIDTH 10 0
BBX 3 9 3 -1
BITMAP
E0
00
E0
E0
00
E0
00
E0
E0
ENDCHAR
STARTCHAR u250C
ENCODING 9484
SWIDTH 1000 0
DWIDTH 10 0
BBX 6 5 4 -1
BITMAP
FC
80
80
80
80
ENDCHAR
STARTCHAR u250D
ENCODING 9485
SWIDTH 1000 0
DWIDTH 10 0
BBX 6 6 4 -1
BITMAP
FC
FC
FC
80
80
80
ENDCHAR
STARTCHAR u250E
ENCODING 9486
SWIDTH 1000 0
DWIDTH 10 0
BBX 7 5 3 -1
BITMAP
FE
E0
E0
E0
E0
ENDCHAR
STARTCHAR u250F
ENCODING 9487
SWIDTH 1000 0
DWIDTH 10 0
BBX 7 6 3 -1
BITMAP
FE
FE
FE
E0
E0
E0
ENDCHAR
STARTCHAR u2510
ENCODING 9488
SWIDTH 1000 0
DWIDTH 10 0
BBX 5 5 0 -1
BITMAP
F8
08
08
08
08
ENDCHAR
STARTCHAR u2511
ENCODING 9489
SWIDTH 1000 0
DWIDTH 10 0
BBX 5 6 0 -1
BITMAP
F8
F8
F8
08
08
08
ENDCHAR
STARTCHAR u2512
ENCODING 9490
SWIDTH 1000 0
DWIDTH 10 0
BBX 6 5 0 -1
BITMAP
FC
1C
1C
1C
1C
ENDCHAR
STARTCHAR u2513
ENCODING 9491
SWIDTH 1000 0
DWIDTH 10 0
BBX 6 6 0 -1
BITMAP
FC
FC
FC
1C
1C
1C
ENDCHAR
STARTCHAR u2514
ENCODING 9492
SWIDTH 1000 0
DWIDTH 10 0
BBX 6 6 4 3
BITMAP
80
80
80
80
80
FC
ENDCHAR
STARTCHAR u2515
ENCODING 9493
SWIDTH 1000 0
DWIDTH 10 0
BBX 6 7 4 2
BITMAP
80
80
80
80
FC
FC
FC
ENDCHAR
STARTCHAR u2516
ENCODING 9494
SWIDTH 1000 0
DWIDTH 10 0
BBX 7 6 3 3
BITMAP
E0
E0
E0
E0
E0
FE
ENDCHAR
STARTCHAR u2517
ENCODING 9495
SWIDTH 1000 0
DWIDTH 10 0
BBX 7 7 3 2
BITMAP
E0
E0
E0
E0
FE
FE
FE
ENDCHAR
STARTCHAR u2518
ENCODING 9496
SWIDTH 1000 0
DWIDTH 10 0
BBX 5 6 0 3
BITMAP
08
08
08
08
08
F8
ENDCHAR
STARTCHAR u2519
ENCODING 9497
SWIDTH 1000 0
DWIDTH 10 0
BBX 5 7 0 2
BITMAP
08
08
08
08
F8
F8
F8
ENDCHAR
STARTCHAR u251A
ENCODING 9498
SWIDTH 1000 0
DWIDTH 10 0
BBX 6 6 0 3
BITMAP
1C
1C
1C
1C
1C
FC
ENDCHAR
STARTCHAR u251B
ENCODING 9499
SWIDTH 1000 0
DWIDTH 10 0
BBX 6 7 0 2
BITMAP
1C
1C
1C
1C
FC
FC
FC
ENDCHAR
STARTCHAR u251C
ENCODING 9500
SWIDTH 1000 0
DWIDTH 10 0
BBX 6 10 4 -1
BITMAP
80
80
80
80
80
FC
80
80
80
80
ENDCHAR
STARTCHAR u251D
ENCODING 9501
SWIDTH 1000 0
DWIDTH 10 0
BBX 6 10 4 -1
BITMAP
80
80
80
80
FC
FC
FC
80
80
80
ENDCHAR
STARTCHAR u251E
ENCODING 9502
SWIDTH 1000 0
DWIDTH 10 0
BBX 7 10 3 -1
BITMAP
E0
E0
E0
E0
E0
FE
40
40
40
40
ENDCHAR
STARTCHAR u251F
ENCODING 9503
SWIDTH 1000 0
DWIDTH 10 0
BBX 7 10 3 -1
BITMAP
40
40
40
40
40
FE
E0
E0
E0
E0
ENDCHAR
STARTCHAR u2520
ENCODING 9504
SWIDTH 1000 0
DWIDTH 10 0
BBX 7 10 3 -1
BITMAP
E0
E0
E0
E0
E0
FE
E0
E0
E0
E0
ENDCHAR
STARTCHAR u2521
ENCODING 9505
SWIDTH 1000 0
DWIDTH 10 0
BBX 7 10 3 -1
BITMAP
E0
E0
E0
E0
FE
FE
FE
40
40
40
ENDCHAR
STARTCHAR u2522
ENCODING 9506
SWIDTH 1000 0
DWIDTH 10 0
BBX 7 10 3 -1
BITMAP
40
40
40
40
FE
FE
FE
E0
E0
E0
ENDCHAR
STARTCHAR u2523
ENCODING 9507
SWIDTH 1000 0
DWIDTH 10 0
BBX 7 10 3 -1
BITMAP
E0
E0
E0
E0
FE
FE
FE
E0
E0
E0
ENDCHAR
STARTCHAR u2524
ENCODING 9508
SWIDTH 1000 0
DWIDTH 10 0
BBX 5 10 0 -1
BITMAP
08
08
08
08
08
F8
08
08
08
08
ENDCHAR
STARTCHAR u2525
ENCODING 9509
SWIDTH 1000 0
DWIDTH 10 0
BBX 5 10 0 -1
BITMAP
08
08
08
08
F8
F8
F8
08
08
08
ENDCHAR
STARTCHAR u2526
ENCODING 9510
SWIDTH 1000 0
DWIDTH 10 0
BBX 6 10 0 -1
BITMAP
1C
1C
1C
1C
1C
FC
08
08
08
08
ENDCHAR
STARTCHAR u2527
ENCODING 9511
SWIDTH 1000 0
DWIDTH 10 0
BBX 6 10 0 -1
BITMAP
08
08
08
08
08
FC
1C
1C
1C
1C
ENDCHAR
STARTCHAR u2528
ENCODING 9512
SWIDTH 1000 0
DWIDTH 10 0
BBX 6 10 0 -1
BITMAP
1C
1C
1C
1C
1C
FC
1C
1C
1C
1C
ENDCHAR
STARTCHAR u2529
ENCODING 9513
SWIDTH 1000 0
DWIDTH 10 0
BBX 6 10 0 -1
BITMAP
1C
1C
1C
1C
FC
FC
FC
08
08
08
ENDCHAR
STARTCHAR u252A
ENCODING 9514
SWIDTH 1000 0
DWIDTH 10 0
BBX 6 10 0 -1
BITMAP
08
08
08
08
FC
FC
FC
1C
1C
1C
ENDCHAR
STARTCHAR u252B
ENCODING 9515
SWIDTH 1000 0
DWIDTH 10 0
BBX 6 10 0 -1
BITMAP
1C
1C
1C
1C
FC
FC
FC
1C
1C
1C
ENDCHAR
STARTCHAR u252C
ENCODING 9516
SWIDTH 1000 0
DWIDTH 10 0
BBX 10 5 0 -1
BITMAP
FFC0
0800
0800
0800
0800
ENDCHAR
STARTCHAR u252D
ENCODING 9517
SWIDTH 1000 0
DWIDTH 10 0
BBX 10 6 0 -1
BITMAP
F800
FFC0
F800
0800
0800
0800
ENDCHAR
STARTCHAR u252E
ENCODING 9518
SWIDTH 1000 0
DWIDTH 10 0
BBX 10 6 0 -1
BITMAP
0FC0
FFC0
0FC0
0800
0800
0800
ENDCHAR
STARTCHAR u252F
ENCODING 9519
SWIDTH 1000 0
DWIDTH 10 0
BBX 10 6 0 -1
BITMAP
FFC0
FFC0
FFC0
0800
0800
0800
ENDCHAR
STARTCHAR u2530
ENCODING 9520
SWIDTH 1000 0
DWIDTH 10 0
BBX 10 5 0 -1
BITMAP
FFC0
1C00
1C00
1C00
1C00
ENDCHAR
STARTCHAR u2531
ENCODING 9521
SWIDTH 1000 0
DWIDTH 10 0
BBX 10 6 0 -1
BITMAP
FC00
FFC0
FC00
1C00
1C00
1C00
ENDCHAR
STARTCHAR u2532
ENCODING 9522
SWIDTH 1000 0
DWIDTH 10 0
BBX 10 6 0 -1
BITMAP
1FC0
FFC0
1C00
1C00
1C00
1C00
ENDCHAR
STARTCHAR u2533
ENCODING 9523
SWIDTH 1000 0
DWIDTH 10 0
BBX 10 6 0 -1
BITMAP
FFC0
FFC0
FFC0
1C00
1C00
1C00
ENDCHAR
STARTCHAR u2534
ENCODING 9524
SWIDTH 1000 0
DWIDTH 10 0
BBX 10 6 0 3
BITMAP
0800
0800
0800
0800
0800
FFC0
ENDCHAR
STARTCHAR u2535
ENCODING 9525
SWIDTH 1000 0
DWIDTH 10 0
BBX 10 7 0 2
BITMAP
0800
0800
0800
0800
F800
FFC0
F800
ENDCHAR
STARTCHAR u2536
ENCODING 9526
SWIDTH 1000 0
DWIDTH 10 0
BBX 10 7 0 2
BITMAP
0800
0800
0800
0800
0FC0
FFC0
0FC0
ENDCHAR
STARTCHAR u2537
ENCODING 9527
SWIDTH 1000 0
DWIDTH 10 0
BBX 10 7 0 2
BITMAP
0800
0800
0800
0800
FFC0
FFC0
FFC0
ENDCHAR
STARTCHAR u2538
ENCODING 9528
SWIDTH 1000 0
DWIDTH 10 0
BBX 10 6 0 3
BITMAP
1C00
1C00
1C00
1C00
1C00
FFC0
ENDCHAR
STARTCHAR u2539
ENCODING 9529
SWIDTH 1000 0
DWIDTH 10 0
BBX 10 7 0 2
BITMAP
1C00
1C00
1C00
1C00
FC00
FFC0
FC00
ENDCHAR
STARTCHAR u253A
ENCODING 9530
SWIDTH 1000 0
DWIDTH 10 0
BBX 10 7 0 2
BITMAP
1C00
1C00
1C00
1C00
1FC0
FFC0
1FC0
ENDCHAR
STARTCHAR u253B
ENCODING 9531
SWIDTH 1000 0
DWIDTH 10 0
BBX 10 7 0 2
BITMAP
1C00
1C00
1C00
1C00
FFC0
FFC0
FFC0
ENDCHAR
STARTCHAR u253C
ENCODING 9532
SWIDTH 1000 0
DWIDTH 10 0
BBX 10 10 0 -1
BITMAP
0800
0800
0800
0800
0800
FFC0
0800
0800
0800
0800
ENDCHAR
STARTCHAR u253D
ENCODING 9533
SWIDTH 1000 0
DWIDTH 10 0
BBX 10 10 0 -1
BITMAP
0800
0800
0800
0800
F800
FFC0
F800
0800
0800
0800
ENDCHAR
STARTCHAR u253E
ENCODING 9534
SWIDTH 1000 0
DWIDTH 10 0
BBX 10 10 0 -1
BITMAP
0800
0800
0800
0800
0FC0
FFC0
0FC0
0800
0800
0800
ENDCHAR
STARTCHAR u253F
ENCODING 9535
SWIDTH 1000 0
DWIDTH 10 0
BBX 10 10 0 -1
BITMAP
0800
0800
0800
0800
FFC0
FFC0
FFC0
0800
0800
0800
ENDCHAR
STARTCHAR u2540
ENCODING 9536
SWIDTH 1000 0
DWIDTH 10 0
BBX 10 10 0 -1
BITMAP
1C00
1C00
1C00
1C00
1C00
FFC0
0800
0800
0800
0800
ENDCHAR
STARTCHAR u2541
ENCODING 9537
SWIDTH 1000 0
DWIDTH 10 0
BBX 10 10 0 -1
BITMAP
0800
0800
0800
0800
0800
FFC0
1C00
1C00
1C00
1C00
ENDCHAR
STARTCHAR u2542
ENCODING 9538
SWIDTH 1000 0
DWIDTH 10 0
BBX 10 10 0 -1
BITMAP
1C00
1C00
1C00
1C00
1C00
FFC0
1C00
1C00
1C00
1C00
ENDCHAR
STARTCHAR u2543
ENCODING 9539
SWIDTH 1000 0
DWIDTH 10 0
BBX 10 10 0 -1
BITMAP
1C00
1C00
1C00
1C00
FC00
FFC0
FC00
0800
0800
0800
ENDCHAR
STARTCHAR u2544
ENCODING 9540
SWIDTH 1000 0
DWIDTH 10 0
BBX 10 10 0 -1
BITMAP
1C00
1C00
1C00
1C00
1FC0
FFC0
1FC0
0800
0800
0800
ENDCHAR
STARTCHAR u2545
ENCODING 9541
SWIDTH 1000 0
DWIDTH 10 0
BBX 10 10 0 -1
BITMAP
0800
0800
0800
0800
FC00
FFC0
FC00
1C00
1C00
1C00
ENDCHAR
STARTCHAR u2546
ENCODING 9542
SWIDTH 1000 0
DWIDTH 10 0
BBX 10 10 0 -1
BITMAP
0800
0800
0800
0800
1FC0
FFC0
1FC0
1C00
1C00
1C00
ENDCHAR
STARTCHAR u2547
ENCODING 9543
SWIDTH 1000 0
DWIDTH 10 0
BBX 10 10 0 -1
BITMAP
1C00
1C00
1C00
1C00
FFC0
FFC0
FFC0
0800
0800
0800
ENDCHAR
STARTCHAR u2548
ENCODING 9544
SWIDTH 1000 0
DWIDTH 10 0
BBX 10 10 0 -1
BITMAP
0800
0800
0800
0800
FFC0
FFC0
FFC0
1C00
1C00
1C00
ENDCHAR
STARTCHAR u2549
ENCODING 9545
SWIDTH 1000 0
DWIDTH 10 0
BBX 10 10 0 -1
BITMAP
1C00
1C00
1C00
1C00
FC00
FFC0
FC00
1C00
1C00
1C00
ENDCHAR
STARTCHAR u254A
ENCODING 9546
SWIDTH 1000 0
DWIDTH 10 0
BBX 10 10 0 -1
BITMAP
1C00
1C00
1C00
1C00
1FC0
FFC0
1FC0
1C00
1C00
1C00
ENDCHAR
STARTCHAR u254B
ENCODING 9547
SWIDTH 1000 0
DWIDTH 10 0
BBX 10 10 0 -1
BITMAP
1C00
1C00
1C00
1C00
FFC0
FFC0
FFC0
1C00
1C00
1C00
ENDCHAR
STARTCHAR u25A0
ENCODING 9632
SWIDTH 1000 0
DWIDTH 10 0
BBX 9 9 0 -1
BITMAP
FF80
FF80
FF80
FF80
FF80
FF80
FF80
FF80
FF80
ENDCHAR
STARTCHAR u25A1
ENCODING 9633
SWIDTH 1000 0
DWIDTH 10 0
BBX 9 9 0 -1
BITMAP
FF80
8080
8080
8080
8080
8080
8080
8080
FF80
ENDCHAR
STARTCHAR u25B2
ENCODING 9650
SWIDTH 1000 0
DWIDTH 10 0
BBX 9 9 0 -1
BITMAP
0800
1C00
1C00
3E00
3E00
7F00
7F00
FF80
FF80
ENDCHAR
STARTCHAR u25B3
ENCODING 9651
SWIDTH 1000 0
DWIDTH 10 0
BBX 9 9 0 -1
BITMAP
0800
1400
1400
2200
2200
4100
4100
8080
FF80
ENDCHAR
STARTCHAR u25C6
ENCODING 9670
SWIDTH 1000 0
DWIDTH 10 0
BBX 9 9 0 -1
BITMAP
0800
1C00
3E00
7F00
FF80
7F00
3E00
1C00
0800
ENDCHAR
STARTCHAR u25C7
ENCODING 9671
SWIDTH 1000 0
DWIDTH 10 0
BBX 9 9 0 -1
BITMAP
0800
1400
2200
4100
8080
4100
2200
1400
0800
ENDCHAR
STARTCHAR u25CB
ENCODING 9675
SWIDTH 1000 0
DWIDTH 10 0
BBX 9 9 0 -1
BITMAP
3E00
4100
8080
8080
8080
8080
8080
4100
3E00
ENDCHAR
STARTCHAR u25CE
ENCODING 9678
SWIDTH 1000 0
DWIDTH 10 0
BBX 9 9 0 -1
BITMAP
3E00
4100
9C80
A280
A280
A280
9C80
4100
3E00
ENDCHAR
STARTCHAR u25CF
ENCODING 9679
SWIDTH 1000 0
DWIDTH 10 0
BBX 9 9 0 -1
BITMAP
3E00
7F00
FF80
FF80
FF80
FF80
FF80
7F00
3E00
ENDCHAR
STARTCHAR u2605
ENCODING 9733
SWIDTH 1000 0
DWIDTH 10 0
BBX 9 9 0 -1
BITMAP
0800
0800
1C00
FF80
3E00
1C00
3600
2200
4100
ENDCHAR
STARTCHAR u2606
ENCODING 9734
SWIDTH 1000 0
DWIDTH 10 0
BBX 9 9 0 -1
BITMAP
0800
0800
1400
F780
4100
2A00
3600
2200
4100
ENDCHAR
STARTCHAR u2640
ENCODING 9792
SWIDTH 1000 0
DWIDTH 10 0
BBX 7 9 1 -1
BITMAP
38
44
44
44
38
10
FE
10
10
ENDCHAR
STARTCHAR u2642
ENCODING 9794
SWIDTH 1000 0
DWIDTH 10 0
BBX 9 9 0 -1
BITMAP
0F80
0180
0280
0480
7880
8800
8800
8800
7000
ENDCHAR
STARTCHAR u3000
ENCODING 12288
SWIDTH 1000 0
DWIDTH 10 0
BBX 0 0 0 0
BITMAP
ENDCHAR
STARTCHAR u3001
ENCODING 12289
SWIDTH 1000 0
DWIDTH 10 0
BBX 2 3 1 -1
BITMAP
80
40
40
ENDCHAR
STARTCHAR u3002
ENCODING 12290
SWIDTH 1000 0
DWIDTH 10 0
BBX 4 4 0 -1
BITMAP
60
90
90
60
ENDCHAR
STARTCHAR u3003
ENCODING 12291
SWIDTH 1000 0
DWIDTH 10 0
BBX 5 5 2 1
BITMAP
48
48
48
90
90
ENDCHAR
STARTCHAR u3005
ENCODING 12293
SWIDTH 1000 0
DWIDTH 10 0
BBX 7 7 1 0
BITMAP
20
3E
42
84
28
10
08
ENDCHAR
STARTCHAR u3006
ENCODING 12294
SWIDTH 1000 0
DWIDTH 10 0
BBX 7 7 1 0
BITMAP
02
34
48
94
A2
C0
80
ENDCHAR
STARTCHAR u3007
ENCODING 12295
SWIDTH 1000 0
DWIDTH 10 0
BBX 9 9 0 -1
BITMAP
3E00
4100
8080
8080
8080
8080
8080
4100
3E00
ENDCHAR
STARTCHAR u3008
ENCODING 12296
SWIDTH 1000 0
DWIDTH 10 0
BBX 3 9 5 -1
BITMAP
20
20
40
40
80
40
40
20
20
ENDCHAR
STARTCHAR u3009
ENCODING 12297
SWIDTH 1000 0
DWIDTH 10 0
BBX 3 9 1 -1
BITMAP
80
80
40
40
20
40
40
80
80
ENDCHAR
STARTCHAR u300A
ENCODING 12298
SWIDTH 1000 0
DWIDTH 10 0
BBX 6 9 2 -1
BITMAP
24
24
48
48
90
48
48
24
24
ENDCHAR
STARTCHAR u300B
ENCODING 12299
SWIDTH 1000 0
DWIDTH 10 0
BBX 6 9 1 -1
BITMAP
90
90
48
48
24
48
48
90
90
ENDCHAR
STARTCHAR u300C
ENCODING 12300
SWIDTH 1000 0
DWIDTH 10 0
BBX 3 7 5 1
BITMAP
E0
80
80
80
80
80
80
ENDCHAR
STARTCHAR u300D
ENCODING 12301
SWIDTH 1000 0
DWIDTH 10 0
BBX 3 7 1 -1
BITMAP
20
20
20
20
20
20
E0
ENDCHAR
STARTCHAR u300E
ENCODING 12302
SWIDTH 1000 0
DWIDTH 10 0
BBX 5 7 3 1
BITMAP
F8
88
B8
A0
A0
A0
E0
ENDCHAR
STARTCHAR u300F
ENCODING 12303
SWIDTH 1000 0
DWIDTH 10 0
BBX 5 7 1 -1
BITMAP
38
28
28
28
E8
88
F8
ENDCHAR
STARTCHAR u3010
ENCODING 12304
SWIDTH 1000 0
DWIDTH 10 0
BBX 4 9 4 -1
BITMAP
F0
E0
C0
C0
C0
C0
C0
E0
F0
ENDCHAR
STARTCHAR u3011
ENCODING 12305
SWIDTH 1000 0
DWIDTH 10 0
BBX 4 9 1 -1
BITMAP
F0
70
30
30
30
30
30
70
F0
ENDCHAR
STARTCHAR u3012
ENCODING 12306
SWIDTH 1000 0
DWIDTH 10 0
BBX 7 7 1 0
BITMAP
FE
00
00
FE
10
10
10
ENDCHAR
STARTCHAR u3013
ENCODING 12307
SWIDTH 1000 0
DWIDTH 10 0
BBX 7 6 1 1
BITMAP
FE
FE
00
00
FE
FE
ENDCHAR
STARTCHAR u3014
ENCODING 12308
SWIDTH 1000 0
DWIDTH 10 0
BBX 3 9 5 -1
BITMAP
20
40
80
80
80
80
80
40
20
ENDCHAR
STARTCHAR u3015
ENCODING 12309
SWIDTH 1000 0
DWIDTH 10 0
BBX 3 9 1 -1
BITMAP
80
40
20
20
20
20
20
40
80
ENDCHAR
STARTCHAR u3016
ENCODING 12310
SWIDTH 1000 0
DWIDTH 10 0
BBX 5 9 3 -1
BITMAP
F8
90
A0
A0
A0
A0
A0
90
F8
ENDCHAR
STARTCHAR u3017
ENCODING 12311
SWIDTH 1000 0
DWIDTH 10 0
BBX 5 9 1 -1
BITMAP
F8
48
28
28
28
28
28
48
F8
ENDCHAR
STARTCHAR u3041
ENCODING 12353
SWIDTH 1000 0
DWIDTH 10 0
BBX 8 8 0 -1
BITMAP
10
7C
10
3E
55
99
91
66
ENDCHAR
STARTCHAR u3042
ENCODING 12354
SWIDTH 1000 0
DWIDTH 10 0
BBX 9 9 0 -1
BITMAP
1000
7F00
1000
3E00
5500
9480
8880
9080
6300
ENDCHAR
STARTCHAR u3043
ENCODING 12355
SWIDTH 1000 0
DWIDTH 10 0
BBX 7 7 1 -1
BITMAP
84
84
82
82
A2
A2
40
ENDCHAR
STARTCHAR u3044
ENCODING 12356
SWIDTH 1000 0
DWIDTH 10 0
BBX 9 8 0 -1
BITMAP
8200
8100
8100
8080
8080
9080
9000
6000
ENDCHAR
STARTCHAR u3045
ENCODING 12357
SWIDTH 1000 0
DWIDTH 10 0
BBX 7 8 1 -1
BITMAP
78
00
7C
82
02
02
0C
70
ENDCHAR
STARTCHAR u3046
ENCODING 12358
SWIDTH 1000 0
DWIDTH 10 0
BBX 8 9 0 -1
BITMAP
3C
00
3E
C1
01
01
01
06
38
ENDCHAR
STARTCHAR u3047
ENCODING 12359
SWIDTH 1000 0
DWIDTH 10 0
BBX 7 8 1 -1
BITMAP
78
00
FC
08
10
28
48
86
ENDCHAR
STARTCHAR u3048
ENCODING 12360
SWIDTH 1000 0
DWIDTH 10 0
BBX 9 9 0 -1
BITMAP
3C00
0000
FE00
0400
0800
1800
2400
4400
8380
ENDCHAR
STARTCHAR u3049
ENCODING 12361
SWIDTH 1000 0
DWIDTH 10 0
BBX 9 8 0 -1
BITMAP
1100
7C80
1000
3E00
5100
9100
9100
6600
ENDCHAR
STARTCHAR u304A
ENCODING 12362
SWIDTH 1000 0
DWIDTH 10 0
BBX 9 9 0 -1
BITMAP
1100
FC80
1000
3E00
5100
9080
9080
9080
6300
ENDCHAR
STARTCHAR u304B
ENCODING 12363
SWIDTH 1000 0
DWIDTH 10 0
BBX 9 9 0 -1
BITMAP
2000
2200
F900
2480
2480
2400
4400
4400
9800
ENDCHAR
STARTCHAR u304C
ENCODING 12364
SWIDTH 1000 0
DWIDTH 10 0
BBX 9 9 0 -1
BITMAP
2280
2280
F900
2480
2480
2400
4400
4400
9800
ENDCHAR
STARTCHAR u304D
ENCODING 12365
SWIDTH 1000 0
DWIDTH 10 0
BBX 9 9 0 -1
BITMAP
0800
7F00
0400
FF80
0200
3F00
4100
4000
3E00
ENDCHAR
STARTCHAR u304E
ENCODING 12366
SWIDTH 1000 0
DWIDTH 10 0
BBX 9 9 0 -1
BITMAP
0A80
7E80
0400
FF80
0200
3F00
4100
4000
3E00
ENDCHAR
STARTCHAR u304F
ENCODING 12367
SWIDTH 1000 0
DWIDTH 10 0
BBX 7 9 1 -1
BITMAP
02
04
18
60
80
60
18
04
02
ENDCHAR
STARTCHAR u3050
ENCODING 12368
SWIDTH 1000 0
DWIDTH 10 0
BBX 9 9 0 -1
BITMAP
0200
0400
1A80
6280
8000
6000
1800
0400
0200
ENDCHAR
STARTCHAR u3051
ENCODING 12369
SWIDTH 1000 0
DWIDTH 10 0
BBX 9 9 0 -1
BITMAP
4200
4200
9F80
8200
8200
8200
4200
4400
1800
ENDCHAR
STARTCHAR u3052
ENCODING 12370
SWIDTH 1000 0
DWIDTH 10 0
BBX 9 9 0 -1
BITMAP
4280
4280
9F00
8200
8200
8200
4200
4400
1800
ENDCHAR
STARTCHAR u3053
ENCODING 12371
SWIDTH 1000 0
DWIDTH 10 0
BBX 8 8 0 -1
BITMAP
7E
00
00
00
40
80
80
7F
ENDCHAR
STARTCHAR u3054
ENCODING 12372
SWIDTH 1000 0
DWIDTH 10 0
BBX 9 9 0 -1
BITMAP
0280
7A80
0000
0000
0000
4000
8000
8000
7F00
ENDCHAR
STARTCHAR u3055
ENCODING 12373
SWIDTH 1000 0
DWIDTH 10 0
BBX 8 9 0 -1
BITMAP
08
FF
04
04
7E
82
80
80
7E
ENDCHAR
STARTCHAR u3056
ENCODING 12374
SWIDTH 1000 0
DWIDTH 10 0
BBX 9 9 0 -1
BITMAP
0A80
FE80
0400
0400
7E00
8200
8000
8000
7E00
ENDCHAR
STARTCHAR u3057
ENCODING 12375
SWIDTH 1000 0
DWIDTH 10 0
BBX 7 9 1 -1
BITMAP
80
80
80
80
80
82
82
84
78
ENDCHAR
STARTCHAR u3058
ENCODING 12376
SWIDTH 1000 0
DWIDTH 10 0
BBX 7 9 1 -1
BITMAP
80
8A
8A
80
80
82
82
84
78
ENDCHAR
STARTCHAR u3059
ENCODING 12377
SWIDTH 1000 0
DWIDTH 10 0
BBX 9 9 0 -1
BITMAP
0400
FF80
0400
1C00
2400
2400
1C00
0400
3800
ENDCHAR
STARTCHAR u305A
ENCODING 12378
SWIDTH 1000 0
DWIDTH 10 0
BBX 9 9 0 -1
BITMAP
0A80
FE80
0800
3800
4800
4800
3800
0800
7000
ENDCHAR
STARTCHAR u305B
ENCODING 12379
SWIDTH 1000 0
DWIDTH 10 0
BBX 9 9 0 -1
BITMAP
4200
4200
FF80
4200
4200
4C00
4000
4000
3F00
ENDCHAR
STARTCHAR u305C
ENCODING 12380
SWIDTH 1000 0
DWIDTH 10 0
BBX 9 9 0 -1
BITMAP
4280
4280
FF80
4200
4200
4C00
4000
4000
3F00
ENDCHAR
STARTCHAR u305D
ENCODING 12381
SWIDTH 1000 0
DWIDTH 10 0
BBX 9 9 0 -1
BITMAP
7E00
0800
1000
FF80
0800
1000
1000
1000
0E00
ENDCHAR
STARTCHAR u305E
ENCODING 12382
SWIDTH 1000 0
DWIDTH 10 0
BBX 9 9 0 -1
BITMAP
7E80
0A80
1000
FF80
0800
1000
1000
1000
0E00
ENDCHAR
STARTCHAR u305F
ENCODING 12383
SWIDTH 1000 0
DWIDTH 10 0
BBX 8 9 0 -1
BITMAP
20
FE
20
2F
40
40
48
90
8F
ENDCHAR
STARTCHAR u3060
ENCODING 12384
SWIDTH 1000 0
DWIDTH 10 0
BBX 9 9 0 -1
BITMAP
2280
FA80
2000
2F00
4000
4000
4800
9000
8F00
ENDCHAR
STARTCHAR u3061
ENCODING 12385
SWIDTH 1000 0
DWIDTH 10 0
BBX 8 9 0 -1
BITMAP
10
FF
20
20
7E
41
01
01
3E
ENDCHAR
STARTCHAR u3062
ENCODING 12386
SWIDTH 1000 0
DWIDTH 10 0
BBX 9 9 0 -1
BITMAP
1280
FE80
2000
2000
7E00
4100
0100
0100
3E00
ENDCHAR
STARTCHAR u3063
ENCODING 12387
SWIDTH 1000 0
DWIDTH 10 0
BBX 8 6 0 0
BITMAP
3E
C1
01
01
02
3C
ENDCHAR
STARTCHAR u3064
ENCODING 12388
SWIDTH 1000 0
DWIDTH 10 0
BBX 9 8 0 -1
BITMAP
3E00
C100
0080
0080
0080
0080
0300
3C00
ENDCHAR
STARTCHAR u3065
ENCODING 12389
SWIDTH 1000 0
DWIDTH 10 0
BBX 9 9 0 -1
BITMAP
0280
3E80
C100
0080
0080
0080
0080
0300
3C00
ENDCHAR
STARTCHAR u3066
ENCODING 12390
SWIDTH 1000 0
DWIDTH 10 0
BBX 9 8 0 -1
BITMAP
FF80
0400
0800
1000
1000
1000
0800
0700
ENDCHAR
STARTCHAR u3067
ENCODING 12391
SWIDTH 1000 0
DWIDTH 10 0
BBX 9 8 0 -1
BITMAP
FF00
0800
1280
2280
2000
2000
1000
0E00
ENDCHAR
STARTCHAR u3068
ENCODING 12392
SWIDTH 1000 0
DWIDTH 10 0
BBX 8 9 0 -1
BITMAP
40
43
2C
30
40
80
80
40
3F
ENDCHAR
STARTCHAR u3069
ENCODING 12393
SWIDTH 1000 0
DWIDTH 10 0
BBX 9 9 0 -1
BITMAP
4280
4280
2C00
3000
4000
8000
8000
4000
3F00
ENDCHAR
STARTCHAR u306A
ENCODING 12394
SWIDTH 1000 0
DWIDTH 10 0
BBX 9 9 0 -1
BITMAP
2000
FB00
2080
4200
4200
4E00
9300
9280
0C00
ENDCHAR
STARTCHAR u306B
ENCODING 12395
SWIDTH 1000 0
DWIDTH 10 0
BBX 9 9 0 -1
BITMAP
4000
5F80
8000
8000
8000
8800
9000
5000
4F80
ENDCHAR
STARTCHAR u306C
ENCODING 12396
SWIDTH 1000 0
DWIDTH 10 0
BBX 9 9 0 -1
BITMAP
2400
3E00
6500
A880
A880
9080
9680
A900
4680
ENDCHAR
STARTCHAR u306D
ENCODING 12397
SWIDTH 1000 0
DWIDTH 10 0
BBX 9 9 0 -1
BITMAP
2000
EE00
3100
2080
6080
A080
A680
2900
2680
ENDCHAR
STARTCHAR u306E
ENCODING 12398
SWIDTH 1000 0
DWIDTH 10 0
BBX 9 8 0 -1
BITMAP
3E00
4900
8880
8880
8880
9080
9100
6600
ENDCHAR
STARTCHAR u306F
ENCODING 12399
SWIDTH 1000 0
DWIDTH 10 0
BBX 9 9 0 -1
BITMAP
4200
4200
9F80
8200
8200
8E00
9300
5280
4C00
ENDCHAR
STARTCHAR u3070
ENCODING 12400
SWIDTH 1000 0
DWIDTH 10 0
BBX 9 9 0 -1
BITMAP
4280
4280
9F80
8200
8200
8E00
9300
5280
4C00
ENDCHAR
STARTCHAR u3071
ENCODING 12401
SWIDTH 1000 0
DWIDTH 10 0
BBX 9 9 0 -1
BITMAP
4100
4280
9F00
8200
8200
8E00
9300
5280
4C00
ENDCHAR
STARTCHAR u3072
ENCODING 12402
SWIDTH 1000 0
DWIDTH 10 0
BBX 9 9 0 -1
BITMAP
F400
2400
4200
8380
8200
8200
8200
4400
3800
ENDCHAR
STARTCHAR u3073
ENCODING 12403
SWIDTH 1000 0
DWIDTH 10 0
BBX 9 9 0 -1
BITMAP
F280
2280
4000
8300
8280
8200
8200
4400
3800
ENDCHAR
STARTCHAR u3074
ENCODING 12404
SWIDTH 1000 0
DWIDTH 10 0
BBX 9 9 0 -1
BITMAP
F100
2280
4100
8300
8280
8200
8200
4400
3800
ENDCHAR
STARTCHAR u3075
ENCODING 12405
SWIDTH 1000 0
DWIDTH 10 0
BBX 9 9 0 -1
BITMAP
3C00
0800
1000
1000
4900
4500
8480
8480
3800
ENDCHAR
STARTCHAR u3076
ENCODING 12406
SWIDTH 1000 0
DWIDTH 10 0
BBX 9 9 0 -1
BITMAP
3C00
0A80
1280
1000
4900
4500
8480
8480
3800
ENDCHAR
STARTCHAR u3077
ENCODING 12407
SWIDTH 1000 0
DWIDTH 10 0
BBX 9 9 0 -1
BITMAP
3D00
0A80
1100
1000
4900
4500
8480
8480
3800
ENDCHAR
STARTCHAR u3078
ENCODING 12408
SWIDTH 1000 0
DWIDTH 10 0
BBX 9 7 0 0
BITMAP
1000
2800
4400
4400
8200
8100
0080
ENDCHAR
STARTCHAR u3079
ENCODING 12409
SWIDTH 1000 0
DWIDTH 10 0
BBX 9 8 0 0
BITMAP
0280
1280
2800
4400
4400
8200
8100
0080
ENDCHAR
STARTCHAR u307A
ENCODING 12410
SWIDTH 1000 0
DWIDTH 10 0
BBX 9 8 0 0
BITMAP
0100
1280
2900
4400
4400
8200
8100
0080
ENDCHAR
STARTCHAR u307B
ENCODING 12411
SWIDTH 1000 0
DWIDTH 10 0
BBX 9 9 0 -1
BITMAP
5F80
4200
9F80
8200
8200
8E00
9300
5280
4C00
ENDCHAR
STARTCHAR u307C
ENCODING 12412
SWIDTH 1000 0
DWIDTH 10 0
BBX 9 9 0 -1
BITMAP
5E80
4280
9F00
8200
8200
8E00
9300
5280
4C00
ENDCHAR
STARTCHAR u307D
ENCODING 12413
SWIDTH 1000 0
DWIDTH 10 0
BBX 9 9 0 -1
BITMAP
5D00
4280
9F00
8200
8200
8E00
9300
5280
4C00
ENDCHAR
STARTCHAR u307E
ENCODING 12414
SWIDTH 1000 0
DWIDTH 10 0
BBX 9 9 0 -1
BITMAP
0400
7F00
0400
FF80
0400
3C00
4600
4500
3880
ENDCHAR
STARTCHAR u307F
ENCODING 12415
SWIDTH 1000 0
DWIDTH 10 0
BBX 9 9 0 -1
BITMAP
7800
0800
0900
3D00
4B00
9180
9100
6200
0400
ENDCHAR
STARTCHAR u3080
ENCODING 12416
SWIDTH 1000 0
DWIDTH 10 0
BBX 9 9 0 -1
BITMAP
2000
2100
F880
2000
6000
A100
A100
6100
3E00
ENDCHAR
STARTCHAR u3081
ENCODING 12417
SWIDTH 1000 0
DWIDTH 10 0
BBX 9 9 0 -1
BITMAP
2400
3E00
6500
A480
A880
9880
9080
6100
0600
ENDCHAR
STARTCHAR u3082
ENCODING 12418
SWIDTH 1000 0
DWIDTH 10 0
BBX 8 9 0 -1
BITMAP
20
FC
20
20
FC
21
21
21
1E
ENDCHAR
STARTCHAR u3083
ENCODING 12419
SWIDTH 1000 0
DWIDTH 10 0
BBX 8 8 0 -1
BITMAP
48
5E
E1
21
21
16
10
10
ENDCHAR
STARTCHAR u3084
ENCODING 12420
SWIDTH 1000 0
DWIDTH 10 0
BBX 9 9 0 -1
BITMAP
4800
4B00
3C80
E080
2080
2700
1000
1000
1000
ENDCHAR
STARTCHAR u3085
ENCODING 12421
SWIDTH 1000 0
DWIDTH 10 0
BBX 8 8 0 -1
BITMAP
88
BE
C9
89
89
BE
08
30
ENDCHAR
STARTCHAR u3086
ENCODING 12422
SWIDTH 1000 0
DWIDTH 10 0
BBX 9 9 0 -1
BITMAP
0400
9F00
A480
C480
8480
A480
9F00
0400
1800
ENDCHAR
STARTCHAR u3087
ENCODING 12423
SWIDTH 1000 0
DWIDTH 10 0
BBX 8 8 0 -1
BITMAP
08
08
0F
08
78
8C
8A
71
ENDCHAR
STARTCHAR u3088
ENCODING 12424
SWIDTH 1000 0
DWIDTH 10 0
BBX 8 9 0 -1
BITMAP
08
08
0F
08
08
78
8C
8A
71
ENDCHAR
STARTCHAR u3089
ENCODING 12425
SWIDTH 1000 0
DWIDTH 10 0
BBX 8 9 0 -1
BITMAP
18
46
40
BC
C2
81
01
02
3C
ENDCHAR
STARTCHAR u308A
ENCODING 12426
SWIDTH 1000 0
DWIDTH 10 0
BBX 7 9 1 -1
BITMAP
98
A4
C2
82
82
82
02
04
38
ENDCHAR
STARTCHAR u308B
ENCODING 12427
SWIDTH 1000 0
DWIDTH 10 0
BBX 9 9 0 -1
BITMAP
7F00
0400
1800
3E00
4100
8080
1880
2500
1E00
ENDCHAR
STARTCHAR u308C
ENCODING 12428
SWIDTH 1000 0
DWIDTH 10 0
BBX 9 9 0 -1
BITMAP
2000
2C00
F200
2200
6200
6200
A200
A280
2100
ENDCHAR
STARTCHAR u308D
ENCODING 12429
SWIDTH 1000 0
DWIDTH 10 0
BBX 9 9 0 -1
BITMAP
7E00
0800
1000
3E00
4100
8080
0080
0100
3E00
ENDCHAR
STARTCHAR u308E
ENCODING 12430
SWIDTH 1000 0
DWIDTH 10 0
BBX 8 8 0 -1
BITMAP
20
2E
F1
21
61
A1
A2
24
ENDCHAR
STARTCHAR u308F
ENCODING 12431
SWIDTH 1000 0
DWIDTH 10 0
BBX 9 9 0 -1
BITMAP
2000
2E00
F100
2080
6080
6080
A080
A100
2600
ENDCHAR
STARTCHAR u3090
ENCODING 12432
SWIDTH 1000 0
DWIDTH 10 0
BBX 9 9 0 -1
BITMAP
7800
0800
3E00
4900
9080
9080
A380
A480
4300
ENDCHAR
STARTCHAR u3091
ENCODING 12433
SWIDTH 1000 0
DWIDTH 10 0
BBX 9 9 0 -1
BITMAP
7E00
0400
1E00
6900
1500
1E00
2000
7700
8880
ENDCHAR
STARTCHAR u3092
ENCODING 12434
SWIDTH 1000 0
DWIDTH 10 0
BBX 9 9 0 -1
BITMAP
0800
7F00
1000
3D80
4600
9A00
2200
2000
1F80
ENDCHAR
STARTCHAR u3093
ENCODING 12435
SWIDTH 1000 0
DWIDTH 10 0
BBX 9 9 0 -1
BITMAP
1000
1000
2000
2000
5000
6880
4880
8900
8600
ENDCHAR
STARTCHAR u30A1
ENCODING 12449
SWIDTH 1000 0
DWIDTH 10 0
BBX 8 8 0 -1
BITMAP
FF
01
11
12
14
10
20
40
ENDCHAR
STARTCHAR u30A2
ENCODING 12450
SWIDTH 1000 0
DWIDTH 10 0
BBX 8 9 0 -1
BITMAP
FF
01
11
11
12
14
10
20
40
ENDCHAR
STARTCHAR u30A3
ENCODING 12451
SWIDTH 1000 0
DWIDTH 10 0
BBX 7 8 0 -1
BITMAP
02
04
18
E8
08
08
08
08
ENDCHAR
STARTCHAR u30A4
ENCODING 12452
SWIDTH 1000 0
DWIDTH 10 0
BBX 7 9 0 -1
BITMAP
02
04
08
38
C8
08
08
08
08
ENDCHAR
STARTCHAR u30A5
ENCODING 12453
SWIDTH 1000 0
DWIDTH 10 0
BBX 7 8 1 -1
BITMAP
10
FE
82
82
02
04
08
30
ENDCHAR
STARTCHAR u30A6
ENCODING 12454
SWIDTH 1000 0
DWIDTH 10 0
BBX 8 9 0 -1
BITMAP
10
FF
81
81
81
01
02
04
18
ENDCHAR
STARTCHAR u30A7
ENCODING 12455
SWIDTH 1000 0
DWIDTH 10 0
BBX 7 6 1 0
BITMAP
7C
10
10
10
10
FE
ENDCHAR
STARTCHAR u30A8
ENCODING 12456
SWIDTH 1000 0
DWIDTH 10 0
BBX 9 7 0 0
BITMAP
7F00
0800
0800
0800
0800
0800
FF80
ENDCHAR
STARTCHAR u30A9
ENCODING 12457
SWIDTH 1000 0
DWIDTH 10 0
BBX 7 8 1 -1
BITMAP
08
08
FE
18
28
48
88
18
ENDCHAR
STARTCHAR u30AA
ENCODING 12458
SWIDTH 1000 0
DWIDTH 10 0
BBX 9 9 0 -1
BITMAP
0200
0200
FF80
0A00
1200
2200
4200
8200
0C00
ENDCHAR
STARTCHAR u30AB
ENCODING 12459
SWIDTH 1000 0
DWIDTH 10 0
BBX 9 9 0 -1
BITMAP
1000
1000
FF80
1080
1080
2080
2080
4080
8700
ENDCHAR
STARTCHAR u30AC
ENCODING 12460
SWIDTH 1000 0
DWIDTH 10 0
BBX 9 9 0 -1
BITMAP
1280
1280
FF00
1100
1100
2100
2100
4100
8600
ENDCHAR
STARTCHAR u30AD
ENCODING 12461
SWIDTH 1000 0
DWIDTH 10 0
BBX 8 9 0 -1
BITMAP
10
10
FF
08
08
FF
04
04
04
ENDCHAR
STARTCHAR u30AE
ENCODING 12462
SWIDTH 1000 0
DWIDTH 10 0
BBX 9 9 0 -1
BITMAP
1280
1280
FE00
0800
0800
FF00
0400
0400
0400
ENDCHAR
STARTCHAR u30AF
ENCODING 12463
SWIDTH 1000 0
DWIDTH 10 0
BBX 8 9 0 -1
BITMAP
20
3F
21
41
81
02
02
0C
70
ENDCHAR
STARTCHAR u30B0
ENCODING 12464
SWIDTH 1000 0
DWIDTH 10 0
BBX 9 9 0 -1
BITMAP
2280
3E80
2100
4100
8100
0200
0200
0C00
7000
ENDCHAR
STARTCHAR u30B1
ENCODING 12465
SWIDTH 1000 0
DWIDTH 10 0
BBX 9 9 0 -1
BITMAP
2000
2000
3F80
4200
8200
0200
0400
0800
3000
ENDCHAR
STARTCHAR u30B2
ENCODING 12466
SWIDTH 1000 0
DWIDTH 10 0
BBX 9 9 0 -1
BITMAP
2280
2280
3F80
4200
8200
0200
0400
0800
3000
ENDCHAR
STARTCHAR u30B3
ENCODING 12467
SWIDTH 1000 0
DWIDTH 10 0
BBX 8 8 0 -1
BITMAP
FF
01
01
01
01
01
01
FF
ENDCHAR
STARTCHAR u30B4
ENCODING 12468
SWIDTH 1000 0
DWIDTH 10 0
BBX 9 9 0 -1
BITMAP
0280
FE80
0200
0200
0200
0200
0200
0200
FE00
ENDCHAR
STARTCHAR u30B5
ENCODING 12469
SWIDTH 1000 0
DWIDTH 10 0
BBX 9 9 0 -1
BITMAP
2200
2200
FF80
2200
2200
2200
0200
0400
3800
ENDCHAR
STARTCHAR u30B6
ENCODING 12470
SWIDTH 1000 0
DWIDTH 10 0
BBX 9 9 0 -1
BITMAP
2280
2280
FF80
2200
2200
2200
0200
0400
3800
ENDCHAR
STARTCHAR u30B7
ENCODING 12471
SWIDTH 1000 0
DWIDTH 10 0
BBX 9 9 0 -1
BITMAP
6000
1000
0000
C080
2080
0100
0200
0C00
7000
ENDCHAR
STARTCHAR u30B8
ENCODING 12472
SWIDTH 1000 0
DWIDTH 10 0
BBX 9 9 0 -1
BITMAP
6280
1280
0000
C080
2080
0100
0200
0C00
7000
ENDCHAR
STARTCHAR u30B9
ENCODING 12473
SWIDTH 1000 0
DWIDTH 10 0
BBX 9 9 0 -1
BITMAP
FE00
0200
0200
0200
0400
0C00
1200
2100
C080
ENDCHAR
STARTCHAR u30BA
ENCODING 12474
SWIDTH 1000 0
DWIDTH 10 0
BBX 9 9 0 -1
BITMAP
FE80
0280
0200
0400
0400
0C00
1200
2100
C080
ENDCHAR
STARTCHAR u30BB
ENCODING 12475
SWIDTH 1000 0
DWIDTH 10 0
BBX 9 9 0 -1
BITMAP
2000
2000
2780
3880
E100
2200
2000
2000
1F00
ENDCHAR
STARTCHAR u30BC
ENCODING 12476
SWIDTH 1000 0
DWIDTH 10 0
BBX 9 9 0 -1
BITMAP
2280
2280
2780
3880
E100
2200
2000
2000
1F00
ENDCHAR
STARTCHAR u30BD
ENCODING 12477
SWIDTH 1000 0
DWIDTH 10 0
BBX 9 9 0 -1
BITMAP
8080
4080
4080
0100
0100
0200
0400
0800
3000
ENDCHAR
STARTCHAR u30BE
ENCODING 12478
SWIDTH 1000 0
DWIDTH 10 0
BBX 9 9 0 -1
BITMAP
0280
8280
4000
4100
0100
0200
0400
0800
3000
ENDCHAR
STARTCHAR u30BF
ENCODING 12479
SWIDTH 1000 0
DWIDTH 10 0
BBX 9 9 0 -1
BITMAP
2000
3F80
4080
A080
1100
0900
0600
0C00
7000
ENDCHAR
STARTCHAR u30C0
ENCODING 12480
SWIDTH 1000 0
DWIDTH 10 0
BBX 9 9 0 -1
BITMAP
2280
3E80
4100
A100
1100
0A00
0600
0C00
7000
ENDCHAR
STARTCHAR u30C1
ENCODING 12481
SWIDTH 1000 0
DWIDTH 10 0
BBX 9 9 0 -1
BITMAP
0300
7C00
0800
0800
FF80
0800
0800
1000
6000
ENDCHAR
STARTCHAR u30C2
ENCODING 12482
SWIDTH 1000 0
DWIDTH 10 0
BBX 9 9 0 -1
BITMAP
0280
7E80
0800
0800
FF80
0800
0800
1000
6000
ENDCHAR
STARTCHAR u30C3
ENCODING 12483
SWIDTH 1000 0
DWIDTH 10 0
BBX 8 7 0 -1
BITMAP
91
49
49
02
02
0C
30
ENDCHAR
STARTCHAR u30C4
ENCODING 12484
SWIDTH 1000 0
DWIDTH 10 0
BBX 9 8 0 -1
BITMAP
9080
4880
4880
0100
0100
0200
0C00
3000
ENDCHAR
STARTCHAR u30C5
ENCODING 12485
SWIDTH 1000 0
DWIDTH 10 0
BBX 9 9 0 -1
BITMAP
0280
9280
4800
4880
0080
0100
0200
0C00
3000
ENDCHAR
STARTCHAR u30C6
ENCODING 12486
SWIDTH 1000 0
DWIDTH 10 0
BBX 9 9 0 -1
BITMAP
7F00
0000
0000
FF80
0800
0800
0800
1000
6000
ENDCHAR
STARTCHAR u30C7
ENCODING 12487
SWIDTH 1000 0
DWIDTH 10 0
BBX 9 9 0 -1
BITMAP
7E80
0280
0000
FF80
0800
0800
0800
1000
6000
ENDCHAR
STARTCHAR u30C8
ENCODING 12488
SWIDTH 1000 0
DWIDTH 10 0
BBX 6 9 2 -1
BITMAP
80
80
80
E0
98
84
80
80
80
ENDCHAR
STARTCHAR u30C9
ENCODING 12489
SWIDTH 1000 0
DWIDTH 10 0
BBX 7 9 2 -1
BITMAP
8A
8A
80
E0
98
84
80
80
80
ENDCHAR
STARTCHAR u30CA
ENCODING 12490
SWIDTH 1000 0
DWIDTH 10 0
BBX 9 9 0 -1
BITMAP
0800
0800
FF80
0800
0800
0800
0800
1000
6000
ENDCHAR
STARTCHAR u30CB
ENCODING 12491
SWIDTH 1000 0
DWIDTH 10 0
BBX 8 7 0 0
BITMAP
7E
00
00
00
00
00
FF
ENDCHAR
STARTCHAR u30CC
ENCODING 12492
SWIDTH 1000 0
DWIDTH 10 0
BBX 8 9 0 -1
BITMAP
7F
01
01
32
0A
04
0A
31
C0
ENDCHAR
STARTCHAR u30CD
ENCODING 12493
SWIDTH 1000 0
DWIDTH 10 0
BBX 9 9 0 -1
BITMAP
0800
7F00
0100
0200
0C00
3A00
C980
0800
0800
ENDCHAR
STARTCHAR u30CE
ENCODING 12494
SWIDTH 1000 0
DWIDTH 10 0
BBX 7 9 0 -1
BITMAP
02
02
02
02
04
04
08
30
C0
ENDCHAR
STARTCHAR u30CF
ENCODING 12495
SWIDTH 1000 0
DWIDTH 10 0
BBX 9 9 0 -1
BITMAP
2200
2200
2200
2200
4100
4100
4100
8080
8080
ENDCHAR
STARTCHAR u30D0
ENCODING 12496
SWIDTH 1000 0
DWIDTH 10 0
BBX 9 9 0 -1
BITMAP
2280
2280
2200
2200
4100
4100
4100
8080
8080
ENDCHAR
STARTCHAR u30D1
ENCODING 12497
SWIDTH 1000 0
DWIDTH 10 0
BBX 9 9 0 -1
BITMAP
2100
2280
2300
2200
4100
4100
4100
8080
8080
ENDCHAR
STARTCHAR u30D2
ENCODING 12498
SWIDTH 1000 0
DWIDTH 10 0
BBX 8 9 1 -1
BITMAP
80
80
87
F8
80
80
80
80
7F
ENDCHAR
STARTCHAR u30D3
ENCODING 12499
SWIDTH 1000 0
DWIDTH 10 0
BBX 8 9 1 -1
BITMAP
85
85
8E
F0
80
80
80
80
7F
ENDCHAR
STARTCHAR u30D4
ENCODING 12500
SWIDTH 1000 0
DWIDTH 10 0
BBX 8 9 1 -1
BITMAP
82
85
8E
F0
80
80
80
80
7F
ENDCHAR
STARTCHAR u30D5
ENCODING 12501
SWIDTH 1000 0
DWIDTH 10 0
BBX 8 8 0 -1
BITMAP
FF
01
01
01
01
02
04
38
ENDCHAR
STARTCHAR u30D6
ENCODING 12502
SWIDTH 1000 0
DWIDTH 10 0
BBX 9 9 0 -1
BITMAP
0280
FE80
0100
0100
0100
0100
0200
0400
1800
ENDCHAR
STARTCHAR u30D7
ENCODING 12503
SWIDTH 1000 0
DWIDTH 10 0
BBX 9 9 0 -1
BITMAP
0100
FE80
0100
0100
0100
0100
0200
0400
3800
ENDCHAR
STARTCHAR u30D8
ENCODING 12504
SWIDTH 1000 0
DWIDTH 10 0
BBX 9 7 0 0
BITMAP
1000
2800
4400
4400
8200
8100
0080
ENDCHAR
STARTCHAR u30D9
ENCODING 12505
SWIDTH 1000 0
DWIDTH 10 0
BBX 9 8 0 0
BITMAP
0280
1280
2800
4400
4400
8200
8100
0080
ENDCHAR
STARTCHAR u30DA
ENCODING 12506
SWIDTH 1000 0
DWIDTH 10 0
BBX 9 8 0 0
BITMAP
0100
1280
2900
4400
4400
8200
8100
0080
ENDCHAR
STARTCHAR u30DB
ENCODING 12507
SWIDTH 1000 0
DWIDTH 10 0
BBX 9 9 0 -1
BITMAP
0800
0800
FF80
0800
4900
4900
8880
8880
1800
ENDCHAR
STARTCHAR u30DC
ENCODING 12508
SWIDTH 1000 0
DWIDTH 10 0
BBX 9 9 0 -1
BITMAP
0A80
0A80
FF80
0800
4900
4900
8880
8880
1800
ENDCHAR
STARTCHAR u30DD
ENCODING 12509
SWIDTH 1000 0
DWIDTH 10 0
BBX 9 9 0 -1
BITMAP
0900
0A80
FF80
0800
4900
4900
8880
8880
1800
ENDCHAR
STARTCHAR u30DE
ENCODING 12510
SWIDTH 1000 0
DWIDTH 10 0
BBX 9 8 0 -1
BITMAP
FF80
0080
0100
0200
6400
1800
0800
0400
ENDCHAR
STARTCHAR u30DF
ENCODING 12511
SWIDTH 1000 0
DWIDTH 10 0
BBX 8 9 0 -1
BITMAP
70
0C
03
70
0C
03
E0
1C
03
ENDCHAR
STARTCHAR u30E0
ENCODING 12512
SWIDTH 1000 0
DWIDTH 10 0
BBX 9 9 0 -1
BITMAP
1000
1000
1000
2000
2200
2100
4300
4C80
F080
ENDCHAR
STARTCHAR u30E1
ENCODING 12513
SWIDTH 1000 0
DWIDTH 10 0
BBX 8 9 0 -1
BITMAP
02
02
22
14
0C
0C
12
21
C0
ENDCHAR
STARTCHAR u30E2
ENCODING 12514
SWIDTH 1000 0
DWIDTH 10 0
BBX 9 9 0 -1
BITMAP
7F00
1000
1000
FF80
1000
1000
1000
1000
0F00
ENDCHAR
STARTCHAR u30E3
ENCODING 12515
SWIDTH 1000 0
DWIDTH 10 0
BBX 8 8 0 -1
BITMAP
40
2F
F1
21
12
10
08
08
ENDCHAR
STARTCHAR u30E4
ENCODING 12516
SWIDTH 1000 0
DWIDTH 10 0
BBX 9 9 0 -1
BITMAP
4000
2780
3880
E100
1100
1200
1000
0800
0800
ENDCHAR
STARTCHAR u30E5
ENCODING 12517
SWIDTH 1000 0
DWIDTH 10 0
BBX 8 7 0 -1
BITMAP
7E
02
02
02
04
04
FF
ENDCHAR
STARTCHAR u30E6
ENCODING 12518
SWIDTH 1000 0
DWIDTH 10 0
BBX 9 8 0 -1
BITMAP
7F00
0100
0100
0100
0200
0200
0200
FF80
ENDCHAR
STARTCHAR u30E7
ENCODING 12519
SWIDTH 1000 0
DWIDTH 10 0
BBX 6 7 1 -1
BITMAP
FC
04
04
FC
04
04
FC
ENDCHAR
STARTCHAR u30E8
ENCODING 12520
SWIDTH 1000 0
DWIDTH 10 0
BBX 7 9 1 -1
BITMAP
FE
02
02
02
FE
02
02
02
FE
ENDCHAR
STARTCHAR u30E9
ENCODING 12521
SWIDTH 1000 0
DWIDTH 10 0
BBX 8 9 0 -1
BITMAP
7E
00
00
FF
01
02
02
0C
30
ENDCHAR
STARTCHAR u30EA
ENCODING 12522
SWIDTH 1000 0
DWIDTH 10 0
BBX 7 9 1 -1
BITMAP
82
82
82
82
82
02
02
04
38
ENDCHAR
STARTCHAR u30EB
ENCODING 12523
SWIDTH 1000 0
DWIDTH 10 0
BBX 9 9 0 -1
BITMAP
2400
2400
2400
2400
2480
2480
4480
4500
8600
ENDCHAR
STARTCHAR u30EC
ENCODING 12524
SWIDTH 1000 0
DWIDTH 10 0
BBX 7 9 1 -1
BITMAP
80
80
80
80
82
82
84
98
E0
ENDCHAR
STARTCHAR u30ED
ENCODING 12525
SWIDTH 1000 0
DWIDTH 10 0
BBX 8 8 0 -1
BITMAP
FF
81
81
81
81
81
81
FF
ENDCHAR
STARTCHAR u30EE
ENCODING 12526
SWIDTH 1000 0
DWIDTH 10 0
BBX 7 7 1 -1
BITMAP
FE
82
82
02
04
08
30
ENDCHAR
STARTCHAR u30EF
ENCODING 12527
SWIDTH 1000 0
DWIDTH 10 0
BBX 8 9 0 -1
BITMAP
FF
81
81
81
01
01
02
04
38
ENDCHAR
STARTCHAR u30F0
ENCODING 12528
SWIDTH 1000 0
DWIDTH 10 0
BBX 9 9 0 -1
BITMAP
0200
0200
FF80
2200
2200
2200
FF80
0200
0200
ENDCHAR
STARTCHAR u30F1
ENCODING 12529
SWIDTH 1000 0
DWIDTH 10 0
BBX 9 8 0 -1
BITMAP
FF80
0080
0900
0A00
0800
0800
0800
FF80
ENDCHAR
STARTCHAR u30F2
ENCODING 12530
SWIDTH 1000 0
DWIDTH 10 0
BBX 8 9 0 -1
BITMAP
FF
01
01
FF
01
01
02
04
38
ENDCHAR
STARTCHAR u30F3
ENCODING 12531
SWIDTH 1000 0
DWIDTH 10 0
BBX 9 8 0 -1
BITMAP
C000
2080
0080
0100
0100
0200
0C00
7000
ENDCHAR
STARTCHAR u30F4
ENCODING 12532
SWIDTH 1000 0
DWIDTH 10 0
BBX 9 9 0 -1
BITMAP
1280
FE80
8100
8100
8100
0100
0200
0400
1800
ENDCHAR
STARTCHAR u30F5
ENCODING 12533
SWIDTH 1000 0
DWIDTH 10 0
BBX 7 8 1 -1
BITMAP
20
20
FE
22
22
22
42
8C
ENDCHAR
STARTCHAR u30F6
ENCODING 12534
SWIDTH 1000 0
DWIDTH 10 0
BBX 8 8 0 -1
BITMAP
20
20
3F
44
84
04
08
30
ENDCHAR
STARTCHAR u30FB
ENCODING 12539
SWIDTH 1000 0
DWIDTH 10 0
BBX 2 2 4 2
BITMAP
C0
C0
ENDCHAR
STARTCHAR u3105
ENCODING 12549
SWIDTH 1000 0
DWIDTH 10 0
BBX 7 9 1 -1
BITMAP
80
80
FE
02
02
02
02
02
1C
ENDCHAR
STARTCHAR u3106
ENCODING 12550
SWIDTH 1000 0
DWIDTH 10 0
BBX 9 9 0 -1
BITMAP
2000
2000
3F00
0100
2100
1200
0C00
3200
C180
ENDCHAR
STARTCHAR u3107
ENCODING 12551
SWIDTH 1000 0
DWIDTH 10 0
BBX 9 9 0 -1
BITMAP
FF80
8080
8080
8080
8080
8080
8080
8080
8080
ENDCHAR
STARTCHAR u3108
ENCODING 12552
SWIDTH 1000 0
DWIDTH 10 0
BBX 9 9 0 -1
BITMAP
FF80
8000
8000
8000
8000
8000
8000
8000
FF80
ENDCHAR
STARTCHAR u3109
ENCODING 12553
SWIDTH 1000 0
DWIDTH 10 0
BBX 8 9 0 -1
BITMAP
40
40
7F
11
11
21
21
41
86
ENDCHAR
STARTCHAR u310A
ENCODING 12554
SWIDTH 1000 0
DWIDTH 10 0
BBX 9 9 0 -1
BITMAP
0800
0800
FF80
1000
1000
2200
2100
4780
7880
ENDCHAR
STARTCHAR u310B
ENCODING 12555
SWIDTH 1000 0
DWIDTH 10 0
BBX 7 9 1 -1
BITMAP
FC
08
10
3E
02
02
02
02
0C
ENDCHAR
STARTCHAR u310C
ENCODING 12556
SWIDTH 1000 0
DWIDTH 10 0
BBX 8 9 0 -1
BITMAP
48
48
7F
11
11
21
21
41
86
ENDCHAR
STARTCHAR u310D
ENCODING 12557
SWIDTH 1000 0
DWIDTH 10 0
BBX 9 9 0 -1
BITMAP
1100
1100
2200
4400
8800
4400
2200
1100
0880
ENDCHAR
STARTCHAR u310E
ENCODING 12558
SWIDTH 1000 0
DWIDTH 10 0
BBX 9 9 0 -1
BITMAP
FF80
1000
1000
2000
3F00
0100
0100
0100
0E00
ENDCHAR
STARTCHAR u310F
ENCODING 12559
SWIDTH 1000 0
DWIDTH 10 0
BBX 9 9 0 -1
BITMAP
7F80
4000
4000
4000
4000
4000
4000
4000
8000
ENDCHAR
STARTCHAR u3110
ENCODING 12560
SWIDTH 1000 0
DWIDTH 10 0
BBX 6 9 2 -1
BITMAP
04
84
84
84
84
9C
E4
04
04
ENDCHAR
STARTCHAR u3111
ENCODING 12561
SWIDTH 1000 0
DWIDTH 10 0
BBX 5 9 2 -1
BITMAP
10
10
20
40
80
40
20
10
08
ENDCHAR
STARTCHAR u3112
ENCODING 12562
SWIDTH 1000 0
DWIDTH 10 0
BBX 9 9 0 -1
BITMAP
FF80
0800
0800
0800
0800
0800
0800
0800
0800
ENDCHAR
STARTCHAR u3113
ENCODING 12563
SWIDTH 1000 0
DWIDTH 10 0
BBX 9 9 0 -1
BITMAP
0800
4900
4900
4900
4900
7F00
0800
0800
FF80
ENDCHAR
STARTCHAR u3114
ENCODING 12564
SWIDTH 1000 0
DWIDTH 10 0
BBX 7 9 1 -1
BITMAP
04
08
32
C4
08
38
C8
08
08
ENDCHAR
STARTCHAR u3115
ENCODING 12565
SWIDTH 1000 0
DWIDTH 10 0
BBX 9 9 0 -1
BITMAP
3F80
0080
0080
3F80
2000
2000
4000
4000
8000
ENDCHAR
STARTCHAR u3116
ENCODING 12566
SWIDTH 1000 0
DWIDTH 10 0
BBX 7 9 1 -1
BITMAP
FE
82
82
A2
92
8A
82
82
FE
ENDCHAR
STARTCHAR u3117
ENCODING 12567
SWIDTH 1000 0
DWIDTH 10 0
BBX 9 9 0 -1
BITMAP
FF80
1080
1080
1080
1080
1300
1000
1000
1000
ENDCHAR
STARTCHAR u3118
ENCODING 12568
SWIDTH 1000 0
DWIDTH 10 0
BBX 9 9 0 -1
BITMAP
0800
0800
FF80
1000
2000
3F00
0100
0200
0400
ENDCHAR
STARTCHAR u3119
ENCODING 12569
SWIDTH 1000 0
DWIDTH 10 0
BBX 9 9 0 -1
BITMAP
0800
0800
0800
1000
1000
2200
2100
4780
F880
ENDCHAR
STARTCHAR u311A
ENCODING 12570
SWIDTH 1000 0
DWIDTH 10 0
BBX 9 9 0 -1
BITMAP
8080
4100
2200
1400
0800
0800
0800
0800
0800
ENDCHAR
STARTCHAR u311B
ENCODING 12571
SWIDTH 1000 0
DWIDTH 10 0
BBX 9 9 0 -1
BITMAP
FF80
0800
0800
3800
4000
8000
8080
4100
3E00
ENDCHAR
STARTCHAR u311C
ENCODING 12572
SWIDTH 1000 0
DWIDTH 10 0
BBX 9 9 0 -1
BITMAP
0800
FF80
0800
3800
4000
8000
8080
4100
3E00
ENDCHAR
STARTCHAR u311D
ENCODING 12573
SWIDTH 1000 0
DWIDTH 10 0
BBX 9 9 0 -1
BITMAP
2200
2200
2200
FF80
2200
2200
2000
2000
1F00
ENDCHAR
STARTCHAR u311E
ENCODING 12574
SWIDTH 1000 0
DWIDTH 10 0
BBX 9 9 0 -1
BITMAP
FF80
0800
4800
4800
7F80
1080
2080
4100
8200
ENDCHAR
STARTCHAR u311F
ENCODING 12575
SWIDTH 1000 0
DWIDTH 10 0
BBX 9 9 0 -1
BITMAP
1800
2800
C800
0800
0400
0400
0200
0100
0080
ENDCHAR
STARTCHAR u3120
ENCODING 12576
SWIDTH 1000 0
DWIDTH 10 0
BBX 9 9 0 -1
BITMAP
1000
1000
2200
4400
F800
1200
2100
4780
F880
ENDCHAR
STARTCHAR u3121
ENCODING 12577
SWIDTH 1000 0
DWIDTH 10 0
BBX 9 9 0 -1
BITMAP
7F80
0080
2100
1100
0A00
0400
0A00
3100
C080
ENDCHAR
STARTCHAR u3122
ENCODING 12578
SWIDTH 1000 0
DWIDTH 10 0
BBX 8 9 0 -1
BITMAP
FE
22
22
44
7F
01
02
02
04
ENDCHAR
STARTCHAR u3123
ENCODING 12579
SWIDTH 1000 0
DWIDTH 10 0
BBX 7 9 1 -1
BITMAP
40
40
80
80
FE
02
04
04
08
ENDCHAR
STARTCHAR u3124
ENCODING 12580
SWIDTH 1000 0
DWIDTH 10 0
BBX 9 9 0 -1
BITMAP
0800
0800
FF80
0800
0C00
1400
1400
2400
C380
ENDCHAR
STARTCHAR u3125
ENCODING 12581
SWIDTH 1000 0
DWIDTH 10 0
BBX 9 9 0 -1
BITMAP
0400
0400
0800
0800
1000
1000
2000
4000
FF80
ENDCHAR
STARTCHAR u3126
ENCODING 12582
SWIDTH 1000 0
DWIDTH 10 0
BBX 9 9 0 -1
BITMAP
2400
2400
2400
2400
2400
2400
4400
4400
8380
ENDCHAR
STARTCHAR u3127
ENCODING 12583
SWIDTH 1000 0
DWIDTH 10 0
BBX 9 1 0 3
BITMAP
FF80
ENDCHAR
STARTCHAR u3128
ENCODING 12584
SWIDTH 1000 0
DWIDTH 10 0
BBX 9 9 0 -1
BITMAP
0080
4080
2100
1100
0A00
0400
0A00
3100
C080
ENDCHAR
STARTCHAR u3129
ENCODING 12585
SWIDTH 1000 0
DWIDTH 10 0
BBX 9 9 0 -1
BITMAP
8080
8080
8080
8080
8080
8080
8080
8080
FF80
ENDCHAR
STARTCHAR u3220
ENCODING 12832
SWIDTH 1000 0
DWIDTH 10 0
BBX 9 9 0 -1
BITMAP
4100
8080
8080
8080
BE80
8080
8080
8080
4100
ENDCHAR
STARTCHAR u3221
ENCODING 12833
SWIDTH 1000 0
DWIDTH 10 0
BBX 9 9 0 -1
BITMAP
4100
8080
9C80
8080
8080
8080
BE80
8080
4100
ENDCHAR
STARTCHAR u3222
ENCODING 12834
SWIDTH 1000 0
DWIDTH 10 0
BBX 9 9 0 -1
BITMAP
4100
8080
BE80
8080
9C80
8080
BE80
8080
4100
ENDCHAR
STARTCHAR u3223
ENCODING 12835
SWIDTH 1000 0
DWIDTH 10 0
BBX 9 9 0 -1
BITMAP
4100
8080
BE80
AA80
B680
A280
BE80
8080
4100
ENDCHAR
STARTCHAR u3224
ENCODING 12836
SWIDTH 1000 0
DWIDTH 10 0
BBX 9 9 0 -1
BITMAP
4100
8080
BE80
8880
BC80
9480
BE80
8080
4100
ENDCHAR
STARTCHAR u3225
ENCODING 12837
SWIDTH 1000 0
DWIDTH 10 0
BBX 9 9 0 -1
BITMAP
4100
9080
8880
BE80
8080
9480
A280
8080
4100
ENDCHAR
STARTCHAR u3226
ENCODING 12838
SWIDTH 1000 0
DWIDTH 10 0
BBX 9 9 0 -1
BITMAP
4100
9080
9080
9E80
F080
9280
8E80
8080
4100
ENDCHAR
STARTCHAR u3227
ENCODING 12839
SWIDTH 1000 0
DWIDTH 10 0
BBX 9 9 0 -1
BITMAP
4100
8080
9480
9480
9480
A280
A280
8080
4100
ENDCHAR
STARTCHAR u3228
ENCODING 12840
SWIDTH 1000 0
DWIDTH 10 0
BBX 9 9 0 -1
BITMAP
4100
9080
9080
FC80
9480
9480
A680
8080
4100
ENDCHAR
STARTCHAR u3229
ENCODING 12841
SWIDTH 1000 0
DWIDTH 10 0
BBX 9 9 0 -1
BITMAP
4100
8080
8880
8880
BE80
8880
8880
8080
4100
ENDCHAR
STARTCHAR u4E00
ENCODING 19968
SWIDTH 1000 0
DWIDTH 10 0
BBX 9 1 0 3
BITMAP
FF80
ENDCHAR
STARTCHAR u4E01
ENCODING 19969
SWIDTH 1000 0
DWIDTH 10 0
BBX 9 9 0 -1
BITMAP
FF80
0800
0800
0800
0800
0800
0800
0800
3800
ENDCHAR
STARTCHAR u4E03
ENCODING 19971
SWIDTH 1000 0
DWIDTH 10 0
BBX 9 9 0 -1
BITMAP
1000
1000
1180
1E00
F000
1000
1080
1080
0F80
ENDCHAR
STARTCHAR u4E07
ENCODING 19975
SWIDTH 1000 0
DWIDTH 10 0
BBX 9 9 0 -1
BITMAP
FF80
1000
1000
1F00
1100
2100
2100
4100
8600
ENDCHAR
STARTCHAR u4E08
ENCODING 19976
SWIDTH 1000 0
DWIDTH 10 0
BBX 9 9 0 -1
BITMAP
0400
0400
FF80
0400
2400
1400
0800
3600
C180
ENDCHAR
STARTCHAR u4E09
ENCODING 19977
SWIDTH 1000 0
DWIDTH 10 0
BBX 9 9 0 -1
BITMAP
7F00
0000
0000
0000
3E00
0000
0000
0000
FF80
ENDCHAR
STARTCHAR u4E0A
ENCODING 19978
SWIDTH 1000 0
DWIDTH 10 0
BBX 9 9 0 -1
BITMAP
0800
0800
0800
0F00
0800
0800
0800
0800
FF80
ENDCHAR
STARTCHAR u4E0B
ENCODING 19979
SWIDTH 1000 0
DWIDTH 10 0
BBX 9 9 0 -1
BITMAP
FF80
0800
0800
0C00
0A00
0900
0800
0800
0800
ENDCHAR
STARTCHAR u4E0C
ENCODING 19980
SWIDTH 1000 0
DWIDTH 10 0
BBX 9 9 0 -1
BITMAP
FF80
2200
2200
2200
2200
2200
4200
4200
8200
ENDCHAR
STARTCHAR u4E0D
ENCODING 19981
SWIDTH 1000 0
DWIDTH 10 0
BBX 9 9 0 -1
BITMAP
FF80
0400
0800
1A00
2900
C880
0800
0800
0800
ENDCHAR
STARTCHAR u4E0E
ENCODING 19982
SWIDTH 1000 0
DWIDTH 10 0
BBX 9 9 0 -1
BITMAP
2000
3F80
2000
4000
7F80
0080
FE80
0080
0700
ENDCHAR
STARTCHAR u4E10
ENCODING 19984
SWIDTH 1000 0
DWIDTH 10 0
BBX 9 9 0 -1
BITMAP
FF80
0800
4F00
4800
4800
7F80
0080
0080
0300
ENDCHAR
STARTCHAR u4E11.zh_hans
ENCODING 19985
SWIDTH 1000 0
DWIDTH 10 0
BBX 9 9 0 -1
BITMAP
7E00
1200
1200
1200
7E00
2200
2200
2200
FF80
ENDCHAR
STARTCHAR u4E13
ENCODING 19987
SWIDTH 1000 0
DWIDTH 10 0
BBX 9 9 0 -1
BITMAP
0800
7F00
1000
FF80
2000
7F00
0200
1400
0E00
ENDCHAR
STARTCHAR u4E14
ENCODING 19988
SWIDTH 1000 0
DWIDTH 10 0
BBX 9 9 0 -1
BITMAP
7F00
4100
7F00
4100
4100
7F00
4100
4100
FF80
ENDCHAR
STARTCHAR u4E15
ENCODING 19989
SWIDTH 1000 0
DWIDTH 10 0
BBX 9 9 0 -1
BITMAP
FF80
0400
0800
1A00
2900
C880
0800
0000
FF80
ENDCHAR
STARTCHAR u4E16
ENCODING 19990
SWIDTH 1000 0
DWIDTH 10 0
BBX 9 9 0 -1
BITMAP
4900
4900
FF80
4900
4900
4F00
4000
4000
7F80
ENDCHAR
STARTCHAR u4E18
ENCODING 19992
SWIDTH 1000 0
DWIDTH 10 0
BBX 9 9 0 -1
BITMAP
0300
7C00
4000
4000
7F00
4200
4200
4200
FF80
ENDCHAR
STARTCHAR u4E19
ENCODING 19993
SWIDTH 1000 0
DWIDTH 10 0
BBX 9 9 0 -1
BITMAP
FF80
0800
0800
FF80
8880
9480
A280
8080
8180
ENDCHAR
STARTCHAR u4E1A
ENCODING 19994
SWIDTH 1000 0
DWIDTH 10 0
BBX 9 9 0 -1
BITMAP
1400
1400
1400
9480
5480
5500
1400
1400
FF80
ENDCHAR
STARTCHAR u4E1B
ENCODING 19995
SWIDTH 1000 0
DWIDTH 10 0
BBX 9 9 0 -1
BITMAP
2200
2200
2200
2200
5500
5500
8880
0000
FF80
ENDCHAR
STARTCHAR u4E1C
ENCODING 19996
SWIDTH 1000 0
DWIDTH 10 0
BBX 9 9 0 -1
BITMAP
1000
FF80
2000
4800
7F00
0800
4900
8880
1800
ENDCHAR
STARTCHAR u4E1D
ENCODING 19997
SWIDTH 1000 0
DWIDTH 10 0
BBX 9 9 0 -1
BITMAP
2100
2100
4200
F780
2100
4200
F780
0000
FF80
ENDCHAR
STARTCHAR u4E1E.zh_hant
ENCODING 19998
SWIDTH 1000 0
DWIDTH 10 0
BBX 9 9 0 -1
BITMAP
7F00
0400
0880
ED00
2A00
4900
9880
0000
FF80
ENDCHAR
STARTCHAR u4E22
ENCODING 20002
SWIDTH 1000 0
DWIDTH 10 0
BBX 9 9 0 -1
BITMAP
0300
7C00
0800
7F00
0800
FF80
1000
2100
7E80
ENDCHAR
STARTCHAR u4E24.zh_hant
ENCODING 20004
SWIDTH 1000 0
DWIDTH 10 0
BBX 9 9 0 -1
BITMAP
FF80
2400
FF80
A480
A480
AA80
D180
8080
8180
ENDCHAR
STARTCHAR u4E25
ENCODING 20005
SWIDTH 1000 0
DWIDTH 10 0
BBX 9 9 0 -1
BITMAP
7F80
1200
5280
3300
7F80
4000
4000
4000
8000
ENDCHAR
STARTCHAR u4E27
ENCODING 20007
SWIDTH 1000 0
DWIDTH 10 0
BBX 9 9 0 -1
BITMAP
0800
FF80
4900
2A00
FF80
4800
4500
5200
6180
ENDCHAR
STARTCHAR u4E28
ENCODING 20008
SWIDTH 1000 0
DWIDTH 10 0
BBX 1 9 4 -1
BITMAP
80
80
80
80
80
80
80
80
80
ENDCHAR
STARTCHAR u4E2A
ENCODING 20010
SWIDTH 1000 0
DWIDTH 10 0
BBX 9 9 0 -1
BITMAP
0800
1400
2200
C980
0800
0800
0800
0800
0800
ENDCHAR
STARTCHAR u4E2B
ENCODING 20011
SWIDTH 1000 0
DWIDTH 10 0
BBX 7 9 1 -1
BITMAP
82
44
28
10
10
10
10
10
10
ENDCHAR
STARTCHAR u4E2D
ENCODING 20013
SWIDTH 1000 0
DWIDTH 10 0
BBX 9 9 0 -1
BITMAP
0800
0800
FF80
8880
8880
FF80
0800
0800
0800
ENDCHAR
STARTCHAR u4E30
ENCODING 20016
SWIDTH 1000 0
DWIDTH 10 0
BBX 9 9 0 -1
BITMAP
0800
0800
FF80
0800
7F00
0800
FF80
0800
0800
ENDCHAR
STARTCHAR u4E32
ENCODING 20018
SWIDTH 1000 0
DWIDTH 10 0
BBX 9 9 0 -1
BITMAP
0800
7F00
4900
7F00
0800
FF80
8880
FF80
0800
ENDCHAR
STARTCHAR u4E34
ENCODING 20020
SWIDTH 1000 0
DWIDTH 10 0
BBX 9 9 0 -1
BITMAP
2400
A780
AA00
A100
A000
AF80
AA80
AA80
2F80
ENDCHAR
STARTCHAR u4E36.zh_hant
ENCODING 20022
SWIDTH 1000 0
DWIDTH 10 0
BBX 5 3 2 2
BITMAP
C0
30
08
ENDCHAR
STARTCHAR u4E38.zh_hant
ENCODING 20024
SWIDTH 1000 0
DWIDTH 10 0
BBX 9 9 0 -1
BITMAP
1000
1000
FE00
1200
5200
3200
1280
2A80
C380
ENDCHAR
STARTCHAR u4E39.zh_hant
ENCODING 20025
SWIDTH 1000 0
DWIDTH 10 0
BBX 9 9 0 -1
BITMAP
7F00
4100
5100
4900
FF80
4100
4100
8100
8700
ENDCHAR
STARTCHAR u4E3A
ENCODING 20026
SWIDTH 1000 0
DWIDTH 10 0
BBX 9 9 0 -1
BITMAP
9000
5000
FF80
1080
1480
2280
2280
4080
8300
ENDCHAR
STARTCHAR u4E3B
ENCODING 20027
SWIDTH 1000 0
DWIDTH 10 0
BBX 9 9 0 -1
BITMAP
1000
0800
FF80
0800
0800
7F00
0800
0800
FF80
ENDCHAR
STARTCHAR u4E3D
ENCODING 20029
SWIDTH 1000 0
DWIDTH 10 0
BBX 9 9 0 -1
BITMAP
FF80
0000
F780
9480
D680
B580
9480
9480
B580
ENDCHAR
STARTCHAR u4E3E
ENCODING 20030
SWIDTH 1000 0
DWIDTH 10 0
BBX 9 9 0 -1
BITMAP
5100
2A00
FF80
2200
C980
3E00
0800
7F00
0800
ENDCHAR
STARTCHAR u4E3F
ENCODING 20031
SWIDTH 1000 0
DWIDTH 10 0
BBX 4 9 1 -1
BITMAP
10
10
10
10
10
10
10
20
C0
ENDCHAR
STARTCHAR u4E43.zh_hant
ENCODING 20035
SWIDTH 1000 0
DWIDTH 10 0
BBX 9 9 0 -1
BITMAP
FE00
1200
1200
1380
1080
2080
2080
4100
8600
ENDCHAR
STARTCHAR u4E45.zh_hant
ENCODING 20037
SWIDTH 1000 0
DWIDTH 10 0
BBX 9 9 0 -1
BITMAP
1000
1F00
1100
2100
4200
0400
0A00
3100
C080
ENDCHAR
STARTCHAR u4E48
ENCODING 20040
SWIDTH 1000 0
DWIDTH 10 0
BBX 9 9 0 -1
BITMAP
1000
1000
2400
2400
4800
8800
1100
2100
7E80
ENDCHAR
STARTCHAR u4E49
ENCODING 20041
SWIDTH 1000 0
DWIDTH 10 0
BBX 9 9 0 -1
BITMAP
1000
4900
4900
2200
2200
1400
0800
3600
C180
ENDCHAR
STARTCHAR u4E4B
ENCODING 20043
SWIDTH 1000 0
DWIDTH 10 0
BBX 9 9 0 -1
BITMAP
1000
0800
FF00
0200
0400
0800
1000
6000
9F80
ENDCHAR
STARTCHAR u4E4C
ENCODING 20044
SWIDTH 1000 0
DWIDTH 10 0
BBX 9 9 0 -1
BITMAP
1000
7E00
4200
4600
4000
7F80
0080
FC80
0300
ENDCHAR
STARTCHAR u4E4D
ENCODING 20045
SWIDTH 1000 0
DWIDTH 10 0
BBX 9 9 0 -1
BITMAP
2000
3F80
5000
9F00
1000
1000
1F00
1000
1000
ENDCHAR
STARTCHAR u4E4E
ENCODING 20046
SWIDTH 1000 0
DWIDTH 10 0
BBX 9 9 0 -1
BITMAP
0700
7800
0800
4900
2A00
FF80
0800
0800
3800
ENDCHAR
STARTCHAR u4E4F
ENCODING 20047
SWIDTH 1000 0
DWIDTH 10 0
BBX 9 9 0 -1
BITMAP
0700
F800
1000
FF00
0200
0400
1800
6000
9F80
ENDCHAR
STARTCHAR u4E50
ENCODING 20048
SWIDTH 1000 0
DWIDTH 10 0
BBX 9 9 0 -1
BITMAP
0700
7800
4000
8800
FF80
0800
4900
8880
1800
ENDCHAR
STARTCHAR u4E52
ENCODING 20050
SWIDTH 1000 0
DWIDTH 10 0
BBX 9 9 0 -1
BITMAP
0300
7C00
4000
7F00
4200
4200
FF80
2000
C000
ENDCHAR
STARTCHAR u4E53
ENCODING 20051
SWIDTH 1000 0
DWIDTH 10 0
BBX 9 9 0 -1
BITMAP
0300
7C00
4000
7F00
4200
4200
FF80
0200
0180
ENDCHAR
STARTCHAR u4E54
ENCODING 20052
SWIDTH 1000 0
DWIDTH 10 0
BBX 9 9 0 -1
BITMAP
0300
7C00
0800
FF80
1400
2200
E380
2200
4200
ENDCHAR
STARTCHAR u4E56
ENCODING 20054
SWIDTH 1000 0
DWIDTH 10 0
BBX 9 9 0 -1
BITMAP
7F00
0800
FF80
0800
2A80
EB00
2A00
C980
0800
ENDCHAR
STARTCHAR u4E58
ENCODING 20056
SWIDTH 1000 0
DWIDTH 10 0
BBX 9 9 0 -1
BITMAP
7F00
0800
FF80
2A00
EB80
2A00
DD80
2A00
C980
ENDCHAR
STARTCHAR u4E59
ENCODING 20057
SWIDTH 1000 0
DWIDTH 10 0
BBX 9 9 0 -1
BITMAP
FE00
0400
0800
1000
2000
4000
8080
8080
7F80
ENDCHAR
STARTCHAR u4E5C.zh_hant
ENCODING 20060
SWIDTH 1000 0
DWIDTH 10 0
BBX 9 9 0 -1
BITMAP
2000
2380
3C80
E080
2100
2000
2000
2080
1F80
ENDCHAR
STARTCHAR u4E5D
ENCODING 20061
SWIDTH 1000 0
DWIDTH 10 0
BBX 9 9 0 -1
BITMAP
1000
1000
FE00
1200
1200
1200
1200
2280
C380
ENDCHAR
STARTCHAR u4E5E
ENCODING 20062
SWIDTH 1000 0
DWIDTH 10 0
BBX 9 9 0 -1
BITMAP
2000
3F00
4000
BF00
0200
0C00
3000
4080
3F80
ENDCHAR
STARTCHAR u4E5F
ENCODING 20063
SWIDTH 1000 0
DWIDTH 10 0
BBX 9 9 0 -1
BITMAP
0800
4800
4F00
7900
C900
4B00
4800
4080
3F80
ENDCHAR
STARTCHAR u4E60
ENCODING 20064
SWIDTH 1000 0
DWIDTH 10 0
BBX 8 9 1 -1
BITMAP
FF
01
61
11
01
0D
31
C1
06
ENDCHAR
STARTCHAR u4E61.zh_hant
ENCODING 20065
SWIDTH 1000 0
DWIDTH 10 0
BBX 8 9 1 -1
BITMAP
10
22
44
F9
11
FE
02
04
38
ENDCHAR
STARTCHAR u4E66
ENCODING 20070
SWIDTH 1000 0
DWIDTH 10 0
BBX 9 9 0 -1
BITMAP
1100
1080
7E00
1200
1200
FF80
1080
1080
1300
ENDCHAR
STARTCHAR u4E69.zh_hant
ENCODING 20073
SWIDTH 1000 0
DWIDTH 10 0
BBX 9 9 0 -1
BITMAP
2200
2200
3A00
2200
2200
FA00
8A00
8A80
FB80
ENDCHAR
STARTCHAR u4E70
ENCODING 20080
SWIDTH 1000 0
DWIDTH 10 0
BBX 9 9 0 -1
BITMAP
FF80
2080
1500
4400
2400
FF80
0400
1A00
E180
ENDCHAR
STARTCHAR u4E71.zh_hant
ENCODING 20081
SWIDTH 1000 0
DWIDTH 10 0
BBX 9 9 0 -1
BITMAP
1A00
E200
2200
FA00
2200
FA00
8A80
8A80
FB80
ENDCHAR
STARTCHAR u4E73.zh_hant
ENCODING 20083
SWIDTH 1000 0
DWIDTH 10 0
BBX 9 9 0 -1
BITMAP
FA00
2A00
9200
4200
7A00
0A00
FE80
1280
7380
ENDCHAR
STARTCHAR u4E7E
ENCODING 20094
SWIDTH 1000 0
DWIDTH 10 0
BBX 9 9 0 -1
BITMAP
2400
F780
2800
F700
9100
F200
2400
F480
2380
ENDCHAR
STARTCHAR u4E86
ENCODING 20102
SWIDTH 1000 0
DWIDTH 10 0
BBX 8 9 1 -1
BITMAP
FF
01
02
0C
08
08
08
08
38
ENDCHAR
STARTCHAR u4E88
ENCODING 20104
SWIDTH 1000 0
DWIDTH 10 0
BBX 9 9 0 -1
BITMAP
7F00
0200
1400
FF80
0880
0900
0800
0800
3800
ENDCHAR
STARTCHAR u4E89
ENCODING 20105
SWIDTH 1000 0
DWIDTH 10 0
BBX 9 9 0 -1
BITMAP
3E00
4200
7F00
0900
FF80
0900
7F00
0800
1800
ENDCHAR
STARTCHAR u4E8B
ENCODING 20107
SWIDTH 1000 0
DWIDTH 10 0
BBX 9 9 0 -1
BITMAP
0800
FF80
4900
7F00
0900
FF80
0900
7F00
0800
ENDCHAR
STARTCHAR u4E8C
ENCODING 20108
SWIDTH 1000 0
DWIDTH 10 0
BBX 9 7 0 0
BITMAP
7F00
0000
0000
0000
0000
0000
FF80
ENDCHAR
STARTCHAR u4E8D
ENCODING 20109
SWIDTH 1000 0
DWIDTH 10 0
BBX 9 9 0 -1
BITMAP
7F00
0000
0000
FF80
0800
0800
0800
0800
3800
ENDCHAR
STARTCHAR u4E8E
ENCODING 20110
SWIDTH 1000 0
DWIDTH 10 0
BBX 9 9 0 -1
BITMAP
7F00
0800
0800
0800
FF80
0800
0800
0800
3800
ENDCHAR
STARTCHAR u4E8F.zh_hant
ENCODING 20111
SWIDTH 1000 0
DWIDTH 10 0
BBX 9 9 0 -1
BITMAP
7F00
0000
FF80
2000
2000
7F00
4100
0100
0E00
ENDCHAR
STARTCHAR u4E91.zh_hant
ENCODING 20113
SWIDTH 1000 0
DWIDTH 10 0
BBX 9 9 0 -1
BITMAP
7F00
0000
0000
FF80
1000
1200
2200
4500
7900
ENDCHAR
STARTCHAR u4E92.zh_hant
ENCODING 20114
SWIDTH 1000 0
DWIDTH 10 0
BBX 9 9 0 -1
BITMAP
FF80
1000
1E00
2200
2200
7E00
4400
0400
FF80
ENDCHAR
STARTCHAR u4E93.zh_hant
ENCODING 20115
SWIDTH 1000 0
DWIDTH 10 0
BBX 9 9 0 -1
BITMAP
7F00
0000
0000
FF80
2200
2200
2200
4200
8200
ENDCHAR
STARTCHAR u4E94.zh_hant
ENCODING 20116
SWIDTH 1000 0
DWIDTH 10 0
BBX 9 9 0 -1
BITMAP
7F00
0800
0800
0800
7F00
1100
1100
1100
FF80
ENDCHAR
STARTCHAR u4E95.zh_hant
ENCODING 20117
SWIDTH 1000 0
DWIDTH 10 0
BBX 9 9 0 -1
BITMAP
2200
2200
FF80
2200
2200
FF80
2200
4200
4200
ENDCHAR
STARTCHAR u4E98
ENCODING 20120
SWIDTH 1000 0
DWIDTH 10 0
BBX 9 9 0 -1
BITMAP
FF80
0000
7F00
4100
7F00
4100
7F00
0000
FF80
ENDCHAR
STARTCHAR u4E9A
ENCODING 20122
SWIDTH 1000 0
DWIDTH 10 0
BBX 9 9 0 -1
BITMAP
FF80
1400
1400
9480
5480
5500
1400
1400
FF80
ENDCHAR
STARTCHAR u4E9B.zh_hant
ENCODING 20123
SWIDTH 1000 0
DWIDTH 10 0
BBX 9 9 0 -1
BITMAP
2400
BF80
A400
BC80
E380
0000
7F00
0000
FF80
ENDCHAR
STARTCHAR u4E9F.zh_hant
ENCODING 20127
SWIDTH 1000 0
DWIDTH 10 0
BBX 9 9 0 -1
BITMAP
FF80
1000
1F80
E880
AA80
AB00
EC80
1000
FF80
ENDCHAR
STARTCHAR u4EA0.zh_hant
ENCODING 20128
SWIDTH 1000 0
DWIDTH 10 0
BBX 9 4 0 3
BITMAP
0800
0800
0800
FF80
ENDCHAR
STARTCHAR u4EA1
ENCODING 20129
SWIDTH 1000 0
DWIDTH 10 0
BBX 9 9 0 -1
BITMAP
1000
0800
FF80
4000
4000
4000
4000
4000
7F00
ENDCHAR
STARTCHAR u4EA2
ENCODING 20130
SWIDTH 1000 0
DWIDTH 10 0
BBX 9 9 0 -1
BITMAP
0800
FF80
0000
3E00
2200
2200
2280
2280
C380
ENDCHAR
STARTCHAR u4EA4
ENCODING 20132
SWIDTH 1000 0
DWIDTH 10 0
BBX 9 9 0 -1
BITMAP
0800
FF80
2200
4100
A280
1400
0800
3600
C180
ENDCHAR
STARTCHAR u4EA5.zh_hant
ENCODING 20133
SWIDTH 1000 0
DWIDTH 10 0
BBX 9 9 0 -1
BITMAP
0800
FF80
1200
2400
1900
6200
0400
1A00
E100
ENDCHAR
STARTCHAR u4EA6.zh_hant
ENCODING 20134
SWIDTH 1000 0
DWIDTH 10 0
BBX 9 9 0 -1
BITMAP
0800
0800
FF80
1200
1200
5300
9280
2200
2600
ENDCHAR
STARTCHAR u4EA7
ENCODING 20135
SWIDTH 1000 0
DWIDTH 10 0
BBX 9 9 0 -1
BITMAP
0800
7F80
2100
1200
7F80
4000
4000
4000
8000
ENDCHAR
STARTCHAR u4EA8
ENCODING 20136
SWIDTH 1000 0
DWIDTH 10 0
BBX 9 9 0 -1
BITMAP
0800
FF80
2200
3E00
0000
7F00
0400
0800
3800
ENDCHAR
STARTCHAR u4EA9
ENCODING 20137
SWIDTH 1000 0
DWIDTH 10 0
BBX 9 9 0 -1
BITMAP
0800
FF80
0000
7F00
4900
7F00
4900
4900
7F00
ENDCHAR
STARTCHAR u4EAB
ENCODING 20139
SWIDTH 1000 0
DWIDTH 10 0
BBX 9 9 0 -1
BITMAP
0800
FF80
2200
2200
7F00
0400
FF80
0800
3800
ENDCHAR
STARTCHAR u4EAC
ENCODING 20140
SWIDTH 1000 0
DWIDTH 10 0
BBX 9 9 0 -1
BITMAP
0800
FF80
0000
7F00
4100
7F00
0800
4900
9880
ENDCHAR
STARTCHAR u4EAD
ENCODING 20141
SWIDTH 1000 0
DWIDTH 10 0
BBX 9 9 0 -1
BITMAP
0800
FF80
2200
2200
FF80
8080
7F00
0800
1800
ENDCHAR
STARTCHAR u4EAE
ENCODING 20142
SWIDTH 1000 0
DWIDTH 10 0
BBX 9 9 0 -1
BITMAP
0800
FF80
2200
3E00
0000
FF80
A280
2200
C380
ENDCHAR
STARTCHAR u4EB2.zh_hans
ENCODING 20146
SWIDTH 1000 0
DWIDTH 10 0
BBX 9 9 0 -1
BITMAP
0800
7F00
2200
FF80
0800
FF80
0800
4900
9880
ENDCHAR
STARTCHAR u4EB3.zh_hant
ENCODING 20147
SWIDTH 1000 0
DWIDTH 10 0
BBX 9 9 0 -1
BITMAP
0800
FF80
2200
FF80
8480
7800
0F00
F880
0F80
ENDCHAR
STARTCHAR u4EB5.zh_hant
ENCODING 20149
SWIDTH 1000 0
DWIDTH 10 0
BBX 9 9 0 -1
BITMAP
0800
FF80
2500
F500
2680
6880
3500
C200
7980
ENDCHAR
STARTCHAR u4EBA
ENCODING 20154
SWIDTH 1000 0
DWIDTH 10 0
BBX 9 9 0 -1
BITMAP
0800
0800
0800
0800
1400
1400
2200
4100
8080
ENDCHAR
STARTCHAR u4EBB
ENCODING 20155
SWIDTH 1000 0
DWIDTH 10 0
BBX 4 9 0 -1
BITMAP
10
10
20
60
A0
20
20
20
20
ENDCHAR
STARTCHAR u4EBF.zh_hant
ENCODING 20159
SWIDTH 1000 0
DWIDTH 10 0
BBX 9 9 0 -1
BITMAP
2F80
2080
4100
C200
4400
4400
4880
4880
4780
ENDCHAR
STARTCHAR u4EC0
ENCODING 20160
SWIDTH 1000 0
DWIDTH 10 0
BBX 9 9 0 -1
BITMAP
2200
2200
4200
DF80
4200
4200
4200
4200
4200
ENDCHAR
STARTCHAR u4EC1
ENCODING 20161
SWIDTH 1000 0
DWIDTH 10 0
BBX 9 9 0 -1
BITMAP
2000
2F00
4000
C000
4000
4000
4000
5F80
4000
ENDCHAR
STARTCHAR u4EC2.zh_hant
ENCODING 20162
SWIDTH 1000 0
DWIDTH 10 0
BBX 9 9 0 -1
BITMAP
2400
2400
5F80
C480
4480
4880
4880
5080
5300
ENDCHAR
STARTCHAR u4EC3
ENCODING 20163
SWIDTH 1000 0
DWIDTH 10 0
BBX 9 9 0 -1
BITMAP
2F80
2100
4100
C100
4100
4100
4100
4100
4700
ENDCHAR
STARTCHAR u4EC4.zh_hant
ENCODING 20164
SWIDTH 1000 0
DWIDTH 10 0
BBX 9 9 0 -1
BITMAP
7F80
4000
4200
4200
4200
4200
8500
8880
3080
ENDCHAR
STARTCHAR u4EC5.zh_hant
ENCODING 20165
SWIDTH 1000 0
DWIDTH 10 0
BBX 9 9 0 -1
BITMAP
2F80
2080
4880
C880
4500
4500
4200
4500
5880
ENDCHAR
STARTCHAR u4EC6.zh_hant
ENCODING 20166
SWIDTH 1000 0
DWIDTH 10 0
BBX 9 9 0 -1
BITMAP
1400
1400
2400
6600
A500
2480
2400
2400
2400
ENDCHAR
STARTCHAR u4EC7.zh_hant
ENCODING 20167
SWIDTH 1000 0
DWIDTH 10 0
BBX 9 9 0 -1
BITMAP
2400
2400
3F00
4500
C500
4900
4900
5100
5180
ENDCHAR
STARTCHAR u4EC9.zh_hant
ENCODING 20169
SWIDTH 1000 0
DWIDTH 10 0
BBX 9 9 0 -1
BITMAP
2F00
2900
4900
C900
4900
4900
4900
5100
5180
ENDCHAR
STARTCHAR u4ECA.zh_hant
ENCODING 20170
SWIDTH 1000 0
DWIDTH 10 0
BBX 9 9 0 -1
BITMAP
1C00
2200
4100
BE80
0000
7F00
0100
0200
1C00
ENDCHAR
STARTCHAR u4ECB
ENCODING 20171
SWIDTH 1000 0
DWIDTH 10 0
BBX 9 9 0 -1
BITMAP
0800
1400
2200
C180
2200
2200
2200
2200
4200
ENDCHAR
STARTCHAR u4ECD.zh_hant
ENCODING 20173
SWIDTH 1000 0
DWIDTH 10 0
BBX 9 9 0 -1
BITMAP
3F00
2500
4500
C580
4480
4880
4880
5080
5300
ENDCHAR
STARTCHAR u4ECE
ENCODING 20174
SWIDTH 1000 0
DWIDTH 10 0
BBX 9 9 0 -1
BITMAP
2200
2200
2200
2200
2200
5500
5500
5500
8880
ENDCHAR
STARTCHAR u4ED1.zh_hant
ENCODING 20177
SWIDTH 1000 0
DWIDTH 10 0
BBX 9 9 0 -1
BITMAP
1C00
2200
C180
2000
2300
3C00
2000
2080
1F80
ENDCHAR
STARTCHAR u4ED3
ENCODING 20179
SWIDTH 1000 0
DWIDTH 10 0
BBX 9 9 0 -1
BITMAP
0800
1400
2200
C180
3E00
2200
2600
2080
3F80
ENDCHAR
STARTCHAR u4ED4.zh_hant
ENCODING 20180
SWIDTH 1000 0
DWIDTH 10 0
BBX 9 9 0 -1
BITMAP
2F80
2080
4100
C200
4200
5F80
4200
4200
4600
ENDCHAR
STARTCHAR u4ED5.zh_hant
ENCODING 20181
SWIDTH 1000 0
DWIDTH 10 0
BBX 9 9 0 -1
BITMAP
2200
2200
5F80
C200
4200
4200
4200
4200
5F80
ENDCHAR
STARTCHAR u4ED6.zh_hant
ENCODING 20182
SWIDTH 1000 0
DWIDTH 10 0
BBX 9 9 0 -1
BITMAP
2200
2A00
4B80
CE80
5A80
4A00
4800
4880
4F80
ENDCHAR
STARTCHAR u4ED7.zh_hant
ENCODING 20183
SWIDTH 1000 0
DWIDTH 10 0
BBX 9 9 0 -1
BITMAP
2100
2100
5F80
C100
4900
4500
4200
4500
5880
ENDCHAR
STARTCHAR u4ED8.zh_hant
ENCODING 20184
SWIDTH 1000 0
DWIDTH 10 0
BBX 9 9 0 -1
BITMAP
2100
2100
7F80
C100
5100
4900
4100
4100
4300
ENDCHAR
STARTCHAR u4ED9.zh_hant
ENCODING 20185
SWIDTH 1000 0
DWIDTH 10 0
BBX 9 9 0 -1
BITMAP
2200
2200
5280
D280
5280
5280
5280
5280
5F80
ENDCHAR
STARTCHAR u4EDD
ENCODING 20189
SWIDTH 1000 0
DWIDTH 10 0
BBX 9 9 0 -1
BITMAP
0800
1400
2200
C180
3E00
0800
0800
0800
7F00
ENDCHAR
STARTCHAR u4EDE.zh_hant
ENCODING 20190
SWIDTH 1000 0
DWIDTH 10 0
BBX 9 9 0 -1
BITMAP
3F80
2480
4480
D480
5480
4880
4C80
5080
5300
ENDCHAR
STARTCHAR u4EDF.zh_hant
ENCODING 20191
SWIDTH 1000 0
DWIDTH 10 0
BBX 9 9 0 -1
BITMAP
2180
2E00
4200
C200
5F80
4200
4200
4200
4200
ENDCHAR
STARTCHAR u4EE1.zh_hant
ENCODING 20193
SWIDTH 1000 0
DWIDTH 10 0
BBX 9 9 0 -1
BITMAP
2800
2F80
5000
CF00
4200
4400
4800
5080
4F80
ENDCHAR
STARTCHAR u4EE3.zh_hant
ENCODING 20195
SWIDTH 1000 0
DWIDTH 10 0
BBX 9 9 0 -1
BITMAP
2480
2400
5F80
C200
4200
4100
4100
4080
4080
ENDCHAR
STARTCHAR u4EE4.zh_hant
ENCODING 20196
SWIDTH 1000 0
DWIDTH 10 0
BBX 9 9 0 -1
BITMAP
1E00
2100
4080
BF00
0000
7F80
0880
0880
0B00
ENDCHAR
STARTCHAR u4EE5.zh_hant
ENCODING 20197
SWIDTH 1000 0
DWIDTH 10 0
BBX 9 9 0 -1
BITMAP
4100
5100
4900
4100
4100
5200
E200
0D00
3080
ENDCHAR
STARTCHAR u4EE8.zh_hant
ENCODING 20200
SWIDTH 1000 0
DWIDTH 10 0
BBX 9 9 0 -1
BITMAP
2F80
2000
4000
C000
4F00
4000
4000
4000
5F80
ENDCHAR
STARTCHAR u4EEA.zh_hant
ENCODING 20202
SWIDTH 1000 0
DWIDTH 10 0
BBX 9 9 0 -1
BITMAP
2400
2280
4880
C900
4500
4200
4200
4500
5880
ENDCHAR
STARTCHAR u4EEB.zh_hant
ENCODING 20203
SWIDTH 1000 0
DWIDTH 10 0
BBX 9 9 0 -1
BITMAP
2400
2500
4900
CA00
5200
4400
4900
4900
5E80
ENDCHAR
STARTCHAR u4EEC
ENCODING 20204
SWIDTH 1000 0
DWIDTH 10 0
BBX 9 9 0 -1
BITMAP
5380
4880
C080
5080
5080
5080
5080
5080
5180
ENDCHAR
STARTCHAR u4EF0.zh_hant
ENCODING 20208
SWIDTH 1000 0
DWIDTH 10 0
BBX 9 9 0 -1
BITMAP
3B80
5280
D280
5280
5280
5280
5680
7B80
4200
ENDCHAR
STARTCHAR u4EF2
ENCODING 20210
SWIDTH 1000 0
DWIDTH 10 0
BBX 9 9 0 -1
BITMAP
2200
2200
5F80
D280
5280
5F80
4200
4200
4200
ENDCHAR
STARTCHAR u4EF3.zh_hant
ENCODING 20211
SWIDTH 1000 0
DWIDTH 10 0
BBX 9 9 0 -1
BITMAP
3200
5200
D680
5B00
5200
5200
5280
5680
5B80
ENDCHAR
STARTCHAR u4EF5
ENCODING 20213
SWIDTH 1000 0
DWIDTH 10 0
BBX 9 9 0 -1
BITMAP
2800
2F80
5200
C200
5F80
4200
4200
4200
4200
ENDCHAR
STARTCHAR u4EF6
ENCODING 20214
SWIDTH 1000 0
DWIDTH 10 0
BBX 9 9 0 -1
BITMAP
2A00
2A00
4F80
D200
4200
5F80
4200
4200
4200
ENDCHAR
STARTCHAR u4EF7.zh_hant
ENCODING 20215
SWIDTH 1000 0
DWIDTH 10 0
BBX 9 9 0 -1
BITMAP
2600
2900
5080
C000
4900
4900
4900
5100
5100
ENDCHAR
STARTCHAR u4EFB
ENCODING 20219
SWIDTH 1000 0
DWIDTH 10 0
BBX 9 9 0 -1
BITMAP
2180
2E00
4200
C200
5F80
4200
4200
4200
4F80
ENDCHAR
STARTCHAR u4EFD.zh_hant
ENCODING 20221
SWIDTH 1000 0
DWIDTH 10 0
BBX 9 9 0 -1
BITMAP
2300
2900
4900
D080
4F80
4480
4480
4880
4900
ENDCHAR
STARTCHAR u4EFF.zh_hant
ENCODING 20223
SWIDTH 1000 0
DWIDTH 10 0
BBX 9 9 0 -1
BITMAP
2200
2200
5F80
C400
4780
4480
4880
4880
5300
ENDCHAR
STARTCHAR u4F01
ENCODING 20225
SWIDTH 1000 0
DWIDTH 10 0
BBX 9 9 0 -1
BITMAP
0800
1400
2200
C980
0800
4F00
4800
4800
FF80
ENDCHAR
STARTCHAR u4F09.zh_hant
ENCODING 20233
SWIDTH 1000 0
DWIDTH 10 0
BBX 9 9 0 -1
BITMAP
2200
3F80
4000
CF00
4900
4900
4900
5100
5180
ENDCHAR
STARTCHAR u4F0A.zh_hant
ENCODING 20234
SWIDTH 1000 0
DWIDTH 10 0
BBX 9 9 0 -1
BITMAP
2F80
2280
5F80
C280
4280
4F80
4200
4200
4C00
ENDCHAR
STARTCHAR u4F0D.zh_hant
ENCODING 20237
SWIDTH 1000 0
DWIDTH 10 0
BBX 9 9 0 -1
BITMAP
3F80
2400
4400
C400
5F80
4880
4880
4880
7F80
ENDCHAR
STARTCHAR u4F0E.zh_hant
ENCODING 20238
SWIDTH 1000 0
DWIDTH 10 0
BBX 9 9 0 -1
BITMAP
2200
3F80
4200
C200
5F80
4880
4900
4600
5980
ENDCHAR
STARTCHAR u4F0F.zh_hant
ENCODING 20239
SWIDTH 1000 0
DWIDTH 10 0
BBX 9 9 0 -1
BITMAP
2280
2280
5F80
C200
4200
4200
4500
4880
7080
ENDCHAR
STARTCHAR u4F10.zh_hant
ENCODING 20240
SWIDTH 1000 0
DWIDTH 10 0
BBX 9 9 0 -1
BITMAP
2280
2280
5F80
C200
4280
4300
4200
4500
5880
ENDCHAR
STARTCHAR u4F11
ENCODING 20241
SWIDTH 1000 0
DWIDTH 10 0
BBX 9 9 0 -1
BITMAP
2400
2400
5F80
C400
4E00
5500
6480
4400
4400
ENDCHAR
STARTCHAR u4F17
ENCODING 20247
SWIDTH 1000 0
DWIDTH 10 0
BBX 9 9 0 -1
BITMAP
0800
1400
2200
C180
0000
2200
2200
5500
8880
ENDCHAR
STARTCHAR u4F18.zh_hant
ENCODING 20248
SWIDTH 1000 0
DWIDTH 10 0
BBX 9 9 0 -1
BITMAP
2480
2400
5F80
C400
4400
4A00
4A00
5280
5380
ENDCHAR
STARTCHAR u4F19.zh_hant
ENCODING 20249
SWIDTH 1000 0
DWIDTH 10 0
BBX 9 9 0 -1
BITMAP
2400
4480
D480
5500
6400
4400
4A00
4A00
5180
ENDCHAR
STARTCHAR u4F1A
ENCODING 20250
SWIDTH 1000 0
DWIDTH 10 0
BBX 9 9 0 -1
BITMAP
0800
1400
2200
DD80
0000
7F00
1000
2200
7D00
ENDCHAR
STARTCHAR u4F1E
ENCODING 20254
SWIDTH 1000 0
DWIDTH 10 0
BBX 9 9 0 -1
BITMAP
0800
1400
2200
C980
4900
2A00
FF80
0800
0800
ENDCHAR
STARTCHAR u4F1F
ENCODING 20255
SWIDTH 1000 0
DWIDTH 10 0
BBX 9 9 0 -1
BITMAP
2400
3F80
4400
DF00
4400
5F80
4480
4580
4400
ENDCHAR
STARTCHAR u4F20.zh_hans
ENCODING 20256
SWIDTH 1000 0
DWIDTH 10 0
BBX 9 9 0 -1
BITMAP
2200
2F80
4200
DF80
4400
4F80
4080
4500
4200
ENDCHAR
STARTCHAR u4F24.zh_hant
ENCODING 20260
SWIDTH 1000 0
DWIDTH 10 0
BBX 9 9 0 -1
BITMAP
2800
4F80
D000
4400
5F80
4480
4480
4880
5180
ENDCHAR
STARTCHAR u4F25.zh_hant
ENCODING 20261
SWIDTH 1000 0
DWIDTH 10 0
BBX 9 9 0 -1
BITMAP
2900
2A00
4C00
C800
5F80
4A00
4A00
4900
4C80
ENDCHAR
STARTCHAR u4F26.zh_hant
ENCODING 20262
SWIDTH 1000 0
DWIDTH 10 0
BBX 9 9 0 -1
BITMAP
2600
2900
5080
C800
4980
4E00
4800
4880
4780
ENDCHAR
STARTCHAR u4F2A.zh_hant
ENCODING 20266
SWIDTH 1000 0
DWIDTH 10 0
BBX 9 9 0 -1
BITMAP
2A00
2200
4F80
C280
4480
4480
4A80
4880
5180
ENDCHAR
STARTCHAR u4F2B
ENCODING 20267
SWIDTH 1000 0
DWIDTH 10 0
BBX 9 9 0 -1
BITMAP
2400
2200
5F80
D080
4000
4000
4000
4000
5F80
ENDCHAR
STARTCHAR u4F2F
ENCODING 20271
SWIDTH 1000 0
DWIDTH 10 0
BBX 9 9 0 -1
BITMAP
2200
2400
5F80
D080
5080
5F80
5080
5080
5F80
ENDCHAR
STARTCHAR u4F30
ENCODING 20272
SWIDTH 1000 0
DWIDTH 10 0
BBX 9 9 0 -1
BITMAP
2200
2200
5F80
C200
4200
4F80
4880
4880
4F80
ENDCHAR
STARTCHAR u4F34.zh_hant
ENCODING 20276
SWIDTH 1000 0
DWIDTH 10 0
BBX 9 9 0 -1
BITMAP
2200
2A80
4B00
C200
5F80
4200
5F80
4200
4200
ENDCHAR
STARTCHAR u4F36.zh_hant
ENCODING 20278
SWIDTH 1000 0
DWIDTH 10 0
BBX 9 9 0 -1
BITMAP
2700
2880
5000
DF80
4000
5F80
4480
4480
4580
ENDCHAR
STARTCHAR u4F38
ENCODING 20280
SWIDTH 1000 0
DWIDTH 10 0
BBX 9 9 0 -1
BITMAP
2200
3F80
5280
DF80
5280
5280
5F80
4200
4200
ENDCHAR
STARTCHAR u4F3A.zh_hant
ENCODING 20282
SWIDTH 1000 0
DWIDTH 10 0
BBX 9 9 0 -1
BITMAP
3F80
2080
5E80
C080
5E80
5280
5280
5E80
4180
ENDCHAR
STARTCHAR u4F3C.zh_hans
ENCODING 20284
SWIDTH 1000 0
DWIDTH 10 0
BBX 9 9 0 -1
BITMAP
2000
3480
5480
D280
5080
5500
5900
5280
4480
ENDCHAR
STARTCHAR u4F3D.zh_hans
ENCODING 20285
SWIDTH 1000 0
DWIDTH 10 0
BBX 9 9 0 -1
BITMAP
2B80
2A80
5E80
CA80
4A80
4A80
4A80
5280
5580
ENDCHAR
STARTCHAR u4F43
ENCODING 20291
SWIDTH 1000 0
DWIDTH 10 0
BBX 9 9 0 -1
BITMAP
5F80
5280
D280
5280
5F80
5280
5280
5280
5F80
ENDCHAR
STARTCHAR u4F46
ENCODING 20294
SWIDTH 1000 0
DWIDTH 10 0
BBX 9 9 0 -1
BITMAP
2F80
2880
4880
CF80
4880
4880
4F80
4000
5F80
ENDCHAR
STARTCHAR u4F4D
ENCODING 20301
SWIDTH 1000 0
DWIDTH 10 0
BBX 9 9 0 -1
BITMAP
2400
2200
5F80
C000
4900
4900
4900
4200
5F80
ENDCHAR
STARTCHAR u4F4E.zh_hans
ENCODING 20302
SWIDTH 1000 0
DWIDTH 10 0
BBX 9 9 0 -1
BITMAP
2180
2E00
5200
D200
5F80
5200
5280
5980
5480
ENDCHAR
STARTCHAR u4F4F
ENCODING 20303
SWIDTH 1000 0
DWIDTH 10 0
BBX 9 9 0 -1
BITMAP
2400
2200
5F80
C200
4200
4F80
4200
4200
5F80
ENDCHAR
STARTCHAR u4F50.zh_hant
ENCODING 20304
SWIDTH 1000 0
DWIDTH 10 0
BBX 9 9 0 -1
BITMAP
2400
3F80
4800
C800
4F80
5200
5200
4200
5F80
ENDCHAR
STARTCHAR u4F51.zh_hant
ENCODING 20305
SWIDTH 1000 0
DWIDTH 10 0
BBX 9 9 0 -1
BITMAP
2200
3F80
4400
C400
4F80
5880
6880
4880
4F80
ENDCHAR
STARTCHAR u4F53
ENCODING 20307
SWIDTH 1000 0
DWIDTH 10 0
BBX 9 9 0 -1
BITMAP
2400
2400
5F80
C400
4E00
5500
6480
5F00
4400
ENDCHAR
STARTCHAR u4F55
ENCODING 20309
SWIDTH 1000 0
DWIDTH 10 0
BBX 9 9 0 -1
BITMAP
2F80
2100
5D00
D500
5500
5500
5D00
4100
4300
ENDCHAR
STARTCHAR u4F57.zh_hant
ENCODING 20311
SWIDTH 1000 0
DWIDTH 10 0
BBX 9 9 0 -1
BITMAP
2400
3F80
5080
C800
4980
4E00
4800
4880
4F80
ENDCHAR
STARTCHAR u4F58
ENCODING 20312
SWIDTH 1000 0
DWIDTH 10 0
BBX 9 9 0 -1
BITMAP
0800
1400
2200
DD80
0000
7F00
0800
4900
9880
ENDCHAR
STARTCHAR u4F59
ENCODING 20313
SWIDTH 1000 0
DWIDTH 10 0
BBX 9 9 0 -1
BITMAP
0800
3600
C180
3E00
0800
7F00
0800
4900
9880
ENDCHAR
STARTCHAR u4F5A.zh_hant
ENCODING 20314
SWIDTH 1000 0
DWIDTH 10 0
BBX 9 9 0 -1
BITMAP
2A00
2F80
4A00
C200
5F80
4200
4200
4500
5880
ENDCHAR
STARTCHAR u4F5B.zh_hant
ENCODING 20315
SWIDTH 1000 0
DWIDTH 10 0
BBX 9 9 0 -1
BITMAP
2A00
3F80
4A80
DF80
4A00
7F80
4A80
5380
5200
ENDCHAR
STARTCHAR u4F5C.zh_hant
ENCODING 20316
SWIDTH 1000 0
DWIDTH 10 0
BBX 9 9 0 -1
BITMAP
2800
2F80
5400
D780
4400
4400
4780
4400
4400
ENDCHAR
STARTCHAR u4F5D.zh_hant
ENCODING 20317
SWIDTH 1000 0
DWIDTH 10 0
BBX 9 9 0 -1
BITMAP
2800
2F80
5080
DE80
4A80
4A80
4E80
4080
4300
ENDCHAR
STARTCHAR u4F5E.zh_hant
ENCODING 20318
SWIDTH 1000 0
DWIDTH 10 0
BBX 9 9 0 -1
BITMAP
3F80
2000
5F80
C400
5F80
4900
4900
4E00
7180
ENDCHAR
STARTCHAR u4F5F.zh_hant
ENCODING 20319
SWIDTH 1000 0
DWIDTH 10 0
BBX 9 9 0 -1
BITMAP
2800
2F80
5080
C900
4E00
7180
4600
5800
4700
ENDCHAR
STARTCHAR u4F60.zh_hans
ENCODING 20320
SWIDTH 1000 0
DWIDTH 10 0
BBX 9 9 0 -1
BITMAP
2800
2F80
4880
D200
4200
4B00
4A80
5280
4600
ENDCHAR
STARTCHAR u4F63.zh_hant
ENCODING 20323
SWIDTH 1000 0
DWIDTH 10 0
BBX 9 9 0 -1
BITMAP
2F80
2A80
4F80
CA80
4A80
4F80
4A80
4A80
5280
ENDCHAR
STARTCHAR u4F64.zh_hant
ENCODING 20324
SWIDTH 1000 0
DWIDTH 10 0
BBX 9 9 0 -1
BITMAP
3F80
2800
4F00
C900
4D00
4B00
4900
4D00
5180
ENDCHAR
STARTCHAR u4F69.zh_hant
ENCODING 20329
SWIDTH 1000 0
DWIDTH 10 0
BBX 9 9 0 -1
BITMAP
3F80
6080
BE80
A880
BE80
AA80
AA80
AA80
A880
ENDCHAR
STARTCHAR u4F6C.zh_hant
ENCODING 20332
SWIDTH 1000 0
DWIDTH 10 0
BBX 9 9 0 -1
BITMAP
2480
2F00
4500
DF80
4400
4D80
5600
4480
4780
ENDCHAR
STARTCHAR u4F6F.zh_hans
ENCODING 20335
SWIDTH 1000 0
DWIDTH 10 0
BBX 9 9 0 -1
BITMAP
2480
2300
5F80
C200
5F80
4200
4200
5F80
4200
ENDCHAR
STARTCHAR u4F70.zh_hant
ENCODING 20336
SWIDTH 1000 0
DWIDTH 10 0
BBX 9 9 0 -1
BITMAP
3F80
2200
4400
DF80
5080
5F80
5080
5080
5F80
ENDCHAR
STARTCHAR u4F73.zh_hant
ENCODING 20339
SWIDTH 1000 0
DWIDTH 10 0
BBX 9 9 0 -1
BITMAP
2200
2F80
4200
DF80
4200
4F80
4200
4200
5F80
ENDCHAR
STARTCHAR u4F74.zh_hant
ENCODING 20340
SWIDTH 1000 0
DWIDTH 10 0
BBX 9 9 0 -1
BITMAP
2F80
2900
4F00
C900
4F00
4980
5F00
5100
4100
ENDCHAR
STARTCHAR u4F76.zh_hant
ENCODING 20342
SWIDTH 1000 0
DWIDTH 10 0
BBX 9 9 0 -1
BITMAP
2200
3F80
4200
CF80
4000
4F80
4880
4880
4F80
ENDCHAR
STARTCHAR u4F7B.zh_hant
ENCODING 20347
SWIDTH 1000 0
DWIDTH 10 0
BBX 9 9 0 -1
BITMAP
2A00
2A80
5B00
CA00
5B00
6A80
4A00
5280
6380
ENDCHAR
STARTCHAR u4F7C
ENCODING 20348
SWIDTH 1000 0
DWIDTH 10 0
BBX 9 9 0 -1
BITMAP
2200
3F80
4500
C880
5500
4500
4200
4500
5880
ENDCHAR
STARTCHAR u4F7E.zh_hant
ENCODING 20350
SWIDTH 1000 0
DWIDTH 10 0
BBX 9 9 0 -1
BITMAP
2B00
5080
CF00
4900
4F00
4900
4F00
4900
5300
ENDCHAR
STARTCHAR u4F7F.zh_hant
ENCODING 20351
SWIDTH 1000 0
DWIDTH 10 0
BBX 9 9 0 -1
BITMAP
2200
3F80
4200
DF80
5280
5F80
4A00
4600
5980
ENDCHAR
STARTCHAR u4F83.zh_hant
ENCODING 20355
SWIDTH 1000 0
DWIDTH 10 0
BBX 9 9 0 -1
BITMAP
2F80
2880
4880
CF80
4000
4A80
4A80
5280
6280
ENDCHAR
STARTCHAR u4F84.zh_hant
ENCODING 20356
SWIDTH 1000 0
DWIDTH 10 0
BBX 9 9 0 -1
BITMAP
2F80
2400
4900
CE80
4200
4F80
4200
4200
4F80
ENDCHAR
STARTCHAR u4F88.zh_hant
ENCODING 20360
SWIDTH 1000 0
DWIDTH 10 0
BBX 9 9 0 -1
BITMAP
2780
2880
4500
C200
4780
5880
4500
4600
5800
ENDCHAR
STARTCHAR u4F8B.zh_hant
ENCODING 20363
SWIDTH 1000 0
DWIDTH 10 0
BBX 9 9 0 -1
BITMAP
7C80
5280
9A80
AA80
AA80
DA80
8A80
9080
E180
ENDCHAR
STARTCHAR u4F8D.zh_hant
ENCODING 20365
SWIDTH 1000 0
DWIDTH 10 0
BBX 9 9 0 -1
BITMAP
2200
2F80
4200
DF80
4080
5F80
4080
4880
4580
ENDCHAR
STARTCHAR u4F8F.zh_hant
ENCODING 20367
SWIDTH 1000 0
DWIDTH 10 0
BBX 9 9 0 -1
BITMAP
2A00
2F80
4A00
C200
5F80
4200
4700
4A80
5200
ENDCHAR
STARTCHAR u4F91.zh_hant
ENCODING 20369
SWIDTH 1000 0
DWIDTH 10 0
BBX 9 9 0 -1
BITMAP
2200
3F80
4400
CF80
5880
6F80
4880
4F80
4880
ENDCHAR
STARTCHAR u4F94.zh_hant
ENCODING 20372
SWIDTH 1000 0
DWIDTH 10 0
BBX 9 9 0 -1
BITMAP
2400
2880
5F80
CA00
4F00
4200
5F80
4200
4200
ENDCHAR
STARTCHAR u4F97.zh_hant
ENCODING 20375
SWIDTH 1000 0
DWIDTH 10 0
BBX 9 9 0 -1
BITMAP
2F80
2880
4F80
C880
4E80
4A80
4E80
4880
4980
ENDCHAR
STARTCHAR u4F9B
ENCODING 20379
SWIDTH 1000 0
DWIDTH 10 0
BBX 9 9 0 -1
BITMAP
2900
2900
5F80
C900
4900
5F80
4000
4900
5080
ENDCHAR
STARTCHAR u4F9D.zh_hant
ENCODING 20381
SWIDTH 1000 0
DWIDTH 10 0
BBX 9 9 0 -1
BITMAP
2400
3F80
4400
CA80
4A80
5900
6900
4A80
5C80
ENDCHAR
STARTCHAR u4FA0.zh_hant
ENCODING 20384
SWIDTH 1000 0
DWIDTH 10 0
BBX 9 9 0 -1
BITMAP
2200
3F80
5280
CB00
4200
7F80
4200
4500
5880
ENDCHAR
STARTCHAR u4FA3
ENCODING 20387
SWIDTH 1000 0
DWIDTH 10 0
BBX 9 9 0 -1
BITMAP
2F00
2900
4900
CF00
4000
5F80
5080
5080
5F80
ENDCHAR
STARTCHAR u4FA5.zh_hant
ENCODING 20389
SWIDTH 1000 0
DWIDTH 10 0
BBX 9 9 0 -1
BITMAP
2800
3F80
4900
C680
5980
4000
5F80
4A00
5380
ENDCHAR
STARTCHAR u4FA6.zh_hant
ENCODING 20390
SWIDTH 1000 0
DWIDTH 10 0
BBX 9 9 0 -1
BITMAP
2400
2780
4400
CF80
4880
4A80
4A80
4500
5880
ENDCHAR
STARTCHAR u4FA7.zh_hant
ENCODING 20391
SWIDTH 1000 0
DWIDTH 10 0
BBX 9 9 0 -1
BITMAP
3E80
5280
D280
5280
5680
5680
4480
4A80
5280
ENDCHAR
STARTCHAR u4FA8.zh_hant
ENCODING 20392
SWIDTH 1000 0
DWIDTH 10 0
BBX 9 9 0 -1
BITMAP
2F00
2400
5F80
C900
5080
4900
4900
4900
5100
ENDCHAR
STARTCHAR u4FA9.zh_hant
ENCODING 20393
SWIDTH 1000 0
DWIDTH 10 0
BBX 9 9 0 -1
BITMAP
2600
2900
5080
CF80
4000
5F80
4900
5100
5E80
ENDCHAR
STARTCHAR u4FAE.zh_hant
ENCODING 20398
SWIDTH 1000 0
DWIDTH 10 0
BBX 9 9 0 -1
BITMAP
2800
2F80
5000
DF80
4A80
5F80
4A80
4F80
4100
ENDCHAR
STARTCHAR u4FAF
ENCODING 20399
SWIDTH 1000 0
DWIDTH 10 0
BBX 9 9 0 -1
BITMAP
2F00
2100
5F80
C800
4F80
5200
5F80
4500
5880
ENDCHAR
STARTCHAR u4FB5.zh_hant
ENCODING 20405
SWIDTH 1000 0
DWIDTH 10 0
BBX 9 9 0 -1
BITMAP
2F80
2080
4F80
C080
5F80
4880
4900
4600
5980
ENDCHAR
STARTCHAR u4FBF
ENCODING 20415
SWIDTH 1000 0
DWIDTH 10 0
BBX 9 9 0 -1
BITMAP
2F80
2200
5F80
D280
5F80
5280
5F80
4400
5B80
ENDCHAR
STARTCHAR u4FC3.zh_hant
ENCODING 20419
SWIDTH 1000 0
DWIDTH 10 0
BBX 9 9 0 -1
BITMAP
2F80
2880
4880
CF80
4200
4B80
4A00
4E00
5180
ENDCHAR
STARTCHAR u4FC4
ENCODING 20420
SWIDTH 1000 0
DWIDTH 10 0
BBX 9 9 0 -1
BITMAP
2700
3A80
4A00
DF80
4A00
4A80
5D00
4900
5A80
ENDCHAR
STARTCHAR u4FCA.zh_hant
ENCODING 20426
SWIDTH 1000 0
DWIDTH 10 0
BBX 9 9 0 -1
BITMAP
2400
2880
5F80
C500
5980
4700
5900
4600
5980
ENDCHAR
STARTCHAR u4FCE.zh_hant
ENCODING 20430
SWIDTH 1000 0
DWIDTH 10 0
BBX 9 9 0 -1
BITMAP
4F80
4880
AF80
9880
0880
4F80
4880
A880
9F80
ENDCHAR
STARTCHAR u4FCF.zh_hant
ENCODING 20431
SWIDTH 1000 0
DWIDTH 10 0
BBX 9 9 0 -1
BITMAP
2200
2A80
4B00
C200
4F80
4880
4F80
4880
4980
ENDCHAR
STARTCHAR u4FD0.zh_hant
ENCODING 20432
SWIDTH 1000 0
DWIDTH 10 0
BBX 9 9 0 -1
BITMAP
2680
3A80
4A80
FE80
4A80
5A80
6E80
4880
4980
ENDCHAR
STARTCHAR u4FD1.zh_hant
ENCODING 20433
SWIDTH 1000 0
DWIDTH 10 0
BBX 9 9 0 -1
BITMAP
2F00
2100
5F80
D280
5F80
5280
5F80
5280
5280
ENDCHAR
STARTCHAR u4FD7.zh_hant
ENCODING 20439
SWIDTH 1000 0
DWIDTH 10 0
BBX 9 9 0 -1
BITMAP
2900
3080
4600
C900
5080
6F80
4880
4880
4F80
ENDCHAR
STARTCHAR u4FD8.zh_hant
ENCODING 20440
SWIDTH 1000 0
DWIDTH 10 0
BBX 9 9 0 -1
BITMAP
2F80
2900
5480
C200
4F00
4100
5F80
4200
4600
ENDCHAR
STARTCHAR u4FDA
ENCODING 20442
SWIDTH 1000 0
DWIDTH 10 0
BBX 9 9 0 -1
BITMAP
2F80
2A80
4F80
CA80
4F80
4200
4F80
4200
5F80
ENDCHAR
STARTCHAR u4FDD
ENCODING 20445
SWIDTH 1000 0
DWIDTH 10 0
BBX 9 9 0 -1
BITMAP
2F80
2880
4880
CF80
4200
5F80
4700
4A80
5200
ENDCHAR
STARTCHAR u4FDE.zh_hans
ENCODING 20446
SWIDTH 1000 0
DWIDTH 10 0
BBX 9 9 0 -1
BITMAP
3E00
4100
BE80
0000
F280
9280
F280
9280
B680
ENDCHAR
STARTCHAR u4FDF.zh_hant
ENCODING 20447
SWIDTH 1000 0
DWIDTH 10 0
BBX 9 9 0 -1
BITMAP
2400
2880
5F80
C800
4F80
5200
5F80
4500
5880
ENDCHAR
STARTCHAR u4FE1
ENCODING 20449
SWIDTH 1000 0
DWIDTH 10 0
BBX 9 9 0 -1
BITMAP
2400
2200
5F80
C000
4F80
4000
4F80
4880
4F80
ENDCHAR
STARTCHAR u4FE3.zh_hant
ENCODING 20451
SWIDTH 1000 0
DWIDTH 10 0
BBX 9 9 0 -1
BITMAP
2F80
2880
4F80
C000
4F80
4200
5F80
4500
5880
ENDCHAR
STARTCHAR u4FE8.zh_hant
ENCODING 20456
SWIDTH 1000 0
DWIDTH 10 0
BBX 9 9 0 -1
BITMAP
3F80
2A00
5A80
CA00
5F80
5000
5000
5000
6000
ENDCHAR
STARTCHAR u4FE9.zh_hant
ENCODING 20457
SWIDTH 1000 0
DWIDTH 10 0
BBX 9 9 0 -1
BITMAP
5F80
4A00
BF80
AA80
AA80
AA80
B580
A080
A180
ENDCHAR
STARTCHAR u4FEA.zh_hant
ENCODING 20458
SWIDTH 1000 0
DWIDTH 10 0
BBX 9 9 0 -1
BITMAP
5F80
4000
7B80
AA80
AA80
BB80
AA80
AA80
AA80
ENDCHAR
STARTCHAR u4FED.zh_hant
ENCODING 20461
SWIDTH 1000 0
DWIDTH 10 0
BBX 9 9 0 -1
BITMAP
2600
2900
5080
CF80
4000
4A80
4A80
4100
5F80
ENDCHAR
STARTCHAR u4FEE.zh_hant
ENCODING 20462
SWIDTH 1000 0
DWIDTH 10 0
BBX 9 9 0 -1
BITMAP
2400
2780
4880
D500
5600
5980
5600
5180
4E00
ENDCHAR
STARTCHAR u4FEF.zh_hant
ENCODING 20463
SWIDTH 1000 0
DWIDTH 10 0
BBX 9 9 0 -1
BITMAP
2400
3F80
5280
D780
5C80
5680
5580
6480
4580
ENDCHAR
STARTCHAR u4FF1
ENCODING 20465
SWIDTH 1000 0
DWIDTH 10 0
BBX 9 9 0 -1
BITMAP
2F00
2900
4F00
C900
4F00
4900
5F80
4900
5080
ENDCHAR
STARTCHAR u4FF3.zh_hant
ENCODING 20467
SWIDTH 1000 0
DWIDTH 10 0
BBX 9 9 0 -1
BITMAP
4A00
7B80
4A00
BB80
8A00
BA00
8B80
9200
9200
ENDCHAR
STARTCHAR u4FF8.zh_hant
ENCODING 20472
SWIDTH 1000 0
DWIDTH 10 0
BBX 9 9 0 -1
BITMAP
2200
3F80
4500
DF80
4A00
5F80
6200
5F80
4200
ENDCHAR
STARTCHAR u4FFA.zh_hant
ENCODING 20474
SWIDTH 1000 0
DWIDTH 10 0
BBX 9 9 0 -1
BITMAP
2400
3F80
4D00
D480
7F80
5480
5F80
5400
4780
ENDCHAR
STARTCHAR u4FFE.zh_hant
ENCODING 20478
SWIDTH 1000 0
DWIDTH 10 0
BBX 9 9 0 -1
BITMAP
2400
3F80
5280
DF80
5280
5F80
4900
7F80
4100
ENDCHAR
STARTCHAR u500C.zh_hant
ENCODING 20492
SWIDTH 1000 0
DWIDTH 10 0
BBX 9 9 0 -1
BITMAP
2400
5F80
D080
4F00
4900
4F80
4880
4880
4F80
ENDCHAR
STARTCHAR u500D
ENCODING 20493
SWIDTH 1000 0
DWIDTH 10 0
BBX 9 9 0 -1
BITMAP
2200
2F80
4500
DF80
4000
4F80
4880
4880
4F80
ENDCHAR
STARTCHAR u500F.zh_hant
ENCODING 20495
SWIDTH 1000 0
DWIDTH 10 0
BBX 9 9 0 -1
BITMAP
2780
2880
5500
D600
5980
5280
5F80
4500
5880
ENDCHAR
STARTCHAR u5012.zh_hant
ENCODING 20498
SWIDTH 1000 0
DWIDTH 10 0
BBX 9 9 0 -1
BITMAP
7E80
4A80
5280
FE80
9280
BE80
9280
9080
FD80
ENDCHAR
STARTCHAR u5014.zh_hant
ENCODING 20500
SWIDTH 1000 0
DWIDTH 10 0
BBX 9 9 0 -1
BITMAP
1F80
3080
5F80
D200
5A80
6F80
4200
5280
5F80
ENDCHAR
STARTCHAR u5018.zh_hant
ENCODING 20504
SWIDTH 1000 0
DWIDTH 10 0
BBX 9 9 0 -1
BITMAP
2480
5500
C400
5F80
5080
5E80
5280
5E80
5180
ENDCHAR
STARTCHAR u5019
ENCODING 20505
SWIDTH 1000 0
DWIDTH 10 0
BBX 9 9 0 -1
BITMAP
2700
2100
4F80
D400
5780
5A00
5780
4200
4D80
ENDCHAR
STARTCHAR u501A
ENCODING 20506
SWIDTH 1000 0
DWIDTH 10 0
BBX 9 9 0 -1
BITMAP
2400
3F80
4A00
D100
7F80
4100
5D00
5500
5F00
ENDCHAR
STARTCHAR u501C.zh_hant
ENCODING 20508
SWIDTH 1000 0
DWIDTH 10 0
BBX 9 9 0 -1
BITMAP
2F80
2A80
4F80
CA80
4F80
4880
5780
5480
5780
ENDCHAR
STARTCHAR u501F.zh_hant
ENCODING 20511
SWIDTH 1000 0
DWIDTH 10 0
BBX 9 9 0 -1
BITMAP
2900
3F80
4900
C900
7F80
4880
4F80
4880
4F80
ENDCHAR
STARTCHAR u5021
ENCODING 20513
SWIDTH 1000 0
DWIDTH 10 0
BBX 9 9 0 -1
BITMAP
2F00
2900
4F00
C900
5F80
5080
5F80
5080
5F80
ENDCHAR
STARTCHAR u5025.zh_hant
ENCODING 20517
SWIDTH 1000 0
DWIDTH 10 0
BBX 9 9 0 -1
BITMAP
2200
3F80
4A80
CA00
7380
4000
5F80
4200
7F80
ENDCHAR
STARTCHAR u5026.zh_hant
ENCODING 20518
SWIDTH 1000 0
DWIDTH 10 0
BBX 9 9 0 -1
BITMAP
5280
4900
7F80
C900
7F80
5100
6F00
4880
4F80
ENDCHAR
STARTCHAR u5028.zh_hant
ENCODING 20520
SWIDTH 1000 0
DWIDTH 10 0
BBX 9 9 0 -1
BITMAP
1F80
3080
5F80
D200
5F80
5200
6F80
4880
4F80
ENDCHAR
STARTCHAR u5029
ENCODING 20521
SWIDTH 1000 0
DWIDTH 10 0
BBX 9 9 0 -1
BITMAP
2200
2F80
4200
DF80
4880
4F80
4880
4F80
4880
ENDCHAR
STARTCHAR u502A.zh_hant
ENCODING 20522
SWIDTH 1000 0
DWIDTH 10 0
BBX 9 9 0 -1
BITMAP
2400
3980
5080
DB80
5080
5F80
4A00
5280
6380
ENDCHAR
STARTCHAR u502C.zh_hant
ENCODING 20524
SWIDTH 1000 0
DWIDTH 10 0
BBX 9 9 0 -1
BITMAP
2400
2780
4400
5F80
D080
5F80
5080
7F80
4200
ENDCHAR
STARTCHAR u502D.zh_hant
ENCODING 20525
SWIDTH 1000 0
DWIDTH 10 0
BBX 9 9 0 -1
BITMAP
3F80
2200
5F80
CA00
5280
7F80
4900
4E00
7180
ENDCHAR
STARTCHAR u503A
ENCODING 20538
SWIDTH 1000 0
DWIDTH 10 0
BBX 9 9 0 -1
BITMAP
2200
2F80
4200
CF80
4200
5F80
4880
4200
5D80
ENDCHAR
STARTCHAR u503C
ENCODING 20540
SWIDTH 1000 0
DWIDTH 10 0
BBX 9 9 0 -1
BITMAP
2F00
2200
4F00
C900
4F00
4900
4F00
4900
5F80
ENDCHAR
STARTCHAR u503E.zh_hant
ENCODING 20542
SWIDTH 1000 0
DWIDTH 10 0
BBX 9 9 0 -1
BITMAP
2780
5200
5780
DC80
5480
5580
5100
5A80
4480
ENDCHAR
STARTCHAR u5043.zh_hant
ENCODING 20547
SWIDTH 1000 0
DWIDTH 10 0
BBX 9 9 0 -1
BITMAP
1F80
3480
5780
D480
5F80
5480
5300
5480
5F80
ENDCHAR
STARTCHAR u5047
ENCODING 20551
SWIDTH 1000 0
DWIDTH 10 0
BBX 9 9 0 -1
BITMAP
5D80
5480
DD80
5000
5B80
5280
5900
5280
5480
ENDCHAR
STARTCHAR u5048.zh_hant
ENCODING 20552
SWIDTH 1000 0
DWIDTH 10 0
BBX 9 9 0 -1
BITMAP
1F00
3100
5F00
D100
7F80
4880
5280
5C80
4300
ENDCHAR
STARTCHAR u504C.zh_hant
ENCODING 20556
SWIDTH 1000 0
DWIDTH 10 0
BBX 9 9 0 -1
BITMAP
2900
3F80
4200
DF80
4400
4F80
5880
4880
4F80
ENDCHAR
STARTCHAR u504E.zh_hant
ENCODING 20558
SWIDTH 1000 0
DWIDTH 10 0
BBX 9 9 0 -1
BITMAP
2F80
2A80
4F80
CA80
5F80
4800
4A80
4900
5C80
ENDCHAR
STARTCHAR u504F.zh_hant
ENCODING 20559
SWIDTH 1000 0
DWIDTH 10 0
BBX 9 9 0 -1
BITMAP
3F80
2000
5F80
D080
5F80
6A80
5F80
4A80
4A80
ENDCHAR
STARTCHAR u5055.zh_hant
ENCODING 20565
SWIDTH 1000 0
DWIDTH 10 0
BBX 9 9 0 -1
BITMAP
2900
2D80
4900
C900
4F80
4880
4F80
4880
4F80
ENDCHAR
STARTCHAR u505A.zh_hant
ENCODING 20570
SWIDTH 1000 0
DWIDTH 10 0
BBX 9 9 0 -1
BITMAP
2A00
2B80
7C80
CA80
5E80
5500
5500
5E80
4480
ENDCHAR
STARTCHAR u505C
ENCODING 20572
SWIDTH 1000 0
DWIDTH 10 0
BBX 9 9 0 -1
BITMAP
2200
3F80
4900
C900
5F80
5080
4F00
4200
4600
ENDCHAR
STARTCHAR u5065.zh_hant
ENCODING 20581
SWIDTH 1000 0
DWIDTH 10 0
BBX 9 9 0 -1
BITMAP
2200
3F80
5280
DF80
6280
5F80
5200
5800
6780
ENDCHAR
STARTCHAR u506C.zh_hant
ENCODING 20588
SWIDTH 1000 0
DWIDTH 10 0
BBX 9 9 0 -1
BITMAP
2800
3F80
4A80
DA80
6680
4900
4200
2880
4E80
ENDCHAR
STARTCHAR u5076.zh_hans
ENCODING 20598
SWIDTH 1000 0
DWIDTH 10 0
BBX 9 9 0 -1
BITMAP
2F80
2A80
4F80
CA80
4F80
4200
5F80
5280
5780
ENDCHAR
STARTCHAR u5077.zh_hans
ENCODING 20599
SWIDTH 1000 0
DWIDTH 10 0
BBX 9 9 0 -1
BITMAP
2F00
5080
CF80
4000
5C80
5680
5E80
5480
5580
ENDCHAR
STARTCHAR u507F.zh_hant
ENCODING 20607
SWIDTH 1000 0
DWIDTH 10 0
BBX 9 9 0 -1
BITMAP
2A80
2A00
5F80
D080
4F00
4000
5F80
4900
5E80
ENDCHAR
STARTCHAR u5080.zh_hant
ENCODING 20608
SWIDTH 1000 0
DWIDTH 10 0
BBX 9 9 0 -1
BITMAP
2400
3F80
5480
DF80
5480
5F80
4D00
5480
6780
ENDCHAR
STARTCHAR u5085
ENCODING 20613
SWIDTH 1000 0
DWIDTH 10 0
BBX 9 9 0 -1
BITMAP
2280
3F80
4A80
CF80
4A80
4100
5F80
4900
4500
ENDCHAR
STARTCHAR u5088.zh_hant
ENCODING 20616
SWIDTH 1000 0
DWIDTH 10 0
BBX 9 9 0 -1
BITMAP
2F80
2500
5F80
D280
5F80
4200
5F80
4A00
5280
ENDCHAR
STARTCHAR u508D.zh_hant
ENCODING 20621
SWIDTH 1000 0
DWIDTH 10 0
BBX 9 9 0 -1
BITMAP
2400
3F80
4900
C900
7F80
4480
5F80
4880
5300
ENDCHAR
STARTCHAR u50A3.zh_hant
ENCODING 20643
SWIDTH 1000 0
DWIDTH 10 0
BBX 9 9 0 -1
BITMAP
2200
5F80
C200
4F80
4500
5A80
5280
4B00
5680
ENDCHAR
STARTCHAR u50A8.zh_hant
ENCODING 20648
SWIDTH 1000 0
DWIDTH 10 0
BBX 9 9 0 -1
BITMAP
5100
4B80
4100
B780
5280
5780
5280
5A80
5380
ENDCHAR
STARTCHAR u50AC.zh_hant
ENCODING 20652
SWIDTH 1000 0
DWIDTH 10 0
BBX 9 9 0 -1
BITMAP
1480
3F80
4900
DF80
7200
5F80
5200
5200
5F80
ENDCHAR
STARTCHAR u50B2.zh_hant
ENCODING 20658
SWIDTH 1000 0
DWIDTH 10 0
BBX 9 9 0 -1
BITMAP
5200
7F80
5080
FE80
5280
7D00
5500
5680
6C80
ENDCHAR
STARTCHAR u50BB.zh_hant
ENCODING 20667
SWIDTH 1000 0
DWIDTH 10 0
BBX 9 9 0 -1
BITMAP
2800
5F80
D580
5280
5F80
4900
5680
4200
5D80
ENDCHAR
STARTCHAR u50CF
ENCODING 20687
SWIDTH 1000 0
DWIDTH 10 0
BBX 9 9 0 -1
BITMAP
2F00
3100
5F80
D480
5F80
4A80
5700
4A80
5680
ENDCHAR
STARTCHAR u50D6.zh_hant
ENCODING 20694
SWIDTH 1000 0
DWIDTH 10 0
BBX 9 9 0 -1
BITMAP
2200
3F80
4200
DF80
4880
4500
7F80
5080
5F80
ENDCHAR
STARTCHAR u50DA.zh_hant
ENCODING 20698
SWIDTH 1000 0
DWIDTH 10 0
BBX 9 9 0 -1
BITMAP
2200
3F80
5500
CF80
5880
6F80
4200
4A80
5680
ENDCHAR
STARTCHAR u50E6.zh_hant
ENCODING 20710
SWIDTH 1000 0
DWIDTH 10 0
BBX 9 9 0 -1
BITMAP
5280
7A80
4780
BA00
AA00
BD00
9500
DD00
B580
ENDCHAR
STARTCHAR u50E7.zh_hant
ENCODING 20711
SWIDTH 1000 0
DWIDTH 10 0
BBX 9 9 0 -1
BITMAP
2A00
3F80
5280
DF80
5280
5F80
4880
4880
4F80
ENDCHAR
STARTCHAR u50ED.zh_hant
ENCODING 20717
SWIDTH 1000 0
DWIDTH 10 0
BBX 9 9 0 -1
BITMAP
2900
3F80
5500
DF80
5500
6A80
5F80
5080
5F80
ENDCHAR
STARTCHAR u50EE.zh_hant
ENCODING 20718
SWIDTH 1000 0
DWIDTH 10 0
BBX 9 9 0 -1
BITMAP
2200
3F80
4900
C900
7F80
5280
5F80
4200
5F80
ENDCHAR
STARTCHAR u50F3.zh_hant
ENCODING 20723
SWIDTH 1000 0
DWIDTH 10 0
BBX 9 9 0 -1
BITMAP
3F80
2A00
5F80
CA80
5F80
5500
7F80
5500
6480
ENDCHAR
STARTCHAR u50F5
ENCODING 20725
SWIDTH 1000 0
DWIDTH 10 0
BBX 9 9 0 -1
BITMAP
3F80
5500
5F00
D500
7F80
5500
5F00
5500
7F80
ENDCHAR
STARTCHAR u50FB.zh_hant
ENCODING 20731
SWIDTH 1000 0
DWIDTH 10 0
BBX 9 9 0 -1
BITMAP
3D00
5780
D680
5E80
5380
7D00
5780
5500
5D00
ENDCHAR
STARTCHAR u5106.zh_hant
ENCODING 20742
SWIDTH 1000 0
DWIDTH 10 0
BBX 9 9 0 -1
BITMAP
5500
7F80
5480
BE80
C280
BB00
AB00
BA80
8480
ENDCHAR
STARTCHAR u5112.zh_hant
ENCODING 20754
SWIDTH 1000 0
DWIDTH 10 0
BBX 9 9 0 -1
BITMAP
3F80
2400
7F80
C480
5D80
4400
7F80
5480
5580
ENDCHAR
STARTCHAR u5121.zh_hant
ENCODING 20769
SWIDTH 1000 0
DWIDTH 10 0
BBX 9 9 0 -1
BITMAP
5F00
5500
5F00
8000
BF80
AA80
BF80
AA80
BF80
ENDCHAR
STARTCHAR u513F
ENCODING 20799
SWIDTH 1000 0
DWIDTH 10 0
BBX 9 9 0 -1
BITMAP
2400
2400
2400
2400
2400
2400
4480
4480
8780
ENDCHAR
STARTCHAR u5140.zh_hant
ENCODING 20800
SWIDTH 1000 0
DWIDTH 10 0
BBX 9 9 0 -1
BITMAP
FF80
2400
2400
2400
2400
4400
4480
8480
8780
ENDCHAR
STARTCHAR u5141.zh_hant
ENCODING 20801
SWIDTH 1000 0
DWIDTH 10 0
BBX 9 9 0 -1
BITMAP
1000
2200
4100
FF80
1400
1400
1480
2480
C780
ENDCHAR
STARTCHAR u5143
ENCODING 20803
SWIDTH 1000 0
DWIDTH 10 0
BBX 9 9 0 -1
BITMAP
7F00
0000
0000
FF80
2400
2400
2480
4480
8780
ENDCHAR
STARTCHAR u5144
ENCODING 20804
SWIDTH 1000 0
DWIDTH 10 0
BBX 9 9 0 -1
BITMAP
7F00
4100
4100
4100
7F00
1400
1480
2480
C780
ENDCHAR
STARTCHAR u5145.zh_hant
ENCODING 20805
SWIDTH 1000 0
DWIDTH 10 0
BBX 9 9 0 -1
BITMAP
0800
FF80
1200
2100
7E80
1400
1480
2480
C780
ENDCHAR
STARTCHAR u5146.zh_hant
ENCODING 20806
SWIDTH 1000 0
DWIDTH 10 0
BBX 9 9 0 -1
BITMAP
1400
9480
5500
1400
3500
5480
9400
2480
C780
ENDCHAR
STARTCHAR u5148
ENCODING 20808
SWIDTH 1000 0
DWIDTH 10 0
BBX 9 9 0 -1
BITMAP
4800
7F00
4800
8800
FF80
1400
1400
2480
C780
ENDCHAR
STARTCHAR u5149
ENCODING 20809
SWIDTH 1000 0
DWIDTH 10 0
BBX 9 9 0 -1
BITMAP
0800
4900
2A00
0800
FF80
1400
1400
2480
C780
ENDCHAR
STARTCHAR u514B
ENCODING 20811
SWIDTH 1000 0
DWIDTH 10 0
BBX 9 9 0 -1
BITMAP
0800
FF80
0800
7F00
4100
7F00
1400
2480
C780
ENDCHAR
STARTCHAR u514D.zh_hant
ENCODING 20813
SWIDTH 1000 0
DWIDTH 10 0
BBX 9 9 0 -1
BITMAP
3E00
4200
FF00
4900
4900
7F00
1480
2480
C780
ENDCHAR
STARTCHAR u5151
ENCODING 20817
SWIDTH 1000 0
DWIDTH 10 0
BBX 9 9 0 -1
BITMAP
2200
1400
7F00
4100
4100
7F00
1400
2480
C780
ENDCHAR
STARTCHAR u5154.zh_hant
ENCODING 20820
SWIDTH 1000 0
DWIDTH 10 0
BBX 9 9 0 -1
BITMAP
3E00
4200
FF00
4900
4900
7F00
1500
2480
C780
ENDCHAR
STARTCHAR u5155.zh_hant
ENCODING 20821
SWIDTH 1000 0
DWIDTH 10 0
BBX 9 9 0 -1
BITMAP
7700
5500
5D00
4100
7F00
1400
1400
2480
C380
ENDCHAR
STARTCHAR u5156.zh_hant
ENCODING 20822
SWIDTH 1000 0
DWIDTH 10 0
BBX 9 9 0 -1
BITMAP
0800
FF80
2200
C980
1200
7F00
1400
2480
C380
ENDCHAR
STARTCHAR u515A
ENCODING 20826
SWIDTH 1000 0
DWIDTH 10 0
BBX 9 9 0 -1
BITMAP
4900
2A00
FF80
8080
3E00
2200
3E00
1480
E780
ENDCHAR
STARTCHAR u515C.zh_hant
ENCODING 20828
SWIDTH 1000 0
DWIDTH 10 0
BBX 9 9 0 -1
BITMAP
1000
DD80
A280
BE80
A280
DD80
0000
2480
C780
ENDCHAR
STARTCHAR u5162.zh_hant
ENCODING 20834
SWIDTH 1000 0
DWIDTH 10 0
BBX 9 9 0 -1
BITMAP
2200
F780
2200
F780
9480
F780
6600
AA80
BB80
ENDCHAR
STARTCHAR u5165.zh_hans
ENCODING 20837
SWIDTH 1000 0
DWIDTH 10 0
BBX 9 9 0 -1
BITMAP
2000
1000
0800
0800
1400
1400
2200
4100
8080
ENDCHAR
STARTCHAR u5168.zh_hans
ENCODING 20840
SWIDTH 1000 0
DWIDTH 10 0
BBX 9 9 0 -1
BITMAP
1C00
2200
4100
BE80
0800
7F00
0800
0800
FF80
ENDCHAR
STARTCHAR u516B.zh_hant
ENCODING 20843
SWIDTH 1000 0
DWIDTH 10 0
BBX 9 9 0 -1
BITMAP
1E00
0200
0200
2200
2100
4100
4100
8080
8080
ENDCHAR
STARTCHAR u516C.zh_hant
ENCODING 20844
SWIDTH 1000 0
DWIDTH 10 0
BBX 9 9 0 -1
BITMAP
1E00
4200
4100
9100
9080
2280
2200
4500
7900
ENDCHAR
STARTCHAR u516D.zh_hant
ENCODING 20845
SWIDTH 1000 0
DWIDTH 10 0
BBX 9 9 0 -1
BITMAP
0800
0800
FF80
0000
0000
2100
2100
4080
8080
ENDCHAR
STARTCHAR u516E.zh_hant
ENCODING 20846
SWIDTH 1000 0
DWIDTH 10 0
BBX 9 9 0 -1
BITMAP
2E00
4100
8080
7F00
2000
7F00
4100
0200
0C00
ENDCHAR
STARTCHAR u5170
ENCODING 20848
SWIDTH 1000 0
DWIDTH 10 0
BBX 9 9 0 -1
BITMAP
4100
2200
7F00
0000
0000
7F00
0000
0000
FF80
ENDCHAR
STARTCHAR u5171
ENCODING 20849
SWIDTH 1000 0
DWIDTH 10 0
BBX 9 9 0 -1
BITMAP
2200
2200
FF80
2200
2200
FF80
0000
2200
C180
ENDCHAR
STARTCHAR u5173
ENCODING 20851
SWIDTH 1000 0
DWIDTH 10 0
BBX 9 9 0 -1
BITMAP
4100
2200
7F00
0800
0800
FF80
1400
2200
C180
ENDCHAR
STARTCHAR u5174.zh_hant
ENCODING 20852
SWIDTH 1000 0
DWIDTH 10 0
BBX 9 9 0 -1
BITMAP
0080
9100
4900
0200
0000
FF80
0000
2300
C080
ENDCHAR
STARTCHAR u5175
ENCODING 20853
SWIDTH 1000 0
DWIDTH 10 0
BBX 9 9 0 -1
BITMAP
0300
7C00
4000
7F00
4200
4200
FF80
2200
C180
ENDCHAR
STARTCHAR u5176
ENCODING 20854
SWIDTH 1000 0
DWIDTH 10 0
BBX 9 9 0 -1
BITMAP
2200
FF80
2200
3E00
2200
FF80
0000
2200
C180
ENDCHAR
STARTCHAR u5177
ENCODING 20855
SWIDTH 1000 0
DWIDTH 10 0
BBX 9 9 0 -1
BITMAP
7F00
4100
7F00
4100
7F00
4100
FF80
2200
C180
ENDCHAR
STARTCHAR u5178
ENCODING 20856
SWIDTH 1000 0
DWIDTH 10 0
BBX 9 9 0 -1
BITMAP
1400
7F00
5500
7F00
5500
FF80
0000
2200
C180
ENDCHAR
STARTCHAR u5179.zh_hant
ENCODING 20857
SWIDTH 1000 0
DWIDTH 10 0
BBX 9 9 0 -1
BITMAP
2200
2400
FF80
2200
4400
7700
2200
4400
7700
ENDCHAR
STARTCHAR u517B.zh_hant
ENCODING 20859
SWIDTH 1000 0
DWIDTH 10 0
BBX 9 9 0 -1
BITMAP
2200
FF80
0800
7F00
1000
FF80
4100
9280
1200
ENDCHAR
STARTCHAR u517C.zh_hant
ENCODING 20860
SWIDTH 1000 0
DWIDTH 10 0
BBX 9 9 0 -1
BITMAP
2200
FF80
1500
FF80
1500
7F00
1400
3500
D480
ENDCHAR
STARTCHAR u517D
ENCODING 20861
SWIDTH 1000 0
DWIDTH 10 0
BBX 9 9 0 -1
BITMAP
4100
2200
7F00
4900
7F00
4900
FF80
4100
7F00
ENDCHAR
STARTCHAR u5180
ENCODING 20864
SWIDTH 1000 0
DWIDTH 10 0
BBX 9 9 0 -1
BITMAP
1480
F700
1480
FF80
4900
7F00
4900
FF80
2200
ENDCHAR
STARTCHAR u5181.zh_hant
ENCODING 20865
SWIDTH 1000 0
DWIDTH 10 0
BBX 9 9 0 -1
BITMAP
5780
F880
AF80
F500
AF80
F500
2F80
F500
2680
ENDCHAR
STARTCHAR u5182
ENCODING 20866
SWIDTH 1000 0
DWIDTH 10 0
BBX 9 9 0 -1
BITMAP
FF80
8080
8080
8080
8080
8080
8080
8080
8180
ENDCHAR
STARTCHAR u5185
ENCODING 20869
SWIDTH 1000 0
DWIDTH 10 0
BBX 9 9 0 -1
BITMAP
0800
0800
FF80
8880
9480
A280
8080
8080
8180
ENDCHAR
STARTCHAR u5188
ENCODING 20872
SWIDTH 1000 0
DWIDTH 10 0
BBX 9 9 0 -1
BITMAP
FF80
8080
A280
9480
8880
9480
A280
8080
8180
ENDCHAR
STARTCHAR u5189
ENCODING 20873
SWIDTH 1000 0
DWIDTH 10 0
BBX 9 9 0 -1
BITMAP
0800
7F00
4900
7F00
4900
4900
FF80
4100
4300
ENDCHAR
STARTCHAR u518C
ENCODING 20876
SWIDTH 1000 0
DWIDTH 10 0
BBX 9 9 0 -1
BITMAP
7700
5500
5500
5500
FF80
5500
5500
5500
BB00
ENDCHAR
STARTCHAR u518D
ENCODING 20877
SWIDTH 1000 0
DWIDTH 10 0
BBX 9 9 0 -1
BITMAP
FF80
0800
7F00
4900
7F00
4900
FF80
4100
4300
ENDCHAR
STARTCHAR u5192
ENCODING 20882
SWIDTH 1000 0
DWIDTH 10 0
BBX 9 9 0 -1
BITMAP
FF80
8080
FF80
8080
FF80
4100
7F00
4100
7F00
ENDCHAR
STARTCHAR u5195.zh_hant
ENCODING 20885
SWIDTH 1000 0
DWIDTH 10 0
BBX 9 9 0 -1
BITMAP
7F00
4100
5D00
2200
FF00
4900
7F00
1480
E780
ENDCHAR
STARTCHAR u5196.zh_hant
ENCODING 20886
SWIDTH 1000 0
DWIDTH 10 0
BBX 9 3 0 3
BITMAP
FF80
8080
8080
ENDCHAR
STARTCHAR u5197.zh_hant
ENCODING 20887
SWIDTH 1000 0
DWIDTH 10 0
BBX 9 9 0 -1
BITMAP
FF80
8080
8080
3C00
2400
2400
2480
2480
C780
ENDCHAR
STARTCHAR u5199
ENCODING 20889
SWIDTH 1000 0
DWIDTH 10 0
BBX 9 9 0 -1
BITMAP
FF80
A080
3F00
2000
3F00
0100
FD00
0100
0E00
ENDCHAR
STARTCHAR u519B
ENCODING 20891
SWIDTH 1000 0
DWIDTH 10 0
BBX 9 9 0 -1
BITMAP
FF80
9080
7F00
2000
4800
7F00
0800
FF80
0800
ENDCHAR
STARTCHAR u519C.zh_hant
ENCODING 20892
SWIDTH 1000 0
DWIDTH 10 0
BBX 9 9 0 -1
BITMAP
0800
FF80
8880
1400
2480
E500
2200
2100
7080
ENDCHAR
STARTCHAR u51A0
ENCODING 20896
SWIDTH 1000 0
DWIDTH 10 0
BBX 9 9 0 -1
BITMAP
FF80
8080
7100
0780
F900
5500
5300
5080
9F80
ENDCHAR
STARTCHAR u51A2.zh_hant
ENCODING 20898
SWIDTH 1000 0
DWIDTH 10 0
BBX 9 9 0 -1
BITMAP
FF80
8080
7F00
2880
4D00
9600
2500
C480
1800
ENDCHAR
STARTCHAR u51A4.zh_hant
ENCODING 20900
SWIDTH 1000 0
DWIDTH 10 0
BBX 9 9 0 -1
BITMAP
FF80
8080
BE80
4200
FF00
4900
7F00
1480
E780
ENDCHAR
STARTCHAR u51A5
ENCODING 20901
SWIDTH 1000 0
DWIDTH 10 0
BBX 9 9 0 -1
BITMAP
FF80
8080
7F00
4100
7F00
4100
FF80
2200
C180
ENDCHAR
STARTCHAR u51AB.zh_hant
ENCODING 20907
SWIDTH 1000 0
DWIDTH 10 0
BBX 5 9 2 -1
BITMAP
40
20
00
00
00
08
10
20
C0
ENDCHAR
STARTCHAR u51AC.zh_hant
ENCODING 20908
SWIDTH 1000 0
DWIDTH 10 0
BBX 9 9 0 -1
BITMAP
1000
1F00
2100
5200
0C00
3200
CD80
3000
0E00
ENDCHAR
STARTCHAR u51AF.zh_hant
ENCODING 20911
SWIDTH 1000 0
DWIDTH 10 0
BBX 9 9 0 -1
BITMAP
8F00
4100
0900
0900
0F80
4080
5E80
8080
8180
ENDCHAR
STARTCHAR u51B0.zh_hant
ENCODING 20912
SWIDTH 1000 0
DWIDTH 10 0
BBX 9 9 0 -1
BITMAP
8200
4280
1B00
0A00
0A00
4B00
5280
9280
8600
ENDCHAR
STARTCHAR u51B1.zh_hant
ENCODING 20913
SWIDTH 1000 0
DWIDTH 10 0
BBX 9 9 0 -1
BITMAP
9F80
4400
0700
0900
0900
4F00
4900
8100
9F80
ENDCHAR
STARTCHAR u51B2.zh_hant
ENCODING 20914
SWIDTH 1000 0
DWIDTH 10 0
BBX 9 9 0 -1
BITMAP
8200
4200
1F80
1280
1280
5F80
4200
8200
8200
ENDCHAR
STARTCHAR u51B3.zh_hant
ENCODING 20915
SWIDTH 1000 0
DWIDTH 10 0
BBX 9 9 0 -1
BITMAP
8200
4F80
0280
0280
1F80
4200
4200
8500
9880
ENDCHAR
STARTCHAR u51B5.zh_hant
ENCODING 20917
SWIDTH 1000 0
DWIDTH 10 0
BBX 9 9 0 -1
BITMAP
9F80
5080
1080
1F80
0A00
4A00
4A80
9280
9380
ENDCHAR
STARTCHAR u51B6.zh_hant
ENCODING 20918
SWIDTH 1000 0
DWIDTH 10 0
BBX 9 9 0 -1
BITMAP
8400
4880
1080
1F80
0000
1F80
1080
5080
9F80
ENDCHAR
STARTCHAR u51B7.zh_hant
ENCODING 20919
SWIDTH 1000 0
DWIDTH 10 0
BBX 9 9 0 -1
BITMAP
8700
4880
1000
1F80
0000
5F80
4480
8480
8580
ENDCHAR
STARTCHAR u51BB.zh_hant
ENCODING 20923
SWIDTH 1000 0
DWIDTH 10 0
BBX 9 9 0 -1
BITMAP
0400
9F80
4800
1200
1F80
4200
4A80
9280
8600
ENDCHAR
STARTCHAR u51BC.zh_hant
ENCODING 20924
SWIDTH 1000 0
DWIDTH 10 0
BBX 9 9 0 -1
BITMAP
9200
5F80
1200
0200
1F80
4200
4600
8A80
9380
ENDCHAR
STARTCHAR u51BD.zh_hant
ENCODING 20925
SWIDTH 1000 0
DWIDTH 10 0
BBX 9 9 0 -1
BITMAP
9E80
4480
2E80
0A80
0A80
5680
4280
8480
9980
ENDCHAR
STARTCHAR u51C0.zh_hant
ENCODING 20928
SWIDTH 1000 0
DWIDTH 10 0
BBX 9 9 0 -1
BITMAP
0F00
9100
5F00
0500
1F80
4500
5F00
8400
8C00
ENDCHAR
STARTCHAR u51C4.zh_hant
ENCODING 20932
SWIDTH 1000 0
DWIDTH 10 0
BBX 9 9 0 -1
BITMAP
8400
5F80
0480
3F80
0480
5F80
4900
8E00
B180
ENDCHAR
STARTCHAR u51C6.zh_hant
ENCODING 20934
SWIDTH 1000 0
DWIDTH 10 0
BBX 9 9 0 -1
BITMAP
0900
9F80
5200
3F80
1200
5F80
5200
9200
9F80
ENDCHAR
STARTCHAR u51C7.zh_hant
ENCODING 20935
SWIDTH 1000 0
DWIDTH 10 0
BBX 9 9 0 -1
BITMAP
9300
5100
3480
1880
1200
5A00
7400
9480
9780
ENDCHAR
STARTCHAR u51C9.zh_hant
ENCODING 20937
SWIDTH 1000 0
DWIDTH 10 0
BBX 9 9 0 -1
BITMAP
8200
5F80
0000
0F80
0880
4F80
4200
9280
A680
ENDCHAR
STARTCHAR u51CB.zh_hant
ENCODING 20939
SWIDTH 1000 0
DWIDTH 10 0
BBX 9 9 0 -1
BITMAP
BF80
6480
3F80
2480
3F80
2080
AE80
AA80
AE80
ENDCHAR
STARTCHAR u51CC.zh_hant
ENCODING 20940
SWIDTH 1000 0
DWIDTH 10 0
BBX 9 9 0 -1
BITMAP
8200
5F80
0200
3F80
0A00
3780
0900
4600
9980
ENDCHAR
STARTCHAR u51CF.zh_hant
ENCODING 20943
SWIDTH 1000 0
DWIDTH 10 0
BBX 9 9 0 -1
BITMAP
0280
9F80
5200
1E00
1280
5E80
9300
AD00
2280
ENDCHAR
STARTCHAR u51D1.zh_hant
ENCODING 20945
SWIDTH 1000 0
DWIDTH 10 0
BBX 9 9 0 -1
BITMAP
0200
9F80
4400
1F80
0A80
5200
4F80
8500
9880
ENDCHAR
STARTCHAR u51DB.zh_hant
ENCODING 20955
SWIDTH 1000 0
DWIDTH 10 0
BBX 9 9 0 -1
BITMAP
8200
7F80
1680
1080
1F80
4000
5F80
8A00
9280
ENDCHAR
STARTCHAR u51DD.zh_hant
ENCODING 20957
SWIDTH 1000 0
DWIDTH 10 0
BBX 9 9 0 -1
BITMAP
2780
BC80
6100
3F80
2A80
7E00
4B80
9A00
AF80
ENDCHAR
STARTCHAR u51E0
ENCODING 20960
SWIDTH 1000 0
DWIDTH 10 0
BBX 9 9 0 -1
BITMAP
3E00
2200
2200
2200
2200
2200
2280
4280
8380
ENDCHAR
STARTCHAR u51E1
ENCODING 20961
SWIDTH 1000 0
DWIDTH 10 0
BBX 9 9 0 -1
BITMAP
3E00
2200
2200
3200
2A00
2A00
4280
4280
8380
ENDCHAR
STARTCHAR u51E4.zh_hant
ENCODING 20964
SWIDTH 1000 0
DWIDTH 10 0
BBX 9 9 0 -1
BITMAP
7F00
4100
5D00
5500
5500
5500
4900
5480
A280
ENDCHAR
STARTCHAR u51EB.zh_hant
ENCODING 20971
SWIDTH 1000 0
DWIDTH 10 0
BBX 9 9 0 -1
BITMAP
1000
7F00
5100
4A00
7F80
0080
3D00
2480
C780
ENDCHAR
STARTCHAR u51ED.zh_hant
ENCODING 20973
SWIDTH 1000 0
DWIDTH 10 0
BBX 9 9 0 -1
BITMAP
2F80
4200
DF80
4200
4F80
0000
3E00
2280
C380
ENDCHAR
STARTCHAR u51EF.zh_hant
ENCODING 20975
SWIDTH 1000 0
DWIDTH 10 0
BBX 9 9 0 -1
BITMAP
2380
AA80
FA80
0280
FA80
0A80
FA80
8280
FC80
ENDCHAR
STARTCHAR u51F0
ENCODING 20976
SWIDTH 1000 0
DWIDTH 10 0
BBX 9 9 0 -1
BITMAP
7F00
4900
5D00
5500
5D00
4900
5D00
4980
BE80
ENDCHAR
STARTCHAR u51F3.zh_hant
ENCODING 20979
SWIDTH 1000 0
DWIDTH 10 0
BBX 9 9 0 -1
BITMAP
FD00
1500
5280
3F00
D280
1200
FF80
2200
C380
ENDCHAR
STARTCHAR u51F5
ENCODING 20981
SWIDTH 1000 0
DWIDTH 10 0
BBX 9 9 0 -1
BITMAP
8080
8080
8080
8080
8080
8080
8080
8080
FF80
ENDCHAR
STARTCHAR u51F6
ENCODING 20982
SWIDTH 1000 0
DWIDTH 10 0
BBX 9 8 0 -1
BITMAP
A280
9480
8880
9480
A280
8080
8080
FF80
ENDCHAR
STARTCHAR u51F8
ENCODING 20984
SWIDTH 1000 0
DWIDTH 10 0
BBX 9 9 0 -1
BITMAP
3E00
2200
2200
2200
E380
8080
8080
8080
FF80
ENDCHAR
STARTCHAR u51F9
ENCODING 20985
SWIDTH 1000 0
DWIDTH 10 0
BBX 9 9 0 -1
BITMAP
F780
9480
9480
9480
9C80
8080
8080
8080
FF80
ENDCHAR
STARTCHAR u51FA
ENCODING 20986
SWIDTH 1000 0
DWIDTH 10 0
BBX 9 9 0 -1
BITMAP
0800
4900
4900
7F00
0800
8880
8880
8880
FF80
ENDCHAR
STARTCHAR u51FB
ENCODING 20987
SWIDTH 1000 0
DWIDTH 10 0
BBX 9 9 0 -1
BITMAP
0800
0800
7F00
0800
FF80
0800
4900
4900
7F00
ENDCHAR
STARTCHAR u51FD.zh_hant
ENCODING 20989
SWIDTH 1000 0
DWIDTH 10 0
BBX 9 9 0 -1
BITMAP
FF80
1000
1100
DA80
8C80
AA80
C980
8880
FF80
ENDCHAR
STARTCHAR u51FF.zh_hant
ENCODING 20991
SWIDTH 1000 0
DWIDTH 10 0
BBX 9 9 0 -1
BITMAP
5500
FF80
0000
9480
BE80
8880
BE80
8880
FF80
ENDCHAR
STARTCHAR u5200
ENCODING 20992
SWIDTH 1000 0
DWIDTH 10 0
BBX 9 9 0 -1
BITMAP
FF80
1080
1080
1080
1080
2080
2080
4080
8300
ENDCHAR
STARTCHAR u5201.zh_hant
ENCODING 20993
SWIDTH 1000 0
DWIDTH 10 0
BBX 8 9 1 -1
BITMAP
FF
01
01
09
31
C1
02
02
0C
ENDCHAR
STARTCHAR u5202.zh_hant
ENCODING 20994
SWIDTH 1000 0
DWIDTH 10 0
BBX 5 9 2 -1
BITMAP
08
88
88
88
88
88
88
08
38
ENDCHAR
STARTCHAR u5203.zh_hant
ENCODING 20995
SWIDTH 1000 0
DWIDTH 10 0
BBX 9 9 0 -1
BITMAP
FF80
1080
5080
3080
1080
2880
2480
4100
4600
ENDCHAR
STARTCHAR u5206.zh_hant
ENCODING 20998
SWIDTH 1000 0
DWIDTH 10 0
BBX 9 9 0 -1
BITMAP
2F00
2100
4100
4080
BF80
9100
1100
2100
2600
ENDCHAR
STARTCHAR u5207.zh_hant
ENCODING 20999
SWIDTH 1000 0
DWIDTH 10 0
BBX 9 9 0 -1
BITMAP
5F80
4480
5480
6480
C480
4880
4880
7100
0600
ENDCHAR
STARTCHAR u5208.zh_hant
ENCODING 21000
SWIDTH 1000 0
DWIDTH 10 0
BBX 9 9 0 -1
BITMAP
1080
1480
9480
5480
2480
2480
5480
4880
8180
ENDCHAR
STARTCHAR u520A.zh_hant
ENCODING 21002
SWIDTH 1000 0
DWIDTH 10 0
BBX 9 9 0 -1
BITMAP
F880
2480
2480
2480
FC80
2480
2480
2080
2180
ENDCHAR
STARTCHAR u520E.zh_hant
ENCODING 21006
SWIDTH 1000 0
DWIDTH 10 0
BBX 9 9 0 -1
BITMAP
4080
7A80
AA80
AA80
2A80
4A80
4A80
0880
3180
ENDCHAR
STARTCHAR u5211.zh_hant
ENCODING 21009
SWIDTH 1000 0
DWIDTH 10 0
BBX 9 9 0 -1
BITMAP
FC80
5280
5280
5280
FE80
5280
5280
9080
9180
ENDCHAR
STARTCHAR u5212.zh_hant
ENCODING 21010
SWIDTH 1000 0
DWIDTH 10 0
BBX 9 9 0 -1
BITMAP
4080
4880
FA80
4280
4A80
5280
2280
6080
9980
ENDCHAR
STARTCHAR u5216.zh_hant
ENCODING 21014
SWIDTH 1000 0
DWIDTH 10 0
BBX 9 9 0 -1
BITMAP
7880
4880
7A80
4A80
4A80
7A80
4A80
4880
9980
ENDCHAR
STARTCHAR u5217
ENCODING 21015
SWIDTH 1000 0
DWIDTH 10 0
BBX 9 9 0 -1
BITMAP
FC80
2280
3A80
4A80
AA80
1280
1280
2080
C180
ENDCHAR
STARTCHAR u5218
ENCODING 21016
SWIDTH 1000 0
DWIDTH 10 0
BBX 9 9 0 -1
BITMAP
4080
2280
FA80
1280
9280
5280
2280
5080
8980
ENDCHAR
STARTCHAR u5219
ENCODING 21017
SWIDTH 1000 0
DWIDTH 10 0
BBX 9 9 0 -1
BITMAP
F880
8A80
AA80
AA80
AA80
AA80
2280
5080
8980
ENDCHAR
STARTCHAR u521A
ENCODING 21018
SWIDTH 1000 0
DWIDTH 10 0
BBX 9 9 0 -1
BITMAP
F880
8A80
8A80
DA80
AA80
AA80
DA80
8880
9980
ENDCHAR
STARTCHAR u521B
ENCODING 21019
SWIDTH 1000 0
DWIDTH 10 0
BBX 9 9 0 -1
BITMAP
3080
4A80
8680
7A80
4A80
4A80
5880
4480
7D80
ENDCHAR
STARTCHAR u521D.zh_hant
ENCODING 21021
SWIDTH 1000 0
DWIDTH 10 0
BBX 9 9 0 -1
BITMAP
5F80
4480
F480
1480
2480
4880
E880
5080
5300
ENDCHAR
STARTCHAR u5220.zh_hant
ENCODING 21024
SWIDTH 1000 0
DWIDTH 10 0
BBX 9 9 0 -1
BITMAP
EE80
AA80
AA80
AA80
FF80
AA80
AA80
AA80
AA80
ENDCHAR
STARTCHAR u5224.zh_hant
ENCODING 21028
SWIDTH 1000 0
DWIDTH 10 0
BBX 9 9 0 -1
BITMAP
2080
AA80
B280
2280
FA80
2280
FA80
2080
2180
ENDCHAR
STARTCHAR u5228.zh_hant
ENCODING 21032
SWIDTH 1000 0
DWIDTH 10 0
BBX 9 9 0 -1
BITMAP
8080
FA80
0A80
EA80
AA80
EA80
9A80
8080
7980
ENDCHAR
STARTCHAR u5229.zh_hant
ENCODING 21033
SWIDTH 1000 0
DWIDTH 10 0
BBX 9 9 0 -1
BITMAP
1880
E280
2280
FA80
2280
3280
6A80
A080
2180
ENDCHAR
STARTCHAR u522B.zh_hant
ENCODING 21035
SWIDTH 1000 0
DWIDTH 10 0
BBX 9 9 0 -1
BITMAP
F880
8A80
8A80
FA80
2280
FA80
4A80
4880
9980
ENDCHAR
STARTCHAR u522E.zh_hant
ENCODING 21038
SWIDTH 1000 0
DWIDTH 10 0
BBX 9 9 0 -1
BITMAP
1880
E280
2280
FE80
2280
FA80
8A80
8880
F980
ENDCHAR
STARTCHAR u5230
ENCODING 21040
SWIDTH 1000 0
DWIDTH 10 0
BBX 9 9 0 -1
BITMAP
F880
2280
4A80
FA80
2280
FA80
2280
3880
C180
ENDCHAR
STARTCHAR u5233.zh_hant
ENCODING 21043
SWIDTH 1000 0
DWIDTH 10 0
BBX 9 9 0 -1
BITMAP
2080
FA80
5280
8A80
FA80
4280
FA80
8880
3180
ENDCHAR
STARTCHAR u5236
ENCODING 21046
SWIDTH 1000 0
DWIDTH 10 0
BBX 9 9 0 -1
BITMAP
A080
FA80
A280
FA80
2280
FA80
AA80
B880
2180
ENDCHAR
STARTCHAR u5237
ENCODING 21047
SWIDTH 1000 0
DWIDTH 10 0
BBX 9 9 0 -1
BITMAP
F880
8A80
FA80
A280
FA80
AA80
AA80
B880
A180
ENDCHAR
STARTCHAR u5238.zh_hant
ENCODING 21048
SWIDTH 1000 0
DWIDTH 10 0
BBX 9 9 0 -1
BITMAP
2900
2A00
FF80
1200
FF80
4100
BE80
1200
6600
ENDCHAR
STARTCHAR u5239.zh_hant
ENCODING 21049
SWIDTH 1000 0
DWIDTH 10 0
BBX 9 9 0 -1
BITMAP
5080
2280
5280
8A80
2280
FA80
2280
7080
A980
ENDCHAR
STARTCHAR u523A
ENCODING 21050
SWIDTH 1000 0
DWIDTH 10 0
BBX 9 9 0 -1
BITMAP
2080
FA80
2280
FA80
AA80
AA80
7280
A880
2180
ENDCHAR
STARTCHAR u523B.zh_hant
ENCODING 21051
SWIDTH 1000 0
DWIDTH 10 0
BBX 9 9 0 -1
BITMAP
1080
FE80
2280
4A80
5280
2280
CA80
3080
CD80
ENDCHAR
STARTCHAR u523D.zh_hant
ENCODING 21053
SWIDTH 1000 0
DWIDTH 10 0
BBX 9 9 0 -1
BITMAP
7080
8A80
0280
FA80
0280
FA80
5280
9080
E980
ENDCHAR
STARTCHAR u5241.zh_hant
ENCODING 21057
SWIDTH 1000 0
DWIDTH 10 0
BBX 9 9 0 -1
BITMAP
7080
5280
9A80
2280
FA80
2280
7280
A880
2180
ENDCHAR
STARTCHAR u5242.zh_hant
ENCODING 21058
SWIDTH 1000 0
DWIDTH 10 0
BBX 9 9 0 -1
BITMAP
1080
FC80
4A80
3280
CE80
2A80
2A80
4880
4980
ENDCHAR
STARTCHAR u5243.zh_hant
ENCODING 21059
SWIDTH 1000 0
DWIDTH 10 0
BBX 9 9 0 -1
BITMAP
4880
5280
FA80
2A80
FA80
A280
FC80
6480
AD80
ENDCHAR
STARTCHAR u524A.zh_hant
ENCODING 21066
SWIDTH 1000 0
DWIDTH 10 0
BBX 9 9 0 -1
BITMAP
2080
AA80
B280
2280
FA80
8A80
FA80
8880
9980
ENDCHAR
STARTCHAR u524C.zh_hant
ENCODING 21068
SWIDTH 1000 0
DWIDTH 10 0
BBX 9 9 0 -1
BITMAP
2080
FA80
2280
FA80
AA80
FA80
2280
6880
A580
ENDCHAR
STARTCHAR u524D.zh_hant
ENCODING 21069
SWIDTH 1000 0
DWIDTH 10 0
BBX 9 9 0 -1
BITMAP
2400
FF80
0000
F480
9480
F480
9480
F080
9180
ENDCHAR
STARTCHAR u5250
ENCODING 21072
SWIDTH 1000 0
DWIDTH 10 0
BBX 9 9 0 -1
BITMAP
7880
4A80
7A80
2280
FA80
AA80
DA80
8880
9980
ENDCHAR
STARTCHAR u5251.zh_hant
ENCODING 21073
SWIDTH 1000 0
DWIDTH 10 0
BBX 9 9 0 -1
BITMAP
7080
8A80
7A80
0280
AA80
AA80
AA80
1080
F980
ENDCHAR
STARTCHAR u5254.zh_hant
ENCODING 21076
SWIDTH 1000 0
DWIDTH 10 0
BBX 9 9 0 -1
BITMAP
F880
8A80
FA80
8A80
FA80
4280
FE80
5480
AD80
ENDCHAR
STARTCHAR u5256.zh_hant
ENCODING 21078
SWIDTH 1000 0
DWIDTH 10 0
BBX 9 9 0 -1
BITMAP
2080
FE80
4A80
4A80
FE80
0280
FA80
8880
F980
ENDCHAR
STARTCHAR u525C.zh_hant
ENCODING 21084
SWIDTH 1000 0
DWIDTH 10 0
BBX 9 9 0 -1
BITMAP
2080
FE80
8280
6E80
AA80
AA80
6E80
2880
CE80
ENDCHAR
STARTCHAR u525E.zh_hant
ENCODING 21086
SWIDTH 1000 0
DWIDTH 10 0
BBX 9 9 0 -1
BITMAP
2080
FA80
2280
5280
8A80
FE80
AA80
E880
1980
ENDCHAR
STARTCHAR u5265.zh_hant
ENCODING 21093
SWIDTH 1000 0
DWIDTH 10 0
BBX 9 9 0 -1
BITMAP
F880
0A80
FA80
0A80
FE80
AA80
7280
A880
6580
ENDCHAR
STARTCHAR u5267.zh_hant
ENCODING 21095
SWIDTH 1000 0
DWIDTH 10 0
BBX 9 9 0 -1
BITMAP
F880
8A80
FA80
9280
FA80
9280
7A80
4880
7980
ENDCHAR
STARTCHAR u5269.zh_hant
ENCODING 21097
SWIDTH 1000 0
DWIDTH 10 0
BBX 9 9 0 -1
BITMAP
F880
2280
FE80
2A80
6A80
AE80
3280
6880
A580
ENDCHAR
STARTCHAR u526A.zh_hant
ENCODING 21098
SWIDTH 1000 0
DWIDTH 10 0
BBX 9 9 0 -1
BITMAP
2200
FF80
9480
F480
9180
0000
FF80
1080
E300
ENDCHAR
STARTCHAR u526F.zh_hant
ENCODING 21103
SWIDTH 1000 0
DWIDTH 10 0
BBX 9 9 0 -1
BITMAP
FC80
0280
7A80
4A80
FE80
A480
FC80
A480
FD80
ENDCHAR
STARTCHAR u5272.zh_hant
ENCODING 21106
SWIDTH 1000 0
DWIDTH 10 0
BBX 9 9 0 -1
BITMAP
1080
FE80
9280
7E80
1280
FE80
4480
4480
7D80
ENDCHAR
STARTCHAR u527D
ENCODING 21117
SWIDTH 1000 0
DWIDTH 10 0
BBX 9 9 0 -1
BITMAP
F880
5280
FA80
AA80
FA80
0280
FA80
6080
A980
ENDCHAR
STARTCHAR u527F.zh_hant
ENCODING 21119
SWIDTH 1000 0
DWIDTH 10 0
BBX 9 9 0 -1
BITMAP
A880
5280
FA80
AA80
FA80
AA80
FE80
2880
A580
ENDCHAR
STARTCHAR u5281.zh_hant
ENCODING 21121
SWIDTH 1000 0
DWIDTH 10 0
BBX 9 9 0 -1
BITMAP
5080
7A80
D280
7A80
5280
5280
7A80
0080
A980
ENDCHAR
STARTCHAR u5282.zh_hant
ENCODING 21122
SWIDTH 1000 0
DWIDTH 10 0
BBX 9 9 0 -1
BITMAP
FC80
9080
DE80
AA80
F480
A480
F480
2A80
CA80
ENDCHAR
STARTCHAR u5288.zh_hant
ENCODING 21128
SWIDTH 1000 0
DWIDTH 10 0
BBX 9 9 0 -1
BITMAP
F200
9F80
F500
8500
FF80
9200
FF80
1080
E300
ENDCHAR
STARTCHAR u5293.zh_hant
ENCODING 21139
SWIDTH 1000 0
DWIDTH 10 0
BBX 9 9 0 -1
BITMAP
2080
7C80
4480
5480
FE80
9280
FE80
2880
C980
ENDCHAR
STARTCHAR u529B
ENCODING 21147
SWIDTH 1000 0
DWIDTH 10 0
BBX 9 9 0 -1
BITMAP
0800
0800
FF80
0880
0880
1080
1080
2080
C300
ENDCHAR
STARTCHAR u529D.zh_hant
ENCODING 21149
SWIDTH 1000 0
DWIDTH 10 0
BBX 9 9 0 -1
BITMAP
0200
F200
1F80
5280
2280
5280
5280
8480
0980
ENDCHAR
STARTCHAR u529E.zh_hant
ENCODING 21150
SWIDTH 1000 0
DWIDTH 10 0
BBX 9 9 0 -1
BITMAP
1000
1000
7E00
1200
5300
A280
2200
4200
8C00
ENDCHAR
STARTCHAR u529F.zh_hant
ENCODING 21151
SWIDTH 1000 0
DWIDTH 10 0
BBX 9 9 0 -1
BITMAP
0200
E200
5F80
4480
4480
4480
4880
E880
0300
ENDCHAR
STARTCHAR u52A0.zh_hant
ENCODING 21152
SWIDTH 1000 0
DWIDTH 10 0
BBX 9 9 0 -1
BITMAP
2000
2380
FA80
4A80
4A80
4A80
8A80
8A80
3380
ENDCHAR
STARTCHAR u52A1.zh_hant
ENCODING 21153
SWIDTH 1000 0
DWIDTH 10 0
BBX 9 9 0 -1
BITMAP
2000
3F80
5200
0C00
3300
C880
3F00
1100
E300
ENDCHAR
STARTCHAR u52A3.zh_hant
ENCODING 21155
SWIDTH 1000 0
DWIDTH 10 0
BBX 9 9 0 -1
BITMAP
0800
4900
9880
0600
F800
0800
7F80
1080
E300
ENDCHAR
STARTCHAR u52A8.zh_hant
ENCODING 21160
SWIDTH 1000 0
DWIDTH 10 0
BBX 9 9 0 -1
BITMAP
7A00
0200
0780
FA80
4280
5280
9480
E880
0B00
ENDCHAR
STARTCHAR u52A9.zh_hant
ENCODING 21161
SWIDTH 1000 0
DWIDTH 10 0
BBX 9 9 0 -1
BITMAP
F200
9200
FF80
9280
9280
F480
9480
9080
FB00
ENDCHAR
STARTCHAR u52AA.zh_hant
ENCODING 21162
SWIDTH 1000 0
DWIDTH 10 0
BBX 9 9 0 -1
BITMAP
2780
F880
4A80
3300
CC80
1000
FF80
1080
6700
ENDCHAR
STARTCHAR u52AB.zh_hant
ENCODING 21163
SWIDTH 1000 0
DWIDTH 10 0
BBX 9 9 0 -1
BITMAP
2200
F200
2F80
2280
F280
4480
9480
F080
1300
ENDCHAR
STARTCHAR u52AC.zh_hant
ENCODING 21164
SWIDTH 1000 0
DWIDTH 10 0
BBX 9 9 0 -1
BITMAP
4200
7A00
8F80
EA80
AA80
AA80
EC80
0880
3300
ENDCHAR
STARTCHAR u52AD.zh_hant
ENCODING 21165
SWIDTH 1000 0
DWIDTH 10 0
BBX 9 9 0 -1
BITMAP
F200
5200
5F80
B280
0280
F480
9480
9080
F300
ENDCHAR
STARTCHAR u52B1.zh_hant
ENCODING 21169
SWIDTH 1000 0
DWIDTH 10 0
BBX 9 9 0 -1
BITMAP
FA00
8200
FF80
A280
BA80
AA80
AC80
4880
5B00
ENDCHAR
STARTCHAR u52B2.zh_hant
ENCODING 21170
SWIDTH 1000 0
DWIDTH 10 0
BBX 9 9 0 -1
BITMAP
F200
1200
2780
DA80
0280
FC80
2480
2080
FB00
ENDCHAR
STARTCHAR u52B3.zh_hant
ENCODING 21171
SWIDTH 1000 0
DWIDTH 10 0
BBX 9 9 0 -1
BITMAP
2200
FF80
2200
FF80
8880
7F00
1100
2100
4300
ENDCHAR
STARTCHAR u52BE.zh_hant
ENCODING 21182
SWIDTH 1000 0
DWIDTH 10 0
BBX 9 9 0 -1
BITMAP
2200
FA00
4F80
8A80
5280
2480
C880
3080
CB00
ENDCHAR
STARTCHAR u52BF.zh_hant
ENCODING 21183
SWIDTH 1000 0
DWIDTH 10 0
BBX 9 9 0 -1
BITMAP
2200
F780
2280
3680
E380
2480
FF80
1080
E300
ENDCHAR
STARTCHAR u52C3.zh_hant
ENCODING 21187
SWIDTH 1000 0
DWIDTH 10 0
BBX 9 9 0 -1
BITMAP
2200
FA00
2780
FA80
9280
2480
FC80
2080
6300
ENDCHAR
STARTCHAR u52C7
ENCODING 21191
SWIDTH 1000 0
DWIDTH 10 0
BBX 9 9 0 -1
BITMAP
7F00
1200
7F00
4900
7F00
4900
FF80
1080
E380
ENDCHAR
STARTCHAR u52C9.zh_hant
ENCODING 21193
SWIDTH 1000 0
DWIDTH 10 0
BBX 9 9 0 -1
BITMAP
7200
9200
FF80
AA80
AA80
FC80
5580
9000
9F80
ENDCHAR
STARTCHAR u52CB.zh_hant
ENCODING 21195
SWIDTH 1000 0
DWIDTH 10 0
BBX 9 9 0 -1
BITMAP
7200
5200
FF80
8A80
AA80
AA80
AA80
5480
8900
ENDCHAR
STARTCHAR u52D2
ENCODING 21202
SWIDTH 1000 0
DWIDTH 10 0
BBX 9 9 0 -1
BITMAP
5200
FA00
5780
FA80
AA80
FA80
2280
FA80
2580
ENDCHAR
STARTCHAR u52D8.zh_hant
ENCODING 21208
SWIDTH 1000 0
DWIDTH 10 0
BBX 9 9 0 -1
BITMAP
4A00
FA00
4F80
7A80
4A80
FA80
AC80
8080
FB00
ENDCHAR
STARTCHAR u52DF.zh_hant
ENCODING 21215
SWIDTH 1000 0
DWIDTH 10 0
BBX 9 9 0 -1
BITMAP
FF80
1400
7F00
4100
FF80
2900
7F80
9100
2600
ENDCHAR
STARTCHAR u52E4
ENCODING 21220
SWIDTH 1000 0
DWIDTH 10 0
BBX 9 9 0 -1
BITMAP
FA00
5780
FA80
AA80
FA80
2280
FA80
2280
FD80
ENDCHAR
STARTCHAR u52F0.zh_hant
ENCODING 21232
SWIDTH 1000 0
DWIDTH 10 0
BBX 9 9 0 -1
BITMAP
2380
7A80
2B80
2A80
5380
FD00
5480
5600
AD80
ENDCHAR
STARTCHAR u52F9.zh_hant
ENCODING 21241
SWIDTH 1000 0
DWIDTH 10 0
BBX 9 9 0 -1
BITMAP
2000
3F80
4080
4080
8080
8080
0080
0100
0600
ENDCHAR
STARTCHAR u52FA.zh_hant
ENCODING 21242
SWIDTH 1000 0
DWIDTH 10 0
BBX 9 9 0 -1
BITMAP
2000
3F80
4080
4080
9080
8880
0080
0100
0600
ENDCHAR
STARTCHAR u52FE.zh_hant
ENCODING 21246
SWIDTH 1000 0
DWIDTH 10 0
BBX 9 9 0 -1
BITMAP
4000
7F80
8080
A080
2080
4480
7C80
0100
0E00
ENDCHAR
STARTCHAR u52FF.zh_hant
ENCODING 21247
SWIDTH 1000 0
DWIDTH 10 0
BBX 9 9 0 -1
BITMAP
2000
3F80
4A80
4A80
9280
9480
2480
4880
1300
ENDCHAR
STARTCHAR u5300.zh_hant
ENCODING 21248
SWIDTH 1000 0
DWIDTH 10 0
BBX 9 9 0 -1
BITMAP
2000
3F80
4080
9C80
0080
0680
7880
0100
0E00
ENDCHAR
STARTCHAR u5305.zh_hant
ENCODING 21253
SWIDTH 1000 0
DWIDTH 10 0
BBX 9 9 0 -1
BITMAP
2000
7F80
4080
BC80
A480
3D80
2000
2080
3F80
ENDCHAR
STARTCHAR u5306.zh_hant
ENCODING 21254
SWIDTH 1000 0
DWIDTH 10 0
BBX 9 9 0 -1
BITMAP
2000
3F80
4A80
6A80
9280
9C80
2680
4880
1300
ENDCHAR
STARTCHAR u5308.zh_hant
ENCODING 21256
SWIDTH 1000 0
DWIDTH 10 0
BBX 9 9 0 -1
BITMAP
2000
3F80
4480
A880
9480
6C80
4480
7C80
0300
ENDCHAR
STARTCHAR u530D.zh_hant
ENCODING 21261
SWIDTH 1000 0
DWIDTH 10 0
BBX 9 9 0 -1
BITMAP
2000
3F80
5480
FE80
9080
7C80
5480
7C80
5700
ENDCHAR
STARTCHAR u530F.zh_hant
ENCODING 21263
SWIDTH 1000 0
DWIDTH 10 0
BBX 9 9 0 -1
BITMAP
2400
FF80
5480
8F80
F900
4700
F400
9480
3780
ENDCHAR
STARTCHAR u5310.zh_hant
ENCODING 21264
SWIDTH 1000 0
DWIDTH 10 0
BBX 9 9 0 -1
BITMAP
2000
3F80
4080
FC80
A880
7C80
5480
7C80
0300
ENDCHAR
STARTCHAR u5315.zh_hant
ENCODING 21269
SWIDTH 1000 0
DWIDTH 10 0
BBX 9 9 0 -1
BITMAP
2000
2000
2100
2600
3800
E000
2080
2080
3F80
ENDCHAR
STARTCHAR u5316.zh_hant
ENCODING 21270
SWIDTH 1000 0
DWIDTH 10 0
BBX 9 9 0 -1
BITMAP
2800
2880
4900
CA00
4C00
4800
4880
4880
4F80
ENDCHAR
STARTCHAR u5317.zh_hant
ENCODING 21271
SWIDTH 1000 0
DWIDTH 10 0
BBX 9 9 0 -1
BITMAP
2400
2480
E500
2600
2400
2400
6480
A480
2780
ENDCHAR
STARTCHAR u5319.zh_hant
ENCODING 21273
SWIDTH 1000 0
DWIDTH 10 0
BBX 9 9 0 -1
BITMAP
F400
9480
F500
9600
F400
2480
B780
E000
9F80
ENDCHAR
STARTCHAR u531A
ENCODING 21274
SWIDTH 1000 0
DWIDTH 10 0
BBX 9 9 0 -1
BITMAP
FF80
8000
8000
8000
8000
8000
8000
8000
FF80
ENDCHAR
STARTCHAR u531D.zh_hant
ENCODING 21277
SWIDTH 1000 0
DWIDTH 10 0
BBX 9 9 0 -1
BITMAP
FF80
8400
8400
BF80
A480
A480
A580
8400
FF80
ENDCHAR
STARTCHAR u5320.zh_hant
ENCODING 21280
SWIDTH 1000 0
DWIDTH 10 0
BBX 9 9 0 -1
BITMAP
FF80
8000
9F00
9000
9F80
A200
A200
8200
FF80
ENDCHAR
STARTCHAR u5321.zh_hant
ENCODING 21281
SWIDTH 1000 0
DWIDTH 10 0
BBX 9 9 0 -1
BITMAP
FF80
8000
BF80
8400
9F00
8400
BF80
8000
FF80
ENDCHAR
STARTCHAR u5323
ENCODING 21283
SWIDTH 1000 0
DWIDTH 10 0
BBX 9 9 0 -1
BITMAP
FF80
8000
BF80
A480
BF80
A480
BF80
8400
FF80
ENDCHAR
STARTCHAR u532A.zh_hant
ENCODING 21290
SWIDTH 1000 0
DWIDTH 10 0
BBX 9 9 0 -1
BITMAP
FF80
8A00
8A00
FB80
8A00
BB80
8A00
9200
FF80
ENDCHAR
STARTCHAR u532E.zh_hant
ENCODING 21294
SWIDTH 1000 0
DWIDTH 10 0
BBX 9 9 0 -1
BITMAP
FF80
8800
BE00
AA00
FF00
A200
AA00
9400
FF80
ENDCHAR
STARTCHAR u5339.zh_hant
ENCODING 21305
SWIDTH 1000 0
DWIDTH 10 0
BBX 9 9 0 -1
BITMAP
FF80
9200
9200
9200
9280
A380
C000
8000
FF80
ENDCHAR
STARTCHAR u533A
ENCODING 21306
SWIDTH 1000 0
DWIDTH 10 0
BBX 9 9 0 -1
BITMAP
FF80
8000
9100
8A00
8400
8A00
B100
8000
FF80
ENDCHAR
STARTCHAR u533B.zh_hant
ENCODING 21307
SWIDTH 1000 0
DWIDTH 10 0
BBX 9 9 0 -1
BITMAP
FF80
9000
9F00
A400
FF80
8A00
9100
A080
FF80
ENDCHAR
STARTCHAR u533E.zh_hant
ENCODING 21310
SWIDTH 1000 0
DWIDTH 10 0
BBX 9 9 0 -1
BITMAP
FF80
A100
BF00
A000
BF80
AA80
BF80
CA80
FF80
ENDCHAR
STARTCHAR u533F.zh_hant
ENCODING 21311
SWIDTH 1000 0
DWIDTH 10 0
BBX 9 9 0 -1
BITMAP
FF80
9200
BF00
8800
FF80
9000
BF00
9100
FF80
ENDCHAR
STARTCHAR u5341
ENCODING 21313
SWIDTH 1000 0
DWIDTH 10 0
BBX 9 9 0 -1
BITMAP
0800
0800
0800
FF80
0800
0800
0800
0800
0800
ENDCHAR
STARTCHAR u5343
ENCODING 21315
SWIDTH 1000 0
DWIDTH 10 0
BBX 9 9 0 -1
BITMAP
0700
7800
0800
0800
FF80
0800
0800
0800
0800
ENDCHAR
STARTCHAR u5345
ENCODING 21317
SWIDTH 1000 0
DWIDTH 10 0
BBX 9 9 0 -1
BITMAP
4900
4900
4900
FF80
4900
4900
4900
4900
8100
ENDCHAR
STARTCHAR u5347
ENCODING 21319
SWIDTH 1000 0
DWIDTH 10 0
BBX 9 9 0 -1
BITMAP
1A00
E200
2200
2200
FF80
2200
2200
4200
8200
ENDCHAR
STARTCHAR u5348
ENCODING 21320
SWIDTH 1000 0
DWIDTH 10 0
BBX 9 9 0 -1
BITMAP
4000
7F00
8800
0800
FF80
0800
0800
0800
0800
ENDCHAR
STARTCHAR u5349.zh_hant
ENCODING 21321
SWIDTH 1000 0
DWIDTH 10 0
BBX 9 9 0 -1
BITMAP
0800
FF80
0800
2A00
2200
FF80
2200
4200
4200
ENDCHAR
STARTCHAR u534A
ENCODING 21322
SWIDTH 1000 0
DWIDTH 10 0
BBX 9 9 0 -1
BITMAP
4900
2A00
0800
7F00
0800
0800
FF80
0800
0800
ENDCHAR
STARTCHAR u534E.zh_hant
ENCODING 21326
SWIDTH 1000 0
DWIDTH 10 0
BBX 9 9 0 -1
BITMAP
1480
2700
EC00
2480
2380
0800
FF80
0800
0800
ENDCHAR
STARTCHAR u534F.zh_hant
ENCODING 21327
SWIDTH 1000 0
DWIDTH 10 0
BBX 9 9 0 -1
BITMAP
4400
4400
5F00
E500
4500
5580
5500
4900
5300
ENDCHAR
STARTCHAR u5351
ENCODING 21329
SWIDTH 1000 0
DWIDTH 10 0
BBX 9 9 0 -1
BITMAP
1000
7F00
4900
7F00
4900
7F00
2400
FF80
0400
ENDCHAR
STARTCHAR u5352
ENCODING 21330
SWIDTH 1000 0
DWIDTH 10 0
BBX 9 9 0 -1
BITMAP
0800
FF80
2200
2200
5500
0800
FF80
0800
0800
ENDCHAR
STARTCHAR u5353
ENCODING 21331
SWIDTH 1000 0
DWIDTH 10 0
BBX 9 9 0 -1
BITMAP
0800
0F80
0800
7F00
4100
7F00
4100
FF80
0800
ENDCHAR
STARTCHAR u5355
ENCODING 21333
SWIDTH 1000 0
DWIDTH 10 0
BBX 9 9 0 -1
BITMAP
2200
7F00
4900
7F00
4900
7F00
0800
FF80
0800
ENDCHAR
STARTCHAR u5356
ENCODING 21334
SWIDTH 1000 0
DWIDTH 10 0
BBX 9 9 0 -1
BITMAP
0800
7F00
0800
FF80
5480
2400
FF80
0A00
F180
ENDCHAR
STARTCHAR u5357
ENCODING 21335
SWIDTH 1000 0
DWIDTH 10 0
BBX 9 9 0 -1
BITMAP
0800
FF80
0800
FF80
9480
BE80
8880
BE80
8980
ENDCHAR
STARTCHAR u535A
ENCODING 21338
SWIDTH 1000 0
DWIDTH 10 0
BBX 9 9 0 -1
BITMAP
4280
5F80
4A80
EF80
4A80
4100
5F80
4900
4500
ENDCHAR
STARTCHAR u535C.zh_hant
ENCODING 21340
SWIDTH 1000 0
DWIDTH 10 0
BBX 4 9 3 -1
BITMAP
80
80
80
C0
A0
90
80
80
80
ENDCHAR
STARTCHAR u535E.zh_hant
ENCODING 21342
SWIDTH 1000 0
DWIDTH 10 0
BBX 9 9 0 -1
BITMAP
0800
FF80
0800
0C00
0A00
0900
0800
0800
0800
ENDCHAR
STARTCHAR u535F.zh_hant
ENCODING 21343
SWIDTH 1000 0
DWIDTH 10 0
BBX 9 9 0 -1
BITMAP
0400
F400
9400
9600
9500
9480
9400
F400
0400
ENDCHAR
STARTCHAR u5360.zh_hant
ENCODING 21344
SWIDTH 1000 0
DWIDTH 10 0
BBX 7 9 1 -1
BITMAP
10
10
1E
10
10
FE
82
82
FE
ENDCHAR
STARTCHAR u5361.zh_hant
ENCODING 21345
SWIDTH 1000 0
DWIDTH 10 0
BBX 9 9 0 -1
BITMAP
1000
1E00
1000
1000
FF80
1000
1C00
1300
1000
ENDCHAR
STARTCHAR u5362
ENCODING 21346
SWIDTH 1000 0
DWIDTH 10 0
BBX 9 9 0 -1
BITMAP
0800
0F80
0800
7F00
4100
7F00
4000
4000
8000
ENDCHAR
STARTCHAR u5364.zh_hant
ENCODING 21348
SWIDTH 1000 0
DWIDTH 10 0
BBX 8 9 1 -1
BITMAP
10
1F
10
FE
AA
92
AA
82
FE
ENDCHAR
STARTCHAR u5366.zh_hant
ENCODING 21350
SWIDTH 1000 0
DWIDTH 10 0
BBX 9 9 0 -1
BITMAP
2200
FA00
2200
FB00
2280
FA00
2200
2200
FA00
ENDCHAR
STARTCHAR u5367.zh_hant
ENCODING 21351
SWIDTH 1000 0
DWIDTH 10 0
BBX 9 9 0 -1
BITMAP
FA00
A200
A200
F600
9300
F280
A200
A200
FA00
ENDCHAR
STARTCHAR u5369.zh_hant
ENCODING 21353
SWIDTH 1000 0
DWIDTH 10 0
BBX 6 9 2 -1
BITMAP
FC
84
84
84
84
84
9C
80
80
ENDCHAR
STARTCHAR u536B
ENCODING 21355
SWIDTH 1000 0
DWIDTH 10 0
BBX 9 9 0 -1
BITMAP
7F00
1100
1100
1100
1100
1600
1000
1000
FF80
ENDCHAR
STARTCHAR u536E.zh_hant
ENCODING 21358
SWIDTH 1000 0
DWIDTH 10 0
BBX 9 9 0 -1
BITMAP
7F80
4000
7F80
4000
5F00
5100
5300
9080
9F80
ENDCHAR
STARTCHAR u536F.zh_hant
ENCODING 21359
SWIDTH 1000 0
DWIDTH 10 0
BBX 9 9 0 -1
BITMAP
3780
C480
9480
9480
9480
F480
9480
2580
2400
ENDCHAR
STARTCHAR u5370.zh_hant
ENCODING 21360
SWIDTH 1000 0
DWIDTH 10 0
BBX 9 9 0 -1
BITMAP
3780
C480
8480
F480
8480
8480
8480
F580
0400
ENDCHAR
STARTCHAR u5371
ENCODING 21361
SWIDTH 1000 0
DWIDTH 10 0
BBX 9 9 0 -1
BITMAP
3E00
4400
FF80
4000
5F00
5100
5300
5080
9F80
ENDCHAR
STARTCHAR u5373.zh_hant
ENCODING 21363
SWIDTH 1000 0
DWIDTH 10 0
BBX 9 9 0 -1
BITMAP
F780
9480
F480
9480
9480
F480
A480
9580
EC00
ENDCHAR
STARTCHAR u5374.zh_hant
ENCODING 21364
SWIDTH 1000 0
DWIDTH 10 0
BBX 9 9 0 -1
BITMAP
2780
FC80
2480
2480
FC80
4480
8C80
F580
0400
ENDCHAR
STARTCHAR u5375.zh_hant
ENCODING 21365
SWIDTH 1000 0
DWIDTH 10 0
BBX 9 9 0 -1
BITMAP
3780
C480
9480
D680
9580
B480
D480
1580
6400
ENDCHAR
STARTCHAR u5377
ENCODING 21367
SWIDTH 1000 0
DWIDTH 10 0
BBX 9 9 0 -1
BITMAP
4900
2A00
FF80
1400
FF80
4500
BC80
2200
3E00
ENDCHAR
STARTCHAR u5378.zh_hant
ENCODING 21368
SWIDTH 1000 0
DWIDTH 10 0
BBX 9 9 0 -1
BITMAP
4780
7C80
A480
FC80
2480
3480
A480
A580
FC00
ENDCHAR
STARTCHAR u537F.zh_hant
ENCODING 21375
SWIDTH 1000 0
DWIDTH 10 0
BBX 9 9 0 -1
BITMAP
FB80
AA80
BA80
AA80
BA80
A280
EA80
3B80
6200
ENDCHAR
STARTCHAR u5382
ENCODING 21378
SWIDTH 1000 0
DWIDTH 10 0
BBX 9 9 0 -1
BITMAP
7F80
4000
4000
4000
4000
4000
4000
4000
8000
ENDCHAR
STARTCHAR u5384
ENCODING 21380
SWIDTH 1000 0
DWIDTH 10 0
BBX 9 9 0 -1
BITMAP
7F80
4000
5F00
5100
5100
5300
5000
5080
8F80
ENDCHAR
STARTCHAR u5385
ENCODING 21381
SWIDTH 1000 0
DWIDTH 10 0
BBX 9 9 0 -1
BITMAP
7F80
4000
5F80
4200
4200
4200
4200
4200
8E00
ENDCHAR
STARTCHAR u5386
ENCODING 21382
SWIDTH 1000 0
DWIDTH 10 0
BBX 9 9 0 -1
BITMAP
7F80
4800
4800
7F80
4880
4880
5080
5080
A300
ENDCHAR
STARTCHAR u5389
ENCODING 21385
SWIDTH 1000 0
DWIDTH 10 0
BBX 9 9 0 -1
BITMAP
7F80
4000
5F80
4800
4F80
4880
4880
5080
9180
ENDCHAR
STARTCHAR u538B.zh_hant
ENCODING 21387
SWIDTH 1000 0
DWIDTH 10 0
BBX 9 9 0 -1
BITMAP
7F80
4000
4400
4400
5F80
8400
8500
0480
3F80
ENDCHAR
STARTCHAR u538C
ENCODING 21388
SWIDTH 1000 0
DWIDTH 10 0
BBX 9 9 0 -1
BITMAP
7F80
4000
4500
4400
7F80
4400
4A00
5100
A080
ENDCHAR
STARTCHAR u5395.zh_hant
ENCODING 21397
SWIDTH 1000 0
DWIDTH 10 0
BBX 9 9 0 -1
BITMAP
7F80
4000
7A80
4A80
AA80
AA80
AA80
5080
8980
ENDCHAR
STARTCHAR u5398
ENCODING 21400
SWIDTH 1000 0
DWIDTH 10 0
BBX 9 9 0 -1
BITMAP
7F80
4000
5F80
5480
5F80
5480
5F80
4400
BF80
ENDCHAR
STARTCHAR u539A.zh_hant
ENCODING 21402
SWIDTH 1000 0
DWIDTH 10 0
BBX 9 9 0 -1
BITMAP
7F80
5080
5F80
5080
5F80
4100
9F80
8200
0E00
ENDCHAR
STARTCHAR u539D.zh_hant
ENCODING 21405
SWIDTH 1000 0
DWIDTH 10 0
BBX 9 9 0 -1
BITMAP
7F80
4A00
5F00
4A00
7F80
5100
5F00
5100
9F00
ENDCHAR
STARTCHAR u539F
ENCODING 21407
SWIDTH 1000 0
DWIDTH 10 0
BBX 9 9 0 -1
BITMAP
7F80
4400
5F00
5100
5F00
5100
5F00
5500
AC80
ENDCHAR
STARTCHAR u53A2.zh_hant
ENCODING 21410
SWIDTH 1000 0
DWIDTH 10 0
BBX 9 9 0 -1
BITMAP
7F80
4800
4B80
7E80
4B80
5A80
AF80
AA80
0B80
ENDCHAR
STARTCHAR u53A5.zh_hant
ENCODING 21413
SWIDTH 1000 0
DWIDTH 10 0
BBX 9 9 0 -1
BITMAP
FF80
9400
A400
FF80
A280
AA00
FA00
2500
4880
ENDCHAR
STARTCHAR u53A6.zh_hant
ENCODING 21414
SWIDTH 1000 0
DWIDTH 10 0
BBX 9 9 0 -1
BITMAP
FF80
8400
BF00
A100
BF00
A100
D300
1E00
E180
ENDCHAR
STARTCHAR u53A8.zh_hant
ENCODING 21416
SWIDTH 1000 0
DWIDTH 10 0
BBX 9 9 0 -1
BITMAP
FF80
8100
F900
8780
F900
8D00
F900
5100
FB00
ENDCHAR
STARTCHAR u53A9.zh_hant
ENCODING 21417
SWIDTH 1000 0
DWIDTH 10 0
BBX 9 9 0 -1
BITMAP
FF80
8000
F780
9500
F500
9F80
F300
A500
D980
ENDCHAR
STARTCHAR u53AE.zh_hant
ENCODING 21422
SWIDTH 1000 0
DWIDTH 10 0
BBX 9 9 0 -1
BITMAP
FF80
AA00
FA00
AB80
BA80
AA80
FE80
2280
4880
ENDCHAR
STARTCHAR u53B6.zh_hant
ENCODING 21430
SWIDTH 1000 0
DWIDTH 10 0
BBX 9 9 0 -1
BITMAP
1000
1000
1000
2100
2100
2100
4680
F880
0080
ENDCHAR
STARTCHAR u53BB.zh_hant
ENCODING 21435
SWIDTH 1000 0
DWIDTH 10 0
BBX 9 9 0 -1
BITMAP
0800
7F00
0800
0800
FF80
1200
2200
4500
7900
ENDCHAR
STARTCHAR u53BF.zh_hant
ENCODING 21439
SWIDTH 1000 0
DWIDTH 10 0
BBX 9 9 0 -1
BITMAP
3E00
2200
3E00
2200
3E00
2200
FF80
2200
7D00
ENDCHAR
STARTCHAR u53C1.zh_hant
ENCODING 21441
SWIDTH 1000 0
DWIDTH 10 0
BBX 9 9 0 -1
BITMAP
2200
7D00
0800
FF80
2200
4100
BE80
0000
FF80
ENDCHAR
STARTCHAR u53C2.zh_hant
ENCODING 21442
SWIDTH 1000 0
DWIDTH 10 0
BBX 9 9 0 -1
BITMAP
2200
7F00
0800
FF80
2200
CD00
3080
0600
7800
ENDCHAR
STARTCHAR u53C8
ENCODING 21448
SWIDTH 1000 0
DWIDTH 10 0
BBX 9 9 0 -1
BITMAP
7F00
4100
4100
2200
2200
1400
0800
3600
C180
ENDCHAR
STARTCHAR u53C9
ENCODING 21449
SWIDTH 1000 0
DWIDTH 10 0
BBX 9 9 0 -1
BITMAP
7F00
5100
4900
2200
2200
1400
0800
3600
C180
ENDCHAR
STARTCHAR u53CA.zh_hant
ENCODING 21450
SWIDTH 1000 0
DWIDTH 10 0
BBX 8 9 1 -1
BITMAP
FE
22
24
7F
41
92
8C
32
C1
ENDCHAR
STARTCHAR u53CB.zh_hant
ENCODING 21451
SWIDTH 1000 0
DWIDTH 10 0
BBX 9 9 0 -1
BITMAP
1000
FF80
1000
1F00
2100
2900
4A00
8600
3980
ENDCHAR
STARTCHAR u53CC
ENCODING 21452
SWIDTH 1000 0
DWIDTH 10 0
BBX 9 9 0 -1
BITMAP
F780
1480
9480
9480
9480
5500
2200
5500
8880
ENDCHAR
STARTCHAR u53CD.zh_hant
ENCODING 21453
SWIDTH 1000 0
DWIDTH 10 0
BBX 9 9 0 -1
BITMAP
7F80
4000
4000
7F00
5100
5100
8A00
8E00
3180
ENDCHAR
STARTCHAR u53D1
ENCODING 21457
SWIDTH 1000 0
DWIDTH 10 0
BBX 9 9 0 -1
BITMAP
5200
9100
FF80
2000
3F00
3100
5200
4C00
B380
ENDCHAR
STARTCHAR u53D4.zh_hant
ENCODING 21460
SWIDTH 1000 0
DWIDTH 10 0
BBX 9 9 0 -1
BITMAP
2780
3880
2280
2280
FA80
2100
A900
AA80
6C80
ENDCHAR
STARTCHAR u53D6.zh_hans
ENCODING 21462
SWIDTH 1000 0
DWIDTH 10 0
BBX 9 9 0 -1
BITMAP
FB80
4A80
7A80
4A80
7A80
4900
4900
FA80
0C80
ENDCHAR
STARTCHAR u53D7.zh_hant
ENCODING 21463
SWIDTH 1000 0
DWIDTH 10 0
BBX 9 9 0 -1
BITMAP
7F00
2500
1200
FF80
8080
7E00
2200
1C00
E380
ENDCHAR
STARTCHAR u53D8.zh_hant
ENCODING 21464
SWIDTH 1000 0
DWIDTH 10 0
BBX 9 9 0 -1
BITMAP
0800
FF80
1400
5500
9480
7F00
2200
1C00
E380
ENDCHAR
STARTCHAR u53D9.zh_hant
ENCODING 21465
SWIDTH 1000 0
DWIDTH 10 0
BBX 9 9 0 -1
BITMAP
7780
8080
F880
2280
FA80
2280
A900
AB00
6C80
ENDCHAR
STARTCHAR u53DB.zh_hant
ENCODING 21467
SWIDTH 1000 0
DWIDTH 10 0
BBX 9 9 0 -1
BITMAP
2F80
A800
A800
2F80
F880
2480
F500
4300
4C80
ENDCHAR
STARTCHAR u53DF.zh_hant
ENCODING 21471
SWIDTH 1000 0
DWIDTH 10 0
BBX 9 9 0 -1
BITMAP
2800
CB80
8880
EB80
8880
FF80
2200
1C00
E380
ENDCHAR
STARTCHAR u53E0.zh_hant
ENCODING 21472
SWIDTH 1000 0
DWIDTH 10 0
BBX 9 9 0 -1
BITMAP
7F00
2100
BE80
4100
BE80
2200
3E00
2200
FF80
ENDCHAR
STARTCHAR u53E3
ENCODING 21475
SWIDTH 1000 0
DWIDTH 10 0
BBX 7 7 1 0
BITMAP
FE
82
82
82
82
82
FE
ENDCHAR
STARTCHAR u53E4
ENCODING 21476
SWIDTH 1000 0
DWIDTH 10 0
BBX 9 9 0 -1
BITMAP
0800
0800
FF80
0800
0800
7F00
4100
4100
7F00
ENDCHAR
STARTCHAR u53E5.zh_hant
ENCODING 21477
SWIDTH 1000 0
DWIDTH 10 0
BBX 9 9 0 -1
BITMAP
2000
3F80
4080
7C80
A480
A480
3C80
0100
0600
ENDCHAR
STARTCHAR u53E6.zh_hant
ENCODING 21478
SWIDTH 1000 0
DWIDTH 10 0
BBX 9 9 0 -1
BITMAP
7F00
4100
4100
7F00
0800
FF80
1080
2080
C300
ENDCHAR
STARTCHAR u53E8.zh_hant
ENCODING 21480
SWIDTH 1000 0
DWIDTH 10 0
BBX 9 9 0 -1
BITMAP
1F80
E480
A480
A480
A480
A480
A880
E880
0300
ENDCHAR
STARTCHAR u53E9.zh_hant
ENCODING 21481
SWIDTH 1000 0
DWIDTH 10 0
BBX 9 9 0 -1
BITMAP
F780
9480
9480
9480
9480
9480
9480
F580
0400
ENDCHAR
STARTCHAR u53EA
ENCODING 21482
SWIDTH 1000 0
DWIDTH 10 0
BBX 9 9 0 -1
BITMAP
7F00
4100
4100
4100
7F00
0000
2200
4100
8080
ENDCHAR
STARTCHAR u53EB.zh_hant
ENCODING 21483
SWIDTH 1000 0
DWIDTH 10 0
BBX 9 9 0 -1
BITMAP
0100
E900
A900
A900
A900
A980
AF00
F900
0100
ENDCHAR
STARTCHAR u53EC.zh_hant
ENCODING 21484
SWIDTH 1000 0
DWIDTH 10 0
BBX 9 9 0 -1
BITMAP
FF80
0880
3080
C300
0000
7F00
4100
4100
7F00
ENDCHAR
STARTCHAR u53ED.zh_hant
ENCODING 21485
SWIDTH 1000 0
DWIDTH 10 0
BBX 9 9 0 -1
BITMAP
0F00
E100
A900
A900
A900
A900
A880
F080
1080
ENDCHAR
STARTCHAR u53EE
ENCODING 21486
SWIDTH 1000 0
DWIDTH 10 0
BBX 9 9 0 -1
BITMAP
1F80
E200
A200
A200
A200
A200
E200
0200
0E00
ENDCHAR
STARTCHAR u53EF
ENCODING 21487
SWIDTH 1000 0
DWIDTH 10 0
BBX 9 9 0 -1
BITMAP
FF80
0100
7900
4900
4900
4900
7900
0100
0700
ENDCHAR
STARTCHAR u53F0.zh_hant
ENCODING 21488
SWIDTH 1000 0
DWIDTH 10 0
BBX 9 9 0 -1
BITMAP
1000
2100
4100
FF80
0000
7F00
4100
4100
7F00
ENDCHAR
STARTCHAR u53F1.zh_hant
ENCODING 21489
SWIDTH 1000 0
DWIDTH 10 0
BBX 9 9 0 -1
BITMAP
0800
E800
A980
AE00
B800
A800
A880
E880
0F80
ENDCHAR
STARTCHAR u53F2
ENCODING 21490
SWIDTH 1000 0
DWIDTH 10 0
BBX 9 9 0 -1
BITMAP
0800
7F00
4900
4900
7F00
0800
2800
1800
E780
ENDCHAR
STARTCHAR u53F3.zh_hant
ENCODING 21491
SWIDTH 1000 0
DWIDTH 10 0
BBX 9 9 0 -1
BITMAP
0800
FF80
1000
1000
3F00
6100
A100
2100
3F00
ENDCHAR
STARTCHAR u53F5
ENCODING 21493
SWIDTH 1000 0
DWIDTH 10 0
BBX 9 9 0 -1
BITMAP
FF80
8000
BF00
A100
A100
A100
BF00
8000
FF80
ENDCHAR
STARTCHAR u53F6.zh_hant
ENCODING 21494
SWIDTH 1000 0
DWIDTH 10 0
BBX 9 9 0 -1
BITMAP
0200
E200
A200
BF80
A200
A200
A200
E200
0200
ENDCHAR
STARTCHAR u53F7.zh_hant
ENCODING 21495
SWIDTH 1000 0
DWIDTH 10 0
BBX 9 9 0 -1
BITMAP
7F00
4100
7F00
0000
FF80
2000
7F00
4100
0E00
ENDCHAR
STARTCHAR u53F8
ENCODING 21496
SWIDTH 1000 0
DWIDTH 10 0
BBX 9 9 0 -1
BITMAP
FF80
0080
FE80
0080
7C80
4480
4480
7C80
0180
ENDCHAR
STARTCHAR u53F9.zh_hant
ENCODING 21497
SWIDTH 1000 0
DWIDTH 10 0
BBX 9 9 0 -1
BITMAP
0F80
E080
A080
A880
A900
A500
A200
E500
1880
ENDCHAR
STARTCHAR u53FB.zh_hant
ENCODING 21499
SWIDTH 1000 0
DWIDTH 10 0
BBX 9 9 0 -1
BITMAP
0400
E400
BF80
A480
A480
A480
A880
E880
1300
ENDCHAR
STARTCHAR u53FC.zh_hant
ENCODING 21500
SWIDTH 1000 0
DWIDTH 10 0
BBX 9 9 0 -1
BITMAP
0F80
E080
A080
A280
AC80
A080
A100
E100
0600
ENDCHAR
STARTCHAR u53FD.zh_hant
ENCODING 21501
SWIDTH 1000 0
DWIDTH 10 0
BBX 9 9 0 -1
BITMAP
0F00
E900
A900
A900
A900
A900
E900
1100
2180
ENDCHAR
STARTCHAR u5401.zh_hant
ENCODING 21505
SWIDTH 1000 0
DWIDTH 10 0
BBX 9 9 0 -1
BITMAP
1F80
E200
A200
A200
BF80
A200
A200
E200
0600
ENDCHAR
STARTCHAR u5403.zh_hant
ENCODING 21507
SWIDTH 1000 0
DWIDTH 10 0
BBX 9 9 0 -1
BITMAP
0800
EF80
B000
AF80
A200
A400
A880
E880
0F80
ENDCHAR
STARTCHAR u5404.zh_hant
ENCODING 21508
SWIDTH 1000 0
DWIDTH 10 0
BBX 9 9 0 -1
BITMAP
3F00
2100
5200
0C00
1200
3F00
E180
2100
3F00
ENDCHAR
STARTCHAR u5406.zh_hant
ENCODING 21510
SWIDTH 1000 0
DWIDTH 10 0
BBX 9 9 0 -1
BITMAP
0400
E500
B900
AA00
A400
A800
E900
1300
3C80
ENDCHAR
STARTCHAR u5408
ENCODING 21512
SWIDTH 1000 0
DWIDTH 10 0
BBX 9 9 0 -1
BITMAP
1C00
2200
4100
BE80
0000
7F00
4100
4100
7F00
ENDCHAR
STARTCHAR u5409
ENCODING 21513
SWIDTH 1000 0
DWIDTH 10 0
BBX 9 9 0 -1
BITMAP
0800
FF80
0800
7F00
0000
7F00
4100
4100
7F00
ENDCHAR
STARTCHAR u540A
ENCODING 21514
SWIDTH 1000 0
DWIDTH 10 0
BBX 9 9 0 -1
BITMAP
7F00
4100
4100
7F00
0800
FF80
8880
8880
8980
ENDCHAR
STARTCHAR u540C
ENCODING 21516
SWIDTH 1000 0
DWIDTH 10 0
BBX 9 9 0 -1
BITMAP
FF80
8080
BE80
8080
BE80
A280
BE80
8080
8180
ENDCHAR
STARTCHAR u540D
ENCODING 21517
SWIDTH 1000 0
DWIDTH 10 0
BBX 9 9 0 -1
BITMAP
1000
3F00
6100
9200
0C00
3F80
D080
1080
1F80
ENDCHAR
STARTCHAR u540E
ENCODING 21518
SWIDTH 1000 0
DWIDTH 10 0
BBX 9 9 0 -1
BITMAP
0700
7800
4000
7F80
4000
5F80
5080
5080
9F80
ENDCHAR
STARTCHAR u540F
ENCODING 21519
SWIDTH 1000 0
DWIDTH 10 0
BBX 9 9 0 -1
BITMAP
0800
FF80
0800
7F00
4900
7F00
2800
1800
E780
ENDCHAR
STARTCHAR u5410.zh_hant
ENCODING 21520
SWIDTH 1000 0
DWIDTH 10 0
BBX 9 9 0 -1
BITMAP
0200
E200
BF80
A200
A200
A200
A200
E200
1F80
ENDCHAR
STARTCHAR u5411
ENCODING 21521
SWIDTH 1000 0
DWIDTH 10 0
BBX 9 9 0 -1
BITMAP
1000
2000
FF80
8080
BE80
A280
A280
BE80
8180
ENDCHAR
STARTCHAR u5412.zh_hant
ENCODING 21522
SWIDTH 1000 0
DWIDTH 10 0
BBX 9 9 0 -1
BITMAP
0080
EF00
A400
A400
BF80
A400
A400
E480
0780
ENDCHAR
STARTCHAR u5413.zh_hant
ENCODING 21523
SWIDTH 1000 0
DWIDTH 10 0
BBX 9 9 0 -1
BITMAP
1F80
E400
A400
A600
A580
A400
A400
E400
0400
ENDCHAR
STARTCHAR u5415
ENCODING 21525
SWIDTH 1000 0
DWIDTH 10 0
BBX 9 9 0 -1
BITMAP
7F00
4100
4100
7F00
0000
FF80
8080
8080
FF80
ENDCHAR
STARTCHAR u5416.zh_hant
ENCODING 21526
SWIDTH 1000 0
DWIDTH 10 0
BBX 9 9 0 -1
BITMAP
0880
E480
A500
A000
A200
A200
A200
E200
0600
ENDCHAR
STARTCHAR u5417.zh_hant
ENCODING 21527
SWIDTH 1000 0
DWIDTH 10 0
BBX 9 9 0 -1
BITMAP
0F00
E100
A900
A900
AF80
A080
FE80
0080
0180
ENDCHAR
STARTCHAR u541B
ENCODING 21531
SWIDTH 1000 0
DWIDTH 10 0
BBX 9 9 0 -1
BITMAP
7F00
1100
FF80
1100
7F00
2000
7F00
A100
3F00
ENDCHAR
STARTCHAR u541D
ENCODING 21533
SWIDTH 1000 0
DWIDTH 10 0
BBX 9 9 0 -1
BITMAP
0800
FF80
2200
1C00
2200
C180
7F00
4100
7F00
ENDCHAR
STARTCHAR u541E
ENCODING 21534
SWIDTH 1000 0
DWIDTH 10 0
BBX 9 9 0 -1
BITMAP
7F00
0800
FF80
2200
4100
FF80
4100
4100
7F00
ENDCHAR
STARTCHAR u541F.zh_hant
ENCODING 21535
SWIDTH 1000 0
DWIDTH 10 0
BBX 9 9 0 -1
BITMAP
0700
E880
B000
AF80
A000
AF80
A080
E100
0600
ENDCHAR
STARTCHAR u5420.zh_hant
ENCODING 21536
SWIDTH 1000 0
DWIDTH 10 0
BBX 9 9 0 -1
BITMAP
0280
E280
BF80
A200
A200
A200
A500
E880
3080
ENDCHAR
STARTCHAR u5421.zh_hant
ENCODING 21537
SWIDTH 1000 0
DWIDTH 10 0
BBX 9 9 0 -1
BITMAP
0A00
EA00
AA80
AF00
AA00
AA00
EA00
0E80
1980
ENDCHAR
STARTCHAR u5426.zh_hant
ENCODING 21542
SWIDTH 1000 0
DWIDTH 10 0
BBX 9 9 0 -1
BITMAP
FF80
0400
1A00
E900
0880
7F00
4100
4100
7F00
ENDCHAR
STARTCHAR u5427
ENCODING 21543
SWIDTH 1000 0
DWIDTH 10 0
BBX 9 9 0 -1
BITMAP
0F80
EA80
AA80
AA80
AF80
A800
E800
0880
0780
ENDCHAR
STARTCHAR u5428.zh_hant
ENCODING 21544
SWIDTH 1000 0
DWIDTH 10 0
BBX 9 9 0 -1
BITMAP
0200
EF80
A200
AA80
AA80
AF80
A200
E280
0180
ENDCHAR
STARTCHAR u5429.zh_hant
ENCODING 21545
SWIDTH 1000 0
DWIDTH 10 0
BBX 9 9 0 -1
BITMAP
0700
E100
A880
A880
BF80
A480
A480
E880
0B00
ENDCHAR
STARTCHAR u542B.zh_hant
ENCODING 21547
SWIDTH 1000 0
DWIDTH 10 0
BBX 9 9 0 -1
BITMAP
1C00
2200
7F00
8080
3E00
0400
7F00
4100
7F00
ENDCHAR
STARTCHAR u542C.zh_hant
ENCODING 21548
SWIDTH 1000 0
DWIDTH 10 0
BBX 9 9 0 -1
BITMAP
0180
EE00
A800
AF80
A900
A900
A900
F100
1100
ENDCHAR
STARTCHAR u542D.zh_hant
ENCODING 21549
SWIDTH 1000 0
DWIDTH 10 0
BBX 9 9 0 -1
BITMAP
0400
FF80
A000
AF00
A900
A900
A900
F100
1180
ENDCHAR
STARTCHAR u542E.zh_hant
ENCODING 21550
SWIDTH 1000 0
DWIDTH 10 0
BBX 9 9 0 -1
BITMAP
0400
E880
A880
BF80
A500
A500
A500
E900
3180
ENDCHAR
STARTCHAR u542F.zh_hant
ENCODING 21551
SWIDTH 1000 0
DWIDTH 10 0
BBX 9 9 0 -1
BITMAP
0800
7F00
4100
7F00
4000
5F80
5080
5080
9F80
ENDCHAR
STARTCHAR u5431
ENCODING 21553
SWIDTH 1000 0
DWIDTH 10 0
BBX 9 9 0 -1
BITMAP
0200
EF80
A200
A200
AF80
A880
A500
E200
0D80
ENDCHAR
STARTCHAR u5434.zh_hant
ENCODING 21556
SWIDTH 1000 0
DWIDTH 10 0
BBX 9 9 0 -1
BITMAP
7F00
4100
7F00
0000
7F00
0800
FF80
1400
E380
ENDCHAR
STARTCHAR u5435.zh_hant
ENCODING 21557
SWIDTH 1000 0
DWIDTH 10 0
BBX 9 9 0 -1
BITMAP
0200
EA80
AA80
B280
A600
A100
A200
E400
1800
ENDCHAR
STARTCHAR u5438.zh_hant
ENCODING 21560
SWIDTH 1000 0
DWIDTH 10 0
BBX 9 9 0 -1
BITMAP
1F00
E900
AA00
AF80
A880
B480
A300
E500
1880
ENDCHAR
STARTCHAR u5439.zh_hant
ENCODING 21561
SWIDTH 1000 0
DWIDTH 10 0
BBX 9 9 0 -1
BITMAP
0800
EF80
AA80
B280
A200
A200
A200
E500
1880
ENDCHAR
STARTCHAR u543B.zh_hant
ENCODING 21563
SWIDTH 1000 0
DWIDTH 10 0
BBX 9 9 0 -1
BITMAP
0800
EF80
BA80
AA80
AA80
B480
A480
E880
0B00
ENDCHAR
STARTCHAR u543C.zh_hant
ENCODING 21564
SWIDTH 1000 0
DWIDTH 10 0
BBX 9 9 0 -1
BITMAP
1D00
E500
A500
A900
AF00
B900
A900
E900
1980
ENDCHAR
STARTCHAR u543E
ENCODING 21566
SWIDTH 1000 0
DWIDTH 10 0
BBX 9 9 0 -1
BITMAP
7F00
1000
7E00
2200
FF80
0000
7F00
4100
7F00
ENDCHAR
STARTCHAR u5440.zh_hant
ENCODING 21568
SWIDTH 1000 0
DWIDTH 10 0
BBX 9 9 0 -1
BITMAP
1F80
E900
A900
A900
BF80
A300
A500
E900
1300
ENDCHAR
STARTCHAR u5443.zh_hant
ENCODING 21571
SWIDTH 1000 0
DWIDTH 10 0
BBX 9 9 0 -1
BITMAP
0F80
E800
AB80
AA80
AA80
AA80
AA00
EA80
1380
ENDCHAR
STARTCHAR u5446
ENCODING 21574
SWIDTH 1000 0
DWIDTH 10 0
BBX 9 9 0 -1
BITMAP
7F00
4100
4100
7F00
0800
FF80
1C00
2A00
C980
ENDCHAR
STARTCHAR u5448.zh_hant
ENCODING 21576
SWIDTH 1000 0
DWIDTH 10 0
BBX 9 9 0 -1
BITMAP
7F00
4100
7F00
0000
7F00
0800
7F00
0800
FF80
ENDCHAR
STARTCHAR u544A.zh_hant
ENCODING 21578
SWIDTH 1000 0
DWIDTH 10 0
BBX 9 9 0 -1
BITMAP
4800
7F00
8800
FF80
0000
7F00
4100
4100
7F00
ENDCHAR
STARTCHAR u544B.zh_hant
ENCODING 21579
SWIDTH 1000 0
DWIDTH 10 0
BBX 9 9 0 -1
BITMAP
0200
FF80
A200
A200
BF80
A200
A200
E500
1880
ENDCHAR
STARTCHAR u5450.zh_hant
ENCODING 21584
SWIDTH 1000 0
DWIDTH 10 0
BBX 9 9 0 -1
BITMAP
0600
E200
AF80
AA80
AA80
AD80
A880
E880
0980
ENDCHAR
STARTCHAR u5452
ENCODING 21586
SWIDTH 1000 0
DWIDTH 10 0
BBX 9 9 0 -1
BITMAP
0F80
E200
A200
A200
AF80
A200
A680
EA80
1380
ENDCHAR
STARTCHAR u5453
ENCODING 21587
SWIDTH 1000 0
DWIDTH 10 0
BBX 9 9 0 -1
BITMAP
0900
FF80
A900
A000
AF00
A200
E400
0880
0780
ENDCHAR
STARTCHAR u5454.zh_hant
ENCODING 21588
SWIDTH 1000 0
DWIDTH 10 0
BBX 9 9 0 -1
BITMAP
0200
E200
BF80
A200
A500
A500
A880
EA80
1280
ENDCHAR
STARTCHAR u5455.zh_hant
ENCODING 21589
SWIDTH 1000 0
DWIDTH 10 0
BBX 9 9 0 -1
BITMAP
0F80
E880
AA80
A900
A900
AA80
AC80
E800
0F80
ENDCHAR
STARTCHAR u5457.zh_hant
ENCODING 21591
SWIDTH 1000 0
DWIDTH 10 0
BBX 9 9 0 -1
BITMAP
0F80
E880
A880
AA80
AA80
AA80
E200
0500
1880
ENDCHAR
STARTCHAR u5458
ENCODING 21592
SWIDTH 1000 0
DWIDTH 10 0
BBX 9 9 0 -1
BITMAP
3E00
2200
3E00
0000
7F00
4100
4900
1400
E380
ENDCHAR
STARTCHAR u5459
ENCODING 21593
SWIDTH 1000 0
DWIDTH 10 0
BBX 9 9 0 -1
BITMAP
7F00
4100
7F00
0800
FF80
8880
9480
A280
8180
ENDCHAR
STARTCHAR u545B.zh_hant
ENCODING 21595
SWIDTH 1000 0
DWIDTH 10 0
BBX 9 9 0 -1
BITMAP
0600
E900
B080
AF00
A900
A900
AB00
E880
0780
ENDCHAR
STARTCHAR u545C.zh_hant
ENCODING 21596
SWIDTH 1000 0
DWIDTH 10 0
BBX 9 9 0 -1
BITMAP
0400
EF00
A900
AB00
A800
AF80
A080
FE80
0180
ENDCHAR
STARTCHAR u5462.zh_hant
ENCODING 21602
SWIDTH 1000 0
DWIDTH 10 0
BBX 9 9 0 -1
BITMAP
0F80
E880
AF80
AA00
AA80
AB00
AA00
EA80
1380
ENDCHAR
STARTCHAR u5464.zh_hant
ENCODING 21604
SWIDTH 1000 0
DWIDTH 10 0
BBX 9 9 0 -1
BITMAP
0700
E880
A000
AF80
A000
AF80
A480
E580
0400
ENDCHAR
STARTCHAR u5466.zh_hant
ENCODING 21606
SWIDTH 1000 0
DWIDTH 10 0
BBX 9 9 0 -1
BITMAP
0A00
F200
A780
B280
AA80
B280
A480
FC80
0300
ENDCHAR
STARTCHAR u5468.zh_hant
ENCODING 21608
SWIDTH 1000 0
DWIDTH 10 0
BBX 9 9 0 -1
BITMAP
7F80
4880
7E80
4880
7F80
4080
7E80
A280
BF80
ENDCHAR
STARTCHAR u5471.zh_hant
ENCODING 21617
SWIDTH 1000 0
DWIDTH 10 0
BBX 9 9 0 -1
BITMAP
3F80
E900
A900
A900
A900
A900
AA80
DE80
4080
ENDCHAR
STARTCHAR u5472.zh_hant
ENCODING 21618
SWIDTH 1000 0
DWIDTH 10 0
BBX 9 9 0 -1
BITMAP
0A00
EA00
AA80
AF00
AA00
AA00
AA80
EE80
3380
ENDCHAR
STARTCHAR u5473.zh_hant
ENCODING 21619
SWIDTH 1000 0
DWIDTH 10 0
BBX 9 9 0 -1
BITMAP
0200
EF80
A200
A200
BF80
A200
A600
EB00
1280
ENDCHAR
STARTCHAR u5475
ENCODING 21621
SWIDTH 1000 0
DWIDTH 10 0
BBX 9 9 0 -1
BITMAP
1F80
E100
AF00
AB00
AB00
AB00
EF00
0100
0300
ENDCHAR
STARTCHAR u5476.zh_hant
ENCODING 21622
SWIDTH 1000 0
DWIDTH 10 0
BBX 9 9 0 -1
BITMAP
0B80
E880
BE80
AA80
B280
AB00
A500
EA80
1480
ENDCHAR
STARTCHAR u5477
ENCODING 21623
SWIDTH 1000 0
DWIDTH 10 0
BBX 9 9 0 -1
BITMAP
0F80
EA80
AA80
AF80
AA80
AA80
EF80
0200
0200
ENDCHAR
STARTCHAR u5478.zh_hant
ENCODING 21624
SWIDTH 1000 0
DWIDTH 10 0
BBX 9 9 0 -1
BITMAP
0F80
E100
A200
A700
AA80
B200
A200
E000
0F80
ENDCHAR
STARTCHAR u547B
ENCODING 21627
SWIDTH 1000 0
DWIDTH 10 0
BBX 9 9 0 -1
BITMAP
0200
EF80
AA80
AF80
AA80
AA80
EF80
0200
0200
ENDCHAR
STARTCHAR u547C.zh_hans
ENCODING 21628
SWIDTH 1000 0
DWIDTH 10 0
BBX 9 9 0 -1
BITMAP
0380
EE00
A280
AB00
A200
BF80
A200
E200
0600
ENDCHAR
STARTCHAR u547D
ENCODING 21629
SWIDTH 1000 0
DWIDTH 10 0
BBX 9 9 0 -1
BITMAP
1C00
2200
DD80
0000
F780
9480
9480
F580
0400
ENDCHAR
STARTCHAR u5480.zh_hant
ENCODING 21632
SWIDTH 1000 0
DWIDTH 10 0
BBX 9 9 0 -1
BITMAP
0F80
E880
AF80
A880
A880
AF80
A880
E880
1F80
ENDCHAR
STARTCHAR u5482.zh_hant
ENCODING 21634
SWIDTH 1000 0
DWIDTH 10 0
BBX 9 9 0 -1
BITMAP
3F80
E200
AF80
AA80
AA80
AA80
AA80
E200
3F80
ENDCHAR
STARTCHAR u5484.zh_hant
ENCODING 21636
SWIDTH 1000 0
DWIDTH 10 0
BBX 9 9 0 -1
BITMAP
0200
EA80
AA80
AF80
A200
A200
AA80
EA80
0F80
ENDCHAR
STARTCHAR u5486.zh_hant
ENCODING 21638
SWIDTH 1000 0
DWIDTH 10 0
BBX 9 9 0 -1
BITMAP
0800
EF80
B080
AF80
A900
AF00
A800
E880
0F80
ENDCHAR
STARTCHAR u548B.zh_hant
ENCODING 21643
SWIDTH 1000 0
DWIDTH 10 0
BBX 9 9 0 -1
BITMAP
0800
EF80
B400
A780
A400
A400
A780
E400
0400
ENDCHAR
STARTCHAR u548C
ENCODING 21644
SWIDTH 1000 0
DWIDTH 10 0
BBX 9 9 0 -1
BITMAP
1800
E780
2480
FC80
2480
7480
6C80
A780
2000
ENDCHAR
STARTCHAR u548E.zh_hant
ENCODING 21646
SWIDTH 1000 0
DWIDTH 10 0
BBX 9 9 0 -1
BITMAP
7200
5200
D500
3880
CF80
0000
7F00
4100
7F00
ENDCHAR
STARTCHAR u548F.zh_hant
ENCODING 21647
SWIDTH 1000 0
DWIDTH 10 0
BBX 9 9 0 -1
BITMAP
0F00
E000
BE00
A280
BB00
AA00
AB00
F280
2600
ENDCHAR
STARTCHAR u5490.zh_hant
ENCODING 21648
SWIDTH 1000 0
DWIDTH 10 0
BBX 9 9 0 -1
BITMAP
0480
E480
AF80
B880
AC80
AA80
A880
E880
0980
ENDCHAR
STARTCHAR u5492
ENCODING 21650
SWIDTH 1000 0
DWIDTH 10 0
BBX 9 9 0 -1
BITMAP
F780
9480
F780
0000
3E00
2200
2200
4280
8380
ENDCHAR
STARTCHAR u5494.zh_hant
ENCODING 21652
SWIDTH 1000 0
DWIDTH 10 0
BBX 9 9 0 -1
BITMAP
0400
E700
A400
BF80
A400
A600
A580
E400
0400
ENDCHAR
STARTCHAR u5495.zh_hant
ENCODING 21653
SWIDTH 1000 0
DWIDTH 10 0
BBX 9 9 0 -1
BITMAP
0200
E200
AF80
A200
A200
AF80
A880
E880
0F80
ENDCHAR
STARTCHAR u5496.zh_hant
ENCODING 21654
SWIDTH 1000 0
DWIDTH 10 0
BBX 9 9 0 -1
BITMAP
0800
EB80
BE80
AA80
AA80
AA80
AA80
CA80
3580
ENDCHAR
STARTCHAR u5499.zh_hant
ENCODING 21657
SWIDTH 1000 0
DWIDTH 10 0
BBX 9 9 0 -1
BITMAP
0A00
E900
BF80
AA00
AA80
AB00
AE00
EA80
1380
ENDCHAR
STARTCHAR u549A.zh_hant
ENCODING 21658
SWIDTH 1000 0
DWIDTH 10 0
BBX 9 9 0 -1
BITMAP
0800
EF80
B080
A900
AE00
B180
A200
EC00
0380
ENDCHAR
STARTCHAR u549B
ENCODING 21659
SWIDTH 1000 0
DWIDTH 10 0
BBX 9 9 0 -1
BITMAP
0200
EF80
A880
A000
AF80
A200
E200
0200
0600
ENDCHAR
STARTCHAR u549D
ENCODING 21661
SWIDTH 1000 0
DWIDTH 10 0
BBX 9 8 0 -1
BITMAP
E900
AA00
B380
A900
B200
BB80
E000
1F80
ENDCHAR
STARTCHAR u54A3
ENCODING 21667
SWIDTH 1000 0
DWIDTH 10 0
BBX 9 9 0 -1
BITMAP
0200
EA80
A700
A200
BF80
A500
A500
E500
1980
ENDCHAR
STARTCHAR u54A4.zh_hant
ENCODING 21668
SWIDTH 1000 0
DWIDTH 10 0
BBX 9 9 0 -1
BITMAP
0400
FF80
A080
BF00
A400
A780
BC00
E480
0780
ENDCHAR
STARTCHAR u54A6.zh_hant
ENCODING 21670
SWIDTH 1000 0
DWIDTH 10 0
BBX 9 9 0 -1
BITMAP
0200
EF80
A200
AF80
AA00
AF80
A280
E500
1880
ENDCHAR
STARTCHAR u54A7.zh_hant
ENCODING 21671
SWIDTH 1000 0
DWIDTH 10 0
BBX 9 9 0 -1
BITMAP
1E80
E880
AE80
B280
AA80
A680
A480
E480
1980
ENDCHAR
STARTCHAR u54A8.zh_hant
ENCODING 21672
SWIDTH 1000 0
DWIDTH 10 0
BBX 9 9 0 -1
BITMAP
0800
EF80
0A80
1200
4500
8880
7F00
4100
7F00
ENDCHAR
STARTCHAR u54A9.zh_hant
ENCODING 21673
SWIDTH 1000 0
DWIDTH 10 0
BBX 9 9 0 -1
BITMAP
0480
E500
AF80
A200
AF80
A200
A200
FF80
0200
ENDCHAR
STARTCHAR u54AA.zh_hant
ENCODING 21674
SWIDTH 1000 0
DWIDTH 10 0
BBX 9 9 0 -1
BITMAP
0A80
EB00
A200
BF80
A200
AA00
AB00
F280
0200
ENDCHAR
STARTCHAR u54AB
ENCODING 21675
SWIDTH 1000 0
DWIDTH 10 0
BBX 9 9 0 -1
BITMAP
7B80
4A80
4A80
7B80
5000
5100
5280
4800
8780
ENDCHAR
STARTCHAR u54AC
ENCODING 21676
SWIDTH 1000 0
DWIDTH 10 0
BBX 9 9 0 -1
BITMAP
0200
EF80
A500
A880
B500
A500
E200
0500
1880
ENDCHAR
STARTCHAR u54AD.zh_hant
ENCODING 21677
SWIDTH 1000 0
DWIDTH 10 0
BBX 9 9 0 -1
BITMAP
0200
EF80
A200
AF80
A000
AF80
A880
E880
0F80
ENDCHAR
STARTCHAR u54AF.zh_hant
ENCODING 21679
SWIDTH 1000 0
DWIDTH 10 0
BBX 9 9 0 -1
BITMAP
0780
E880
B500
A300
A480
AF80
B880
E880
0F80
ENDCHAR
STARTCHAR u54B1.zh_hant
ENCODING 21681
SWIDTH 1000 0
DWIDTH 10 0
BBX 9 9 0 -1
BITMAP
0400
EF80
A880
AF80
A880
AF80
A880
E880
0F80
ENDCHAR
STARTCHAR u54B3.zh_hant
ENCODING 21683
SWIDTH 1000 0
DWIDTH 10 0
BBX 9 9 0 -1
BITMAP
0200
FF80
A480
A900
AA00
A480
A900
E600
1980
ENDCHAR
STARTCHAR u54B8.zh_hant
ENCODING 21688
SWIDTH 1000 0
DWIDTH 10 0
BBX 9 9 0 -1
BITMAP
0480
7F80
4200
7A80
4280
7900
A900
BA80
8C80
ENDCHAR
STARTCHAR u54BB.zh_hant
ENCODING 21691
SWIDTH 1000 0
DWIDTH 10 0
BBX 9 9 0 -1
BITMAP
0500
E900
BB80
A900
A900
AB80
AD80
E900
0900
ENDCHAR
STARTCHAR u54BD.zh_hant
ENCODING 21693
SWIDTH 1000 0
DWIDTH 10 0
BBX 9 9 0 -1
BITMAP
3F80
E480
A480
BF80
A480
AA80
B180
E080
3F80
ENDCHAR
STARTCHAR u54BF.zh_hant
ENCODING 21695
SWIDTH 1000 0
DWIDTH 10 0
BBX 9 9 0 -1
BITMAP
0F80
EA80
AF80
9280
9780
9200
F200
1200
1400
ENDCHAR
STARTCHAR u54C0.zh_hant
ENCODING 21696
SWIDTH 1000 0
DWIDTH 10 0
BBX 9 9 0 -1
BITMAP
0800
FF80
2200
2200
3E00
1480
E500
2200
7980
ENDCHAR
STARTCHAR u54C1
ENCODING 21697
SWIDTH 1000 0
DWIDTH 10 0
BBX 9 9 0 -1
BITMAP
3E00
2200
2200
3E00
0000
F780
9480
9480
F780
ENDCHAR
STARTCHAR u54C2.zh_hant
ENCODING 21698
SWIDTH 1000 0
DWIDTH 10 0
BBX 9 9 0 -1
BITMAP
3F80
CA00
BF80
AA80
AA80
AA80
B380
E080
3F80
ENDCHAR
STARTCHAR u54C4.zh_hant
ENCODING 21700
SWIDTH 1000 0
DWIDTH 10 0
BBX 9 9 0 -1
BITMAP
0900
E900
BF80
A900
A900
BF80
A000
E900
1080
ENDCHAR
STARTCHAR u54C6.zh_hant
ENCODING 21702
SWIDTH 1000 0
DWIDTH 10 0
BBX 9 9 0 -1
BITMAP
0700
F880
A480
A300
AE00
A180
A480
E300
1E00
ENDCHAR
STARTCHAR u54C7.zh_hant
ENCODING 21703
SWIDTH 1000 0
DWIDTH 10 0
BBX 9 9 0 -1
BITMAP
0200
EF80
A200
BF80
A200
AF80
A200
E200
1F80
ENDCHAR
STARTCHAR u54C8.zh_hant
ENCODING 21704
SWIDTH 1000 0
DWIDTH 10 0
BBX 9 9 0 -1
BITMAP
0700
E880
B000
AF80
A000
AF80
A880
E880
0F80
ENDCHAR
STARTCHAR u54C9.zh_hant
ENCODING 21705
SWIDTH 1000 0
DWIDTH 10 0
BBX 9 9 0 -1
BITMAP
4500
F480
4400
FF80
0200
F280
9100
9280
F480
ENDCHAR
STARTCHAR u54CD.zh_hant
ENCODING 21709
SWIDTH 1000 0
DWIDTH 10 0
BBX 9 9 0 -1
BITMAP
0400
E800
BF80
A080
AE80
AA80
AA80
EE80
2180
ENDCHAR
STARTCHAR u54CE.zh_hant
ENCODING 21710
SWIDTH 1000 0
DWIDTH 10 0
BBX 9 9 0 -1
BITMAP
0900
FF80
A900
A000
A900
A500
A200
E500
1880
ENDCHAR
STARTCHAR u54CF.zh_hant
ENCODING 21711
SWIDTH 1000 0
DWIDTH 10 0
BBX 9 9 0 -1
BITMAP
0F80
E880
AF80
A880
AF80
AA00
AA80
E900
0C80
ENDCHAR
STARTCHAR u54D0
ENCODING 21712
SWIDTH 1000 0
DWIDTH 10 0
BBX 9 9 0 -1
BITMAP
0F80
E800
AB80
A900
AB80
A900
AB80
E800
0F80
ENDCHAR
STARTCHAR u54D1.zh_hant
ENCODING 21713
SWIDTH 1000 0
DWIDTH 10 0
BBX 9 9 0 -1
BITMAP
1F80
EA00
AA00
AA80
BB00
AA00
AA00
EA00
1F80
ENDCHAR
STARTCHAR u54D2.zh_hans
ENCODING 21714
SWIDTH 1000 0
DWIDTH 10 0
BBX 9 9 0 -1
BITMAP
1100
E900
A780
B900
A900
AA80
EC80
0800
1780
ENDCHAR
STARTCHAR u54D3.zh_hant
ENCODING 21715
SWIDTH 1000 0
DWIDTH 10 0
BBX 9 9 0 -1
BITMAP
0400
EF80
A500
A280
AD80
A000
AF80
E500
1980
ENDCHAR
STARTCHAR u54D4.zh_hant
ENCODING 21716
SWIDTH 1000 0
DWIDTH 10 0
BBX 9 9 0 -1
BITMAP
0900
ED80
A900
AD00
A980
A200
BF80
E200
0200
ENDCHAR
STARTCHAR u54D5
ENCODING 21717
SWIDTH 1000 0
DWIDTH 10 0
BBX 9 9 0 -1
BITMAP
0200
EA80
AF80
A200
A780
A880
E380
0100
0600
ENDCHAR
STARTCHAR u54D7.zh_hant
ENCODING 21719
SWIDTH 1000 0
DWIDTH 10 0
BBX 9 9 0 -1
BITMAP
0680
EB00
BA00
AA80
A980
A200
BF80
E200
0200
ENDCHAR
STARTCHAR u54D9
ENCODING 21721
SWIDTH 1000 0
DWIDTH 10 0
BBX 9 9 0 -1
BITMAP
0200
E500
A880
A700
A000
AF80
A400
E900
0E80
ENDCHAR
STARTCHAR u54DA.zh_hant
ENCODING 21722
SWIDTH 1000 0
DWIDTH 10 0
BBX 9 9 0 -1
BITMAP
0F00
E900
B180
A200
BF80
A200
AB00
F280
0200
ENDCHAR
STARTCHAR u54DD.zh_hant
ENCODING 21725
SWIDTH 1000 0
DWIDTH 10 0
BBX 9 9 0 -1
BITMAP
0200
EF80
AA80
A400
AA80
BA80
A900
ED00
1080
ENDCHAR
STARTCHAR u54DE.zh_hant
ENCODING 21726
SWIDTH 1000 0
DWIDTH 10 0
BBX 9 9 0 -1
BITMAP
0400
E880
BF80
AA00
AF00
A200
BF80
E200
0200
ENDCHAR
STARTCHAR u54DF.zh_hant
ENCODING 21727
SWIDTH 1000 0
DWIDTH 10 0
BBX 9 9 0 -1
BITMAP
0A00
D380
A480
B880
9280
A180
B880
C080
3B00
ENDCHAR
STARTCHAR u54E5
ENCODING 21733
SWIDTH 1000 0
DWIDTH 10 0
BBX 9 9 0 -1
BITMAP
FF80
4500
7D00
0100
FF80
4500
7D00
0100
0700
ENDCHAR
STARTCHAR u54E6
ENCODING 21734
SWIDTH 1000 0
DWIDTH 10 0
BBX 9 9 0 -1
BITMAP
0700
FA80
AA00
BF80
AA00
AA80
BD00
E900
1A80
ENDCHAR
STARTCHAR u54E7.zh_hant
ENCODING 21735
SWIDTH 1000 0
DWIDTH 10 0
BBX 9 9 0 -1
BITMAP
0200
EF80
A200
BF80
A500
AD00
A580
E900
0B00
ENDCHAR
STARTCHAR u54E8.zh_hant
ENCODING 21736
SWIDTH 1000 0
DWIDTH 10 0
BBX 9 9 0 -1
BITMAP
0200
EA80
AB00
A200
AF80
A880
AF80
E880
0980
ENDCHAR
STARTCHAR u54E9
ENCODING 21737
SWIDTH 1000 0
DWIDTH 10 0
BBX 9 9 0 -1
BITMAP
0F80
EA80
AF80
AA80
AF80
A200
EF80
0200
1F80
ENDCHAR
STARTCHAR u54EA.zh_hant
ENCODING 21738
SWIDTH 1000 0
DWIDTH 10 0
BBX 9 9 0 -1
BITMAP
1F80
EA80
BE80
AB00
AA80
BE80
EB00
1200
1600
ENDCHAR
STARTCHAR u54ED.zh_hant
ENCODING 21741
SWIDTH 1000 0
DWIDTH 10 0
BBX 9 9 0 -1
BITMAP
F780
9480
9480
F780
0900
FF80
1400
2200
C180
ENDCHAR
STARTCHAR u54EE.zh_hant
ENCODING 21742
SWIDTH 1000 0
DWIDTH 10 0
BBX 9 9 0 -1
BITMAP
0400
FF80
A480
A500
BF80
A500
AF80
F200
0600
ENDCHAR
STARTCHAR u54F2.zh_hant
ENCODING 21746
SWIDTH 1000 0
DWIDTH 10 0
BBX 9 9 0 -1
BITMAP
4F80
F800
4F80
E900
4900
0000
7F00
4100
7F00
ENDCHAR
STARTCHAR u54FA
ENCODING 21754
SWIDTH 1000 0
DWIDTH 10 0
BBX 9 9 0 -1
BITMAP
0280
EF80
A200
AF80
AA80
AF80
EA80
0F80
0A80
ENDCHAR
STARTCHAR u54FC.zh_hant
ENCODING 21756
SWIDTH 1000 0
DWIDTH 10 0
BBX 9 9 0 -1
BITMAP
0200
EF80
A500
A500
AF80
A100
A200
E200
0600
ENDCHAR
STARTCHAR u54FD
ENCODING 21757
SWIDTH 1000 0
DWIDTH 10 0
BBX 9 9 0 -1
BITMAP
0F80
E200
AF80
AA80
AF80
AA80
EF80
0400
1B80
ENDCHAR
STARTCHAR u54FF.zh_hant
ENCODING 21759
SWIDTH 1000 0
DWIDTH 10 0
BBX 9 9 0 -1
BITMAP
4780
F480
5480
5780
A000
FF80
4500
7D00
0300
ENDCHAR
STARTCHAR u5501.zh_hant
ENCODING 21761
SWIDTH 1000 0
DWIDTH 10 0
BBX 9 9 0 -1
BITMAP
0700
E000
AF80
A000
A700
A000
AF80
E880
0F80
ENDCHAR
STARTCHAR u5506.zh_hant
ENCODING 21766
SWIDTH 1000 0
DWIDTH 10 0
BBX 9 9 0 -1
BITMAP
0400
E880
BF80
A500
B980
A700
B900
E600
1980
ENDCHAR
STARTCHAR u5507.zh_hant
ENCODING 21767
SWIDTH 1000 0
DWIDTH 10 0
BBX 9 9 0 -1
BITMAP
FF80
8000
FF80
A200
B980
0000
7F00
4100
7F00
ENDCHAR
STARTCHAR u5509.zh_hant
ENCODING 21769
SWIDTH 1000 0
DWIDTH 10 0
BBX 9 9 0 -1
BITMAP
0400
E900
BE80
A800
AF80
B200
AF80
E500
1880
ENDCHAR
STARTCHAR u550F.zh_hant
ENCODING 21775
SWIDTH 1000 0
DWIDTH 10 0
BBX 9 9 0 -1
BITMAP
1980
E600
A900
BF80
A400
AF80
FA80
2A80
0200
ENDCHAR
STARTCHAR u5510.zh_hant
ENCODING 21776
SWIDTH 1000 0
DWIDTH 10 0
BBX 9 9 0 -1
BITMAP
0800
FF80
8900
FF80
8900
FF00
A100
2100
3F00
ENDCHAR
STARTCHAR u5511.zh_hant
ENCODING 21777
SWIDTH 1000 0
DWIDTH 10 0
BBX 9 9 0 -1
BITMAP
0200
EA80
AA80
AA80
B700
A200
EF80
0200
1F80
ENDCHAR
STARTCHAR u5514
ENCODING 21780
SWIDTH 1000 0
DWIDTH 10 0
BBX 9 9 0 -1
BITMAP
0F80
E200
AF00
A500
BF80
A000
EF80
0880
0F80
ENDCHAR
STARTCHAR u5520.zh_hant
ENCODING 21792
SWIDTH 1000 0
DWIDTH 10 0
BBX 9 9 0 -1
BITMAP
0900
FF80
A900
BF80
A280
AF80
A280
E480
1980
ENDCHAR
STARTCHAR u5522.zh_hant
ENCODING 21794
SWIDTH 1000 0
DWIDTH 10 0
BBX 9 9 0 -1
BITMAP
1280
EA00
AF80
A880
AA80
AA80
EA80
0500
1880
ENDCHAR
STARTCHAR u5524.zh_hant
ENCODING 21796
SWIDTH 1000 0
DWIDTH 10 0
BBX 9 9 0 -1
BITMAP
0400
E700
A900
AF80
AA80
AA80
BF80
E500
1880
ENDCHAR
STARTCHAR u5527.zh_hant
ENCODING 21799
SWIDTH 1000 0
DWIDTH 10 0
BBX 9 9 0 -1
BITMAP
3F80
EA80
BA80
AA80
AA80
BA80
A380
EA00
3A00
ENDCHAR
STARTCHAR u552A.zh_hant
ENCODING 21802
SWIDTH 1000 0
DWIDTH 10 0
BBX 9 9 0 -1
BITMAP
0200
FF80
A500
BF80
AA00
BF80
A200
FF80
0200
ENDCHAR
STARTCHAR u552C.zh_hant
ENCODING 21804
SWIDTH 1000 0
DWIDTH 10 0
BBX 9 9 0 -1
BITMAP
0300
FF80
9480
9F00
9480
9780
AA00
EA80
1380
ENDCHAR
STARTCHAR u552E.zh_hant
ENCODING 21806
SWIDTH 1000 0
DWIDTH 10 0
BBX 9 9 0 -1
BITMAP
2200
7F80
C400
7F80
4400
7F80
2100
2100
3F00
ENDCHAR
STARTCHAR u552F.zh_hant
ENCODING 21807
SWIDTH 1000 0
DWIDTH 10 0
BBX 9 9 0 -1
BITMAP
0500
EF80
A900
BF80
A900
AF80
A900
E900
0F80
ENDCHAR
STARTCHAR u5530.zh_hant
ENCODING 21808
SWIDTH 1000 0
DWIDTH 10 0
BBX 9 9 0 -1
BITMAP
3E80
E280
BE80
A880
BE80
AA80
EA80
2A80
4880
ENDCHAR
STARTCHAR u5531
ENCODING 21809
SWIDTH 1000 0
DWIDTH 10 0
BBX 9 9 0 -1
BITMAP
0F00
E900
AF00
A900
BF80
A080
FF80
2080
3F80
ENDCHAR
STARTCHAR u5533.zh_hans
ENCODING 21811
SWIDTH 1000 0
DWIDTH 10 0
BBX 9 9 0 -1
BITMAP
0200
EF80
A880
AF80
AA80
AF80
AA00
EB00
1480
ENDCHAR
STARTCHAR u5537.zh_hant
ENCODING 21815
SWIDTH 1000 0
DWIDTH 10 0
BBX 9 9 0 -1
BITMAP
0200
FF80
A900
BE80
A900
AF00
A900
EF00
1100
ENDCHAR
STARTCHAR u553C.zh_hant
ENCODING 21820
SWIDTH 1000 0
DWIDTH 10 0
BBX 9 9 0 -1
BITMAP
0200
FF80
A900
BF80
A400
BF80
A900
EE00
1180
ENDCHAR
STARTCHAR u553E.zh_hant
ENCODING 21822
SWIDTH 1000 0
DWIDTH 10 0
BBX 9 9 0 -1
BITMAP
1F80
E200
BF80
AA80
BF80
AA80
BF80
E200
1F80
ENDCHAR
STARTCHAR u5541.zh_hant
ENCODING 21825
SWIDTH 1000 0
DWIDTH 10 0
BBX 9 9 0 -1
BITMAP
3F80
E480
BF80
A480
BF80
A080
AE80
EA80
2E80
ENDCHAR
STARTCHAR u5543.zh_hant
ENCODING 21827
SWIDTH 1000 0
DWIDTH 10 0
BBX 9 9 0 -1
BITMAP
0B00
EA00
BF80
A000
AF00
A900
AF00
E900
1300
ENDCHAR
STARTCHAR u5544.zh_hant
ENCODING 21828
SWIDTH 1000 0
DWIDTH 10 0
BBX 9 9 0 -1
BITMAP
1F80
E400
AA00
B280
A700
AA00
B300
E280
0C00
ENDCHAR
STARTCHAR u5546.zh_hans
ENCODING 21830
SWIDTH 1000 0
DWIDTH 10 0
BBX 9 9 0 -1
BITMAP
0800
FF80
2200
FF80
A280
DD80
9480
9C80
8180
ENDCHAR
STARTCHAR u5549.zh_hant
ENCODING 21833
SWIDTH 1000 0
DWIDTH 10 0
BBX 9 9 0 -1
BITMAP
0900
E900
BF80
A900
A900
AD80
BB00
E900
0900
ENDCHAR
STARTCHAR u554A.zh_hant
ENCODING 21834
SWIDTH 1000 0
DWIDTH 10 0
BBX 9 9 0 -1
BITMAP
3F80
E880
AB80
B280
AA80
AA80
EB80
3080
2180
ENDCHAR
STARTCHAR u5550.zh_hant
ENCODING 21840
SWIDTH 1000 0
DWIDTH 10 0
BBX 9 9 0 -1
BITMAP
0200
EF80
A500
A500
AA80
A200
AF80
E200
0200
ENDCHAR
STARTCHAR u5555.zh_hant
ENCODING 21845
SWIDTH 1000 0
DWIDTH 10 0
BBX 9 9 0 -1
BITMAP
0800
EF80
B080
AE80
A480
BF80
E480
1480
1F00
ENDCHAR
STARTCHAR u5556.zh_hant
ENCODING 21846
SWIDTH 1000 0
DWIDTH 10 0
BBX 9 9 0 -1
BITMAP
0A80
EA80
A500
B880
A200
AA80
AA80
E500
1880
ENDCHAR
STARTCHAR u555C.zh_hant
ENCODING 21852
SWIDTH 1000 0
DWIDTH 10 0
BBX 9 9 0 -1
BITMAP
1F80
E480
A900
B680
A000
BF80
A480
E900
1680
ENDCHAR
STARTCHAR u5561
ENCODING 21857
SWIDTH 1000 0
DWIDTH 10 0
BBX 9 9 0 -1
BITMAP
0A00
FB80
AA00
BB80
AA00
AA00
BB80
EA00
0A00
ENDCHAR
STARTCHAR u5564.zh_hant
ENCODING 21860
SWIDTH 1000 0
DWIDTH 10 0
BBX 9 9 0 -1
BITMAP
0400
EF80
AA80
AF80
AA80
BF80
E900
1F80
0100
ENDCHAR
STARTCHAR u5565.zh_hant
ENCODING 21861
SWIDTH 1000 0
DWIDTH 10 0
BBX 9 9 0 -1
BITMAP
0F00
F080
AF80
A200
BF80
A200
AF80
E880
0F80
ENDCHAR
STARTCHAR u5566.zh_hant
ENCODING 21862
SWIDTH 1000 0
DWIDTH 10 0
BBX 9 9 0 -1
BITMAP
0900
EB80
BC00
A880
AA80
AE80
BA80
E900
1B80
ENDCHAR
STARTCHAR u5567
ENCODING 21863
SWIDTH 1000 0
DWIDTH 10 0
BBX 9 9 0 -1
BITMAP
0200
EF80
A200
AF80
A200
BF80
E880
0200
1D80
ENDCHAR
STARTCHAR u556A.zh_hant
ENCODING 21866
SWIDTH 1000 0
DWIDTH 10 0
BBX 9 9 0 -1
BITMAP
0900
EB80
BE80
AA80
AB80
AE80
BA80
EA80
1B80
ENDCHAR
STARTCHAR u556C.zh_hant
ENCODING 21868
SWIDTH 1000 0
DWIDTH 10 0
BBX 9 9 0 -1
BITMAP
0800
FF80
4900
2A00
FF80
5500
5D00
4100
7F00
ENDCHAR
STARTCHAR u556E.zh_hant
ENCODING 21870
SWIDTH 1000 0
DWIDTH 10 0
BBX 9 9 0 -1
BITMAP
0B80
EA00
BF80
A000
AA80
AA80
AD80
E880
0F80
ENDCHAR
STARTCHAR u5575.zh_hant
ENCODING 21877
SWIDTH 1000 0
DWIDTH 10 0
BBX 9 9 0 -1
BITMAP
1100
EF80
A500
B500
AF80
A480
AE80
F500
1680
ENDCHAR
STARTCHAR u5576.zh_hant
ENCODING 21878
SWIDTH 1000 0
DWIDTH 10 0
BBX 9 9 0 -1
BITMAP
0200
EF80
A880
A700
A200
AB80
AA00
EE00
1180
ENDCHAR
STARTCHAR u5577.zh_hant
ENCODING 21879
SWIDTH 1000 0
DWIDTH 10 0
BBX 9 9 0 -1
BITMAP
1380
FC80
A480
BF00
A480
BC80
E280
2B00
3A00
ENDCHAR
STARTCHAR u5578.zh_hant
ENCODING 21880
SWIDTH 1000 0
DWIDTH 10 0
BBX 9 9 0 -1
BITMAP
0400
EF00
A580
BF00
A480
AC80
B680
E580
2480
ENDCHAR
STARTCHAR u557B.zh_hant
ENCODING 21883
SWIDTH 1000 0
DWIDTH 10 0
BBX 9 9 0 -1
BITMAP
0800
7F00
1400
FF80
AA80
2A00
7F00
4100
7F00
ENDCHAR
STARTCHAR u557C.zh_hant
ENCODING 21884
SWIDTH 1000 0
DWIDTH 10 0
BBX 9 9 0 -1
BITMAP
0400
FF80
A900
BF80
A480
BF80
A480
E480
2580
ENDCHAR
STARTCHAR u557E.zh_hant
ENCODING 21886
SWIDTH 1000 0
DWIDTH 10 0
BBX 9 9 0 -1
BITMAP
1E00
EA80
AA80
BE80
AB00
AA00
BA00
ED00
0880
ENDCHAR
STARTCHAR u5580.zh_hant
ENCODING 21888
SWIDTH 1000 0
DWIDTH 10 0
BBX 9 9 0 -1
BITMAP
0400
FF80
AA80
AA80
A600
A900
BF80
E900
0F00
ENDCHAR
STARTCHAR u5581.zh_hant
ENCODING 21889
SWIDTH 1000 0
DWIDTH 10 0
BBX 9 9 0 -1
BITMAP
0F80
EA80
AF80
AA80
AF80
A200
BF80
E480
2680
ENDCHAR
STARTCHAR u5582.zh_hant
ENCODING 21890
SWIDTH 1000 0
DWIDTH 10 0
BBX 9 9 0 -1
BITMAP
0F80
EA80
AF80
AA80
BF80
A800
AA80
E900
1C80
ENDCHAR
STARTCHAR u5583.zh_hant
ENCODING 21891
SWIDTH 1000 0
DWIDTH 10 0
BBX 9 9 0 -1
BITMAP
0400
FF80
A400
BF80
AA80
BF80
A480
FF80
2480
ENDCHAR
STARTCHAR u5584.zh_hant
ENCODING 21892
SWIDTH 1000 0
DWIDTH 10 0
BBX 9 9 0 -1
BITMAP
2400
FF80
0800
7F00
2A00
FF80
4100
4100
7F00
ENDCHAR
STARTCHAR u5587.zh_hant
ENCODING 21895
SWIDTH 1000 0
DWIDTH 10 0
BBX 9 9 0 -1
BITMAP
0880
FE80
A880
BE80
AA80
BE80
A880
FC80
2A80
ENDCHAR
STARTCHAR u5589.zh_hant
ENCODING 21897
SWIDTH 1000 0
DWIDTH 10 0
BBX 9 9 0 -1
BITMAP
0F80
E080
BF80
A800
AF80
B200
AF80
E500
2880
ENDCHAR
STARTCHAR u558A.zh_hant
ENCODING 21898
SWIDTH 1000 0
DWIDTH 10 0
BBX 9 9 0 -1
BITMAP
0280
FF80
A200
BE80
AA80
A900
B900
E280
4C80
ENDCHAR
STARTCHAR u558B.zh_hant
ENCODING 21899
SWIDTH 1000 0
DWIDTH 10 0
BBX 9 9 0 -1
BITMAP
0A80
FF80
AA80
AB80
A800
BF80
A600
EA80
1280
ENDCHAR
STARTCHAR u558F.zh_hant
ENCODING 21903
SWIDTH 1000 0
DWIDTH 10 0
BBX 9 9 0 -1
BITMAP
0900
FF80
A900
A400
BF80
A800
BF80
E880
0F80
ENDCHAR
STARTCHAR u5591.zh_hant
ENCODING 21905
SWIDTH 1000 0
DWIDTH 10 0
BBX 9 9 0 -1
BITMAP
0200
FF80
A500
A500
BF80
A880
AF80
E880
0F80
ENDCHAR
STARTCHAR u5594.zh_hant
ENCODING 21908
SWIDTH 1000 0
DWIDTH 10 0
BBX 9 9 0 -1
BITMAP
3F80
E080
BF80
A900
BE80
A200
FF80
2200
5F80
ENDCHAR
STARTCHAR u5598.zh_hant
ENCODING 21912
SWIDTH 1000 0
DWIDTH 10 0
BBX 9 9 0 -1
BITMAP
2480
E480
BF80
A000
BF80
A400
BF80
EA80
2A80
ENDCHAR
STARTCHAR u5599.zh_hant
ENCODING 21913
SWIDTH 1000 0
DWIDTH 10 0
BBX 9 9 0 -1
BITMAP
0F80
E900
BF00
A200
BF80
AA00
B680
EB00
1680
ENDCHAR
STARTCHAR u559C.zh_hant
ENCODING 21916
SWIDTH 1000 0
DWIDTH 10 0
BBX 9 9 0 -1
BITMAP
0800
FF80
0800
7F00
2200
1400
FF80
4100
7F00
ENDCHAR
STARTCHAR u559D.zh_hant
ENCODING 21917
SWIDTH 1000 0
DWIDTH 10 0
BBX 9 9 0 -1
BITMAP
1F00
F100
9F00
9100
9F80
8880
9280
FC80
0300
ENDCHAR
STARTCHAR u559F.zh_hant
ENCODING 21919
SWIDTH 1000 0
DWIDTH 10 0
BBX 9 9 0 -1
BITMAP
3F80
E480
BF80
A480
BF80
A880
AF80
E880
0980
ENDCHAR
STARTCHAR u55A7.zh_hant
ENCODING 21927
SWIDTH 1000 0
DWIDTH 10 0
BBX 9 9 0 -1
BITMAP
0400
FF80
A080
AF00
A900
AF00
A900
E900
1F80
ENDCHAR
STARTCHAR u55B1
ENCODING 21937
SWIDTH 1000 0
DWIDTH 10 0
BBX 9 9 0 -1
BITMAP
3F80
E000
AF80
AA80
AF80
AA80
EF80
2200
5F80
ENDCHAR
STARTCHAR u55B3.zh_hant
ENCODING 21939
SWIDTH 1000 0
DWIDTH 10 0
BBX 9 9 0 -1
BITMAP
0200
FF80
AB00
B280
AF80
A880
AF80
E880
1F80
ENDCHAR
STARTCHAR u55B5
ENCODING 21941
SWIDTH 1000 0
DWIDTH 10 0
BBX 9 9 0 -1
BITMAP
0500
EF80
A500
AF80
AA80
AF80
EA80
0A80
0F80
ENDCHAR
STARTCHAR u55B7.zh_hant
ENCODING 21943
SWIDTH 1000 0
DWIDTH 10 0
BBX 9 9 0 -1
BITMAP
0200
EF80
A200
A880
BF80
A880
AA80
E500
1880
ENDCHAR
STARTCHAR u55B9.zh_hant
ENCODING 21945
SWIDTH 1000 0
DWIDTH 10 0
BBX 9 9 0 -1
BITMAP
0400
FF80
A900
B280
AF00
A200
AF80
E200
1F80
ENDCHAR
STARTCHAR u55BB.zh_hant
ENCODING 21947
SWIDTH 1000 0
DWIDTH 10 0
BBX 9 9 0 -1
BITMAP
0F00
F080
AF80
A000
AE80
AA80
AE80
EA80
0A80
ENDCHAR
STARTCHAR u55BD.zh_hant
ENCODING 21949
SWIDTH 1000 0
DWIDTH 10 0
BBX 9 9 0 -1
BITMAP
0A80
EA00
BF80
A600
AA80
BF80
A900
E700
1880
ENDCHAR
STARTCHAR u55C4.zh_hant
ENCODING 21956
SWIDTH 1000 0
DWIDTH 10 0
BBX 9 9 0 -1
BITMAP
1F80
E200
AF80
A880
AF80
A880
BD80
E300
1C80
ENDCHAR
STARTCHAR u55C5.zh_hant
ENCODING 21957
SWIDTH 1000 0
DWIDTH 10 0
BBX 9 9 0 -1
BITMAP
0400
EF80
A880
AF80
A880
BF80
A200
E500
1880
ENDCHAR
STARTCHAR u55C9.zh_hant
ENCODING 21961
SWIDTH 1000 0
DWIDTH 10 0
BBX 9 9 0 -1
BITMAP
0200
EF00
A200
BF80
A500
AA00
BF80
E200
1680
ENDCHAR
STARTCHAR u55CC.zh_hant
ENCODING 21964
SWIDTH 1000 0
DWIDTH 10 0
BBX 9 9 0 -1
BITMAP
0900
E500
BF80
A900
B080
AF80
AA80
EA80
1F80
ENDCHAR
STARTCHAR u55CD.zh_hant
ENCODING 21965
SWIDTH 1000 0
DWIDTH 10 0
BBX 9 9 0 -1
BITMAP
2B80
C280
BF80
8A80
AA80
BF80
8A80
F280
1280
ENDCHAR
STARTCHAR u55D1.zh_hant
ENCODING 21969
SWIDTH 1000 0
DWIDTH 10 0
BBX 9 9 0 -1
BITMAP
0200
EF80
A200
BF80
A400
A880
AF80
EA80
1F80
ENDCHAR
STARTCHAR u55D2.zh_hant
ENCODING 21970
SWIDTH 1000 0
DWIDTH 10 0
BBX 9 9 0 -1
BITMAP
0500
FF80
A500
A880
B780
A000
AF80
E880
0F80
ENDCHAR
STARTCHAR u55D3.zh_hant
ENCODING 21971
SWIDTH 1000 0
DWIDTH 10 0
BBX 9 9 0 -1
BITMAP
1F80
E900
A600
B980
AA80
B500
BF80
D500
2480
ENDCHAR
STARTCHAR u55D4.zh_hant
ENCODING 21972
SWIDTH 1000 0
DWIDTH 10 0
BBX 9 9 0 -1
BITMAP
1E00
F080
AF80
A900
AF00
A900
BF80
E500
1880
ENDCHAR
STARTCHAR u55D6.zh_hant
ENCODING 21974
SWIDTH 1000 0
DWIDTH 10 0
BBX 9 9 0 -1
BITMAP
1580
E480
B580
A480
BF80
A900
EA00
0400
3B80
ENDCHAR
STARTCHAR u55DC.zh_hant
ENCODING 21980
SWIDTH 1000 0
DWIDTH 10 0
BBX 9 9 0 -1
BITMAP
0400
EF80
A500
BF80
AC80
B500
AF80
E880
0F80
ENDCHAR
STARTCHAR u55DD.zh_hant
ENCODING 21981
SWIDTH 1000 0
DWIDTH 10 0
BBX 9 9 0 -1
BITMAP
3F80
D100
BF00
A000
BF80
AA80
B180
EE80
2480
ENDCHAR
STARTCHAR u55DF.zh_hant
ENCODING 21983
SWIDTH 1000 0
DWIDTH 10 0
BBX 9 9 0 -1
BITMAP
0A00
FF80
A200
AF80
A200
BF80
A500
E900
1780
ENDCHAR
STARTCHAR u55E1.zh_hant
ENCODING 21985
SWIDTH 1000 0
DWIDTH 10 0
BBX 9 9 0 -1
BITMAP
0A00
D500
AF80
A000
BB80
A880
AA80
D980
2A80
ENDCHAR
STARTCHAR u55E3.zh_hant
ENCODING 21987
SWIDTH 1000 0
DWIDTH 10 0
BBX 9 9 0 -1
BITMAP
FF80
8880
FE80
0080
FE80
AA80
FA80
AE80
A980
ENDCHAR
STARTCHAR u55E4.zh_hant
ENCODING 21988
SWIDTH 1000 0
DWIDTH 10 0
BBX 9 9 0 -1
BITMAP
1280
FF80
A400
BF80
AA80
AA80
AF00
E280
1F80
ENDCHAR
STARTCHAR u55E5.zh_hant
ENCODING 21989
SWIDTH 1000 0
DWIDTH 10 0
BBX 9 9 0 -1
BITMAP
0400
FF00
9100
9F00
9100
9F80
9500
EE80
0400
ENDCHAR
STARTCHAR u55E6.zh_hant
ENCODING 21990
SWIDTH 1000 0
DWIDTH 10 0
BBX 9 9 0 -1
BITMAP
0200
EF80
A200
AF80
AA80
A500
BF80
EA00
1280
ENDCHAR
STARTCHAR u55E8.zh_hant
ENCODING 21992
SWIDTH 1000 0
DWIDTH 10 0
BBX 9 9 0 -1
BITMAP
2400
D780
8800
AF80
9A80
8F80
BA80
EF80
2100
ENDCHAR
STARTCHAR u55EB
ENCODING 21995
SWIDTH 1000 0
DWIDTH 10 0
BBX 9 9 0 -1
BITMAP
1F80
E900
AF00
A900
BF80
A100
BF80
E900
1680
ENDCHAR
STARTCHAR u55EC.zh_hant
ENCODING 21996
SWIDTH 1000 0
DWIDTH 10 0
BBX 9 9 0 -1
BITMAP
0900
FF80
A900
A780
A880
BB80
AA80
EB80
0880
ENDCHAR
STARTCHAR u55EF.zh_hant
ENCODING 21999
SWIDTH 1000 0
DWIDTH 10 0
BBX 9 9 0 -1
BITMAP
3F80
E480
BF80
AA80
B180
BF80
E400
1100
5E80
ENDCHAR
STARTCHAR u55F2.zh_hant
ENCODING 22002
SWIDTH 1000 0
DWIDTH 10 0
BBX 9 9 0 -1
BITMAP
1B00
E480
AA00
B580
AA00
A500
BA80
E100
0E00
ENDCHAR
STARTCHAR u55F3
ENCODING 22003
SWIDTH 1000 0
DWIDTH 10 0
BBX 9 9 0 -1
BITMAP
0080
DF00
AD00
BF80
B480
BF80
A500
EA00
1580
ENDCHAR
STARTCHAR u55F5.zh_hant
ENCODING 22005
SWIDTH 1000 0
DWIDTH 10 0
BBX 9 9 0 -1
BITMAP
2F80
D100
AF80
AA80
AF80
AA80
AA80
CC00
3380
ENDCHAR
STARTCHAR u55F7.zh_hant
ENCODING 22007
SWIDTH 1000 0
DWIDTH 10 0
BBX 9 9 0 -1
BITMAP
0A00
FF80
A880
BE80
AA80
BD00
9500
D680
2C80
ENDCHAR
STARTCHAR u55FD.zh_hant
ENCODING 22013
SWIDTH 1000 0
DWIDTH 10 0
BBX 9 9 0 -1
BITMAP
0A00
FF80
AA80
BD80
AD00
BD00
A900
FE80
2880
ENDCHAR
STARTCHAR u55FE.zh_hant
ENCODING 22014
SWIDTH 1000 0
DWIDTH 10 0
BBX 9 9 0 -1
BITMAP
0A00
EB80
BE00
AB80
AD00
B780
A500
E680
1880
ENDCHAR
STARTCHAR u5600.zh_hant
ENCODING 22016
SWIDTH 1000 0
DWIDTH 10 0
BBX 9 9 0 -1
BITMAP
0200
EF80
A500
A500
AF80
AA80
AF80
EA80
0B80
ENDCHAR
STARTCHAR u5601.zh_hant
ENCODING 22017
SWIDTH 1000 0
DWIDTH 10 0
BBX 9 9 0 -1
BITMAP
0280
FF80
AA00
AE80
AA80
BD00
A900
EA80
5880
ENDCHAR
STARTCHAR u5608.zh_hant
ENCODING 22024
SWIDTH 1000 0
DWIDTH 10 0
BBX 9 9 0 -1
BITMAP
0A00
FF80
AA80
BF80
AA80
BF80
A880
E880
0F80
ENDCHAR
STARTCHAR u5609.zh_hant
ENCODING 22025
SWIDTH 1000 0
DWIDTH 10 0
BBX 9 9 0 -1
BITMAP
0800
FF80
0800
7F00
2200
FF80
5480
9480
B780
ENDCHAR
STARTCHAR u560C.zh_hant
ENCODING 22028
SWIDTH 1000 0
DWIDTH 10 0
BBX 9 9 0 -1
BITMAP
1F80
EA00
BF80
AA80
BF80
A000
BF80
D500
2480
ENDCHAR
STARTCHAR u560E.zh_hant
ENCODING 22030
SWIDTH 1000 0
DWIDTH 10 0
BBX 9 9 0 -1
BITMAP
1F80
E900
AF00
A900
AF00
A880
BF00
E480
1B80
ENDCHAR
STARTCHAR u560F.zh_hant
ENCODING 22031
SWIDTH 1000 0
DWIDTH 10 0
BBX 9 9 0 -1
BITMAP
5D80
5480
F580
5C00
5380
FC80
9280
9900
F680
ENDCHAR
STARTCHAR u5618.zh_hant
ENCODING 22040
SWIDTH 1000 0
DWIDTH 10 0
BBX 9 9 0 -1
BITMAP
0400
FF80
A880
BF00
A800
AF80
B500
E500
5F80
ENDCHAR
STARTCHAR u561B.zh_hant
ENCODING 22043
SWIDTH 1000 0
DWIDTH 10 0
BBX 9 9 0 -1
BITMAP
0200
FF80
A900
BF80
A900
BB00
AD80
C900
4900
ENDCHAR
STARTCHAR u561E.zh_hant
ENCODING 22046
SWIDTH 1000 0
DWIDTH 10 0
BBX 9 9 0 -1
BITMAP
2A00
FA00
AF80
9280
AA80
BA80
D280
3C80
1300
ENDCHAR
STARTCHAR u561F.zh_hant
ENCODING 22047
SWIDTH 1000 0
DWIDTH 10 0
BBX 9 9 0 -1
BITMAP
0B80
DE80
AA80
AB00
BE80
9280
BE80
D300
1E00
ENDCHAR
STARTCHAR u5623.zh_hant
ENCODING 22051
SWIDTH 1000 0
DWIDTH 10 0
BBX 9 9 0 -1
BITMAP
2480
FF80
A000
BB80
AA80
BB80
AA80
FB80
2A80
ENDCHAR
STARTCHAR u5624.zh_hant
ENCODING 22052
SWIDTH 1000 0
DWIDTH 10 0
BBX 9 9 0 -1
BITMAP
3B80
EA80
9980
AA80
A400
BF80
A900
EE00
1180
ENDCHAR
STARTCHAR u5627.zh_hant
ENCODING 22055
SWIDTH 1000 0
DWIDTH 10 0
BBX 9 9 0 -1
BITMAP
0400
FF80
A880
A200
9480
BF80
8400
E480
3F80
ENDCHAR
STARTCHAR u562D.zh_hant
ENCODING 22061
SWIDTH 1000 0
DWIDTH 10 0
BBX 9 9 0 -1
BITMAP
0880
FF00
A800
BE80
A300
BE00
D400
1480
3F00
ENDCHAR
STARTCHAR u5631.zh_hant
ENCODING 22065
SWIDTH 1000 0
DWIDTH 10 0
BBX 9 9 0 -1
BITMAP
3F80
E080
BF80
AA80
AF80
A200
FF80
5480
5680
ENDCHAR
STARTCHAR u5632.zh_hant
ENCODING 22066
SWIDTH 1000 0
DWIDTH 10 0
BBX 9 9 0 -1
BITMAP
0B80
FE80
AB80
BE80
A280
BF80
A280
FE80
0980
ENDCHAR
STARTCHAR u5634.zh_hant
ENCODING 22068
SWIDTH 1000 0
DWIDTH 10 0
BBX 9 9 0 -1
BITMAP
0A00
EF80
AA00
BF80
AA80
AF80
AA80
FF80
1080
ENDCHAR
STARTCHAR u5636.zh_hant
ENCODING 22070
SWIDTH 1000 0
DWIDTH 10 0
BBX 9 9 0 -1
BITMAP
2B80
FE00
AA00
BB80
AA80
BE80
A280
F480
2480
ENDCHAR
STARTCHAR u5639.zh_hant
ENCODING 22073
SWIDTH 1000 0
DWIDTH 10 0
BBX 9 9 0 -1
BITMAP
0200
FF80
A500
AF80
B880
AF80
A200
EA80
1680
ENDCHAR
STARTCHAR u563B.zh_hant
ENCODING 22075
SWIDTH 1000 0
DWIDTH 10 0
BBX 9 9 0 -1
BITMAP
0200
FF80
A200
BF80
A880
A500
BF80
F080
1F80
ENDCHAR
STARTCHAR u563F.zh_hant
ENCODING 22079
SWIDTH 1000 0
DWIDTH 10 0
BBX 9 9 0 -1
BITMAP
0F80
EA80
AD80
AA80
AF80
A200
EF80
0000
2A80
ENDCHAR
STARTCHAR u564C.zh_hant
ENCODING 22092
SWIDTH 1000 0
DWIDTH 10 0
BBX 9 9 0 -1
BITMAP
0200
FF80
A480
BF80
A480
BF80
A880
E880
0F80
ENDCHAR
STARTCHAR u564E.zh_hant
ENCODING 22094
SWIDTH 1000 0
DWIDTH 10 0
BBX 9 9 0 -1
BITMAP
1F80
E200
BF80
B080
AF80
A880
AF80
E500
1F80
ENDCHAR
STARTCHAR u5654.zh_hant
ENCODING 22100
SWIDTH 1000 0
DWIDTH 10 0
BBX 9 9 0 -1
BITMAP
1D00
E580
B700
A880
BF80
A880
AF80
E500
1F80
ENDCHAR
STARTCHAR u5657.zh_hant
ENCODING 22103
SWIDTH 1000 0
DWIDTH 10 0
BBX 9 9 0 -1
BITMAP
0A00
EA80
BF80
A900
BF80
A200
FF80
0500
3880
ENDCHAR
STARTCHAR u5658.zh_hant
ENCODING 22104
SWIDTH 1000 0
DWIDTH 10 0
BBX 9 9 0 -1
BITMAP
3F80
D500
A900
BF80
AA80
AD00
BD00
EA80
5480
ENDCHAR
STARTCHAR u5659.zh_hant
ENCODING 22105
SWIDTH 1000 0
DWIDTH 10 0
BBX 9 9 0 -1
BITMAP
0F00
F080
AF80
AA80
BF80
A400
BF80
F480
1680
ENDCHAR
STARTCHAR u565C.zh_hant
ENCODING 22108
SWIDTH 1000 0
DWIDTH 10 0
BBX 9 9 0 -1
BITMAP
0700
F900
AF80
AA80
AF80
A000
BF80
E880
0F80
ENDCHAR
STARTCHAR u5662.zh_hant
ENCODING 22114
SWIDTH 1000 0
DWIDTH 10 0
BBX 9 9 0 -1
BITMAP
0400
FF80
AA80
B580
AE80
B500
BF80
C900
3080
ENDCHAR
STARTCHAR u5664.zh_hant
ENCODING 22116
SWIDTH 1000 0
DWIDTH 10 0
BBX 9 9 0 -1
BITMAP
0900
FF80
AB00
BD80
AF00
A000
BF80
EA00
1280
ENDCHAR
STARTCHAR u5668
ENCODING 22120
SWIDTH 1000 0
DWIDTH 10 0
BBX 9 9 0 -1
BITMAP
7700
5500
7700
0A00
FF80
2200
F780
5500
7700
ENDCHAR
STARTCHAR u5669
ENCODING 22121
SWIDTH 1000 0
DWIDTH 10 0
BBX 9 9 0 -1
BITMAP
FF80
AA80
EB80
0800
FF80
0800
EB80
AA80
FF80
ENDCHAR
STARTCHAR u566A
ENCODING 22122
SWIDTH 1000 0
DWIDTH 10 0
BBX 9 9 0 -1
BITMAP
0F00
E900
BF80
B680
BF80
A200
BF80
EB00
1280
ENDCHAR
STARTCHAR u566B.zh_hant
ENCODING 22123
SWIDTH 1000 0
DWIDTH 10 0
BBX 9 9 0 -1
BITMAP
0200
FF80
A900
BF80
A900
AF00
A200
E880
2E80
ENDCHAR
STARTCHAR u566C.zh_hant
ENCODING 22124
SWIDTH 1000 0
DWIDTH 10 0
BBX 9 9 0 -1
BITMAP
1200
FB80
AD00
A900
BF80
AA80
B700
E200
1F80
ENDCHAR
STARTCHAR u5671.zh_hant
ENCODING 22129
SWIDTH 1000 0
DWIDTH 10 0
BBX 9 9 0 -1
BITMAP
0700
E400
BF80
A880
AF00
A280
B700
CA80
1680
ENDCHAR
STARTCHAR u5676.zh_hant
ENCODING 22134
SWIDTH 1000 0
DWIDTH 10 0
BBX 9 9 0 -1
BITMAP
0500
FF80
A900
AF00
A900
AF80
B480
EA80
0D80
ENDCHAR
STARTCHAR u567B
ENCODING 22139
SWIDTH 1000 0
DWIDTH 10 0
BBX 9 9 0 -1
BITMAP
0200
DF80
B580
A500
BF80
A500
AF00
D280
0F00
ENDCHAR
STARTCHAR u567C.zh_hant
ENCODING 22140
SWIDTH 1000 0
DWIDTH 10 0
BBX 9 9 0 -1
BITMAP
1D00
F780
9680
9E80
9380
BD00
9780
F500
1D00
ENDCHAR
STARTCHAR u5685.zh_hant
ENCODING 22149
SWIDTH 1000 0
DWIDTH 10 0
BBX 9 9 0 -1
BITMAP
1F80
E400
BF80
A480
BD80
A400
BF80
F480
1580
ENDCHAR
STARTCHAR u5686.zh_hant
ENCODING 22150
SWIDTH 1000 0
DWIDTH 10 0
BBX 9 9 0 -1
BITMAP
0900
FF80
A400
BF80
AA00
BF80
EA80
2E80
2180
ENDCHAR
STARTCHAR u568E.zh_hant
ENCODING 22158
SWIDTH 1000 0
DWIDTH 10 0
BBX 9 9 0 -1
BITMAP
0200
FF80
A900
BF80
B080
AF00
B500
EA80
1680
ENDCHAR
STARTCHAR u568F.zh_hant
ENCODING 22159
SWIDTH 1000 0
DWIDTH 10 0
BBX 9 9 0 -1
BITMAP
0200
FF80
AA80
AF80
AA80
BF80
A280
EE00
3180
ENDCHAR
STARTCHAR u5693.zh_hant
ENCODING 22163
SWIDTH 1000 0
DWIDTH 10 0
BBX 9 9 0 -1
BITMAP
0400
FF80
AA80
9200
AD80
8000
BF80
C500
2C80
ENDCHAR
STARTCHAR u56A3.zh_hant
ENCODING 22179
SWIDTH 1000 0
DWIDTH 10 0
BBX 9 9 0 -1
BITMAP
7700
5500
FF80
2200
2A00
1400
F780
5500
7700
ENDCHAR
STARTCHAR u56AF.zh_hant
ENCODING 22191
SWIDTH 1000 0
DWIDTH 10 0
BBX 9 9 0 -1
BITMAP
1F00
E400
BF80
B480
A700
BA00
AF80
EA00
0F80
ENDCHAR
STARTCHAR u56B7.zh_hant
ENCODING 22199
SWIDTH 1000 0
DWIDTH 10 0
BBX 9 9 0 -1
BITMAP
0200
FF80
AA80
BF80
A500
BF80
AA80
F900
0E80
ENDCHAR
STARTCHAR u56BC.zh_hant
ENCODING 22204
SWIDTH 1000 0
DWIDTH 10 0
BBX 9 9 0 -1
BITMAP
1F80
E500
BF80
AA80
BF80
A880
BF80
E280
3980
ENDCHAR
STARTCHAR u56CA.zh_hant
ENCODING 22218
SWIDTH 1000 0
DWIDTH 10 0
BBX 9 9 0 -1
BITMAP
FF80
4900
FF80
9480
7700
2200
FF80
4400
7380
ENDCHAR
STARTCHAR u56D4.zh_hant
ENCODING 22228
SWIDTH 1000 0
DWIDTH 10 0
BBX 9 9 0 -1
BITMAP
3F80
D500
BF80
AA80
9B00
8A00
BF80
D200
1980
ENDCHAR
STARTCHAR u56D7
ENCODING 22231
SWIDTH 1000 0
DWIDTH 10 0
BBX 9 9 0 -1
BITMAP
FF80
8080
8080
8080
8080
8080
8080
8080
FF80
ENDCHAR
STARTCHAR u56DA
ENCODING 22234
SWIDTH 1000 0
DWIDTH 10 0
BBX 9 9 0 -1
BITMAP
FF80
8080
8880
8880
8880
9480
A280
8080
FF80
ENDCHAR
STARTCHAR u56DB
ENCODING 22235
SWIDTH 1000 0
DWIDTH 10 0
BBX 9 9 0 -1
BITMAP
FF80
9480
9480
9480
9480
A380
C080
8080
FF80
ENDCHAR
STARTCHAR u56DD.zh_hant
ENCODING 22237
SWIDTH 1000 0
DWIDTH 10 0
BBX 9 9 0 -1
BITMAP
FF80
8080
9C80
8480
8880
BE80
8880
8880
FF80
ENDCHAR
STARTCHAR u56DE
ENCODING 22238
SWIDTH 1000 0
DWIDTH 10 0
BBX 9 9 0 -1
BITMAP
FF80
8080
BE80
A280
A280
A280
BE80
8080
FF80
ENDCHAR
STARTCHAR u56DF.zh_hant
ENCODING 22239
SWIDTH 1000 0
DWIDTH 10 0
BBX 9 9 0 -1
BITMAP
1000
FF80
A280
9480
8880
9480
A280
FF80
8080
ENDCHAR
STARTCHAR u56E0
ENCODING 22240
SWIDTH 1000 0
DWIDTH 10 0
BBX 9 9 0 -1
BITMAP
FF80
8080
8880
BE80
8880
9480
A280
8080
FF80
ENDCHAR
STARTCHAR u56E1.zh_hant
ENCODING 22241
SWIDTH 1000 0
DWIDTH 10 0
BBX 9 9 0 -1
BITMAP
FF80
9080
FF80
9480
A480
9880
9680
A080
FF80
ENDCHAR
STARTCHAR u56E2.zh_hant
ENCODING 22242
SWIDTH 1000 0
DWIDTH 10 0
BBX 9 9 0 -1
BITMAP
FF80
8480
BE80
8C80
9480
9480
AC80
8080
FF80
ENDCHAR
STARTCHAR u56E4.zh_hant
ENCODING 22244
SWIDTH 1000 0
DWIDTH 10 0
BBX 9 9 0 -1
BITMAP
FF80
8880
BE80
8880
AA80
BE80
8880
8A80
FF80
ENDCHAR
STARTCHAR u56EB.zh_hant
ENCODING 22251
SWIDTH 1000 0
DWIDTH 10 0
BBX 9 9 0 -1
BITMAP
FF80
A080
BF80
CA80
9280
A480
A980
8080
FF80
ENDCHAR
STARTCHAR u56ED
ENCODING 22253
SWIDTH 1000 0
DWIDTH 10 0
BBX 9 9 0 -1
BITMAP
FF80
8080
9C80
8080
BE80
9480
A680
8080
FF80
ENDCHAR
STARTCHAR u56F0
ENCODING 22256
SWIDTH 1000 0
DWIDTH 10 0
BBX 9 9 0 -1
BITMAP
FF80
8880
8880
BE80
8880
9C80
AA80
8880
FF80
ENDCHAR
STARTCHAR u56F1.zh_hant
ENCODING 22257
SWIDTH 1000 0
DWIDTH 10 0
BBX 9 9 0 -1
BITMAP
1000
FF80
9480
B480
8880
9480
A280
FF80
8080
ENDCHAR
STARTCHAR u56F4.zh_hant
ENCODING 22260
SWIDTH 1000 0
DWIDTH 10 0
BBX 9 9 0 -1
BITMAP
FF80
8880
BE80
8880
BE80
8880
BE80
8A80
FF80
ENDCHAR
STARTCHAR u56F5.zh_hant
ENCODING 22261
SWIDTH 1000 0
DWIDTH 10 0
BBX 9 9 0 -1
BITMAP
FF80
8880
9480
E380
B880
A280
9E80
8080
FF80
ENDCHAR
STARTCHAR u56F9.zh_hant
ENCODING 22265
SWIDTH 1000 0
DWIDTH 10 0
BBX 9 9 0 -1
BITMAP
FF80
9480
A280
DD80
8080
BE80
8A80
8880
FF80
ENDCHAR
STARTCHAR u56FA
ENCODING 22266
SWIDTH 1000 0
DWIDTH 10 0
BBX 9 9 0 -1
BITMAP
FF80
8880
BE80
8880
BE80
A280
BE80
8080
FF80
ENDCHAR
STARTCHAR u56FD
ENCODING 22269
SWIDTH 1000 0
DWIDTH 10 0
BBX 9 9 0 -1
BITMAP
FF80
8080
BE80
8880
9C80
8A80
BE80
8080
FF80
ENDCHAR
STARTCHAR u56FE.zh_hant
ENCODING 22270
SWIDTH 1000 0
DWIDTH 10 0
BBX 9 9 0 -1
BITMAP
FF80
9080
BE80
D280
9C80
AA80
D180
8880
FF80
ENDCHAR
STARTCHAR u56FF.zh_hant
ENCODING 22271
SWIDTH 1000 0
DWIDTH 10 0
BBX 9 9 0 -1
BITMAP
FF80
8880
FF80
8880
9E80
B280
DE80
9280
FF80
ENDCHAR
STARTCHAR u5703
ENCODING 22275
SWIDTH 1000 0
DWIDTH 10 0
BBX 9 9 0 -1
BITMAP
FF80
8A80
FF80
8880
BE80
AA80
BE80
AA80
FF80
ENDCHAR
STARTCHAR u5704
ENCODING 22276
SWIDTH 1000 0
DWIDTH 10 0
BBX 9 9 0 -1
BITMAP
FF80
8080
BE80
8880
BE80
9280
FF80
A280
FF80
ENDCHAR
STARTCHAR u5706
ENCODING 22278
SWIDTH 1000 0
DWIDTH 10 0
BBX 9 9 0 -1
BITMAP
FF80
9C80
9480
BE80
A280
AA80
8880
B680
FF80
ENDCHAR
STARTCHAR u5708.zh_hant
ENCODING 22280
SWIDTH 1000 0
DWIDTH 10 0
BBX 9 9 0 -1
BITMAP
FF80
AA80
BE80
9480
FF80
A280
DD80
9080
FF80
ENDCHAR
STARTCHAR u5709
ENCODING 22281
SWIDTH 1000 0
DWIDTH 10 0
BBX 9 9 0 -1
BITMAP
FF80
8880
BE80
9480
FF80
8880
BE80
8880
FF80
ENDCHAR
STARTCHAR u571C.zh_hant
ENCODING 22300
SWIDTH 1000 0
DWIDTH 10 0
BBX 9 9 0 -1
BITMAP
FF80
AA80
BE80
8080
FF80
9480
FD80
A280
FF80
ENDCHAR
STARTCHAR u571F
ENCODING 22303
SWIDTH 1000 0
DWIDTH 10 0
BBX 9 9 0 -1
BITMAP
0800
0800
0800
7F00
0800
0800
0800
0800
FF80
ENDCHAR
STARTCHAR u5723
ENCODING 22307
SWIDTH 1000 0
DWIDTH 10 0
BBX 9 9 0 -1
BITMAP
7F00
4100
2200
1C00
E380
0800
7F00
0800
FF80
ENDCHAR
STARTCHAR u5728
ENCODING 22312
SWIDTH 1000 0
DWIDTH 10 0
BBX 9 9 0 -1
BITMAP
1000
FF80
2000
2400
4400
DF00
4400
4400
5F80
ENDCHAR
STARTCHAR u5729.zh_hant
ENCODING 22313
SWIDTH 1000 0
DWIDTH 10 0
BBX 9 9 0 -1
BITMAP
4F80
4000
E000
4F80
4100
4100
4100
E100
0700
ENDCHAR
STARTCHAR u572A.zh_hant
ENCODING 22314
SWIDTH 1000 0
DWIDTH 10 0
BBX 9 9 0 -1
BITMAP
4800
4F80
F000
4F00
4100
4200
4400
E880
0F80
ENDCHAR
STARTCHAR u572C.zh_hant
ENCODING 22316
SWIDTH 1000 0
DWIDTH 10 0
BBX 9 9 0 -1
BITMAP
4F80
4000
EF80
4400
4780
4080
4080
E080
0700
ENDCHAR
STARTCHAR u572D.zh_hant
ENCODING 22317
SWIDTH 1000 0
DWIDTH 10 0
BBX 9 9 0 -1
BITMAP
0800
7F00
0800
FF80
0800
7F00
0800
0800
FF80
ENDCHAR
STARTCHAR u572E.zh_hant
ENCODING 22318
SWIDTH 1000 0
DWIDTH 10 0
BBX 9 9 0 -1
BITMAP
4F80
4080
F080
4F80
4800
4800
7800
C880
0780
ENDCHAR
STARTCHAR u572F.zh_hant
ENCODING 22319
SWIDTH 1000 0
DWIDTH 10 0
BBX 9 9 0 -1
BITMAP
4F80
4880
E880
4880
4F80
4800
4800
E880
0780
ENDCHAR
STARTCHAR u5730
ENCODING 22320
SWIDTH 1000 0
DWIDTH 10 0
BBX 9 9 0 -1
BITMAP
4A00
4A00
4B80
EE80
5A80
4A80
6800
C880
0F80
ENDCHAR
STARTCHAR u5733.zh_hant
ENCODING 22323
SWIDTH 1000 0
DWIDTH 10 0
BBX 9 9 0 -1
BITMAP
4880
4A80
EA80
4A80
4A80
4A80
4A80
EA80
1080
ENDCHAR
STARTCHAR u5739
ENCODING 22329
SWIDTH 1000 0
DWIDTH 10 0
BBX 9 9 0 -1
BITMAP
4200
4F80
4800
E800
4800
4800
6800
C800
1000
ENDCHAR
STARTCHAR u573A.zh_hant
ENCODING 22330
SWIDTH 1000 0
DWIDTH 10 0
BBX 9 9 0 -1
BITMAP
4F00
4100
E200
4F80
4280
4580
4A80
E480
0B00
ENDCHAR
STARTCHAR u573B.zh_hant
ENCODING 22331
SWIDTH 1000 0
DWIDTH 10 0
BBX 9 9 0 -1
BITMAP
4180
4E00
E800
4F80
4900
4900
5100
F100
0100
ENDCHAR
STARTCHAR u573E.zh_hant
ENCODING 22334
SWIDTH 1000 0
DWIDTH 10 0
BBX 9 9 0 -1
BITMAP
5F00
4900
EA00
4F80
4880
5480
5300
F500
0880
ENDCHAR
STARTCHAR u5740.zh_hant
ENCODING 22336
SWIDTH 1000 0
DWIDTH 10 0
BBX 9 9 0 -1
BITMAP
4200
4200
EA00
4B80
4A00
4A00
4A00
EA00
1F80
ENDCHAR
STARTCHAR u5742.zh_hant
ENCODING 22338
SWIDTH 1000 0
DWIDTH 10 0
BBX 9 9 0 -1
BITMAP
4F80
4800
F800
4F80
4880
5480
5500
E300
0C80
ENDCHAR
STARTCHAR u5747.zh_hant
ENCODING 22343
SWIDTH 1000 0
DWIDTH 10 0
BBX 9 9 0 -1
BITMAP
4800
4F80
F080
4E80
4080
4380
4C80
E080
0300
ENDCHAR
STARTCHAR u574A.zh_hant
ENCODING 22346
SWIDTH 1000 0
DWIDTH 10 0
BBX 9 9 0 -1
BITMAP
4200
5F80
E400
4400
4780
4480
4880
E880
0300
ENDCHAR
STARTCHAR u574C.zh_hant
ENCODING 22348
SWIDTH 1000 0
DWIDTH 10 0
BBX 9 9 0 -1
BITMAP
2E00
4100
BE80
1200
6600
0800
7F00
0800
FF80
ENDCHAR
STARTCHAR u574D.zh_hant
ENCODING 22349
SWIDTH 1000 0
DWIDTH 10 0
BBX 9 9 0 -1
BITMAP
4F80
4880
EA80
4A80
5F80
4880
4880
E880
1380
ENDCHAR
STARTCHAR u574E.zh_hant
ENCODING 22350
SWIDTH 1000 0
DWIDTH 10 0
BBX 9 9 0 -1
BITMAP
4800
4F80
EA80
5280
5200
4200
4200
E500
1880
ENDCHAR
STARTCHAR u574F.zh_hant
ENCODING 22351
SWIDTH 1000 0
DWIDTH 10 0
BBX 9 9 0 -1
BITMAP
5F80
4100
E100
4200
4600
4B00
5280
E200
0200
ENDCHAR
STARTCHAR u5750.zh_hant
ENCODING 22352
SWIDTH 1000 0
DWIDTH 10 0
BBX 9 9 0 -1
BITMAP
0800
2900
2900
5A80
8C80
0800
7F00
0800
FF80
ENDCHAR
STARTCHAR u5751.zh_hant
ENCODING 22353
SWIDTH 1000 0
DWIDTH 10 0
BBX 9 9 0 -1
BITMAP
4400
5F80
E000
4F00
4900
4900
4900
F100
1180
ENDCHAR
STARTCHAR u5757.zh_hant
ENCODING 22359
SWIDTH 1000 0
DWIDTH 10 0
BBX 9 9 0 -1
BITMAP
4400
4400
EF00
4500
4500
5F80
E400
0A00
3180
ENDCHAR
STARTCHAR u575A.zh_hant
ENCODING 22362
SWIDTH 1000 0
DWIDTH 10 0
BBX 9 9 0 -1
BITMAP
AF80
A080
A500
A200
A500
0880
FF00
0800
FF80
ENDCHAR
STARTCHAR u575B.zh_hant
ENCODING 22363
SWIDTH 1000 0
DWIDTH 10 0
BBX 9 9 0 -1
BITMAP
5F80
4000
E000
5F80
4400
4900
E900
1280
1C80
ENDCHAR
STARTCHAR u575C.zh_hant
ENCODING 22364
SWIDTH 1000 0
DWIDTH 10 0
BBX 9 9 0 -1
BITMAP
5F80
5000
F200
5F80
5280
5280
5480
D480
2980
ENDCHAR
STARTCHAR u575D.zh_hant
ENCODING 22365
SWIDTH 1000 0
DWIDTH 10 0
BBX 9 9 0 -1
BITMAP
4F80
4880
EA80
4A80
4A80
4A80
4200
E500
1880
ENDCHAR
STARTCHAR u575E.zh_hant
ENCODING 22366
SWIDTH 1000 0
DWIDTH 10 0
BBX 9 9 0 -1
BITMAP
4400
4F00
E900
4B00
4800
4F80
6080
DE80
0180
ENDCHAR
STARTCHAR u575F.zh_hant
ENCODING 22367
SWIDTH 1000 0
DWIDTH 10 0
BBX 9 9 0 -1
BITMAP
4200
5F80
E100
4900
4500
4500
4200
E500
1880
ENDCHAR
STARTCHAR u5760.zh_hant
ENCODING 22368
SWIDTH 1000 0
DWIDTH 10 0
BBX 9 9 0 -1
BITMAP
F200
9200
A200
9500
E880
8800
FF80
0800
FF80
ENDCHAR
STARTCHAR u5761.zh_hant
ENCODING 22369
SWIDTH 1000 0
DWIDTH 10 0
BBX 9 9 0 -1
BITMAP
4200
5F80
F280
5200
5F80
5480
5480
E300
1C80
ENDCHAR
STARTCHAR u5764.zh_hant
ENCODING 22372
SWIDTH 1000 0
DWIDTH 10 0
BBX 9 9 0 -1
BITMAP
4200
5F80
F280
5F80
5280
5280
5F80
E200
0200
ENDCHAR
STARTCHAR u5766
ENCODING 22374
SWIDTH 1000 0
DWIDTH 10 0
BBX 9 9 0 -1
BITMAP
4F80
4880
4880
EF80
4880
4880
6F80
C000
1F80
ENDCHAR
STARTCHAR u5768.zh_hant
ENCODING 22376
SWIDTH 1000 0
DWIDTH 10 0
BBX 9 9 0 -1
BITMAP
4200
5F80
F080
4800
4980
5E00
4800
E880
0780
ENDCHAR
STARTCHAR u5769.zh_hant
ENCODING 22377
SWIDTH 1000 0
DWIDTH 10 0
BBX 9 9 0 -1
BITMAP
4880
4880
FF80
4880
4880
4F80
4880
E880
0F80
ENDCHAR
STARTCHAR u576A.zh_hant
ENCODING 22378
SWIDTH 1000 0
DWIDTH 10 0
BBX 9 9 0 -1
BITMAP
5F80
4200
EA80
4B00
4200
4200
5F80
E200
0200
ENDCHAR
STARTCHAR u576D.zh_hant
ENCODING 22381
SWIDTH 1000 0
DWIDTH 10 0
BBX 9 9 0 -1
BITMAP
4F80
4880
EF80
4A00
4A80
4B00
4A00
EA80
1180
ENDCHAR
STARTCHAR u576F.zh_hant
ENCODING 22383
SWIDTH 1000 0
DWIDTH 10 0
BBX 9 9 0 -1
BITMAP
5F80
4200
E700
4A80
5200
4200
4200
E000
1F80
ENDCHAR
STARTCHAR u5773.zh_hant
ENCODING 22387
SWIDTH 1000 0
DWIDTH 10 0
BBX 9 9 0 -1
BITMAP
4A00
5200
E780
5280
4A80
5280
5480
FC80
0300
ENDCHAR
STARTCHAR u5777
ENCODING 22391
SWIDTH 1000 0
DWIDTH 10 0
BBX 9 9 0 -1
BITMAP
5F80
4100
5D00
F500
5500
5500
7D00
C100
0300
ENDCHAR
STARTCHAR u577C.zh_hant
ENCODING 22396
SWIDTH 1000 0
DWIDTH 10 0
BBX 9 9 0 -1
BITMAP
4080
4F00
E800
4F80
4900
4D00
4B00
E980
1100
ENDCHAR
STARTCHAR u5782.zh_hant
ENCODING 22402
SWIDTH 1000 0
DWIDTH 10 0
BBX 9 9 0 -1
BITMAP
7F00
0800
FF80
4900
FF80
4900
FF80
0800
FF80
ENDCHAR
STARTCHAR u5783.zh_hant
ENCODING 22403
SWIDTH 1000 0
DWIDTH 10 0
BBX 9 9 0 -1
BITMAP
4200
5F80
E000
4900
4900
4900
4A00
E200
1F80
ENDCHAR
STARTCHAR u5784.zh_hant
ENCODING 22404
SWIDTH 1000 0
DWIDTH 10 0
BBX 9 9 0 -1
BITMAP
0880
FF80
2A00
4480
9B80
0800
FF80
0800
FF80
ENDCHAR
STARTCHAR u578B
ENCODING 22411
SWIDTH 1000 0
DWIDTH 10 0
BBX 9 9 0 -1
BITMAP
FA80
5280
FA80
5080
9180
0800
7F00
0800
FF80
ENDCHAR
STARTCHAR u578C
ENCODING 22412
SWIDTH 1000 0
DWIDTH 10 0
BBX 9 9 0 -1
BITMAP
5F80
5080
5780
F080
5780
5580
7780
D080
1180
ENDCHAR
STARTCHAR u5792.zh_hant
ENCODING 22418
SWIDTH 1000 0
DWIDTH 10 0
BBX 9 9 0 -1
BITMAP
2100
7F00
2200
5500
F780
0800
FF80
0800
FF80
ENDCHAR
STARTCHAR u5793.zh_hant
ENCODING 22419
SWIDTH 1000 0
DWIDTH 10 0
BBX 9 9 0 -1
BITMAP
4200
5F80
E480
4900
4A00
4480
4900
E600
1980
ENDCHAR
STARTCHAR u579B.zh_hant
ENCODING 22427
SWIDTH 1000 0
DWIDTH 10 0
BBX 9 9 0 -1
BITMAP
4F00
4900
F080
4400
5F80
4400
6D00
D480
0400
ENDCHAR
STARTCHAR u57A0.zh_hant
ENCODING 22432
SWIDTH 1000 0
DWIDTH 10 0
BBX 9 9 0 -1
BITMAP
4F80
4880
EF80
4880
4F80
4A00
4A80
E900
0C80
ENDCHAR
STARTCHAR u57A2.zh_hant
ENCODING 22434
SWIDTH 1000 0
DWIDTH 10 0
BBX 9 9 0 -1
BITMAP
4180
4E00
F800
4F80
4800
4F80
5880
E880
0F80
ENDCHAR
STARTCHAR u57A3
ENCODING 22435
SWIDTH 1000 0
DWIDTH 10 0
BBX 9 9 0 -1
BITMAP
5F80
4000
4F80
E880
4F80
4880
6F80
C000
1F80
ENDCHAR
STARTCHAR u57A4.zh_hant
ENCODING 22436
SWIDTH 1000 0
DWIDTH 10 0
BBX 9 9 0 -1
BITMAP
5F80
4400
E880
5F80
4200
4F80
4200
E200
1F80
ENDCHAR
STARTCHAR u57A6.zh_hant
ENCODING 22438
SWIDTH 1000 0
DWIDTH 10 0
BBX 9 9 0 -1
BITMAP
7F00
4100
7F00
4400
F380
0800
FF80
0800
FF80
ENDCHAR
STARTCHAR u57A7.zh_hant
ENCODING 22439
SWIDTH 1000 0
DWIDTH 10 0
BBX 9 9 0 -1
BITMAP
4400
4F80
E880
4E80
4A80
4A80
4E80
E880
0980
ENDCHAR
STARTCHAR u57AB.zh_hant
ENCODING 22443
SWIDTH 1000 0
DWIDTH 10 0
BBX 9 9 0 -1
BITMAP
2200
EF00
3500
6680
2880
0800
7F00
0800
FF80
ENDCHAR
STARTCHAR u57AE.zh_hant
ENCODING 22446
SWIDTH 1000 0
DWIDTH 10 0
BBX 9 9 0 -1
BITMAP
4200
5F80
E900
5080
5F80
4800
5F80
D080
0300
ENDCHAR
STARTCHAR u57C2
ENCODING 22466
SWIDTH 1000 0
DWIDTH 10 0
BBX 9 9 0 -1
BITMAP
4F80
4200
4F80
EA80
4F80
4A80
6F80
C400
1B80
ENDCHAR
STARTCHAR u57C3.zh_hant
ENCODING 22467
SWIDTH 1000 0
DWIDTH 10 0
BBX 9 9 0 -1
BITMAP
4400
4880
FF80
4800
4F80
5200
5F80
E500
1880
ENDCHAR
STARTCHAR u57CB
ENCODING 22475
SWIDTH 1000 0
DWIDTH 10 0
BBX 9 9 0 -1
BITMAP
4F80
4A80
4F80
EA80
4F80
4200
6F80
C200
1F80
ENDCHAR
STARTCHAR u57CE.zh_hant
ENCODING 22478
SWIDTH 1000 0
DWIDTH 10 0
BBX 9 9 0 -1
BITMAP
4280
5F80
F200
5E80
5680
5500
5D00
E280
2C80
ENDCHAR
STARTCHAR u57D2.zh_hant
ENCODING 22482
SWIDTH 1000 0
DWIDTH 10 0
BBX 9 9 0 -1
BITMAP
4F80
4900
F480
5200
4080
5F80
4080
E880
0580
ENDCHAR
STARTCHAR u57D4
ENCODING 22484
SWIDTH 1000 0
DWIDTH 10 0
BBX 9 9 0 -1
BITMAP
4280
4F80
4200
EF80
4A80
4F80
6A80
CF80
0A80
ENDCHAR
STARTCHAR u57D5.zh_hant
ENCODING 22485
SWIDTH 1000 0
DWIDTH 10 0
BBX 9 9 0 -1
BITMAP
4F80
4880
EF80
4000
4F80
4200
4F80
E200
0F80
ENDCHAR
STARTCHAR u57D8.zh_hant
ENCODING 22488
SWIDTH 1000 0
DWIDTH 10 0
BBX 9 9 0 -1
BITMAP
4100
5D00
F780
5500
5D00
5700
F500
1D00
0300
ENDCHAR
STARTCHAR u57DA
ENCODING 22490
SWIDTH 1000 0
DWIDTH 10 0
BBX 9 9 0 -1
BITMAP
4F00
4900
4F00
E200
5F80
5280
7580
D880
1180
ENDCHAR
STARTCHAR u57DF.zh_hant
ENCODING 22495
SWIDTH 1000 0
DWIDTH 10 0
BBX 9 9 0 -1
BITMAP
4280
5F80
E200
5E80
5680
5500
5D00
E280
0C80
ENDCHAR
STARTCHAR u57E0.zh_hant
ENCODING 22496
SWIDTH 1000 0
DWIDTH 10 0
BBX 9 9 0 -1
BITMAP
4400
4F80
E880
4F80
4800
4F80
4880
FF80
0200
ENDCHAR
STARTCHAR u57E4.zh_hant
ENCODING 22500
SWIDTH 1000 0
DWIDTH 10 0
BBX 9 9 0 -1
BITMAP
4400
5F80
F280
5F80
5280
5F80
4900
FF80
0100
ENDCHAR
STARTCHAR u57ED.zh_hant
ENCODING 22509
SWIDTH 1000 0
DWIDTH 10 0
BBX 9 9 0 -1
BITMAP
4200
4F80
F280
4F80
4280
5F80
6680
CB00
1680
ENDCHAR
STARTCHAR u57EF.zh_hant
ENCODING 22511
SWIDTH 1000 0
DWIDTH 10 0
BBX 9 9 0 -1
BITMAP
4400
5F80
ED00
5480
5F80
5480
5F80
E400
0780
ENDCHAR
STARTCHAR u57F4.zh_hans
ENCODING 22516
SWIDTH 1000 0
DWIDTH 10 0
BBX 9 9 0 -1
BITMAP
4200
5F80
E200
4F00
4900
4D00
4B00
E900
1F80
ENDCHAR
STARTCHAR u57F8.zh_hant
ENCODING 22520
SWIDTH 1000 0
DWIDTH 10 0
BBX 9 9 0 -1
BITMAP
4F80
4880
EF80
4880
4F80
4800
6F80
CA80
1580
ENDCHAR
STARTCHAR u57F9.zh_hant
ENCODING 22521
SWIDTH 1000 0
DWIDTH 10 0
BBX 9 9 0 -1
BITMAP
4200
5F80
E900
4900
5F80
4000
5F80
F080
1F80
ENDCHAR
STARTCHAR u57FA
ENCODING 22522
SWIDTH 1000 0
DWIDTH 10 0
BBX 9 9 0 -1
BITMAP
2200
FF80
2200
3E00
2200
FF80
5D00
8880
7F00
ENDCHAR
STARTCHAR u57FD.zh_hant
ENCODING 22525
SWIDTH 1000 0
DWIDTH 10 0
BBX 9 9 0 -1
BITMAP
5F80
4080
EF80
4000
5F80
5280
4F80
EA80
0200
ENDCHAR
STARTCHAR u5800.zh_hant
ENCODING 22528
SWIDTH 1000 0
DWIDTH 10 0
BBX 9 9 0 -1
BITMAP
5F80
5080
FF80
5200
5280
5F80
4200
F280
1F80
ENDCHAR
STARTCHAR u5802
ENCODING 22530
SWIDTH 1000 0
DWIDTH 10 0
BBX 9 9 0 -1
BITMAP
4900
2A00
FF80
A280
3E00
0800
7F00
0800
FF80
ENDCHAR
STARTCHAR u5806.zh_hant
ENCODING 22534
SWIDTH 1000 0
DWIDTH 10 0
BBX 9 9 0 -1
BITMAP
4500
4F80
E900
5F80
4900
4F80
4900
F900
0F80
ENDCHAR
STARTCHAR u5807.zh_hant
ENCODING 22535
SWIDTH 1000 0
DWIDTH 10 0
BBX 9 9 0 -1
BITMAP
FF80
2200
FF80
8880
FF80
0800
7F00
0800
FF80
ENDCHAR
STARTCHAR u580B.zh_hant
ENCODING 22539
SWIDTH 1000 0
DWIDTH 10 0
BBX 9 9 0 -1
BITMAP
5F80
5480
FD80
5480
5480
5D80
5480
F480
1580
ENDCHAR
STARTCHAR u5811.zh_hant
ENCODING 22545
SWIDTH 1000 0
DWIDTH 10 0
BBX 9 9 0 -1
BITMAP
2780
FC00
5780
FD00
1500
0800
FF80
0800
FF80
ENDCHAR
STARTCHAR u5815.zh_hant
ENCODING 22549
SWIDTH 1000 0
DWIDTH 10 0
BBX 9 9 0 -1
BITMAP
E200
BF80
C400
AF80
F480
8780
7C80
0800
FF80
ENDCHAR
STARTCHAR u5819.zh_hant
ENCODING 22553
SWIDTH 1000 0
DWIDTH 10 0
BBX 9 9 0 -1
BITMAP
5F80
4500
FF80
4A80
5F80
4200
5F80
E200
1F80
ENDCHAR
STARTCHAR u5820.zh_hant
ENCODING 22560
SWIDTH 1000 0
DWIDTH 10 0
BBX 9 9 0 -1
BITMAP
4B80
4880
FF80
4A00
4F80
4900
4F80
E900
0A80
ENDCHAR
STARTCHAR u5821.zh_hant
ENCODING 22561
SWIDTH 1000 0
DWIDTH 10 0
BBX 9 9 0 -1
BITMAP
2F80
4880
DF80
4A00
5280
0800
7F00
0800
FF80
ENDCHAR
STARTCHAR u5824.zh_hant
ENCODING 22564
SWIDTH 1000 0
DWIDTH 10 0
BBX 9 9 0 -1
BITMAP
4F80
4880
FF80
4880
4F80
4200
EB80
0E00
3180
ENDCHAR
STARTCHAR u582A.zh_hant
ENCODING 22570
SWIDTH 1000 0
DWIDTH 10 0
BBX 9 9 0 -1
BITMAP
4900
5F80
E900
4F00
4900
5F00
5580
F000
1F80
ENDCHAR
STARTCHAR u5830.zh_hant
ENCODING 22576
SWIDTH 1000 0
DWIDTH 10 0
BBX 9 9 0 -1
BITMAP
5F80
5480
F780
5480
5F80
5480
5300
F480
1F80
ENDCHAR
STARTCHAR u5835.zh_hant
ENCODING 22581
SWIDTH 1000 0
DWIDTH 10 0
BBX 9 9 0 -1
BITMAP
4400
5F80
E480
4500
5F80
4880
5F80
E880
0F80
ENDCHAR
STARTCHAR u5844.zh_hant
ENCODING 22596
SWIDTH 1000 0
DWIDTH 10 0
BBX 9 9 0 -1
BITMAP
5F80
4A80
FF80
4400
5F80
4400
4780
E880
1300
ENDCHAR
STARTCHAR u584C.zh_hant
ENCODING 22604
SWIDTH 1000 0
DWIDTH 10 0
BBX 9 9 0 -1
BITMAP
4F80
4880
EF80
4880
4F80
5680
4D80
F680
0D80
ENDCHAR
STARTCHAR u584D.zh_hant
ENCODING 22605
SWIDTH 1000 0
DWIDTH 10 0
BBX 9 9 0 -1
BITMAP
EA80
BF80
E500
BF80
A900
F280
AF80
A200
AF80
ENDCHAR
STARTCHAR u5851.zh_hant
ENCODING 22609
SWIDTH 1000 0
DWIDTH 10 0
BBX 9 9 0 -1
BITMAP
5780
FC80
2780
BC80
E580
2800
7F00
0800
FF80
ENDCHAR
STARTCHAR u5854.zh_hant
ENCODING 22612
SWIDTH 1000 0
DWIDTH 10 0
BBX 9 9 0 -1
BITMAP
4500
5F80
E500
4880
5780
4000
4F80
E880
0F80
ENDCHAR
STARTCHAR u5858.zh_hant
ENCODING 22616
SWIDTH 1000 0
DWIDTH 10 0
BBX 9 9 0 -1
BITMAP
4200
5F80
F500
5F80
5500
5F00
E900
2900
0F00
ENDCHAR
STARTCHAR u585E
ENCODING 22622
SWIDTH 1000 0
DWIDTH 10 0
BBX 9 9 0 -1
BITMAP
0800
FF80
A280
7F00
2200
FF80
5D00
8880
7F00
ENDCHAR
STARTCHAR u586B.zh_hant
ENCODING 22635
SWIDTH 1000 0
DWIDTH 10 0
BBX 9 9 0 -1
BITMAP
0200
5F80
4900
EF00
4900
4900
5F80
E500
0880
ENDCHAR
STARTCHAR u587E.zh_hant
ENCODING 22654
SWIDTH 1000 0
DWIDTH 10 0
BBX 9 9 0 -1
BITMAP
2200
FF00
5500
FD00
2680
4880
7F00
0800
FF80
ENDCHAR
STARTCHAR u5880.zh_hant
ENCODING 22656
SWIDTH 1000 0
DWIDTH 10 0
BBX 9 9 0 -1
BITMAP
5F80
5080
FF80
5A80
5200
5F80
5200
DF80
2200
ENDCHAR
STARTCHAR u5883
ENCODING 22659
SWIDTH 1000 0
DWIDTH 10 0
BBX 9 9 0 -1
BITMAP
4200
4F80
4500
EF80
4880
4F80
6500
C500
1980
ENDCHAR
STARTCHAR u5885.zh_hant
ENCODING 22661
SWIDTH 1000 0
DWIDTH 10 0
BBX 9 9 0 -1
BITMAP
FF80
A900
FA00
AF80
FA80
0A00
7F00
0800
FF80
ENDCHAR
STARTCHAR u5889.zh_hant
ENCODING 22665
SWIDTH 1000 0
DWIDTH 10 0
BBX 9 9 0 -1
BITMAP
4200
5F80
F280
5F80
5280
5F80
6A80
CF80
0A80
ENDCHAR
STARTCHAR u5892.zh_hant
ENCODING 22674
SWIDTH 1000 0
DWIDTH 10 0
BBX 9 9 0 -1
BITMAP
4200
5F80
E900
4900
5F80
5480
5F80
F280
1E80
ENDCHAR
STARTCHAR u5893.zh_hant
ENCODING 22675
SWIDTH 1000 0
DWIDTH 10 0
BBX 9 9 0 -1
BITMAP
FF80
1400
7F00
4100
FF80
4900
BE80
0800
FF80
ENDCHAR
STARTCHAR u5899.zh_hant
ENCODING 22681
SWIDTH 1000 0
DWIDTH 10 0
BBX 9 9 0 -1
BITMAP
4400
5F80
D480
4500
5F80
5480
5780
F080
1F80
ENDCHAR
STARTCHAR u589E.zh_hans
ENCODING 22686
SWIDTH 1000 0
DWIDTH 10 0
BBX 9 9 0 -1
BITMAP
4900
5F80
F280
5680
5F80
4880
4F80
E880
0F80
ENDCHAR
STARTCHAR u589F.zh_hant
ENCODING 22687
SWIDTH 1000 0
DWIDTH 10 0
BBX 9 9 0 -1
BITMAP
4300
5F80
F480
5F00
5400
5780
5D00
E500
1F80
ENDCHAR
STARTCHAR u58A8.zh_hant
ENCODING 22696
SWIDTH 1000 0
DWIDTH 10 0
BBX 9 9 0 -1
BITMAP
7F00
4900
7F00
4900
FF80
AA80
7F00
0800
FF80
ENDCHAR
STARTCHAR u58A9.zh_hant
ENCODING 22697
SWIDTH 1000 0
DWIDTH 10 0
BBX 9 9 0 -1
BITMAP
4A00
5F80
E480
5E80
4A80
5100
5D00
EA80
1A80
ENDCHAR
STARTCHAR u58C1.zh_hant
ENCODING 22721
SWIDTH 1000 0
DWIDTH 10 0
BBX 9 9 0 -1
BITMAP
F200
9F80
F500
9F80
F200
8A00
7F00
0800
FF80
ENDCHAR
STARTCHAR u58C5.zh_hant
ENCODING 22725
SWIDTH 1000 0
DWIDTH 10 0
BBX 9 9 0 -1
BITMAP
0800
FF80
4500
AF80
F900
4900
BF80
0800
FF80
ENDCHAR
STARTCHAR u58D1.zh_hant
ENCODING 22737
SWIDTH 1000 0
DWIDTH 10 0
BBX 9 9 0 -1
BITMAP
3780
F880
2A80
D300
7C80
0800
7F00
0800
FF80
ENDCHAR
STARTCHAR u58D5.zh_hant
ENCODING 22741
SWIDTH 1000 0
DWIDTH 10 0
BBX 9 9 0 -1
BITMAP
4200
5F80
E900
5F80
5080
4F80
5500
EA80
1680
ENDCHAR
STARTCHAR u58E4.zh_hant
ENCODING 22756
SWIDTH 1000 0
DWIDTH 10 0
BBX 9 9 0 -1
BITMAP
4200
5F80
EA80
5F80
4500
5F80
4A80
F900
0E80
ENDCHAR
STARTCHAR u58EB
ENCODING 22763
SWIDTH 1000 0
DWIDTH 10 0
BBX 9 9 0 -1
BITMAP
0800
0800
0800
FF80
0800
0800
0800
0800
7F00
ENDCHAR
STARTCHAR u58EC.zh_hant
ENCODING 22764
SWIDTH 1000 0
DWIDTH 10 0
BBX 9 9 0 -1
BITMAP
0700
7800
0800
0800
FF80
0800
0800
0800
FF80
ENDCHAR
STARTCHAR u58EE.zh_hant
ENCODING 22766
SWIDTH 1000 0
DWIDTH 10 0
BBX 9 9 0 -1
BITMAP
2200
A200
7F80
2200
2200
2200
6200
A200
3F80
ENDCHAR
STARTCHAR u58F0
ENCODING 22768
SWIDTH 1000 0
DWIDTH 10 0
BBX 9 9 0 -1
BITMAP
0800
FF80
0800
7F00
4900
7F00
4000
4000
8000
ENDCHAR
STARTCHAR u58F3
ENCODING 22771
SWIDTH 1000 0
DWIDTH 10 0
BBX 9 9 0 -1
BITMAP
0800
FF80
0800
FF80
8080
3E00
2200
2280
C380
ENDCHAR
STARTCHAR u58F6
ENCODING 22774
SWIDTH 1000 0
DWIDTH 10 0
BBX 9 9 0 -1
BITMAP
0800
FF80
0800
FF80
9480
1400
5500
3600
FF80
ENDCHAR
STARTCHAR u58F9.zh_hant
ENCODING 22777
SWIDTH 1000 0
DWIDTH 10 0
BBX 9 9 0 -1
BITMAP
FF80
0800
FF80
8080
7F00
2200
3E00
1400
FF80
ENDCHAR
STARTCHAR u5902.zh_hant
ENCODING 22786
SWIDTH 1000 0
DWIDTH 10 0
BBX 9 9 0 -1
BITMAP
1000
1F00
2100
5100
0A00
0400
0A00
3100
C080
ENDCHAR
STARTCHAR u5904.zh_hant
ENCODING 22788
SWIDTH 1000 0
DWIDTH 10 0
BBX 9 9 0 -1
BITMAP
4200
4200
7A00
8B00
4A80
5200
2200
5000
8F80
ENDCHAR
STARTCHAR u5907.zh_hant
ENCODING 22791
SWIDTH 1000 0
DWIDTH 10 0
BBX 9 9 0 -1
BITMAP
3F00
E100
3E00
4100
FF80
4900
7F00
4900
7F00
ENDCHAR
STARTCHAR u590D.zh_hant
ENCODING 22797
SWIDTH 1000 0
DWIDTH 10 0
BBX 9 9 0 -1
BITMAP
4000
7F80
A100
3F00
2100
3F80
5100
1E00
E180
ENDCHAR
STARTCHAR u590F.zh_hant
ENCODING 22799
SWIDTH 1000 0
DWIDTH 10 0
BBX 9 9 0 -1
BITMAP
FF80
0800
3F00
2100
3F00
2100
D300
1E00
E180
ENDCHAR
STARTCHAR u5914.zh_hant
ENCODING 22804
SWIDTH 1000 0
DWIDTH 10 0
BBX 9 9 0 -1
BITMAP
2200
FF80
5480
7D80
5500
FD80
2300
1C00
E380
ENDCHAR
STARTCHAR u5915.zh_hant
ENCODING 22805
SWIDTH 1000 0
DWIDTH 10 0
BBX 8 9 1 -1
BITMAP
10
1F
21
21
52
0A
04
18
E0
ENDCHAR
STARTCHAR u5916.zh_hant
ENCODING 22806
SWIDTH 1000 0
DWIDTH 10 0
BBX 9 9 0 -1
BITMAP
4200
7A00
4A00
AE00
AB00
1280
1200
2200
C200
ENDCHAR
STARTCHAR u5919.zh_hant
ENCODING 22809
SWIDTH 1000 0
DWIDTH 10 0
BBX 9 9 0 -1
BITMAP
FF00
8100
FF00
9100
9D00
A500
D500
8880
B080
ENDCHAR
STARTCHAR u591A.zh_hant
ENCODING 22810
SWIDTH 1000 0
DWIDTH 10 0
BBX 9 9 0 -1
BITMAP
0800
1E00
6200
1380
1C80
E880
0500
0600
3800
ENDCHAR
STARTCHAR u591C.zh_hant
ENCODING 22812
SWIDTH 1000 0
DWIDTH 10 0
BBX 9 9 0 -1
BITMAP
0800
FF80
2800
2F80
4A80
D080
6500
4600
5980
ENDCHAR
STARTCHAR u591F.zh_hant
ENCODING 22815
SWIDTH 1000 0
DWIDTH 10 0
BBX 9 9 0 -1
BITMAP
4380
7C80
8A80
E900
AE80
A880
EA80
0900
3600
ENDCHAR
STARTCHAR u5924.zh_hant
ENCODING 22820
SWIDTH 1000 0
DWIDTH 10 0
BBX 9 9 0 -1
BITMAP
3F00
D100
0A00
FF80
8880
7F00
4900
3E00
C180
ENDCHAR
STARTCHAR u5925.zh_hant
ENCODING 22821
SWIDTH 1000 0
DWIDTH 10 0
BBX 9 9 0 -1
BITMAP
FB80
AC80
FA80
A900
FF80
2480
FA80
3300
AC00
ENDCHAR
STARTCHAR u5927
ENCODING 22823
SWIDTH 1000 0
DWIDTH 10 0
BBX 9 9 0 -1
BITMAP
0800
0800
FF80
0800
0800
1400
1400
2200
C180
ENDCHAR
STARTCHAR u5929
ENCODING 22825
SWIDTH 1000 0
DWIDTH 10 0
BBX 9 9 0 -1
BITMAP
7F00
0800
0800
FF80
0800
0800
1400
2200
C180
ENDCHAR
STARTCHAR u592A
ENCODING 22826
SWIDTH 1000 0
DWIDTH 10 0
BBX 9 9 0 -1
BITMAP
0800
0800
FF80
0800
0800
1400
2200
5100
8880
ENDCHAR
STARTCHAR u592B.zh_hant
ENCODING 22827
SWIDTH 1000 0
DWIDTH 10 0
BBX 9 9 0 -1
BITMAP
0800
7F00
0800
0800
FF80
0800
1400
2200
C180
ENDCHAR
STARTCHAR u592D.zh_hant
ENCODING 22829
SWIDTH 1000 0
DWIDTH 10 0
BBX 9 9 0 -1
BITMAP
0700
7800
0800
0800
FF80
0800
1400
2200
C180
ENDCHAR
STARTCHAR u592E.zh_hant
ENCODING 22830
SWIDTH 1000 0
DWIDTH 10 0
BBX 9 9 0 -1
BITMAP
0800
7F00
4900
4900
4900
FF80
1400
2200
C180
ENDCHAR
STARTCHAR u592F.zh_hant
ENCODING 22831
SWIDTH 1000 0
DWIDTH 10 0
BBX 9 9 0 -1
BITMAP
0800
FF80
1400
2200
C980
7F00
0900
1100
E600
ENDCHAR
STARTCHAR u5931.zh_hant
ENCODING 22833
SWIDTH 1000 0
DWIDTH 10 0
BBX 9 9 0 -1
BITMAP
4800
7F00
4800
8800
FF80
0800
1400
2200
C180
ENDCHAR
STARTCHAR u5934
ENCODING 22836
SWIDTH 1000 0
DWIDTH 10 0
BBX 9 9 0 -1
BITMAP
2400
1400
4400
2400
0800
FF80
1200
2100
C080
ENDCHAR
STARTCHAR u5937
ENCODING 22839
SWIDTH 1000 0
DWIDTH 10 0
BBX 9 9 0 -1
BITMAP
0800
FF80
0900
7F00
4800
7F80
0880
1400
E380
ENDCHAR
STARTCHAR u5938.zh_hant
ENCODING 22840
SWIDTH 1000 0
DWIDTH 10 0
BBX 9 9 0 -1
BITMAP
0800
FF80
2200
4100
FE80
2000
7F00
4100
0E00
ENDCHAR
STARTCHAR u5939.zh_hant
ENCODING 22841
SWIDTH 1000 0
DWIDTH 10 0
BBX 9 9 0 -1
BITMAP
0800
FF80
0800
4900
2A00
FF80
1400
2200
C180
ENDCHAR
STARTCHAR u593A.zh_hant
ENCODING 22842
SWIDTH 1000 0
DWIDTH 10 0
BBX 9 9 0 -1
BITMAP
0800
FF80
1400
E380
0200
FF80
2200
1200
0600
ENDCHAR
STARTCHAR u5941.zh_hant
ENCODING 22849
SWIDTH 1000 0
DWIDTH 10 0
BBX 9 9 0 -1
BITMAP
0800
FF80
1200
2100
FF80
5200
4C00
5200
7F80
ENDCHAR
STARTCHAR u5942.zh_hant
ENCODING 22850
SWIDTH 1000 0
DWIDTH 10 0
BBX 9 9 0 -1
BITMAP
2000
7E00
C400
7F00
4900
4900
FF80
2200
C180
ENDCHAR
STARTCHAR u5944.zh_hant
ENCODING 22852
SWIDTH 1000 0
DWIDTH 10 0
BBX 9 9 0 -1
BITMAP
0800
FF80
2A00
4900
FF80
4900
7F00
4880
0F80
ENDCHAR
STARTCHAR u5947
ENCODING 22855
SWIDTH 1000 0
DWIDTH 10 0
BBX 9 9 0 -1
BITMAP
0800
FF80
1400
2200
FF80
0100
7900
4900
7B00
ENDCHAR
STARTCHAR u5948
ENCODING 22856
SWIDTH 1000 0
DWIDTH 10 0
BBX 9 9 0 -1
BITMAP
0800
FF80
2200
5D00
8080
7F00
0800
4900
9880
ENDCHAR
STARTCHAR u5949.zh_hant
ENCODING 22857
SWIDTH 1000 0
DWIDTH 10 0
BBX 9 9 0 -1
BITMAP
0800
FF80
1000
FF80
2A00
7F00
8880
7F00
0800
ENDCHAR
STARTCHAR u594B
ENCODING 22859
SWIDTH 1000 0
DWIDTH 10 0
BBX 9 9 0 -1
BITMAP
0800
FF80
1400
2200
FF80
4900
7F00
4900
7F00
ENDCHAR
STARTCHAR u594E.zh_hant
ENCODING 22862
SWIDTH 1000 0
DWIDTH 10 0
BBX 9 9 0 -1
BITMAP
0800
FF80
2200
4900
BE80
0800
7F00
0800
FF80
ENDCHAR
STARTCHAR u594F.zh_hant
ENCODING 22863
SWIDTH 1000 0
DWIDTH 10 0
BBX 9 9 0 -1
BITMAP
0800
FF80
1000
FF80
2A00
4900
FF80
2200
C180
ENDCHAR
STARTCHAR u5951.zh_hant
ENCODING 22865
SWIDTH 1000 0
DWIDTH 10 0
BBX 9 9 0 -1
BITMAP
2F80
F280
2280
F480
2900
FF80
0800
3600
C180
ENDCHAR
STARTCHAR u5954.zh_hant
ENCODING 22868
SWIDTH 1000 0
DWIDTH 10 0
BBX 9 9 0 -1
BITMAP
0800
FF80
2A00
5D00
AA80
2200
FF80
2200
C200
ENDCHAR
STARTCHAR u5955.zh_hant
ENCODING 22869
SWIDTH 1000 0
DWIDTH 10 0
BBX 9 9 0 -1
BITMAP
0800
FF80
5500
9480
2400
FF80
1400
2200
C180
ENDCHAR
STARTCHAR u5956.zh_hant
ENCODING 22870
SWIDTH 1000 0
DWIDTH 10 0
BBX 9 9 0 -1
BITMAP
5400
5780
1A80
3100
D600
0800
FF80
2200
C180
ENDCHAR
STARTCHAR u5957.zh_hant
ENCODING 22871
SWIDTH 1000 0
DWIDTH 10 0
BBX 9 9 0 -1
BITMAP
0800
FF80
3100
DE80
1000
FF80
1000
2100
7F80
ENDCHAR
STARTCHAR u5958.zh_hant
ENCODING 22872
SWIDTH 1000 0
DWIDTH 10 0
BBX 9 9 0 -1
BITMAP
A200
FF80
2200
E200
AF80
0800
FF80
2200
C180
ENDCHAR
STARTCHAR u595A.zh_hans
ENCODING 22874
SWIDTH 1000 0
DWIDTH 10 0
BBX 9 9 0 -1
BITMAP
7F80
2B00
1400
2900
7E80
0800
FF80
2200
C180
ENDCHAR
STARTCHAR u5960.zh_hans
ENCODING 22880
SWIDTH 1000 0
DWIDTH 10 0
BBX 9 9 0 -1
BITMAP
6300
1400
FF80
5500
6700
4900
FF80
2200
C180
ENDCHAR
STARTCHAR u5962.zh_hant
ENCODING 22882
SWIDTH 1000 0
DWIDTH 10 0
BBX 9 9 0 -1
BITMAP
0800
FF80
2200
4900
BF80
0A00
FF80
5100
9F00
ENDCHAR
STARTCHAR u5965.zh_hant
ENCODING 22885
SWIDTH 1000 0
DWIDTH 10 0
BBX 9 9 0 -1
BITMAP
1000
7F00
5500
7F00
4900
5500
FF80
2200
C180
ENDCHAR
STARTCHAR u5973.zh_hant
ENCODING 22899
SWIDTH 1000 0
DWIDTH 10 0
BBX 9 9 0 -1
BITMAP
1000
1000
FF80
2200
4200
7400
0C00
3300
C080
ENDCHAR
STARTCHAR u5974.zh_hant
ENCODING 22900
SWIDTH 1000 0
DWIDTH 10 0
BBX 9 9 0 -1
BITMAP
2F80
2080
F080
5480
9500
6500
3200
4500
9880
ENDCHAR
STARTCHAR u5976.zh_hant
ENCODING 22902
SWIDTH 1000 0
DWIDTH 10 0
BBX 9 9 0 -1
BITMAP
2F00
2500
F500
5580
9480
5480
2480
5880
8B00
ENDCHAR
STARTCHAR u5978.zh_hant
ENCODING 22904
SWIDTH 1000 0
DWIDTH 10 0
BBX 9 9 0 -1
BITMAP
2F80
2200
F200
5200
9F80
6200
2200
5200
8200
ENDCHAR
STARTCHAR u5979.zh_hant
ENCODING 22905
SWIDTH 1000 0
DWIDTH 10 0
BBX 9 9 0 -1
BITMAP
4200
4A00
EB80
4E80
BA80
AA00
4800
6880
8780
ENDCHAR
STARTCHAR u597D.zh_hant
ENCODING 22909
SWIDTH 1000 0
DWIDTH 10 0
BBX 9 9 0 -1
BITMAP
2F80
2080
F100
5200
9F80
6200
2200
5200
8600
ENDCHAR
STARTCHAR u5981.zh_hant
ENCODING 22913
SWIDTH 1000 0
DWIDTH 10 0
BBX 9 9 0 -1
BITMAP
2400
2780
F880
5080
9480
6280
2080
5080
8300
ENDCHAR
STARTCHAR u5982
ENCODING 22914
SWIDTH 1000 0
DWIDTH 10 0
BBX 9 9 0 -1
BITMAP
2000
2780
F480
5480
5480
9480
5480
2780
D000
ENDCHAR
STARTCHAR u5983.zh_hant
ENCODING 22915
SWIDTH 1000 0
DWIDTH 10 0
BBX 9 9 0 -1
BITMAP
4F80
4080
F080
5780
9400
6400
2480
5480
8780
ENDCHAR
STARTCHAR u5984.zh_hant
ENCODING 22916
SWIDTH 1000 0
DWIDTH 10 0
BBX 9 9 0 -1
BITMAP
0800
FF80
4000
7F00
1000
FF80
2100
3E00
C180
ENDCHAR
STARTCHAR u5986.zh_hant
ENCODING 22918
SWIDTH 1000 0
DWIDTH 10 0
BBX 9 9 0 -1
BITMAP
2400
A400
7F80
2500
2900
6500
A200
2500
3880
ENDCHAR
STARTCHAR u5987.zh_hant
ENCODING 22919
SWIDTH 1000 0
DWIDTH 10 0
BBX 9 9 0 -1
BITMAP
4F80
4080
F080
5080
9780
6080
2080
5080
8F80
ENDCHAR
STARTCHAR u5988.zh_hant
ENCODING 22920
SWIDTH 1000 0
DWIDTH 10 0
BBX 9 9 0 -1
BITMAP
2F00
2100
F500
5500
9780
6080
2E80
5080
8380
ENDCHAR
STARTCHAR u598A.zh_hant
ENCODING 22922
SWIDTH 1000 0
DWIDTH 10 0
BBX 9 9 0 -1
BITMAP
4180
4E00
F200
5200
9F80
6200
2200
5200
8F80
ENDCHAR
STARTCHAR u598D.zh_hant
ENCODING 22925
SWIDTH 1000 0
DWIDTH 10 0
BBX 9 9 0 -1
BITMAP
2F80
2500
F500
5500
9F80
6500
2500
5500
8900
ENDCHAR
STARTCHAR u5992
ENCODING 22930
SWIDTH 1000 0
DWIDTH 10 0
BBX 9 9 0 -1
BITMAP
2200
2100
F780
5480
5480
7780
2400
5400
8800
ENDCHAR
STARTCHAR u5993.zh_hant
ENCODING 22931
SWIDTH 1000 0
DWIDTH 10 0
BBX 9 9 0 -1
BITMAP
2200
2F80
F200
5200
9F80
6480
2480
5300
8C80
ENDCHAR
STARTCHAR u5996.zh_hant
ENCODING 22934
SWIDTH 1000 0
DWIDTH 10 0
BBX 9 9 0 -1
BITMAP
2180
2E00
F200
5200
9F80
6200
2200
5500
8880
ENDCHAR
STARTCHAR u5997.zh_hant
ENCODING 22935
SWIDTH 1000 0
DWIDTH 10 0
BBX 9 9 0 -1
BITMAP
4700
4880
F000
5F80
9000
6F80
2080
5100
8600
ENDCHAR
STARTCHAR u5999.zh_hant
ENCODING 22937
SWIDTH 1000 0
DWIDTH 10 0
BBX 9 9 0 -1
BITMAP
4200
4200
F680
5A80
9200
6600
2080
5300
8C00
ENDCHAR
STARTCHAR u599E.zh_hans
ENCODING 22942
SWIDTH 1000 0
DWIDTH 10 0
BBX 9 9 0 -1
BITMAP
5F00
4500
E500
A500
BF00
A900
4900
A900
9F80
ENDCHAR
STARTCHAR u59A3.zh_hant
ENCODING 22947
SWIDTH 1000 0
DWIDTH 10 0
BBX 9 9 0 -1
BITMAP
4A00
4A00
FA80
4F00
9A00
6A00
2A80
5E80
8B80
ENDCHAR
STARTCHAR u59A4.zh_hant
ENCODING 22948
SWIDTH 1000 0
DWIDTH 10 0
BBX 9 9 0 -1
BITMAP
4F80
4080
F500
5F80
9280
6280
2300
5200
9600
ENDCHAR
STARTCHAR u59A5.zh_hant
ENCODING 22949
SWIDTH 1000 0
DWIDTH 10 0
BBX 9 9 0 -1
BITMAP
7D00
1100
4A00
2200
1000
FF80
2200
3C00
C380
ENDCHAR
STARTCHAR u59A8.zh_hant
ENCODING 22952
SWIDTH 1000 0
DWIDTH 10 0
BBX 9 9 0 -1
BITMAP
2200
2F80
F400
5400
9780
6480
2480
5480
8980
ENDCHAR
STARTCHAR u59A9
ENCODING 22953
SWIDTH 1000 0
DWIDTH 10 0
BBX 9 9 0 -1
BITMAP
4F80
E200
A200
A200
AF80
A200
4680
AA80
AB80
ENDCHAR
STARTCHAR u59AA.zh_hant
ENCODING 22954
SWIDTH 1000 0
DWIDTH 10 0
BBX 9 9 0 -1
BITMAP
4F80
4800
FC80
4A80
9900
6A80
2C80
5800
8F80
ENDCHAR
STARTCHAR u59AE.zh_hant
ENCODING 22958
SWIDTH 1000 0
DWIDTH 10 0
BBX 9 9 0 -1
BITMAP
5F80
5080
FF80
5400
9480
B700
5400
5480
A380
ENDCHAR
STARTCHAR u59AF.zh_hant
ENCODING 22959
SWIDTH 1000 0
DWIDTH 10 0
BBX 9 9 0 -1
BITMAP
2200
2200
FF80
4A80
9A80
6F80
2A80
5A80
8F80
ENDCHAR
STARTCHAR u59B2
ENCODING 22962
SWIDTH 1000 0
DWIDTH 10 0
BBX 9 9 0 -1
BITMAP
4F80
4880
E880
AF80
A880
A880
4F80
A000
9F80
ENDCHAR
STARTCHAR u59B9.zh_hant
ENCODING 22969
SWIDTH 1000 0
DWIDTH 10 0
BBX 9 9 0 -1
BITMAP
4200
4F80
F200
5200
9F80
6200
2700
5A80
9200
ENDCHAR
STARTCHAR u59BB.zh_hant
ENCODING 22971
SWIDTH 1000 0
DWIDTH 10 0
BBX 9 9 0 -1
BITMAP
0800
FF80
0900
7F80
1100
FF80
2200
3C00
C380
ENDCHAR
STARTCHAR u59BE.zh_hant
ENCODING 22974
SWIDTH 1000 0
DWIDTH 10 0
BBX 9 9 0 -1
BITMAP
0800
FF80
2200
FF80
1000
FF80
2200
3C00
C380
ENDCHAR
STARTCHAR u59C6.zh_hant
ENCODING 22982
SWIDTH 1000 0
DWIDTH 10 0
BBX 9 9 0 -1
BITMAP
2700
2500
F500
5500
9F80
6900
2900
5F80
8100
ENDCHAR
STARTCHAR u59CA.zh_hant
ENCODING 22986
SWIDTH 1000 0
DWIDTH 10 0
BBX 9 9 0 -1
BITMAP
4200
4F80
EA00
4A00
BF80
A280
4680
6B00
9200
ENDCHAR
STARTCHAR u59CB.zh_hant
ENCODING 22987
SWIDTH 1000 0
DWIDTH 10 0
BBX 9 9 0 -1
BITMAP
2200
2200
F480
5780
9000
6780
2480
5480
9780
ENDCHAR
STARTCHAR u59D0.zh_hant
ENCODING 22992
SWIDTH 1000 0
DWIDTH 10 0
BBX 9 9 0 -1
BITMAP
4780
4480
F780
5480
9480
6780
2480
5480
8F80
ENDCHAR
STARTCHAR u59D1.zh_hant
ENCODING 22993
SWIDTH 1000 0
DWIDTH 10 0
BBX 9 9 0 -1
BITMAP
4200
4200
FF80
5200
9200
6F80
2880
5880
8F80
ENDCHAR
STARTCHAR u59D2.zh_hant
ENCODING 22994
SWIDTH 1000 0
DWIDTH 10 0
BBX 9 9 0 -1
BITMAP
4880
4C80
EA80
4880
A880
AC80
5100
4280
AC80
ENDCHAR
STARTCHAR u59D3.zh_hant
ENCODING 22995
SWIDTH 1000 0
DWIDTH 10 0
BBX 9 9 0 -1
BITMAP
4A00
4A00
FF80
5200
9200
6F80
2200
5200
9F80
ENDCHAR
STARTCHAR u59D4.zh_hant
ENCODING 22996
SWIDTH 1000 0
DWIDTH 10 0
BBX 9 9 0 -1
BITMAP
7F00
0800
FF80
2A00
4900
FF80
2100
3E00
C180
ENDCHAR
STARTCHAR u59D7.zh_hant
ENCODING 22999
SWIDTH 1000 0
DWIDTH 10 0
BBX 9 9 0 -1
BITMAP
5B80
4A80
EA80
4A80
9F80
AA80
4A80
4A80
AD80
ENDCHAR
STARTCHAR u59D8.zh_hant
ENCODING 23000
SWIDTH 1000 0
DWIDTH 10 0
BBX 9 9 0 -1
BITMAP
4900
4A00
FF80
4900
A900
BF80
4900
6900
9100
ENDCHAR
STARTCHAR u59DA.zh_hant
ENCODING 23002
SWIDTH 1000 0
DWIDTH 10 0
BBX 9 9 0 -1
BITMAP
4A00
4A80
FB00
4A00
9B00
6A80
3A00
4A80
9380
ENDCHAR
STARTCHAR u59DC.zh_hant
ENCODING 23004
SWIDTH 1000 0
DWIDTH 10 0
BBX 9 9 0 -1
BITMAP
2200
FF80
0800
7F00
1000
FF80
2100
3E00
C180
ENDCHAR
STARTCHAR u59DD.zh_hant
ENCODING 23005
SWIDTH 1000 0
DWIDTH 10 0
BBX 9 9 0 -1
BITMAP
4A00
4F80
FA00
5200
9F80
A200
4700
6A80
9200
ENDCHAR
STARTCHAR u59E3
ENCODING 23011
SWIDTH 1000 0
DWIDTH 10 0
BBX 9 9 0 -1
BITMAP
4200
5F80
E500
A880
B500
A500
4200
A500
9880
ENDCHAR
STARTCHAR u59E5.zh_hant
ENCODING 23013
SWIDTH 1000 0
DWIDTH 10 0
BBX 9 9 0 -1
BITMAP
2400
2F80
F480
5500
9F80
6400
2F80
5400
8780
ENDCHAR
STARTCHAR u59E8.zh_hant
ENCODING 23016
SWIDTH 1000 0
DWIDTH 10 0
BBX 9 9 0 -1
BITMAP
4200
5F80
E200
5F80
9200
BF80
4280
6500
9880
ENDCHAR
STARTCHAR u59EC.zh_hant
ENCODING 23020
SWIDTH 1000 0
DWIDTH 10 0
BBX 9 9 0 -1
BITMAP
4F80
4900
FB80
4A80
9A80
6B80
2900
5900
8F80
ENDCHAR
STARTCHAR u59F9.zh_hant
ENCODING 23033
SWIDTH 1000 0
DWIDTH 10 0
BBX 9 9 0 -1
BITMAP
4400
5F80
F080
4F00
9400
6F80
2400
5480
8380
ENDCHAR
STARTCHAR u59FB.zh_hant
ENCODING 23035
SWIDTH 1000 0
DWIDTH 10 0
BBX 9 9 0 -1
BITMAP
5F80
5280
F280
5F80
9280
B680
5980
7080
9F80
ENDCHAR
STARTCHAR u59FF.zh_hant
ENCODING 23039
SWIDTH 1000 0
DWIDTH 10 0
BBX 9 9 0 -1
BITMAP
8800
5F80
2480
4A00
9100
FF80
2200
3C00
C380
ENDCHAR
STARTCHAR u5A01.zh_hant
ENCODING 23041
SWIDTH 1000 0
DWIDTH 10 0
BBX 9 9 0 -1
BITMAP
0480
7F80
4200
7E80
5280
7D00
A900
B280
CC80
ENDCHAR
STARTCHAR u5A03.zh_hant
ENCODING 23043
SWIDTH 1000 0
DWIDTH 10 0
BBX 9 9 0 -1
BITMAP
2200
2F80
F200
5F80
9200
6F80
2200
5200
8F80
ENDCHAR
STARTCHAR u5A04.zh_hant
ENCODING 23044
SWIDTH 1000 0
DWIDTH 10 0
BBX 9 9 0 -1
BITMAP
4900
2A00
FF80
2A00
4900
FF80
2100
3E00
C180
ENDCHAR
STARTCHAR u5A05.zh_hant
ENCODING 23045
SWIDTH 1000 0
DWIDTH 10 0
BBX 9 9 0 -1
BITMAP
5F80
4A00
EA00
4A80
BB00
AA00
4A00
6A00
9F80
ENDCHAR
STARTCHAR u5A06.zh_hant
ENCODING 23046
SWIDTH 1000 0
DWIDTH 10 0
BBX 9 9 0 -1
BITMAP
2400
2F80
F500
5280
9580
6000
2F80
5500
9980
ENDCHAR
STARTCHAR u5A07.zh_hant
ENCODING 23047
SWIDTH 1000 0
DWIDTH 10 0
BBX 9 9 0 -1
BITMAP
4F80
4200
FF80
5500
9880
6500
2500
5900
8900
ENDCHAR
STARTCHAR u5A09.zh_hant
ENCODING 23049
SWIDTH 1000 0
DWIDTH 10 0
BBX 9 9 0 -1
BITMAP
4F80
4A80
FF80
4A80
9F80
5400
2780
5080
8300
ENDCHAR
STARTCHAR u5A0C
ENCODING 23052
SWIDTH 1000 0
DWIDTH 10 0
BBX 9 9 0 -1
BITMAP
4F80
4A80
EF80
AA80
AF80
A200
4F80
A200
9F80
ENDCHAR
STARTCHAR u5A11.zh_hant
ENCODING 23057
SWIDTH 1000 0
DWIDTH 10 0
BBX 9 9 0 -1
BITMAP
8400
5500
2480
8D00
4200
FF80
2100
3E00
C180
ENDCHAR
STARTCHAR u5A13.zh_hant
ENCODING 23059
SWIDTH 1000 0
DWIDTH 10 0
BBX 9 9 0 -1
BITMAP
4F80
4880
EF80
4A00
AF80
AA00
4F80
6A00
9380
ENDCHAR
STARTCHAR u5A18.zh_hant
ENCODING 23064
SWIDTH 1000 0
DWIDTH 10 0
BBX 9 9 0 -1
BITMAP
2200
2F80
F880
4F80
9880
6F80
2A80
5900
8C80
ENDCHAR
STARTCHAR u5A1C.zh_hant
ENCODING 23068
SWIDTH 1000 0
DWIDTH 10 0
BBX 9 9 0 -1
BITMAP
5F80
4A80
FE80
4B00
AA80
BE80
4A80
7300
9600
ENDCHAR
STARTCHAR u5A1F.zh_hant
ENCODING 23071
SWIDTH 1000 0
DWIDTH 10 0
BBX 9 9 0 -1
BITMAP
2F80
2880
FF80
4800
9F80
6880
2F80
5880
8980
ENDCHAR
STARTCHAR u5A20.zh_hant
ENCODING 23072
SWIDTH 1000 0
DWIDTH 10 0
BBX 9 9 0 -1
BITMAP
5F80
5000
F780
5000
9F80
AA00
4A80
6900
9C80
ENDCHAR
STARTCHAR u5A23.zh_hant
ENCODING 23075
SWIDTH 1000 0
DWIDTH 10 0
BBX 9 9 0 -1
BITMAP
4500
4F80
F280
5F80
9A00
6F80
2280
5780
8A00
ENDCHAR
STARTCHAR u5A25
ENCODING 23077
SWIDTH 1000 0
DWIDTH 10 0
BBX 9 9 0 -1
BITMAP
4700
5A80
EA00
BF80
AA00
AA80
5D00
A900
9A80
ENDCHAR
STARTCHAR u5A29.zh_hant
ENCODING 23081
SWIDTH 1000 0
DWIDTH 10 0
BBX 9 9 0 -1
BITMAP
4F00
5100
FF80
5280
9280
BF80
4500
6900
9180
ENDCHAR
STARTCHAR u5A31.zh_hant
ENCODING 23089
SWIDTH 1000 0
DWIDTH 10 0
BBX 9 9 0 -1
BITMAP
4780
4480
F780
5000
9780
6200
2F80
5500
8880
ENDCHAR
STARTCHAR u5A34.zh_hant
ENCODING 23092
SWIDTH 1000 0
DWIDTH 10 0
BBX 9 9 0 -1
BITMAP
5380
4880
E280
5F80
9280
B680
5B80
5280
B280
ENDCHAR
STARTCHAR u5A36.zh_hant
ENCODING 23094
SWIDTH 1000 0
DWIDTH 10 0
BBX 9 9 0 -1
BITMAP
FF80
4880
7A80
CB00
2480
FF80
2100
3E00
C180
ENDCHAR
STARTCHAR u5A3C.zh_hant
ENCODING 23100
SWIDTH 1000 0
DWIDTH 10 0
BBX 9 9 0 -1
BITMAP
4F00
4900
FF00
4900
9F80
B080
5F80
7080
9F80
ENDCHAR
STARTCHAR u5A40.zh_hant
ENCODING 23104
SWIDTH 1000 0
DWIDTH 10 0
BBX 9 9 0 -1
BITMAP
5F80
5480
F780
5A80
9680
B680
5B80
7080
9180
ENDCHAR
STARTCHAR u5A46.zh_hant
ENCODING 23110
SWIDTH 1000 0
DWIDTH 10 0
BBX 9 9 0 -1
BITMAP
8200
5F80
1280
B700
4880
FF80
2100
3E00
C180
ENDCHAR
STARTCHAR u5A49.zh_hant
ENCODING 23113
SWIDTH 1000 0
DWIDTH 10 0
BBX 9 9 0 -1
BITMAP
4400
5F80
F080
5B80
AA80
BA80
4B80
4A00
B380
ENDCHAR
STARTCHAR u5A4A.zh_hant
ENCODING 23114
SWIDTH 1000 0
DWIDTH 10 0
BBX 9 9 0 -1
BITMAP
4200
5F80
E200
5F80
A200
BF80
4A80
5900
AC80
ENDCHAR
STARTCHAR u5A55.zh_hant
ENCODING 23125
SWIDTH 1000 0
DWIDTH 10 0
BBX 9 9 0 -1
BITMAP
4200
5F80
E280
5F80
A280
BE00
4B80
6A00
9780
ENDCHAR
STARTCHAR u5A5A.zh_hant
ENCODING 23130
SWIDTH 1000 0
DWIDTH 10 0
BBX 9 9 0 -1
BITMAP
5F80
5200
FF80
5100
9F80
6880
2F80
5880
8F80
ENDCHAR
STARTCHAR u5A62.zh_hant
ENCODING 23138
SWIDTH 1000 0
DWIDTH 10 0
BBX 9 9 0 -1
BITMAP
4400
4F80
FA80
4F80
9A80
6F80
2500
5F80
9100
ENDCHAR
STARTCHAR u5A67.zh_hant
ENCODING 23143
SWIDTH 1000 0
DWIDTH 10 0
BBX 9 9 0 -1
BITMAP
4200
5F80
E200
4F80
A200
BF80
4880
6F80
8880
ENDCHAR
STARTCHAR u5A6A.zh_hant
ENCODING 23146
SWIDTH 1000 0
DWIDTH 10 0
BBX 9 9 0 -1
BITMAP
2200
FF80
2600
6B00
A280
FF80
2100
3E00
C180
ENDCHAR
STARTCHAR u5A74.zh_hant
ENCODING 23156
SWIDTH 1000 0
DWIDTH 10 0
BBX 9 9 0 -1
BITMAP
F780
9480
B580
4200
9480
FF80
2100
3E00
C180
ENDCHAR
STARTCHAR u5A75.zh_hant
ENCODING 23157
SWIDTH 1000 0
DWIDTH 10 0
BBX 9 9 0 -1
BITMAP
4500
4F80
FA80
4F80
9A80
6F80
2200
5F80
8200
ENDCHAR
STARTCHAR u5A76.zh_hant
ENCODING 23158
SWIDTH 1000 0
DWIDTH 10 0
BBX 9 9 0 -1
BITMAP
4200
5F80
F280
4F80
9A80
6F80
2A80
5F80
8200
ENDCHAR
STARTCHAR u5A77
ENCODING 23159
SWIDTH 1000 0
DWIDTH 10 0
BBX 9 9 0 -1
BITMAP
4200
5F80
E900
A900
BF80
B080
4F00
A200
8600
ENDCHAR
STARTCHAR u5A7A.zh_hant
ENCODING 23162
SWIDTH 1000 0
DWIDTH 10 0
BBX 9 9 0 -1
BITMAP
F400
1780
F900
6A00
A500
FF80
2200
3C00
E380
ENDCHAR
STARTCHAR u5A7F.zh_hant
ENCODING 23167
SWIDTH 1000 0
DWIDTH 10 0
BBX 9 9 0 -1
BITMAP
5F80
4280
FB00
4A00
9F80
6880
2F80
5880
8980
ENDCHAR
STARTCHAR u5A92.zh_hant
ENCODING 23186
SWIDTH 1000 0
DWIDTH 10 0
BBX 9 9 0 -1
BITMAP
4900
5F80
E900
4F00
A900
BF80
4600
6A80
9280
ENDCHAR
STARTCHAR u5A9A.zh_hant
ENCODING 23194
SWIDTH 1000 0
DWIDTH 10 0
BBX 9 9 0 -1
BITMAP
5F80
5280
FF80
5000
9F80
A880
4F80
6880
8F80
ENDCHAR
STARTCHAR u5A9B.zh_hant
ENCODING 23195
SWIDTH 1000 0
DWIDTH 10 0
BBX 9 9 0 -1
BITMAP
5F80
4A80
F100
5F80
9400
6F80
2900
5700
8880
ENDCHAR
STARTCHAR u5AAA.zh_hant
ENCODING 23210
SWIDTH 1000 0
DWIDTH 10 0
BBX 9 9 0 -1
BITMAP
2780
2480
F780
5480
9780
6000
3F80
4A80
9F80
ENDCHAR
STARTCHAR u5AB2.zh_hant
ENCODING 23218
SWIDTH 1000 0
DWIDTH 10 0
BBX 9 9 0 -1
BITMAP
4400
5F80
F280
5580
9880
BF80
5200
7E80
9380
ENDCHAR
STARTCHAR u5AB3.zh_hant
ENCODING 23219
SWIDTH 1000 0
DWIDTH 10 0
BBX 9 9 0 -1
BITMAP
4400
4F80
F880
4F80
9880
6F80
2200
5880
8E80
ENDCHAR
STARTCHAR u5ABE.zh_hant
ENCODING 23230
SWIDTH 1000 0
DWIDTH 10 0
BBX 9 9 0 -1
BITMAP
2500
2F80
F500
4F80
9A80
6F80
2A80
5F80
8880
ENDCHAR
STARTCHAR u5AC1.zh_hant
ENCODING 23233
SWIDTH 1000 0
DWIDTH 10 0
BBX 9 9 0 -1
BITMAP
4200
5F80
F080
5F00
9480
AA80
4500
5900
A680
ENDCHAR
STARTCHAR u5AC2.zh_hant
ENCODING 23234
SWIDTH 1000 0
DWIDTH 10 0
BBX 9 9 0 -1
BITMAP
4200
5B80
F280
5B80
9280
BF80
4900
6600
9980
ENDCHAR
STARTCHAR u5AC9.zh_hant
ENCODING 23241
SWIDTH 1000 0
DWIDTH 10 0
BBX 9 9 0 -1
BITMAP
4200
5F80
F400
5780
9A00
BF80
5200
7500
9880
ENDCHAR
STARTCHAR u5ACC.zh_hant
ENCODING 23244
SWIDTH 1000 0
DWIDTH 10 0
BBX 9 9 0 -1
BITMAP
4A00
5F80
EA80
5F80
AA80
BF80
4A00
5B00
AA80
ENDCHAR
STARTCHAR u5AD4.zh_hant
ENCODING 23252
SWIDTH 1000 0
DWIDTH 10 0
BBX 9 9 0 -1
BITMAP
4200
5F80
F080
4F00
9800
6F00
2900
5F80
8900
ENDCHAR
STARTCHAR u5AD6.zh_hant
ENCODING 23254
SWIDTH 1000 0
DWIDTH 10 0
BBX 9 9 0 -1
BITMAP
5F80
4500
FF80
4A80
BF80
A000
5F80
6A00
9280
ENDCHAR
STARTCHAR u5AD8.zh_hant
ENCODING 23256
SWIDTH 1000 0
DWIDTH 10 0
BBX 9 9 0 -1
BITMAP
5F80
5280
FF80
5280
BF80
A900
5E80
6200
9680
ENDCHAR
STARTCHAR u5AE1.zh_hant
ENCODING 23265
SWIDTH 1000 0
DWIDTH 10 0
BBX 9 9 0 -1
BITMAP
4200
5F80
E900
4900
9F80
B280
5F80
7480
9780
ENDCHAR
STARTCHAR u5AE3.zh_hant
ENCODING 23267
SWIDTH 1000 0
DWIDTH 10 0
BBX 9 9 0 -1
BITMAP
4F80
4200
EB80
4A00
AF80
A800
4F80
6A80
9580
ENDCHAR
STARTCHAR u5AE6.zh_hant
ENCODING 23270
SWIDTH 1000 0
DWIDTH 10 0
BBX 9 9 0 -1
BITMAP
5480
5F80
F100
5F00
A400
BF80
5480
7480
9580
ENDCHAR
STARTCHAR u5AE9.zh_hant
ENCODING 23273
SWIDTH 1000 0
DWIDTH 10 0
BBX 9 9 0 -1
BITMAP
4A00
5F80
E880
5E80
9A80
BF00
4900
5A80
AC80
ENDCHAR
STARTCHAR u5B09.zh_hant
ENCODING 23305
SWIDTH 1000 0
DWIDTH 10 0
BBX 9 9 0 -1
BITMAP
4200
5F80
E200
5F80
A880
A500
5F80
7080
9F80
ENDCHAR
STARTCHAR u5B16.zh_hant
ENCODING 23318
SWIDTH 1000 0
DWIDTH 10 0
BBX 9 9 0 -1
BITMAP
F200
9F80
F500
9F80
2200
FF80
2100
3E00
C180
ENDCHAR
STARTCHAR u5B17.zh_hant
ENCODING 23319
SWIDTH 1000 0
DWIDTH 10 0
BBX 9 9 0 -1
BITMAP
4200
5F80
F480
5780
9080
BF80
4900
6900
9F80
ENDCHAR
STARTCHAR u5B32.zh_hant
ENCODING 23346
SWIDTH 1000 0
DWIDTH 10 0
BBX 9 9 0 -1
BITMAP
EB80
AA80
FF80
AA80
F780
4A00
F780
5280
B580
ENDCHAR
STARTCHAR u5B34.zh_hant
ENCODING 23348
SWIDTH 1000 0
DWIDTH 10 0
BBX 9 9 0 -1
BITMAP
FF80
4000
7F00
2200
EB80
B680
EA80
AE80
B280
ENDCHAR
STARTCHAR u5B37.zh_hant
ENCODING 23351
SWIDTH 1000 0
DWIDTH 10 0
BBX 9 9 0 -1
BITMAP
4400
5F80
F500
5F80
9500
BA80
5500
5A80
A780
ENDCHAR
STARTCHAR u5B40.zh_hant
ENCODING 23360
SWIDTH 1000 0
DWIDTH 10 0
BBX 9 9 0 -1
BITMAP
5F80
4400
FF80
5480
9780
AA80
7F80
5A80
AB80
ENDCHAR
STARTCHAR u5B50
ENCODING 23376
SWIDTH 1000 0
DWIDTH 10 0
BBX 9 9 0 -1
BITMAP
7F00
0200
0400
0800
FF80
0800
0800
0800
3800
ENDCHAR
STARTCHAR u5B51
ENCODING 23377
SWIDTH 1000 0
DWIDTH 10 0
BBX 9 9 0 -1
BITMAP
7F00
0200
0400
0980
1E00
E800
0800
0800
3800
ENDCHAR
STARTCHAR u5B53
ENCODING 23379
SWIDTH 1000 0
DWIDTH 10 0
BBX 9 9 0 -1
BITMAP
7F00
0200
0400
8800
6800
1C00
0B80
0800
3800
ENDCHAR
STARTCHAR u5B54.zh_hant
ENCODING 23380
SWIDTH 1000 0
DWIDTH 10 0
BBX 9 9 0 -1
BITMAP
FA00
0A00
1200
2200
2200
FA00
2280
2280
6380
ENDCHAR
STARTCHAR u5B55.zh_hant
ENCODING 23381
SWIDTH 1000 0
DWIDTH 10 0
BBX 9 9 0 -1
BITMAP
FE00
1200
2380
7C80
8580
0800
FF80
0800
1800
ENDCHAR
STARTCHAR u5B57
ENCODING 23383
SWIDTH 1000 0
DWIDTH 10 0
BBX 9 9 0 -1
BITMAP
0800
FF80
8080
BE80
0400
FF80
0800
0800
3800
ENDCHAR
STARTCHAR u5B58.zh_hant
ENCODING 23384
SWIDTH 1000 0
DWIDTH 10 0
BBX 9 9 0 -1
BITMAP
1000
FF80
2000
2F00
4100
C200
5F80
4200
4600
ENDCHAR
STARTCHAR u5B59.zh_hant
ENCODING 23385
SWIDTH 1000 0
DWIDTH 10 0
BBX 9 9 0 -1
BITMAP
E200
2200
2B00
4A80
6A80
D280
5200
4200
C600
ENDCHAR
STARTCHAR u5B5A.zh_hant
ENCODING 23386
SWIDTH 1000 0
DWIDTH 10 0
BBX 9 9 0 -1
BITMAP
7F80
5200
8900
8080
3E00
0400
FF80
0800
1800
ENDCHAR
STARTCHAR u5B5B.zh_hant
ENCODING 23387
SWIDTH 1000 0
DWIDTH 10 0
BBX 9 9 0 -1
BITMAP
0800
FF80
0800
FF80
8480
0800
FF80
0800
1800
ENDCHAR
STARTCHAR u5B5C.zh_hant
ENCODING 23388
SWIDTH 1000 0
DWIDTH 10 0
BBX 9 9 0 -1
BITMAP
E800
2F80
2900
5100
5500
E500
4200
4600
D980
ENDCHAR
STARTCHAR u5B5D.zh_hant
ENCODING 23389
SWIDTH 1000 0
DWIDTH 10 0
BBX 9 9 0 -1
BITMAP
0800
7F80
0900
0A00
FF80
2200
7F80
8400
0C00
ENDCHAR
STARTCHAR u5B5F.zh_hant
ENCODING 23391
SWIDTH 1000 0
DWIDTH 10 0
BBX 9 9 0 -1
BITMAP
7F00
0200
0400
FF80
0800
7F00
5500
5500
FF80
ENDCHAR
STARTCHAR u5B62.zh_hant
ENCODING 23394
SWIDTH 1000 0
DWIDTH 10 0
BBX 9 9 0 -1
BITMAP
E800
2F80
3080
4E80
6A80
CE80
4800
4880
CF80
ENDCHAR
STARTCHAR u5B63.zh_hant
ENCODING 23395
SWIDTH 1000 0
DWIDTH 10 0
BBX 9 9 0 -1
BITMAP
7F00
0800
FF80
2900
5E80
8400
FF80
0800
1800
ENDCHAR
STARTCHAR u5B64.zh_hant
ENCODING 23396
SWIDTH 1000 0
DWIDTH 10 0
BBX 9 9 0 -1
BITMAP
FF80
1500
3500
5500
5500
D500
5480
5F80
E080
ENDCHAR
STARTCHAR u5B65.zh_hant
ENCODING 23397
SWIDTH 1000 0
DWIDTH 10 0
BBX 9 9 0 -1
BITMAP
2780
F880
4A80
3300
DE80
0400
FF80
0800
1800
ENDCHAR
STARTCHAR u5B66
ENCODING 23398
SWIDTH 1000 0
DWIDTH 10 0
BBX 9 9 0 -1
BITMAP
4900
FF80
8080
BE80
0400
FF80
0800
0800
3800
ENDCHAR
STARTCHAR u5B69.zh_hant
ENCODING 23401
SWIDTH 1000 0
DWIDTH 10 0
BBX 9 9 0 -1
BITMAP
E200
3F80
2480
4900
6A00
C480
4900
4600
D980
ENDCHAR
STARTCHAR u5B6A.zh_hant
ENCODING 23402
SWIDTH 1000 0
DWIDTH 10 0
BBX 9 9 0 -1
BITMAP
0800
FF80
1400
5500
BE80
0400
FF80
0800
1800
ENDCHAR
STARTCHAR u5B70.zh_hant
ENCODING 23408
SWIDTH 1000 0
DWIDTH 10 0
BBX 9 9 0 -1
BITMAP
2200
FF80
4A80
7A80
1780
2280
FA80
2480
6480
ENDCHAR
STARTCHAR u5B71.zh_hant
ENCODING 23409
SWIDTH 1000 0
DWIDTH 10 0
BBX 9 9 0 -1
BITMAP
FF80
8080
FF80
8400
BF80
8880
FF80
9100
B300
ENDCHAR
STARTCHAR u5B73.zh_hant
ENCODING 23411
SWIDTH 1000 0
DWIDTH 10 0
BBX 9 9 0 -1
BITMAP
2400
FF80
5280
A500
7F00
0400
FF80
0800
1800
ENDCHAR
STARTCHAR u5B75.zh_hant
ENCODING 23413
SWIDTH 1000 0
DWIDTH 10 0
BBX 9 9 0 -1
BITMAP
3F80
D500
9680
DC00
9780
9500
F780
3D00
D300
ENDCHAR
STARTCHAR u5B7A.zh_hant
ENCODING 23418
SWIDTH 1000 0
DWIDTH 10 0
BBX 9 9 0 -1
BITMAP
EF80
2200
3F80
5280
7B80
C200
5F80
5480
D580
ENDCHAR
STARTCHAR u5B7D.zh_hant
ENCODING 23421
SWIDTH 1000 0
DWIDTH 10 0
BBX 9 9 0 -1
BITMAP
2200
FF80
A900
FF80
A200
FE00
0400
FF80
0800
ENDCHAR
STARTCHAR u5B80.zh_hant
ENCODING 23424
SWIDTH 1000 0
DWIDTH 10 0
BBX 9 5 0 2
BITMAP
0800
0800
FF80
8080
8080
ENDCHAR
STARTCHAR u5B81
ENCODING 23425
SWIDTH 1000 0
DWIDTH 10 0
BBX 9 9 0 -1
BITMAP
0800
FF80
8080
0000
FF80
0800
0800
0800
3800
ENDCHAR
STARTCHAR u5B83.zh_hant
ENCODING 23427
SWIDTH 1000 0
DWIDTH 10 0
BBX 9 9 0 -1
BITMAP
0800
FF80
8080
A080
2600
3800
2000
2100
3F00
ENDCHAR
STARTCHAR u5B85.zh_hant
ENCODING 23429
SWIDTH 1000 0
DWIDTH 10 0
BBX 9 9 0 -1
BITMAP
0800
FF80
8080
FE00
1000
1F80
F000
1080
1F80
ENDCHAR
STARTCHAR u5B87
ENCODING 23431
SWIDTH 1000 0
DWIDTH 10 0
BBX 9 9 0 -1
BITMAP
0800
FF80
8080
3E00
0800
FF80
0800
0800
3800
ENDCHAR
STARTCHAR u5B88.zh_hant
ENCODING 23432
SWIDTH 1000 0
DWIDTH 10 0
BBX 9 9 0 -1
BITMAP
0800
FF80
8280
0200
FF80
0200
4200
2200
0600
ENDCHAR
STARTCHAR u5B89.zh_hant
ENCODING 23433
SWIDTH 1000 0
DWIDTH 10 0
BBX 9 9 0 -1
BITMAP
0800
FF80
8080
1000
FF80
2200
2200
3C00
C380
ENDCHAR
STARTCHAR u5B8B
ENCODING 23435
SWIDTH 1000 0
DWIDTH 10 0
BBX 9 9 0 -1
BITMAP
0800
FF80
8880
0800
FF80
1C00
2A00
C980
0800
ENDCHAR
STARTCHAR u5B8C
ENCODING 23436
SWIDTH 1000 0
DWIDTH 10 0
BBX 9 9 0 -1
BITMAP
0800
FF80
8080
BE80
0000
FF80
1400
2480
C780
ENDCHAR
STARTCHAR u5B8F.zh_hant
ENCODING 23439
SWIDTH 1000 0
DWIDTH 10 0
BBX 9 9 0 -1
BITMAP
0800
FF80
9080
1000
FF80
2900
2900
5280
5C80
ENDCHAR
STARTCHAR u5B93.zh_hant
ENCODING 23443
SWIDTH 1000 0
DWIDTH 10 0
BBX 9 9 0 -1
BITMAP
0800
FF80
8880
2400
2100
A480
A800
9000
AF80
ENDCHAR
STARTCHAR u5B95.zh_hant
ENCODING 23445
SWIDTH 1000 0
DWIDTH 10 0
BBX 9 9 0 -1
BITMAP
0800
FF80
8080
7F00
1000
3F00
E100
2100
3F00
ENDCHAR
STARTCHAR u5B97.zh_hant
ENCODING 23447
SWIDTH 1000 0
DWIDTH 10 0
BBX 9 9 0 -1
BITMAP
0800
FF80
8080
3E00
0000
FF80
0800
4900
9880
ENDCHAR
STARTCHAR u5B98
ENCODING 23448
SWIDTH 1000 0
DWIDTH 10 0
BBX 9 9 0 -1
BITMAP
0800
FF80
A280
2200
3E00
2000
3F00
2100
3F00
ENDCHAR
STARTCHAR u5B99
ENCODING 23449
SWIDTH 1000 0
DWIDTH 10 0
BBX 9 9 0 -1
BITMAP
0800
FF80
8880
7F00
4900
7F00
4900
4900
7F00
ENDCHAR
STARTCHAR u5B9A
ENCODING 23450
SWIDTH 1000 0
DWIDTH 10 0
BBX 9 9 0 -1
BITMAP
0800
FF80
8080
7F00
0800
2F00
2800
5800
8780
ENDCHAR
STARTCHAR u5B9B.zh_hant
ENCODING 23451
SWIDTH 1000 0
DWIDTH 10 0
BBX 9 9 0 -1
BITMAP
0800
FF80
8080
F780
5500
7500
9700
2480
C780
ENDCHAR
STARTCHAR u5B9C
ENCODING 23452
SWIDTH 1000 0
DWIDTH 10 0
BBX 9 9 0 -1
BITMAP
0800
FF80
BE80
2200
3E00
2200
3E00
2200
FF80
ENDCHAR
STARTCHAR u5B9D
ENCODING 23453
SWIDTH 1000 0
DWIDTH 10 0
BBX 9 9 0 -1
BITMAP
0800
FF80
8080
7F00
0800
7F00
0A00
0900
FF80
ENDCHAR
STARTCHAR u5B9E
ENCODING 23454
SWIDTH 1000 0
DWIDTH 10 0
BBX 9 9 0 -1
BITMAP
0800
FF80
A080
1400
4400
2400
FF80
0A00
F180
ENDCHAR
STARTCHAR u5BA0.zh_hant
ENCODING 23456
SWIDTH 1000 0
DWIDTH 10 0
BBX 9 9 0 -1
BITMAP
0800
FF80
8080
1100
FF80
2900
2A00
4480
9B80
ENDCHAR
STARTCHAR u5BA1
ENCODING 23457
SWIDTH 1000 0
DWIDTH 10 0
BBX 9 9 0 -1
BITMAP
0800
FF80
8880
7F00
4900
7F00
4900
7F00
0800
ENDCHAR
STARTCHAR u5BA2.zh_hant
ENCODING 23458
SWIDTH 1000 0
DWIDTH 10 0
BBX 9 9 0 -1
BITMAP
0800
FF80
9280
A280
5400
1C00
E380
2200
3E00
ENDCHAR
STARTCHAR u5BA3
ENCODING 23459
SWIDTH 1000 0
DWIDTH 10 0
BBX 9 9 0 -1
BITMAP
0800
FF80
8080
7F00
3E00
2200
3E00
2200
FF80
ENDCHAR
STARTCHAR u5BA4
ENCODING 23460
SWIDTH 1000 0
DWIDTH 10 0
BBX 9 9 0 -1
BITMAP
0800
FF80
8080
7F00
1000
2200
7D00
0800
FF80
ENDCHAR
STARTCHAR u5BA5.zh_hant
ENCODING 23461
SWIDTH 1000 0
DWIDTH 10 0
BBX 9 9 0 -1
BITMAP
0800
FF80
9080
FF80
2100
7F00
A100
3F00
2100
ENDCHAR
STARTCHAR u5BA6.zh_hant
ENCODING 23462
SWIDTH 1000 0
DWIDTH 10 0
BBX 9 9 0 -1
BITMAP
0800
FF80
A480
BE80
2200
3E00
2400
2400
3F00
ENDCHAR
STARTCHAR u5BAA.zh_hant
ENCODING 23466
SWIDTH 1000 0
DWIDTH 10 0
BBX 9 9 0 -1
BITMAP
0800
FF80
A880
3E00
4800
FF00
1400
2480
C380
ENDCHAR
STARTCHAR u5BAB.zh_hant
ENCODING 23467
SWIDTH 1000 0
DWIDTH 10 0
BBX 9 9 0 -1
BITMAP
0800
FF80
8080
3E00
2200
7F00
4100
4100
7F00
ENDCHAR
STARTCHAR u5BB0
ENCODING 23472
SWIDTH 1000 0
DWIDTH 10 0
BBX 9 9 0 -1
BITMAP
0800
FF80
8880
7F00
2200
FF80
0800
7F00
0800
ENDCHAR
STARTCHAR u5BB3.zh_hant
ENCODING 23475
SWIDTH 1000 0
DWIDTH 10 0
BBX 9 9 0 -1
BITMAP
0800
FF80
8880
7F00
0800
FF80
2200
2200
3E00
ENDCHAR
STARTCHAR u5BB4.zh_hant
ENCODING 23476
SWIDTH 1000 0
DWIDTH 10 0
BBX 9 9 0 -1
BITMAP
0800
FF80
A280
3E00
2200
FF80
2100
3E00
C180
ENDCHAR
STARTCHAR u5BB5.zh_hant
ENCODING 23477
SWIDTH 1000 0
DWIDTH 10 0
BBX 9 9 0 -1
BITMAP
0800
FF80
A900
0A00
7F00
4100
7F00
4100
4300
ENDCHAR
STARTCHAR u5BB6
ENCODING 23478
SWIDTH 1000 0
DWIDTH 10 0
BBX 9 9 0 -1
BITMAP
0800
FF80
8080
7F00
2880
CD00
3600
C580
1800
ENDCHAR
STARTCHAR u5BB8
ENCODING 23480
SWIDTH 1000 0
DWIDTH 10 0
BBX 9 9 0 -1
BITMAP
0800
FF80
8080
7F00
4000
7F80
6900
A600
B180
ENDCHAR
STARTCHAR u5BB9
ENCODING 23481
SWIDTH 1000 0
DWIDTH 10 0
BBX 9 9 0 -1
BITMAP
0800
FF80
A280
4900
1400
2200
FF80
2200
3E00
ENDCHAR
STARTCHAR u5BBD
ENCODING 23485
SWIDTH 1000 0
DWIDTH 10 0
BBX 9 9 0 -1
BITMAP
0800
FF80
A280
7F00
2200
7F00
4900
1480
E780
ENDCHAR
STARTCHAR u5BBE.zh_hant
ENCODING 23486
SWIDTH 1000 0
DWIDTH 10 0
BBX 9 9 0 -1
BITMAP
0800
FF80
8080
3E00
2000
3F00
2200
FF80
4100
ENDCHAR
STARTCHAR u5BBF.zh_hant
ENCODING 23487
SWIDTH 1000 0
DWIDTH 10 0
BBX 9 9 0 -1
BITMAP
0800
FF80
A280
2400
5F80
D080
5F80
5080
5F80
ENDCHAR
STARTCHAR u5BC2.zh_hant
ENCODING 23490
SWIDTH 1000 0
DWIDTH 10 0
BBX 9 9 0 -1
BITMAP
0800
FF80
A080
B780
2100
FD00
2500
B300
AC80
ENDCHAR
STARTCHAR u5BC4.zh_hant
ENCODING 23492
SWIDTH 1000 0
DWIDTH 10 0
BBX 9 9 0 -1
BITMAP
0800
FF80
9480
2200
FF80
0100
7900
4900
7B00
ENDCHAR
STARTCHAR u5BC5.zh_hant
ENCODING 23493
SWIDTH 1000 0
DWIDTH 10 0
BBX 9 9 0 -1
BITMAP
0800
FF80
8080
FF80
4900
7F00
4900
3E00
C180
ENDCHAR
STARTCHAR u5BC6.zh_hant
ENCODING 23494
SWIDTH 1000 0
DWIDTH 10 0
BBX 9 9 0 -1
BITMAP
0800
FF80
9080
4500
A880
3F00
C800
4900
7F00
ENDCHAR
STARTCHAR u5BC7.zh_hant
ENCODING 23495
SWIDTH 1000 0
DWIDTH 10 0
BBX 9 9 0 -1
BITMAP
0800
FF80
8280
F200
0780
FC80
5300
5480
9F80
ENDCHAR
STARTCHAR u5BCC.zh_hant
ENCODING 23500
SWIDTH 1000 0
DWIDTH 10 0
BBX 9 9 0 -1
BITMAP
0800
FF80
A280
2200
7F00
4900
7F00
4900
7F00
ENDCHAR
STARTCHAR u5BD0.zh_hant
ENCODING 23504
SWIDTH 1000 0
DWIDTH 10 0
BBX 9 9 0 -1
BITMAP
0800
FF80
8280
AF00
E200
3F80
E600
AB00
B280
ENDCHAR
STARTCHAR u5BD2.zh_hant
ENCODING 23506
SWIDTH 1000 0
DWIDTH 10 0
BBX 9 9 0 -1
BITMAP
0800
FF80
9480
7F00
1400
FF80
2500
D880
0600
ENDCHAR
STARTCHAR u5BD3
ENCODING 23507
SWIDTH 1000 0
DWIDTH 10 0
BBX 9 9 0 -1
BITMAP
0800
FF80
AA80
3E00
2A00
FF80
8A80
BE80
8180
ENDCHAR
STARTCHAR u5BDD.zh_hant
ENCODING 23517
SWIDTH 1000 0
DWIDTH 10 0
BBX 9 9 0 -1
BITMAP
0800
FF80
8080
5F00
C100
7F80
5100
CE00
7180
ENDCHAR
STARTCHAR u5BDE.zh_hant
ENCODING 23518
SWIDTH 1000 0
DWIDTH 10 0
BBX 9 9 0 -1
BITMAP
0800
FF80
9480
7F00
1400
2200
FF80
2200
C180
ENDCHAR
STARTCHAR u5BDF.zh_hant
ENCODING 23519
SWIDTH 1000 0
DWIDTH 10 0
BBX 9 9 0 -1
BITMAP
0800
FF80
8A80
5200
ED80
0000
FF80
4900
9880
ENDCHAR
STARTCHAR u5BE1.zh_hant
ENCODING 23521
SWIDTH 1000 0
DWIDTH 10 0
BBX 9 9 0 -1
BITMAP
0800
FF80
A280
BE80
2200
7F00
9280
1200
6600
ENDCHAR
STARTCHAR u5BE4.zh_hant
ENCODING 23524
SWIDTH 1000 0
DWIDTH 10 0
BBX 9 9 0 -1
BITMAP
0800
FF80
8480
BF80
E500
2500
FF80
A900
AF00
ENDCHAR
STARTCHAR u5BE5.zh_hant
ENCODING 23525
SWIDTH 1000 0
DWIDTH 10 0
BBX 9 9 0 -1
BITMAP
0800
FF80
B280
5480
9980
2600
D980
0600
7800
ENDCHAR
STARTCHAR u5BE8.zh_hant
ENCODING 23528
SWIDTH 1000 0
DWIDTH 10 0
BBX 9 9 0 -1
BITMAP
0800
FF80
9480
7F00
1400
3E00
D980
2A00
C980
ENDCHAR
STARTCHAR u5BEE.zh_hant
ENCODING 23534
SWIDTH 1000 0
DWIDTH 10 0
BBX 9 9 0 -1
BITMAP
0800
FF80
8880
FF80
5500
A280
3E00
4900
9880
ENDCHAR
STARTCHAR u5BF0.zh_hant
ENCODING 23536
SWIDTH 1000 0
DWIDTH 10 0
BBX 9 9 0 -1
BITMAP
0800
FF80
AA80
3E00
E380
3E00
1500
E200
3980
ENDCHAR
STARTCHAR u5BF8.zh_hant
ENCODING 23544
SWIDTH 1000 0
DWIDTH 10 0
BBX 9 9 0 -1
BITMAP
0200
0200
FF80
0200
4200
2200
0200
0200
0E00
ENDCHAR
STARTCHAR u5BF9.zh_hant
ENCODING 23545
SWIDTH 1000 0
DWIDTH 10 0
BBX 9 9 0 -1
BITMAP
0100
F900
0F80
5100
5500
2300
2100
5100
8300
ENDCHAR
STARTCHAR u5BFA.zh_hant
ENCODING 23546
SWIDTH 1000 0
DWIDTH 10 0
BBX 9 9 0 -1
BITMAP
0800
7F00
0800
FF80
0200
FF80
0200
2200
1600
ENDCHAR
STARTCHAR u5BFB.zh_hant
ENCODING 23547
SWIDTH 1000 0
DWIDTH 10 0
BBX 9 9 0 -1
BITMAP
7F00
0100
7F00
0100
7F00
0200
FF80
2200
1600
ENDCHAR
STARTCHAR u5BFC.zh_hant
ENCODING 23548
SWIDTH 1000 0
DWIDTH 10 0
BBX 9 9 0 -1
BITMAP
7F00
4100
7F00
4080
3F80
0200
FF80
2200
1600
ENDCHAR
STARTCHAR u5BFF.zh_hant
ENCODING 23551
SWIDTH 1000 0
DWIDTH 10 0
BBX 9 9 0 -1
BITMAP
0800
FF80
0800
7F80
1100
FF80
2100
5100
8B00
ENDCHAR
STARTCHAR u5C01.zh_hant
ENCODING 23553
SWIDTH 1000 0
DWIDTH 10 0
BBX 9 9 0 -1
BITMAP
2080
F880
2780
F880
2480
FA80
2080
2080
F980
ENDCHAR
STARTCHAR u5C04.zh_hant
ENCODING 23556
SWIDTH 1000 0
DWIDTH 10 0
BBX 9 9 0 -1
BITMAP
4080
F880
8F80
F880
8C80
FA80
2880
4880
9980
ENDCHAR
STARTCHAR u5C06
ENCODING 23558
SWIDTH 1000 0
DWIDTH 10 0
BBX 9 9 0 -1
BITMAP
2780
2C80
A380
6C00
2100
6F80
A100
2500
2300
ENDCHAR
STARTCHAR u5C09.zh_hant
ENCODING 23561
SWIDTH 1000 0
DWIDTH 10 0
BBX 9 9 0 -1
BITMAP
F880
8F80
F880
8080
F480
2280
A880
A880
6180
ENDCHAR
STARTCHAR u5C0A.zh_hant
ENCODING 23562
SWIDTH 1000 0
DWIDTH 10 0
BBX 9 9 0 -1
BITMAP
2200
FF80
5500
6700
4100
FF80
0200
2200
1600
ENDCHAR
STARTCHAR u5C0F
ENCODING 23567
SWIDTH 1000 0
DWIDTH 10 0
BBX 9 9 0 -1
BITMAP
0800
0800
4900
4900
4880
8880
8880
0800
1800
ENDCHAR
STARTCHAR u5C11.zh_hant
ENCODING 23569
SWIDTH 1000 0
DWIDTH 10 0
BBX 9 9 0 -1
BITMAP
0800
0800
4900
4880
8800
1900
0200
0C00
7000
ENDCHAR
STARTCHAR u5C14.zh_hant
ENCODING 23572
SWIDTH 1000 0
DWIDTH 10 0
BBX 9 9 0 -1
BITMAP
2000
3F80
4080
8900
0800
4900
4880
8880
1800
ENDCHAR
STARTCHAR u5C15.zh_hant
ENCODING 23573
SWIDTH 1000 0
DWIDTH 10 0
BBX 9 9 0 -1
BITMAP
FE00
2200
2380
4080
8980
0800
4900
8880
1800
ENDCHAR
STARTCHAR u5C16.zh_hans
ENCODING 23574
SWIDTH 1000 0
DWIDTH 10 0
BBX 9 9 0 -1
BITMAP
0800
4900
8880
0800
0000
0800
FF80
1400
E380
ENDCHAR
STARTCHAR u5C18
ENCODING 23576
SWIDTH 1000 0
DWIDTH 10 0
BBX 9 9 0 -1
BITMAP
0800
4900
8880
0800
0000
0800
7F00
0800
FF80
ENDCHAR
STARTCHAR u5C1A
ENCODING 23578
SWIDTH 1000 0
DWIDTH 10 0
BBX 9 9 0 -1
BITMAP
8880
4900
0800
FF80
8080
BE80
A280
BE80
8180
ENDCHAR
STARTCHAR u5C1D
ENCODING 23581
SWIDTH 1000 0
DWIDTH 10 0
BBX 9 9 0 -1
BITMAP
4900
FF80
8080
3E00
0000
FF80
1000
2200
7D00
ENDCHAR
STARTCHAR u5C22.zh_hant
ENCODING 23586
SWIDTH 1000 0
DWIDTH 10 0
BBX 9 9 0 -1
BITMAP
0800
0800
FF80
1400
1400
1400
2480
2480
C780
ENDCHAR
STARTCHAR u5C24.zh_hant
ENCODING 23588
SWIDTH 1000 0
DWIDTH 10 0
BBX 9 9 0 -1
BITMAP
0980
0800
FF80
0800
0C00
1400
1480
2480
C780
ENDCHAR
STARTCHAR u5C27.zh_hant
ENCODING 23591
SWIDTH 1000 0
DWIDTH 10 0
BBX 9 9 0 -1
BITMAP
2000
FF80
1100
6F00
0000
FF80
1400
2480
C380
ENDCHAR
STARTCHAR u5C2C.zh_hant
ENCODING 23596
SWIDTH 1000 0
DWIDTH 10 0
BBX 9 9 0 -1
BITMAP
2700
2880
F000
5500
5500
5500
5900
9000
8F80
ENDCHAR
STARTCHAR u5C31
ENCODING 23601
SWIDTH 1000 0
DWIDTH 10 0
BBX 9 9 0 -1
BITMAP
2280
F200
0F80
F200
9500
F500
2500
B500
6980
ENDCHAR
STARTCHAR u5C34.zh_hant
ENCODING 23604
SWIDTH 1000 0
DWIDTH 10 0
BBX 9 9 0 -1
BITMAP
5500
5580
F600
5580
4000
5F80
AA80
AA80
9F80
ENDCHAR
STARTCHAR u5C38.zh_hant
ENCODING 23608
SWIDTH 1000 0
DWIDTH 10 0
BBX 9 9 0 -1
BITMAP
7F80
4080
4080
7F80
4000
4000
4000
8000
8000
ENDCHAR
STARTCHAR u5C39.zh_hant
ENCODING 23609
SWIDTH 1000 0
DWIDTH 10 0
BBX 9 9 0 -1
BITMAP
7F00
0900
FF80
0900
0900
7F00
0800
1000
6000
ENDCHAR
STARTCHAR u5C3A.zh_hant
ENCODING 23610
SWIDTH 1000 0
DWIDTH 10 0
BBX 9 9 0 -1
BITMAP
7F00
4100
4100
7F00
4400
4400
4200
8100
8080
ENDCHAR
STARTCHAR u5C3B.zh_hant
ENCODING 23611
SWIDTH 1000 0
DWIDTH 10 0
BBX 9 9 0 -1
BITMAP
7F80
4080
7F80
4800
7F00
8900
8900
1100
6180
ENDCHAR
STARTCHAR u5C3C.zh_hant
ENCODING 23612
SWIDTH 1000 0
DWIDTH 10 0
BBX 9 9 0 -1
BITMAP
7F80
4080
7F80
5000
5300
5C00
9000
9080
1F80
ENDCHAR
STARTCHAR u5C3D.zh_hant
ENCODING 23613
SWIDTH 1000 0
DWIDTH 10 0
BBX 9 9 0 -1
BITMAP
7F00
4100
4100
7F00
5200
4900
8080
9800
0600
ENDCHAR
STARTCHAR u5C3E.zh_hant
ENCODING 23614
SWIDTH 1000 0
DWIDTH 10 0
BBX 9 9 0 -1
BITMAP
7F80
4080
7F80
4400
7F80
4400
7F80
8400
8780
ENDCHAR
STARTCHAR u5C3F.zh_hant
ENCODING 23615
SWIDTH 1000 0
DWIDTH 10 0
BBX 9 9 0 -1
BITMAP
7F80
4080
7F80
4400
7480
9500
9600
2500
4C80
ENDCHAR
STARTCHAR u5C40
ENCODING 23616
SWIDTH 1000 0
DWIDTH 10 0
BBX 9 9 0 -1
BITMAP
7F00
4100
7F00
4000
7F80
4080
5C80
5480
9D80
ENDCHAR
STARTCHAR u5C41.zh_hant
ENCODING 23617
SWIDTH 1000 0
DWIDTH 10 0
BBX 9 9 0 -1
BITMAP
7F80
4080
7F80
5200
5280
5F00
9200
9280
3B80
ENDCHAR
STARTCHAR u5C42.zh_hant
ENCODING 23618
SWIDTH 1000 0
DWIDTH 10 0
BBX 9 9 0 -1
BITMAP
7F80
4080
7F80
4000
5F00
8000
BF80
1100
7E80
ENDCHAR
STARTCHAR u5C45
ENCODING 23621
SWIDTH 1000 0
DWIDTH 10 0
BBX 9 9 0 -1
BITMAP
7F80
4080
7F80
4400
7F80
4400
5F80
5080
9F80
ENDCHAR
STARTCHAR u5C48
ENCODING 23624
SWIDTH 1000 0
DWIDTH 10 0
BBX 9 9 0 -1
BITMAP
7F80
4080
7F80
4400
5480
5F80
4400
5480
9F80
ENDCHAR
STARTCHAR u5C49
ENCODING 23625
SWIDTH 1000 0
DWIDTH 10 0
BBX 9 9 0 -1
BITMAP
7F80
4080
7F80
5500
7F80
5500
5700
5000
9F80
ENDCHAR
STARTCHAR u5C4A
ENCODING 23626
SWIDTH 1000 0
DWIDTH 10 0
BBX 9 9 0 -1
BITMAP
7F80
4080
7F80
4400
5F80
5480
5F80
5480
9F80
ENDCHAR
STARTCHAR u5C4B
ENCODING 23627
SWIDTH 1000 0
DWIDTH 10 0
BBX 9 9 0 -1
BITMAP
7F80
4080
7F80
5100
7E80
4400
5F00
4400
BF80
ENDCHAR
STARTCHAR u5C4E.zh_hant
ENCODING 23630
SWIDTH 1000 0
DWIDTH 10 0
BBX 9 9 0 -1
BITMAP
7F80
4080
7F80
5500
4400
7F80
8C00
9500
2480
ENDCHAR
STARTCHAR u5C4F.zh_hant
ENCODING 23631
SWIDTH 1000 0
DWIDTH 10 0
BBX 9 9 0 -1
BITMAP
7F80
4080
7F80
5100
7F80
4900
BF80
8900
3100
ENDCHAR
STARTCHAR u5C50.zh_hant
ENCODING 23632
SWIDTH 1000 0
DWIDTH 10 0
BBX 9 9 0 -1
BITMAP
FF80
8080
FF80
A200
DF80
8200
5980
C600
5980
ENDCHAR
STARTCHAR u5C51.zh_hant
ENCODING 23633
SWIDTH 1000 0
DWIDTH 10 0
BBX 9 9 0 -1
BITMAP
7F80
4080
7F80
6480
5500
7F80
A080
BF80
2080
ENDCHAR
STARTCHAR u5C55.zh_hant
ENCODING 23637
SWIDTH 1000 0
DWIDTH 10 0
BBX 9 9 0 -1
BITMAP
7F80
4080
7F80
4900
7F80
4900
BF80
9200
3980
ENDCHAR
STARTCHAR u5C59.zh_hant
ENCODING 23641
SWIDTH 1000 0
DWIDTH 10 0
BBX 9 9 0 -1
BITMAP
7F80
4080
7F80
6880
B380
AA80
AB80
3080
2180
ENDCHAR
STARTCHAR u5C5E
ENCODING 23646
SWIDTH 1000 0
DWIDTH 10 0
BBX 9 9 0 -1
BITMAP
7F80
4080
7F80
5500
5F00
4400
7F80
A480
AE80
ENDCHAR
STARTCHAR u5C60.zh_hant
ENCODING 23648
SWIDTH 1000 0
DWIDTH 10 0
BBX 9 9 0 -1
BITMAP
7F80
4080
7F80
4500
7F80
4880
9F80
A880
0F80
ENDCHAR
STARTCHAR u5C61.zh_hant
ENCODING 23649
SWIDTH 1000 0
DWIDTH 10 0
BBX 9 9 0 -1
BITMAP
FF80
8080
FF80
A500
FF80
9500
BB80
0E00
F180
ENDCHAR
STARTCHAR u5C63.zh_hant
ENCODING 23651
SWIDTH 1000 0
DWIDTH 10 0
BBX 9 9 0 -1
BITMAP
7F80
4080
7F80
4A00
AF80
E100
A580
2500
2B80
ENDCHAR
STARTCHAR u5C65.zh_hant
ENCODING 23653
SWIDTH 1000 0
DWIDTH 10 0
BBX 9 9 0 -1
BITMAP
FF80
8080
FF80
A400
CF80
9880
4F80
D300
4C80
ENDCHAR
STARTCHAR u5C6E.zh_hant
ENCODING 23662
SWIDTH 1000 0
DWIDTH 10 0
BBX 9 9 0 -1
BITMAP
0800
8880
8880
8880
FF80
8880
0800
1000
6000
ENDCHAR
STARTCHAR u5C6F.zh_hant
ENCODING 23663
SWIDTH 1000 0
DWIDTH 10 0
BBX 9 9 0 -1
BITMAP
0800
FF80
0800
4900
4900
7F00
4800
0880
0F80
ENDCHAR
STARTCHAR u5C71
ENCODING 23665
SWIDTH 1000 0
DWIDTH 10 0
BBX 9 9 0 -1
BITMAP
0800
0800
8880
8880
8880
8880
8880
8880
FF80
ENDCHAR
STARTCHAR u5C79.zh_hant
ENCODING 23673
SWIDTH 1000 0
DWIDTH 10 0
BBX 9 9 0 -1
BITMAP
2800
2F80
B000
AF80
A200
A400
A880
F880
0F80
ENDCHAR
STARTCHAR u5C7F.zh_hant
ENCODING 23679
SWIDTH 1000 0
DWIDTH 10 0
BBX 9 9 0 -1
BITMAP
2200
2380
AA00
AB80
A880
AE80
A880
F880
0300
ENDCHAR
STARTCHAR u5C81.zh_hant
ENCODING 23681
SWIDTH 1000 0
DWIDTH 10 0
BBX 8 9 1 -1
BITMAP
49
49
7F
20
3F
D1
0A
0C
F0
ENDCHAR
STARTCHAR u5C82.zh_hant
ENCODING 23682
SWIDTH 1000 0
DWIDTH 10 0
BBX 8 9 1 -1
BITMAP
92
FE
00
FE
02
FE
80
81
7F
ENDCHAR
STARTCHAR u5C8C.zh_hant
ENCODING 23692
SWIDTH 1000 0
DWIDTH 10 0
BBX 9 9 0 -1
BITMAP
8880
FF80
0000
FF00
2200
3F80
5100
8E00
7180
ENDCHAR
STARTCHAR u5C90.zh_hant
ENCODING 23696
SWIDTH 1000 0
DWIDTH 10 0
BBX 9 9 0 -1
BITMAP
2200
3F80
2200
A200
BF80
A880
A900
E600
1980
ENDCHAR
STARTCHAR u5C91.zh_hant
ENCODING 23697
SWIDTH 1000 0
DWIDTH 10 0
BBX 9 9 0 -1
BITMAP
8880
FF80
2200
5D00
8080
7F00
0100
0200
1C00
ENDCHAR
STARTCHAR u5C94.zh_hant
ENCODING 23700
SWIDTH 1000 0
DWIDTH 10 0
BBX 9 9 0 -1
BITMAP
2E00
4100
FF80
1100
2100
CB00
0800
8880
FF80
ENDCHAR
STARTCHAR u5C96.zh_hant
ENCODING 23702
SWIDTH 1000 0
DWIDTH 10 0
BBX 9 9 0 -1
BITMAP
2F80
2800
AA80
AA80
A900
AA80
AC80
F800
0F80
ENDCHAR
STARTCHAR u5C97.zh_hant
ENCODING 23703
SWIDTH 1000 0
DWIDTH 10 0
BBX 9 9 0 -1
BITMAP
8880
FF80
0000
7F00
4100
5500
4900
5500
4300
ENDCHAR
STARTCHAR u5C98.zh_hant
ENCODING 23704
SWIDTH 1000 0
DWIDTH 10 0
BBX 9 9 0 -1
BITMAP
2F80
2880
AA80
AA80
AA80
AA80
A200
F680
0980
ENDCHAR
STARTCHAR u5C99.zh_hant
ENCODING 23705
SWIDTH 1000 0
DWIDTH 10 0
BBX 9 9 0 -1
BITMAP
7F00
0800
FF80
1400
E380
0800
4900
4900
7F00
ENDCHAR
STARTCHAR u5C9A.zh_hant
ENCODING 23706
SWIDTH 1000 0
DWIDTH 10 0
BBX 9 9 0 -1
BITMAP
8880
FF80
4100
6300
5500
4900
4880
9480
A280
ENDCHAR
STARTCHAR u5C9B.zh_hant
ENCODING 23707
SWIDTH 1000 0
DWIDTH 10 0
BBX 9 9 0 -1
BITMAP
0800
7F00
5100
4A00
7F80
1080
9480
9480
FD00
ENDCHAR
STARTCHAR u5CA2
ENCODING 23714
SWIDTH 1000 0
DWIDTH 10 0
BBX 9 9 0 -1
BITMAP
4900
7F00
0000
FF80
0100
7900
4900
7900
0700
ENDCHAR
STARTCHAR u5CA9.zh_hant
ENCODING 23721
SWIDTH 1000 0
DWIDTH 10 0
BBX 9 9 0 -1
BITMAP
4900
7F00
0000
FF80
1000
3F00
E100
2100
3F00
ENDCHAR
STARTCHAR u5CAB.zh_hant
ENCODING 23723
SWIDTH 1000 0
DWIDTH 10 0
BBX 9 9 0 -1
BITMAP
2200
2200
AF80
AA80
AA80
AF80
AA80
FA80
0F80
ENDCHAR
STARTCHAR u5CAC.zh_hant
ENCODING 23724
SWIDTH 1000 0
DWIDTH 10 0
BBX 9 9 0 -1
BITMAP
2F80
2A80
AA80
AF80
AA80
AA80
AF80
FA00
0200
ENDCHAR
STARTCHAR u5CAD.zh_hant
ENCODING 23725
SWIDTH 1000 0
DWIDTH 10 0
BBX 9 9 0 -1
BITMAP
2700
2880
A780
A000
AF80
A280
A280
F280
0200
ENDCHAR
STARTCHAR u5CB1.zh_hant
ENCODING 23729
SWIDTH 1000 0
DWIDTH 10 0
BBX 9 9 0 -1
BITMAP
2480
5F80
C200
4200
4100
4880
0800
8880
FF80
ENDCHAR
STARTCHAR u5CB3.zh_hant
ENCODING 23731
SWIDTH 1000 0
DWIDTH 10 0
BBX 9 9 0 -1
BITMAP
3F00
2000
3F80
2200
2200
FF80
0400
4480
7F80
ENDCHAR
STARTCHAR u5CB7.zh_hant
ENCODING 23735
SWIDTH 1000 0
DWIDTH 10 0
BBX 9 9 0 -1
BITMAP
2F80
2880
AF80
A900
AF80
A900
A900
F880
0E80
ENDCHAR
STARTCHAR u5CB8.zh_hant
ENCODING 23736
SWIDTH 1000 0
DWIDTH 10 0
BBX 9 9 0 -1
BITMAP
4880
7F80
0000
7F80
4000
7F80
4400
BF80
8400
ENDCHAR
STARTCHAR u5CBD.zh_hant
ENCODING 23741
SWIDTH 1000 0
DWIDTH 10 0
BBX 9 9 0 -1
BITMAP
4900
7F00
1000
FF80
2800
7F00
0800
2A00
D980
ENDCHAR
STARTCHAR u5CBF.zh_hant
ENCODING 23743
SWIDTH 1000 0
DWIDTH 10 0
BBX 9 9 0 -1
BITMAP
4900
7F00
0000
2F80
A080
AF80
A080
2080
4F80
ENDCHAR
STARTCHAR u5CC1.zh_hant
ENCODING 23745
SWIDTH 1000 0
DWIDTH 10 0
BBX 9 9 0 -1
BITMAP
8880
FF80
0000
2780
C480
9480
F480
1580
6400
ENDCHAR
STARTCHAR u5CCB.zh_hant
ENCODING 23755
SWIDTH 1000 0
DWIDTH 10 0
BBX 9 9 0 -1
BITMAP
2800
2F80
B080
AE80
AA80
AE80
AA80
FE80
0300
ENDCHAR
STARTCHAR u5CD2.zh_hant
ENCODING 23762
SWIDTH 1000 0
DWIDTH 10 0
BBX 9 9 0 -1
BITMAP
2F80
2880
AF80
A880
AE80
AA80
AE80
F880
0980
ENDCHAR
STARTCHAR u5CD9.zh_hant
ENCODING 23769
SWIDTH 1000 0
DWIDTH 10 0
BBX 9 9 0 -1
BITMAP
2200
2F80
A200
BF80
A100
AF80
B100
E900
0300
ENDCHAR
STARTCHAR u5CE1.zh_hant
ENCODING 23777
SWIDTH 1000 0
DWIDTH 10 0
BBX 9 9 0 -1
BITMAP
2200
3F80
B280
AB00
A200
BF80
A200
E500
1880
ENDCHAR
STARTCHAR u5CE6.zh_hant
ENCODING 23782
SWIDTH 1000 0
DWIDTH 10 0
BBX 9 9 0 -1
BITMAP
0800
FF80
1400
5500
9480
0000
4900
4900
7F00
ENDCHAR
STARTCHAR u5CE8
ENCODING 23784
SWIDTH 1000 0
DWIDTH 10 0
BBX 9 9 0 -1
BITMAP
2700
3A80
AA00
BF80
AA00
AA80
BD00
E900
1A80
ENDCHAR
STARTCHAR u5CEA.zh_hant
ENCODING 23786
SWIDTH 1000 0
DWIDTH 10 0
BBX 9 9 0 -1
BITMAP
2500
2880
A000
A700
A880
B000
AF80
F880
0F80
ENDCHAR
STARTCHAR u5CED.zh_hant
ENCODING 23789
SWIDTH 1000 0
DWIDTH 10 0
BBX 9 9 0 -1
BITMAP
2200
2A80
AB00
A200
AF80
A880
AF80
F880
0980
ENDCHAR
STARTCHAR u5CF0.zh_hant
ENCODING 23792
SWIDTH 1000 0
DWIDTH 10 0
BBX 9 9 0 -1
BITMAP
2780
3880
2500
AE80
B200
AF80
A200
FF80
0200
ENDCHAR
STARTCHAR u5CFB.zh_hant
ENCODING 23803
SWIDTH 1000 0
DWIDTH 10 0
BBX 9 9 0 -1
BITMAP
2400
2880
3F80
A500
B980
A700
B900
E600
1980
ENDCHAR
STARTCHAR u5D02.zh_hant
ENCODING 23810
SWIDTH 1000 0
DWIDTH 10 0
BBX 9 9 0 -1
BITMAP
2900
3F80
A900
BF80
A480
AF80
A480
E880
1300
ENDCHAR
STARTCHAR u5D06.zh_hant
ENCODING 23814
SWIDTH 1000 0
DWIDTH 10 0
BBX 9 9 0 -1
BITMAP
2200
3F80
AA80
AA00
B380
A000
AF80
F200
0F80
ENDCHAR
STARTCHAR u5D07.zh_hant
ENCODING 23815
SWIDTH 1000 0
DWIDTH 10 0
BBX 9 9 0 -1
BITMAP
4900
7F00
0800
FF80
9C80
0000
FF80
4900
9880
ENDCHAR
STARTCHAR u5D0E.zh_hant
ENCODING 23822
SWIDTH 1000 0
DWIDTH 10 0
BBX 9 9 0 -1
BITMAP
2200
3F80
A500
A880
BF80
AA80
AA80
EE80
0180
ENDCHAR
STARTCHAR u5D14.zh_hant
ENCODING 23828
SWIDTH 1000 0
DWIDTH 10 0
BBX 9 9 0 -1
BITMAP
8880
FF80
2200
7F80
C400
7F00
4400
4400
7F80
ENDCHAR
STARTCHAR u5D16.zh_hant
ENCODING 23830
SWIDTH 1000 0
DWIDTH 10 0
BBX 9 9 0 -1
BITMAP
8880
FF80
4400
7F80
4400
7F80
4400
8400
BF80
ENDCHAR
STARTCHAR u5D1B.zh_hant
ENCODING 23835
SWIDTH 1000 0
DWIDTH 10 0
BBX 9 9 0 -1
BITMAP
2F80
2880
AF80
AA00
AA80
AF80
A200
FA80
0F80
ENDCHAR
STARTCHAR u5D1E.zh_hant
ENCODING 23838
SWIDTH 1000 0
DWIDTH 10 0
BBX 9 9 0 -1
BITMAP
2200
3F80
A900
AF00
A100
A200
AF80
F200
0600
ENDCHAR
STARTCHAR u5D24.zh_hant
ENCODING 23844
SWIDTH 1000 0
DWIDTH 10 0
BBX 9 9 0 -1
BITMAP
2D80
2600
A900
BF80
A400
AF80
B880
EF80
0880
ENDCHAR
STARTCHAR u5D27.zh_hant
ENCODING 23847
SWIDTH 1000 0
DWIDTH 10 0
BBX 9 9 0 -1
BITMAP
4900
7F00
2500
2480
FA80
2200
7400
A900
2E80
ENDCHAR
STARTCHAR u5D29.zh_hant
ENCODING 23849
SWIDTH 1000 0
DWIDTH 10 0
BBX 9 9 0 -1
BITMAP
8880
FF80
0000
F780
9480
F780
9480
F780
9480
ENDCHAR
STARTCHAR u5D2D.zh_hant
ENCODING 23853
SWIDTH 1000 0
DWIDTH 10 0
BBX 9 9 0 -1
BITMAP
4880
7F80
2000
FB80
5200
7B80
1280
FA80
1480
ENDCHAR
STARTCHAR u5D2E.zh_hant
ENCODING 23854
SWIDTH 1000 0
DWIDTH 10 0
BBX 9 9 0 -1
BITMAP
8880
FF80
4900
7F00
4900
5D00
5500
5500
7F00
ENDCHAR
STARTCHAR u5D34.zh_hant
ENCODING 23860
SWIDTH 1000 0
DWIDTH 10 0
BBX 9 9 0 -1
BITMAP
4900
7F00
0280
FF80
9200
FA80
A900
1100
EA80
ENDCHAR
STARTCHAR u5D3D.zh_hant
ENCODING 23869
SWIDTH 1000 0
DWIDTH 10 0
BBX 9 9 0 -1
BITMAP
8880
FF80
4900
7F00
4900
7F00
0800
A500
BC80
ENDCHAR
STARTCHAR u5D47.zh_hant
ENCODING 23879
SWIDTH 1000 0
DWIDTH 10 0
BBX 9 9 0 -1
BITMAP
1280
EF80
2500
F980
2200
6A80
BA80
2A80
2F80
ENDCHAR
STARTCHAR u5D4A.zh_hant
ENCODING 23882
SWIDTH 1000 0
DWIDTH 10 0
BBX 9 9 0 -1
BITMAP
2F80
2200
3F80
AA80
BB00
AA80
B600
EB00
1280
ENDCHAR
STARTCHAR u5D4B.zh_hant
ENCODING 23883
SWIDTH 1000 0
DWIDTH 10 0
BBX 9 9 0 -1
BITMAP
2F80
2A80
AF80
A800
AF80
A880
AF80
F880
0F80
ENDCHAR
STARTCHAR u5D4C.zh_hant
ENCODING 23884
SWIDTH 1000 0
DWIDTH 10 0
BBX 9 9 0 -1
BITMAP
8880
FF80
0400
9780
FA80
9280
F200
9500
F880
ENDCHAR
STARTCHAR u5D5D.zh_hant
ENCODING 23901
SWIDTH 1000 0
DWIDTH 10 0
BBX 9 9 0 -1
BITMAP
2A80
2A00
AF80
A600
AA80
BF80
A900
E700
1880
ENDCHAR
STARTCHAR u5D69.zh_hant
ENCODING 23913
SWIDTH 1000 0
DWIDTH 10 0
BBX 9 9 0 -1
BITMAP
8880
FF80
0800
FF80
2200
FF80
A280
BE80
8180
ENDCHAR
STARTCHAR u5D6C.zh_hant
ENCODING 23916
SWIDTH 1000 0
DWIDTH 10 0
BBX 9 9 0 -1
BITMAP
8880
FF80
4900
7F00
4900
7F00
1500
2480
C780
ENDCHAR
STARTCHAR u5D6F.zh_hant
ENCODING 23919
SWIDTH 1000 0
DWIDTH 10 0
BBX 9 9 0 -1
BITMAP
2900
3F80
A200
AF80
A200
BF80
A500
E900
1780
ENDCHAR
STARTCHAR u5D74.zh_hant
ENCODING 23924
SWIDTH 1000 0
DWIDTH 10 0
BBX 9 9 0 -1
BITMAP
2400
3580
A400
B580
AA00
AF00
B980
AF00
E900
ENDCHAR
STARTCHAR u5D82.zh_hant
ENCODING 23938
SWIDTH 1000 0
DWIDTH 10 0
BBX 9 9 0 -1
BITMAP
2200
3F80
A900
BF80
A880
AF80
A880
FF80
0200
ENDCHAR
STARTCHAR u5D99.zh_hant
ENCODING 23961
SWIDTH 1000 0
DWIDTH 10 0
BBX 9 9 0 -1
BITMAP
2A80
2B00
BF80
A200
AE80
AB80
BA80
E780
1880
ENDCHAR
STARTCHAR u5D9D.zh_hant
ENCODING 23965
SWIDTH 1000 0
DWIDTH 10 0
BBX 9 9 0 -1
BITMAP
3D00
2580
B700
A880
BF80
A880
AF80
E500
1F80
ENDCHAR
STARTCHAR u5DB7.zh_hant
ENCODING 23991
SWIDTH 1000 0
DWIDTH 10 0
BBX 9 9 0 -1
BITMAP
8880
FF80
8100
FF80
A280
FA00
2B80
6A00
9F80
ENDCHAR
STARTCHAR u5DC5.zh_hant
ENCODING 24005
SWIDTH 1000 0
DWIDTH 10 0
BBX 9 9 0 -1
BITMAP
8880
FF80
2200
FF80
5480
5480
FD80
5200
8C80
ENDCHAR
STARTCHAR u5DCD.zh_hant
ENCODING 24013
SWIDTH 1000 0
DWIDTH 10 0
BBX 9 9 0 -1
BITMAP
8880
FF80
2A80
FF80
6A80
AF80
FA00
6680
9B80
ENDCHAR
STARTCHAR u5DDB.zh_hant
ENCODING 24027
SWIDTH 1000 0
DWIDTH 10 0
BBX 9 9 0 -1
BITMAP
2480
2480
4900
9200
9200
4900
4900
2480
2480
ENDCHAR
STARTCHAR u5DDD.zh_hant
ENCODING 24029
SWIDTH 1000 0
DWIDTH 10 0
BBX 9 9 0 -1
BITMAP
4880
4880
4880
4880
4880
4880
4880
8880
8080
ENDCHAR
STARTCHAR u5DDE.zh_hant
ENCODING 24030
SWIDTH 1000 0
DWIDTH 10 0
BBX 9 9 0 -1
BITMAP
2480
2480
A480
B680
AD80
A480
2480
4480
4080
ENDCHAR
STARTCHAR u5DE1
ENCODING 24033
SWIDTH 1000 0
DWIDTH 10 0
BBX 9 9 0 -1
BITMAP
8A80
4A80
1500
D500
4A80
4A80
4A80
A000
9F80
ENDCHAR
STARTCHAR u5DE2.zh_hant
ENCODING 24034
SWIDTH 1000 0
DWIDTH 10 0
BBX 9 9 0 -1
BITMAP
4900
9200
7F00
4900
7F00
4900
FF80
2A00
4900
ENDCHAR
STARTCHAR u5DE5
ENCODING 24037
SWIDTH 1000 0
DWIDTH 10 0
BBX 9 9 0 -1
BITMAP
7F00
0800
0800
0800
0800
0800
0800
0800
FF80
ENDCHAR
STARTCHAR u5DE6.zh_hant
ENCODING 24038
SWIDTH 1000 0
DWIDTH 10 0
BBX 9 9 0 -1
BITMAP
1000
FF80
2000
2000
5F80
4400
8400
8400
3F80
ENDCHAR
STARTCHAR u5DE7.zh_hant
ENCODING 24039
SWIDTH 1000 0
DWIDTH 10 0
BBX 9 9 0 -1
BITMAP
1F80
E400
4400
4780
4880
4080
4080
E100
0600
ENDCHAR
STARTCHAR u5DE8
ENCODING 24040
SWIDTH 1000 0
DWIDTH 10 0
BBX 9 9 0 -1
BITMAP
FF80
8000
FF00
8100
8100
8100
FF00
8000
FF80
ENDCHAR
STARTCHAR u5DE9.zh_hant
ENCODING 24041
SWIDTH 1000 0
DWIDTH 10 0
BBX 9 9 0 -1
BITMAP
0F00
E900
4900
4D00
4B00
4900
4900
E900
1180
ENDCHAR
STARTCHAR u5DEB
ENCODING 24043
SWIDTH 1000 0
DWIDTH 10 0
BBX 9 9 0 -1
BITMAP
FF80
0800
4900
4900
4900
4900
AA80
0800
FF80
ENDCHAR
STARTCHAR u5DEE.zh_hant
ENCODING 24046
SWIDTH 1000 0
DWIDTH 10 0
BBX 9 9 0 -1
BITMAP
2200
FF80
0800
7F00
0800
FF80
2400
C400
3F80
ENDCHAR
STARTCHAR u5DF1
ENCODING 24049
SWIDTH 1000 0
DWIDTH 10 0
BBX 9 9 0 -1
BITMAP
FF00
0100
0100
0100
FF00
8000
8000
8080
7F80
ENDCHAR
STARTCHAR u5DF2
ENCODING 24050
SWIDTH 1000 0
DWIDTH 10 0
BBX 9 9 0 -1
BITMAP
FF00
0100
8100
8100
FF00
8000
8000
8080
7F80
ENDCHAR
STARTCHAR u5DF3
ENCODING 24051
SWIDTH 1000 0
DWIDTH 10 0
BBX 9 9 0 -1
BITMAP
FF00
8100
8100
8100
FF00
8000
8000
8080
7F80
ENDCHAR
STARTCHAR u5DF4
ENCODING 24052
SWIDTH 1000 0
DWIDTH 10 0
BBX 9 9 0 -1
BITMAP
FF00
8900
8900
8900
FF00
8000
8000
8080
7F80
ENDCHAR
STARTCHAR u5DF7.zh_hant
ENCODING 24055
SWIDTH 1000 0
DWIDTH 10 0
BBX 9 9 0 -1
BITMAP
2200
7F00
2200
FF80
2500
4480
BC00
2100
3F00
ENDCHAR
STARTCHAR u5DFD.zh_hant
ENCODING 24061
SWIDTH 1000 0
DWIDTH 10 0
BBX 9 9 0 -1
BITMAP
F780
1080
F780
8400
FF80
2200
FF80
2200
C180
ENDCHAR
STARTCHAR u5DFE.zh_hant
ENCODING 24062
SWIDTH 1000 0
DWIDTH 10 0
BBX 9 9 0 -1
BITMAP
0800
FF80
8880
8880
8880
8880
8980
0800
0800
ENDCHAR
STARTCHAR u5E01
ENCODING 24065
SWIDTH 1000 0
DWIDTH 10 0
BBX 9 9 0 -1
BITMAP
0780
F800
0800
7F00
4900
4900
4900
4B00
0800
ENDCHAR
STARTCHAR u5E02
ENCODING 24066
SWIDTH 1000 0
DWIDTH 10 0
BBX 9 9 0 -1
BITMAP
0800
FF80
0800
7F00
4900
4900
4900
4B00
0800
ENDCHAR
STARTCHAR u5E03.zh_hant
ENCODING 24067
SWIDTH 1000 0
DWIDTH 10 0
BBX 9 9 0 -1
BITMAP
0800
FF80
1000
3F80
6480
A480
2480
2580
0400
ENDCHAR
STARTCHAR u5E05.zh_hant
ENCODING 24069
SWIDTH 1000 0
DWIDTH 10 0
BBX 9 9 0 -1
BITMAP
2200
AF80
AA80
AA80
AA80
2A80
4B80
4200
8200
ENDCHAR
STARTCHAR u5E06.zh_hant
ENCODING 24070
SWIDTH 1000 0
DWIDTH 10 0
BBX 9 9 0 -1
BITMAP
2780
2480
FC80
A680
A580
A480
A480
2880
2880
ENDCHAR
STARTCHAR u5E08.zh_hant
ENCODING 24072
SWIDTH 1000 0
DWIDTH 10 0
BBX 9 9 0 -1
BITMAP
2F80
A200
AF80
AA80
AA80
2A80
4B80
4200
8200
ENDCHAR
STARTCHAR u5E0C.zh_hant
ENCODING 24076
SWIDTH 1000 0
DWIDTH 10 0
BBX 9 9 0 -1
BITMAP
6300
1C00
2200
FF80
1400
3F80
6480
A580
0400
ENDCHAR
STARTCHAR u5E0F.zh_hant
ENCODING 24079
SWIDTH 1000 0
DWIDTH 10 0
BBX 9 9 0 -1
BITMAP
2200
FF80
AA00
AF80
AA00
AF80
BA80
2380
2200
ENDCHAR
STARTCHAR u5E10.zh_hant
ENCODING 24080
SWIDTH 1000 0
DWIDTH 10 0
BBX 9 9 0 -1
BITMAP
2480
2500
F600
A400
AF80
A500
A500
2480
2E80
ENDCHAR
STARTCHAR u5E11.zh_hant
ENCODING 24081
SWIDTH 1000 0
DWIDTH 10 0
BBX 9 9 0 -1
BITMAP
2780
F880
4A80
3300
CC80
0800
7F00
4900
4B00
ENDCHAR
STARTCHAR u5E14.zh_hant
ENCODING 24084
SWIDTH 1000 0
DWIDTH 10 0
BBX 9 9 0 -1
BITMAP
2200
2F80
EA80
AA00
AF80
A880
B480
2300
2C80
ENDCHAR
STARTCHAR u5E15.zh_hant
ENCODING 24085
SWIDTH 1000 0
DWIDTH 10 0
BBX 9 9 0 -1
BITMAP
2200
2400
FF80
A880
A880
AF80
A880
2880
2F80
ENDCHAR
STARTCHAR u5E16.zh_hant
ENCODING 24086
SWIDTH 1000 0
DWIDTH 10 0
BBX 9 9 0 -1
BITMAP
2200
2200
FB80
AA00
AA00
AF80
A880
2880
2F80
ENDCHAR
STARTCHAR u5E18.zh_hant
ENCODING 24088
SWIDTH 1000 0
DWIDTH 10 0
BBX 9 9 0 -1
BITMAP
0800
FF80
9480
6700
0800
7F00
4900
4B00
0800
ENDCHAR
STARTCHAR u5E19.zh_hant
ENCODING 24089
SWIDTH 1000 0
DWIDTH 10 0
BBX 9 9 0 -1
BITMAP
2A00
2F80
FA00
A200
AF80
A200
A200
2500
3880
ENDCHAR
STARTCHAR u5E1A.zh_hant
ENCODING 24090
SWIDTH 1000 0
DWIDTH 10 0
BBX 9 9 0 -1
BITMAP
3E00
0200
FF80
0200
FF80
8880
7F00
4900
4B00
ENDCHAR
STARTCHAR u5E1B
ENCODING 24091
SWIDTH 1000 0
DWIDTH 10 0
BBX 9 9 0 -1
BITMAP
0800
7F00
4100
7F00
4100
FF80
8880
8980
0800
ENDCHAR
STARTCHAR u5E1C
ENCODING 24092
SWIDTH 1000 0
DWIDTH 10 0
BBX 9 9 0 -1
BITMAP
2F80
F880
A880
A880
AF80
A800
B500
2480
2880
ENDCHAR
STARTCHAR u5E1D
ENCODING 24093
SWIDTH 1000 0
DWIDTH 10 0
BBX 9 9 0 -1
BITMAP
0800
FF80
2200
FF80
8880
7F00
4900
4B00
0800
ENDCHAR
STARTCHAR u5E26
ENCODING 24102
SWIDTH 1000 0
DWIDTH 10 0
BBX 9 9 0 -1
BITMAP
4900
FF80
4900
FF80
8880
7F00
4900
4B00
0800
ENDCHAR
STARTCHAR u5E27.zh_hant
ENCODING 24103
SWIDTH 1000 0
DWIDTH 10 0
BBX 9 9 0 -1
BITMAP
2380
2200
FF80
A880
AA80
AA80
A200
2500
2880
ENDCHAR
STARTCHAR u5E2D.zh_hant
ENCODING 24109
SWIDTH 1000 0
DWIDTH 10 0
BBX 9 9 0 -1
BITMAP
0400
7F80
4900
7F80
4900
5F80
9480
9580
0400
ENDCHAR
STARTCHAR u5E2E.zh_hant
ENCODING 24110
SWIDTH 1000 0
DWIDTH 10 0
BBX 9 9 0 -1
BITMAP
FB80
2280
FB00
2280
FB00
4200
7F00
4900
4B00
ENDCHAR
STARTCHAR u5E37.zh_hant
ENCODING 24119
SWIDTH 1000 0
DWIDTH 10 0
BBX 9 9 0 -1
BITMAP
2500
2F80
F900
AF80
A900
AF80
A900
2900
2F80
ENDCHAR
STARTCHAR u5E38
ENCODING 24120
SWIDTH 1000 0
DWIDTH 10 0
BBX 9 9 0 -1
BITMAP
4900
FF80
A280
3E00
0800
7F00
4900
4B00
0800
ENDCHAR
STARTCHAR u5E3B
ENCODING 24123
SWIDTH 1000 0
DWIDTH 10 0
BBX 9 9 0 -1
BITMAP
2200
2F80
FA00
AF80
AA00
AF80
B880
2200
2D80
ENDCHAR
STARTCHAR u5E3C.zh_hant
ENCODING 24124
SWIDTH 1000 0
DWIDTH 10 0
BBX 9 9 0 -1
BITMAP
2F80
F880
AF80
AA80
AF80
AA80
AF80
2880
2F80
ENDCHAR
STARTCHAR u5E3D.zh_hant
ENCODING 24125
SWIDTH 1000 0
DWIDTH 10 0
BBX 9 9 0 -1
BITMAP
2F80
2880
FF80
A000
AF80
A880
AF80
2880
2F80
ENDCHAR
STARTCHAR u5E42.zh_hant
ENCODING 24130
SWIDTH 1000 0
DWIDTH 10 0
BBX 9 9 0 -1
BITMAP
FF80
A280
3E00
2200
FF80
4900
BE80
2A00
2A00
ENDCHAR
STARTCHAR u5E44.zh_hant
ENCODING 24132
SWIDTH 1000 0
DWIDTH 10 0
BBX 9 9 0 -1
BITMAP
3F80
2080
FF80
A900
BF80
A200
AF80
2200
3F80
ENDCHAR
STARTCHAR u5E45.zh_hant
ENCODING 24133
SWIDTH 1000 0
DWIDTH 10 0
BBX 9 9 0 -1
BITMAP
3F80
2000
EF00
A900
BF80
A480
BF80
2480
3F80
ENDCHAR
STARTCHAR u5E4C.zh_hant
ENCODING 24140
SWIDTH 1000 0
DWIDTH 10 0
BBX 9 9 0 -1
BITMAP
2F80
2880
FF80
A880
AF80
A500
BF80
2500
3980
ENDCHAR
STARTCHAR u5E54.zh_hant
ENCODING 24148
SWIDTH 1000 0
DWIDTH 10 0
BBX 9 9 0 -1
BITMAP
2F00
2900
E900
BF80
AA80
BF80
A900
2600
3980
ENDCHAR
STARTCHAR u5E55.zh_hant
ENCODING 24149
SWIDTH 1000 0
DWIDTH 10 0
BBX 9 9 0 -1
BITMAP
2200
FF80
2200
7F00
4100
FF80
2A00
FF80
4900
ENDCHAR
STARTCHAR u5E5B.zh_hant
ENCODING 24155
SWIDTH 1000 0
DWIDTH 10 0
BBX 9 9 0 -1
BITMAP
2200
2F80
F500
AF80
A880
AF80
A880
3F80
2200
ENDCHAR
STARTCHAR u5E61.zh_hant
ENCODING 24161
SWIDTH 1000 0
DWIDTH 10 0
BBX 9 9 0 -1
BITMAP
3F80
2A80
E200
BF80
AB00
B280
AF80
2A80
2F80
ENDCHAR
STARTCHAR u5E62.zh_hant
ENCODING 24162
SWIDTH 1000 0
DWIDTH 10 0
BBX 9 9 0 -1
BITMAP
2200
3F80
E900
A900
BF80
AA80
AF80
2200
2F80
ENDCHAR
STARTCHAR u5E72
ENCODING 24178
SWIDTH 1000 0
DWIDTH 10 0
BBX 9 9 0 -1
BITMAP
7F00
0800
0800
0800
FF80
0800
0800
0800
0800
ENDCHAR
STARTCHAR u5E73
ENCODING 24179
SWIDTH 1000 0
DWIDTH 10 0
BBX 9 9 0 -1
BITMAP
7F00
0800
4900
2A00
FF80
0800
0800
0800
0800
ENDCHAR
STARTCHAR u5E74
ENCODING 24180
SWIDTH 1000 0
DWIDTH 10 0
BBX 9 9 0 -1
BITMAP
2000
3F80
4400
BF00
2400
2400
FF80
0400
0400
ENDCHAR
STARTCHAR u5E76.zh_hant
ENCODING 24182
SWIDTH 1000 0
DWIDTH 10 0
BBX 9 9 0 -1
BITMAP
2200
2400
FF80
1200
1200
FF80
1200
2200
C200
ENDCHAR
STARTCHAR u5E78
ENCODING 24184
SWIDTH 1000 0
DWIDTH 10 0
BBX 9 9 0 -1
BITMAP
0800
7F00
0800
FF80
2200
7F00
0800
FF80
0800
ENDCHAR
STARTCHAR u5E7A.zh_hant
ENCODING 24186
SWIDTH 1000 0
DWIDTH 10 0
BBX 9 9 0 -1
BITMAP
0800
1000
2200
4400
2800
1100
2100
4280
FC80
ENDCHAR
STARTCHAR u5E7B.zh_hant
ENCODING 24187
SWIDTH 1000 0
DWIDTH 10 0
BBX 9 9 0 -1
BITMAP
2F80
4080
9080
5080
2080
2080
4080
9100
F600
ENDCHAR
STARTCHAR u5E7C.zh_hant
ENCODING 24188
SWIDTH 1000 0
DWIDTH 10 0
BBX 9 9 0 -1
BITMAP
2400
4400
8F80
5480
2480
2480
4880
9080
F300
ENDCHAR
STARTCHAR u5E7D.zh_hant
ENCODING 24189
SWIDTH 1000 0
DWIDTH 10 0
BBX 9 9 0 -1
BITMAP
0800
AA80
CC80
AA80
9980
AA80
FF80
8880
FF80
ENDCHAR
STARTCHAR u5E7F
ENCODING 24191
SWIDTH 1000 0
DWIDTH 10 0
BBX 9 9 0 -1
BITMAP
0400
7F80
4000
4000
4000
4000
4000
4000
8000
ENDCHAR
STARTCHAR u5E84
ENCODING 24196
SWIDTH 1000 0
DWIDTH 10 0
BBX 9 9 0 -1
BITMAP
0400
7F80
4000
4400
4400
5F00
4400
4400
BF80
ENDCHAR
STARTCHAR u5E86.zh_hant
ENCODING 24198
SWIDTH 1000 0
DWIDTH 10 0
BBX 9 9 0 -1
BITMAP
0400
7F80
4000
4400
5F80
4400
8A00
8900
3080
ENDCHAR
STARTCHAR u5E87.zh_hant
ENCODING 24199
SWIDTH 1000 0
DWIDTH 10 0
BBX 9 9 0 -1
BITMAP
0800
FF80
A200
A200
BB80
A200
A200
2E80
F380
ENDCHAR
STARTCHAR u5E8A.zh_hant
ENCODING 24202
SWIDTH 1000 0
DWIDTH 10 0
BBX 9 9 0 -1
BITMAP
0400
7F80
4400
4400
7F80
8400
8E00
1500
6480
ENDCHAR
STARTCHAR u5E8F.zh_hant
ENCODING 24207
SWIDTH 1000 0
DWIDTH 10 0
BBX 9 9 0 -1
BITMAP
0400
7F80
4000
5F80
4100
4A00
9F80
8280
0600
ENDCHAR
STARTCHAR u5E90.zh_hant
ENCODING 24208
SWIDTH 1000 0
DWIDTH 10 0
BBX 9 9 0 -1
BITMAP
0400
7F80
4200
5F80
5080
5F80
9000
A000
2000
ENDCHAR
STARTCHAR u5E93.zh_hant
ENCODING 24211
SWIDTH 1000 0
DWIDTH 10 0
BBX 9 9 0 -1
BITMAP
0400
7F80
4400
5F80
4A00
5F80
8200
BF80
0200
ENDCHAR
STARTCHAR u5E94
ENCODING 24212
SWIDTH 1000 0
DWIDTH 10 0
BBX 9 9 0 -1
BITMAP
0400
7F80
4000
4880
6480
5500
5100
4200
BF80
ENDCHAR
STARTCHAR u5E95.zh_hant
ENCODING 24213
SWIDTH 1000 0
DWIDTH 10 0
BBX 9 9 0 -1
BITMAP
0400
7F80
4000
5F80
5200
5F80
9200
9100
3C80
ENDCHAR
STARTCHAR u5E96.zh_hant
ENCODING 24214
SWIDTH 1000 0
DWIDTH 10 0
BBX 9 9 0 -1
BITMAP
0800
FF80
9000
BF00
C500
BD00
A300
A080
BF80
ENDCHAR
STARTCHAR u5E97.zh_hant
ENCODING 24215
SWIDTH 1000 0
DWIDTH 10 0
BBX 9 9 0 -1
BITMAP
0400
7F80
4400
4780
4400
5F80
9080
9080
1F80
ENDCHAR
STARTCHAR u5E99.zh_hant
ENCODING 24217
SWIDTH 1000 0
DWIDTH 10 0
BBX 9 9 0 -1
BITMAP
0400
7F80
4000
4400
5F80
5480
9F80
9480
1F80
ENDCHAR
STARTCHAR u5E9A.zh_hant
ENCODING 24218
SWIDTH 1000 0
DWIDTH 10 0
BBX 9 9 0 -1
BITMAP
0400
7F80
4480
7F80
4480
5F80
8400
8A00
3180
ENDCHAR
STARTCHAR u5E9C.zh_hant
ENCODING 24220
SWIDTH 1000 0
DWIDTH 10 0
BBX 9 9 0 -1
BITMAP
0800
FF80
9100
BF80
E100
A900
A500
A100
2300
ENDCHAR
STARTCHAR u5E9E
ENCODING 24222
SWIDTH 1000 0
DWIDTH 10 0
BBX 9 9 0 -1
BITMAP
0400
7F80
4900
7F80
5400
5500
5600
6480
AB80
ENDCHAR
STARTCHAR u5E9F.zh_hant
ENCODING 24223
SWIDTH 1000 0
DWIDTH 10 0
BBX 9 9 0 -1
BITMAP
0400
7F80
5500
5F80
4800
5780
9480
A700
5880
ENDCHAR
STARTCHAR u5EA0.zh_hant
ENCODING 24224
SWIDTH 1000 0
DWIDTH 10 0
BBX 9 9 0 -1
BITMAP
0400
7F80
5100
7F80
4400
5F00
8400
BF80
0400
ENDCHAR
STARTCHAR u5EA6
ENCODING 24230
SWIDTH 1000 0
DWIDTH 10 0
BBX 9 9 0 -1
BITMAP
0400
7F80
4A00
7F80
4A00
5F00
5100
4E00
B180
ENDCHAR
STARTCHAR u5EA7
ENCODING 24231
SWIDTH 1000 0
DWIDTH 10 0
BBX 9 9 0 -1
BITMAP
0400
7F80
4400
5500
6E80
4400
5F00
4400
BF80
ENDCHAR
STARTCHAR u5EAD.zh_hant
ENCODING 24237
SWIDTH 1000 0
DWIDTH 10 0
BBX 9 9 0 -1
BITMAP
0800
FF80
8000
EF80
A200
DF80
A200
3200
CF80
ENDCHAR
STARTCHAR u5EB5.zh_hant
ENCODING 24245
SWIDTH 1000 0
DWIDTH 10 0
BBX 9 9 0 -1
BITMAP
0400
7F80
4A00
5280
7F80
5280
5F80
9200
8380
ENDCHAR
STARTCHAR u5EB6.zh_hant
ENCODING 24246
SWIDTH 1000 0
DWIDTH 10 0
BBX 9 9 0 -1
BITMAP
0800
FF80
9200
FF80
9200
9E00
0000
5500
9480
ENDCHAR
STARTCHAR u5EB7.zh_hant
ENCODING 24247
SWIDTH 1000 0
DWIDTH 10 0
BBX 9 9 0 -1
BITMAP
0400
7F80
4480
7F80
4480
5F80
A480
9500
2C80
ENDCHAR
STARTCHAR u5EB8.zh_hant
ENCODING 24248
SWIDTH 1000 0
DWIDTH 10 0
BBX 9 9 0 -1
BITMAP
0400
7F80
4480
7F80
4480
BF80
A480
3F80
2480
ENDCHAR
STARTCHAR u5EB9.zh_hant
ENCODING 24249
SWIDTH 1000 0
DWIDTH 10 0
BBX 9 9 0 -1
BITMAP
0400
7F80
4900
7F80
4900
BF00
A100
3E00
C180
ENDCHAR
STARTCHAR u5EBE.zh_hant
ENCODING 24254
SWIDTH 1000 0
DWIDTH 10 0
BBX 9 9 0 -1
BITMAP
0400
7F80
4500
5480
5D80
5480
9F80
8A00
3180
ENDCHAR
STARTCHAR u5EC9.zh_hant
ENCODING 24265
SWIDTH 1000 0
DWIDTH 10 0
BBX 9 9 0 -1
BITMAP
0400
7F80
4A80
7F80
4A80
BF80
8A00
2B00
4A80
ENDCHAR
STARTCHAR u5ECA.zh_hant
ENCODING 24266
SWIDTH 1000 0
DWIDTH 10 0
BBX 9 9 0 -1
BITMAP
0800
FF80
AA80
BA80
AB00
BA80
A280
AB00
B600
ENDCHAR
STARTCHAR u5ED3.zh_hant
ENCODING 24275
SWIDTH 1000 0
DWIDTH 10 0
BBX 9 9 0 -1
BITMAP
0800
FF80
AA80
BA80
8B00
9280
FE80
9300
B200
ENDCHAR
STARTCHAR u5ED6.zh_hant
ENCODING 24278
SWIDTH 1000 0
DWIDTH 10 0
BBX 9 9 0 -1
BITMAP
0800
FF80
AA80
9980
AA80
C500
B880
8300
3C00
ENDCHAR
STARTCHAR u5EDB.zh_hant
ENCODING 24283
SWIDTH 1000 0
DWIDTH 10 0
BBX 9 9 0 -1
BITMAP
0400
FF80
A500
BF00
E580
BF00
AD80
C400
BF80
ENDCHAR
STARTCHAR u5EE8.zh_hant
ENCODING 24296
SWIDTH 1000 0
DWIDTH 10 0
BBX 9 9 0 -1
BITMAP
0800
FF80
9280
FC80
AA00
FF80
A900
FF80
8900
ENDCHAR
STARTCHAR u5EF4.zh_hant
ENCODING 24308
SWIDTH 1000 0
DWIDTH 10 0
BBX 9 9 0 -1
BITMAP
F000
2000
4000
F000
1000
A000
4000
B000
8F80
ENDCHAR
STARTCHAR u5EF6.zh_hant
ENCODING 24310
SWIDTH 1000 0
DWIDTH 10 0
BBX 9 9 0 -1
BITMAP
E180
2E00
4200
E380
2A00
AA00
4F80
B000
8F80
ENDCHAR
STARTCHAR u5EF7.zh_hant
ENCODING 24311
SWIDTH 1000 0
DWIDTH 10 0
BBX 9 9 0 -1
BITMAP
E180
2E00
4200
EF80
2200
A200
4F80
6000
9F80
ENDCHAR
STARTCHAR u5EFA.zh_hant
ENCODING 24314
SWIDTH 1000 0
DWIDTH 10 0
BBX 9 9 0 -1
BITMAP
E200
2F80
4280
FF80
2280
AF80
4200
B000
8F80
ENDCHAR
STARTCHAR u5EFE
ENCODING 24318
SWIDTH 1000 0
DWIDTH 10 0
BBX 9 9 0 -1
BITMAP
2200
2200
2200
FF80
2200
2200
4200
4200
8200
ENDCHAR
STARTCHAR u5EFF
ENCODING 24319
SWIDTH 1000 0
DWIDTH 10 0
BBX 9 9 0 -1
BITMAP
2200
2200
FF80
2200
2200
2200
2200
2200
3E00
ENDCHAR
STARTCHAR u5F00
ENCODING 24320
SWIDTH 1000 0
DWIDTH 10 0
BBX 9 9 0 -1
BITMAP
FF80
2200
2200
2200
FF80
2200
4200
4200
8200
ENDCHAR
STARTCHAR u5F01.zh_hant
ENCODING 24321
SWIDTH 1000 0
DWIDTH 10 0
BBX 9 9 0 -1
BITMAP
1200
2100
FF80
1200
1200
FF80
1200
2200
4200
ENDCHAR
STARTCHAR u5F02
ENCODING 24322
SWIDTH 1000 0
DWIDTH 10 0
BBX 9 9 0 -1
BITMAP
7F00
4100
7F00
4080
7F80
2200
FF80
2200
4200
ENDCHAR
STARTCHAR u5F03.zh_hant
ENCODING 24323
SWIDTH 1000 0
DWIDTH 10 0
BBX 9 9 0 -1
BITMAP
0800
FF80
1200
2100
7E80
1200
FF80
1200
6200
ENDCHAR
STARTCHAR u5F04.zh_hant
ENCODING 24324
SWIDTH 1000 0
DWIDTH 10 0
BBX 9 9 0 -1
BITMAP
FF80
0800
7F00
0800
FF80
1200
FF80
2200
C200
ENDCHAR
STARTCHAR u5F08.zh_hant
ENCODING 24328
SWIDTH 1000 0
DWIDTH 10 0
BBX 9 9 0 -1
BITMAP
0800
FF80
5500
9480
2400
2200
FF80
2200
4200
ENDCHAR
STARTCHAR u5F0A.zh_hant
ENCODING 24330
SWIDTH 1000 0
DWIDTH 10 0
BBX 9 9 0 -1
BITMAP
B400
2780
FC80
AA80
FB00
A480
1200
FF80
2200
ENDCHAR
STARTCHAR u5F0B.zh_hant
ENCODING 24331
SWIDTH 1000 0
DWIDTH 10 0
BBX 9 9 0 -1
BITMAP
1100
1080
1000
FF80
0800
0800
0400
0200
0180
ENDCHAR
STARTCHAR u5F0F
ENCODING 24335
SWIDTH 1000 0
DWIDTH 10 0
BBX 9 9 0 -1
BITMAP
0500
0480
FF80
0400
FC00
2200
2280
3980
C080
ENDCHAR
STARTCHAR u5F11.zh_hant
ENCODING 24337
SWIDTH 1000 0
DWIDTH 10 0
BBX 9 9 0 -1
BITMAP
5280
2F80
5100
8100
2F00
F500
2480
7E80
A080
ENDCHAR
STARTCHAR u5F13
ENCODING 24339
SWIDTH 1000 0
DWIDTH 10 0
BBX 8 9 1 -1
BITMAP
FE
02
02
FE
80
FF
01
01
1E
ENDCHAR
STARTCHAR u5F15
ENCODING 24341
SWIDTH 1000 0
DWIDTH 10 0
BBX 8 9 0 -1
BITMAP
F9
09
09
F9
81
F9
09
09
71
ENDCHAR
STARTCHAR u5F17.zh_hant
ENCODING 24343
SWIDTH 1000 0
DWIDTH 10 0
BBX 9 9 0 -1
BITMAP
1400
FF00
1500
7F00
5400
FF80
9480
2580
C400
ENDCHAR
STARTCHAR u5F18.zh_hant
ENCODING 24344
SWIDTH 1000 0
DWIDTH 10 0
BBX 9 9 0 -1
BITMAP
F200
1200
1200
F400
8400
E900
2900
3280
DC80
ENDCHAR
STARTCHAR u5F1B.zh_hant
ENCODING 24347
SWIDTH 1000 0
DWIDTH 10 0
BBX 9 9 0 -1
BITMAP
E200
2A00
EB80
8E80
9A80
EA00
2800
2880
CF80
ENDCHAR
STARTCHAR u5F1F.zh_hant
ENCODING 24351
SWIDTH 1000 0
DWIDTH 10 0
BBX 9 9 0 -1
BITMAP
2200
2400
7F00
0900
7F00
4800
7F80
2880
CB00
ENDCHAR
STARTCHAR u5F20.zh_hant
ENCODING 24352
SWIDTH 1000 0
DWIDTH 10 0
BBX 9 9 0 -1
BITMAP
E880
2900
EA00
8800
9F80
EA00
2A00
2900
CC80
ENDCHAR
STARTCHAR u5F25.zh_hans
ENCODING 24357
SWIDTH 1000 0
DWIDTH 10 0
BBX 9 9 0 -1
BITMAP
E800
2F80
E880
9200
8200
EB00
2A80
3280
C600
ENDCHAR
STARTCHAR u5F26.zh_hant
ENCODING 24358
SWIDTH 1000 0
DWIDTH 10 0
BBX 9 9 0 -1
BITMAP
E200
3F80
2400
E880
8500
E200
2480
2880
CF80
ENDCHAR
STARTCHAR u5F27.zh_hant
ENCODING 24359
SWIDTH 1000 0
DWIDTH 10 0
BBX 9 9 0 -1
BITMAP
FF80
2900
2900
E900
8900
E900
2A80
3E80
C080
ENDCHAR
STARTCHAR u5F29.zh_hant
ENCODING 24361
SWIDTH 1000 0
DWIDTH 10 0
BBX 9 9 0 -1
BITMAP
2780
F880
4A80
3300
DC80
2000
7F80
4080
0700
ENDCHAR
STARTCHAR u5F2D.zh_hant
ENCODING 24365
SWIDTH 1000 0
DWIDTH 10 0
BBX 9 9 0 -1
BITMAP
EF80
2880
EF80
8880
8F80
E880
2880
3F80
C080
ENDCHAR
STARTCHAR u5F2F
ENCODING 24367
SWIDTH 1000 0
DWIDTH 10 0
BBX 9 9 0 -1
BITMAP
0800
FF80
5500
9480
7F00
4000
7F80
0080
0300
ENDCHAR
STARTCHAR u5F31.zh_hant
ENCODING 24369
SWIDTH 1000 0
DWIDTH 10 0
BBX 9 9 0 -1
BITMAP
F780
1080
F780
8400
7380
D680
3180
D680
3180
ENDCHAR
STARTCHAR u5F39.zh_hant
ENCODING 24377
SWIDTH 1000 0
DWIDTH 10 0
BBX 9 9 0 -1
BITMAP
E500
2F80
EA80
8F80
8A80
EF80
2200
2F80
C200
ENDCHAR
STARTCHAR u5F3A.zh_hant
ENCODING 24378
SWIDTH 1000 0
DWIDTH 10 0
BBX 9 9 0 -1
BITMAP
EF80
2880
EF80
8200
8F80
EA80
2F80
2500
CE80
ENDCHAR
STARTCHAR u5F3C.zh_hant
ENCODING 24380
SWIDTH 1000 0
DWIDTH 10 0
BBX 9 9 0 -1
BITMAP
FF80
2880
3C80
F780
9C00
F780
1480
1C80
6300
ENDCHAR
STARTCHAR u5F40.zh_hant
ENCODING 24384
SWIDTH 1000 0
DWIDTH 10 0
BBX 9 9 0 -1
BITMAP
2780
FC80
2480
F880
A800
4780
F480
1300
6C80
ENDCHAR
STARTCHAR u5F50.zh_hans
ENCODING 24400
SWIDTH 1000 0
DWIDTH 10 0
BBX 7 9 1 -1
BITMAP
FE
02
02
02
FE
02
02
02
FE
ENDCHAR
STARTCHAR u5F52.zh_hant
ENCODING 24402
SWIDTH 1000 0
DWIDTH 10 0
BBX 9 9 0 -1
BITMAP
2F80
A080
A080
AF80
A080
2080
4080
4080
9F80
ENDCHAR
STARTCHAR u5F53
ENCODING 24403
SWIDTH 1000 0
DWIDTH 10 0
BBX 7 9 1 -1
BITMAP
10
92
54
10
FE
02
FE
02
FE
ENDCHAR
STARTCHAR u5F55.zh_hant
ENCODING 24405
SWIDTH 1000 0
DWIDTH 10 0
BBX 9 9 0 -1
BITMAP
7F00
0100
7F00
0100
FF80
4900
2E00
4900
9880
ENDCHAR
STARTCHAR u5F56.zh_hant
ENCODING 24406
SWIDTH 1000 0
DWIDTH 10 0
BBX 9 9 0 -1
BITMAP
1F80
2100
7E00
0400
FF80
8900
3600
C580
1800
ENDCHAR
STARTCHAR u5F57.zh_hant
ENCODING 24407
SWIDTH 1000 0
DWIDTH 10 0
BBX 9 9 0 -1
BITMAP
2200
F780
2200
FF80
2200
0100
FF80
0100
7F00
ENDCHAR
STARTCHAR u5F58.zh_hant
ENCODING 24408
SWIDTH 1000 0
DWIDTH 10 0
BBX 9 9 0 -1
BITMAP
3F00
4200
FF80
9100
9D00
C980
9D00
8900
D580
ENDCHAR
STARTCHAR u5F5D.zh_hant
ENCODING 24413
SWIDTH 1000 0
DWIDTH 10 0
BBX 9 9 0 -1
BITMAP
3F00
4200
FF80
A500
7A80
AF80
1200
FF80
2200
ENDCHAR
STARTCHAR u5F61.zh_hant
ENCODING 24417
SWIDTH 1000 0
DWIDTH 10 0
BBX 8 9 1 -1
BITMAP
04
18
E2
04
18
E1
02
0C
F0
ENDCHAR
STARTCHAR u5F62.zh_hant
ENCODING 24418
SWIDTH 1000 0
DWIDTH 10 0
BBX 9 9 0 -1
BITMAP
FC80
5100
5200
5080
FD00
5200
5080
9100
9200
ENDCHAR
STARTCHAR u5F64.zh_hant
ENCODING 24420
SWIDTH 1000 0
DWIDTH 10 0
BBX 9 9 0 -1
BITMAP
7C80
4500
5600
5480
7D00
C600
4480
4500
8E00
ENDCHAR
STARTCHAR u5F66.zh_hant
ENCODING 24422
SWIDTH 1000 0
DWIDTH 10 0
BBX 9 9 0 -1
BITMAP
0800
FF80
1200
1200
7F80
4200
5C80
8300
BC00
ENDCHAR
STARTCHAR u5F69.zh_hant
ENCODING 24425
SWIDTH 1000 0
DWIDTH 10 0
BBX 9 9 0 -1
BITMAP
F880
2900
9200
4080
2100
FA00
2080
7100
AA00
ENDCHAR
STARTCHAR u5F6A.zh_hant
ENCODING 24426
SWIDTH 1000 0
DWIDTH 10 0
BBX 9 9 0 -1
BITMAP
3980
2600
F980
A600
B980
8600
A800
2880
CF80
ENDCHAR
STARTCHAR u5F6C.zh_hant
ENCODING 24428
SWIDTH 1000 0
DWIDTH 10 0
BBX 9 9 0 -1
BITMAP
2480
2500
FE00
2480
2500
6E00
B480
2500
2600
ENDCHAR
STARTCHAR u5F6D.zh_hant
ENCODING 24429
SWIDTH 1000 0
DWIDTH 10 0
BBX 9 9 0 -1
BITMAP
2080
F900
2200
F880
8900
FA00
5080
5100
FA00
ENDCHAR
STARTCHAR u5F70.zh_hant
ENCODING 24432
SWIDTH 1000 0
DWIDTH 10 0
BBX 9 9 0 -1
BITMAP
2080
FD00
4A00
FC80
8900
FA00
8880
FD00
2200
ENDCHAR
STARTCHAR u5F71.zh_hant
ENCODING 24433
SWIDTH 1000 0
DWIDTH 10 0
BBX 9 9 0 -1
BITMAP
F880
8900
FA00
8880
F900
4A00
7880
9500
B200
ENDCHAR
STARTCHAR u5F73
ENCODING 24435
SWIDTH 1000 0
DWIDTH 10 0
BBX 5 9 2 -1
BITMAP
10
20
C8
10
E0
20
20
20
20
ENDCHAR
STARTCHAR u5F77.zh_hant
ENCODING 24439
SWIDTH 1000 0
DWIDTH 10 0
BBX 9 9 0 -1
BITMAP
4200
9F80
0400
2400
4780
C480
4880
4880
4300
ENDCHAR
STARTCHAR u5F79.zh_hant
ENCODING 24441
SWIDTH 1000 0
DWIDTH 10 0
BBX 9 9 0 -1
BITMAP
4F00
8900
0900
1180
4000
DF00
4900
4600
5980
ENDCHAR
STARTCHAR u5F7B.zh_hant
ENCODING 24443
SWIDTH 1000 0
DWIDTH 10 0
BBX 9 9 0 -1
BITMAP
4F80
8A80
0A80
5E80
CA80
4A80
4A80
4C80
4300
ENDCHAR
STARTCHAR u5F7C.zh_hant
ENCODING 24444
SWIDTH 1000 0
DWIDTH 10 0
BBX 9 9 0 -1
BITMAP
4200
9F80
1280
3200
5F80
D480
5480
4300
5C80
ENDCHAR
STARTCHAR u5F80.zh_hant
ENCODING 24448
SWIDTH 1000 0
DWIDTH 10 0
BBX 9 9 0 -1
BITMAP
4400
8200
1F80
2200
4200
CF80
4200
4200
5F80
ENDCHAR
STARTCHAR u5F81.zh_hant
ENCODING 24449
SWIDTH 1000 0
DWIDTH 10 0
BBX 9 9 0 -1
BITMAP
5F80
8200
0200
2A00
4B80
CA00
4A00
4A00
5F80
ENDCHAR
STARTCHAR u5F82.zh_hant
ENCODING 24450
SWIDTH 1000 0
DWIDTH 10 0
BBX 9 9 0 -1
BITMAP
4F80
8880
0F80
2880
4880
CF80
4880
4880
5F80
ENDCHAR
STARTCHAR u5F84.zh_hant
ENCODING 24452
SWIDTH 1000 0
DWIDTH 10 0
BBX 9 9 0 -1
BITMAP
5F80
8080
0900
0600
5980
C200
4F80
4200
5F80
ENDCHAR
STARTCHAR u5F85.zh_hant
ENCODING 24453
SWIDTH 1000 0
DWIDTH 10 0
BBX 9 9 0 -1
BITMAP
4400
9F80
0400
3F80
4100
DF80
4100
5100
4B00
ENDCHAR
STARTCHAR u5F87.zh_hant
ENCODING 24455
SWIDTH 1000 0
DWIDTH 10 0
BBX 9 9 0 -1
BITMAP
4800
8F80
1080
3E80
5280
DE80
5280
5E80
4300
ENDCHAR
STARTCHAR u5F88.zh_hant
ENCODING 24456
SWIDTH 1000 0
DWIDTH 10 0
BBX 9 9 0 -1
BITMAP
4F80
8880
0F80
2880
4F80
CA00
4A80
4900
4C80
ENDCHAR
STARTCHAR u5F89.zh_hant
ENCODING 24457
SWIDTH 1000 0
DWIDTH 10 0
BBX 9 9 0 -1
BITMAP
4900
8A00
1F80
2200
5F80
C200
4200
5F80
4200
ENDCHAR
STARTCHAR u5F8A.zh_hant
ENCODING 24458
SWIDTH 1000 0
DWIDTH 10 0
BBX 9 9 0 -1
BITMAP
5F80
9080
1780
3480
5480
D480
5780
5080
5F80
ENDCHAR
STARTCHAR u5F8B.zh_hant
ENCODING 24459
SWIDTH 1000 0
DWIDTH 10 0
BBX 9 9 0 -1
BITMAP
4200
9F80
0280
3F80
4280
DF80
4200
5F80
4200
ENDCHAR
STARTCHAR u5F8C.zh_hant
ENCODING 24460
SWIDTH 1000 0
DWIDTH 10 0
BBX 9 9 0 -1
BITMAP
4800
9100
0A00
2480
5F80
C900
5500
4600
5980
ENDCHAR
STARTCHAR u5F90
ENCODING 24464
SWIDTH 1000 0
DWIDTH 10 0
BBX 9 9 0 -1
BITMAP
2600
4900
9080
2F00
4200
DF80
4200
4B00
5680
ENDCHAR
STARTCHAR u5F92.zh_hant
ENCODING 24466
SWIDTH 1000 0
DWIDTH 10 0
BBX 9 9 0 -1
BITMAP
4400
9F80
0400
3F80
4400
D780
5400
5C00
6380
ENDCHAR
STARTCHAR u5F95.zh_hant
ENCODING 24469
SWIDTH 1000 0
DWIDTH 10 0
BBX 9 9 0 -1
BITMAP
4400
9F80
0400
5480
C500
5F80
4400
4D00
5480
ENDCHAR
STARTCHAR u5F97.zh_hant
ENCODING 24471
SWIDTH 1000 0
DWIDTH 10 0
BBX 9 9 0 -1
BITMAP
4F00
8900
0F00
2900
4F80
C100
5F80
4900
4300
ENDCHAR
STARTCHAR u5F98.zh_hant
ENCODING 24472
SWIDTH 1000 0
DWIDTH 10 0
BBX 9 9 0 -1
BITMAP
4A00
BB80
0A00
3B80
4A00
CA00
7B80
4A00
5200
ENDCHAR
STARTCHAR u5F99.zh_hant
ENCODING 24473
SWIDTH 1000 0
DWIDTH 10 0
BBX 9 9 0 -1
BITMAP
4400
9780
1400
3F80
4400
D780
5400
5C00
6380
ENDCHAR
STARTCHAR u5F9C.zh_hant
ENCODING 24476
SWIDTH 1000 0
DWIDTH 10 0
BBX 9 9 0 -1
BITMAP
5480
9500
0400
3F80
5080
DE80
5280
5E80
5180
ENDCHAR
STARTCHAR u5FA1.zh_hant
ENCODING 24481
SWIDTH 1000 0
DWIDTH 10 0
BBX 9 9 0 -1
BITMAP
6380
BE80
1280
3E80
5280
DA80
5280
7F80
4200
ENDCHAR
STARTCHAR u5FA8.zh_hant
ENCODING 24488
SWIDTH 1000 0
DWIDTH 10 0
BBX 9 9 0 -1
BITMAP
4400
8F80
2880
4880
CF80
4200
4F80
4200
4F80
ENDCHAR
STARTCHAR u5FAA.zh_hant
ENCODING 24490
SWIDTH 1000 0
DWIDTH 10 0
BBX 9 9 0 -1
BITMAP
5F80
9200
1F80
3200
5780
D480
5780
5480
4780
ENDCHAR
STARTCHAR u5FAD.zh_hant
ENCODING 24493
SWIDTH 1000 0
DWIDTH 10 0
BBX 9 9 0 -1
BITMAP
4780
9C80
0B00
3E00
5200
DF80
4200
5280
5F80
ENDCHAR
STARTCHAR u5FAE.zh_hant
ENCODING 24494
SWIDTH 1000 0
DWIDTH 10 0
BBX 9 9 0 -1
BITMAP
6A00
AB80
3E80
0080
5E80
D500
5500
5280
6480
ENDCHAR
STARTCHAR u5FB5.zh_hant
ENCODING 24501
SWIDTH 1000 0
DWIDTH 10 0
BBX 9 9 0 -1
BITMAP
6A00
AB80
3C80
0280
7E80
C900
7D00
4A80
5C80
ENDCHAR
STARTCHAR u5FB7.zh_hant
ENCODING 24503
SWIDTH 1000 0
DWIDTH 10 0
BBX 9 9 0 -1
BITMAP
4200
9F80
0200
3F80
4A80
DF80
4200
4880
6E80
ENDCHAR
STARTCHAR u5FBC.zh_hant
ENCODING 24508
SWIDTH 1000 0
DWIDTH 10 0
BBX 9 9 0 -1
BITMAP
5200
BF80
2480
7E80
9280
FF00
9500
A680
AC80
ENDCHAR
STARTCHAR u5FBD.zh_hant
ENCODING 24509
SWIDTH 1000 0
DWIDTH 10 0
BBX 9 9 0 -1
BITMAP
6A00
AB80
3C80
0A80
5280
DD00
4900
5A80
6C80
ENDCHAR
STARTCHAR u5FC3
ENCODING 24515
SWIDTH 1000 0
DWIDTH 10 0
BBX 9 9 0 -1
BITMAP
1800
0400
0000
1100
5080
5080
9000
1100
0F00
ENDCHAR
STARTCHAR u5FC4
ENCODING 24516
SWIDTH 1000 0
DWIDTH 10 0
BBX 5 9 0 -1
BITMAP
20
20
B0
A8
A0
20
20
20
20
ENDCHAR
STARTCHAR u5FC5.zh_hant
ENCODING 24517
SWIDTH 1000 0
DWIDTH 10 0
BBX 9 9 0 -1
BITMAP
3000
0C00
0100
5100
5480
9880
9000
3100
CF00
ENDCHAR
STARTCHAR u5FC6.zh_hant
ENCODING 24518
SWIDTH 1000 0
DWIDTH 10 0
BBX 9 9 0 -1
BITMAP
2F80
2080
A100
A200
A400
A400
A800
2880
2780
ENDCHAR
STARTCHAR u5FCC.zh_hant
ENCODING 24524
SWIDTH 1000 0
DWIDTH 10 0
BBX 9 9 0 -1
BITMAP
7F00
0100
7F00
4000
7F00
0800
2500
A080
9E00
ENDCHAR
STARTCHAR u5FCD.zh_hant
ENCODING 24525
SWIDTH 1000 0
DWIDTH 10 0
BBX 9 9 0 -1
BITMAP
FF00
1100
5100
2100
5200
0800
2500
A080
9E00
ENDCHAR
STARTCHAR u5FCF.zh_hant
ENCODING 24527
SWIDTH 1000 0
DWIDTH 10 0
BBX 9 9 0 -1
BITMAP
2180
2E00
A200
A200
AF80
A200
A200
2200
2200
ENDCHAR
STARTCHAR u5FD0.zh_hant
ENCODING 24528
SWIDTH 1000 0
DWIDTH 10 0
BBX 9 9 0 -1
BITMAP
0800
0F00
0800
0800
FF80
0800
2500
A080
9E00
ENDCHAR
STARTCHAR u5FD1.zh_hant
ENCODING 24529
SWIDTH 1000 0
DWIDTH 10 0
BBX 9 9 0 -1
BITMAP
FF80
0800
0A00
0980
0800
0800
2500
A080
9E00
ENDCHAR
STARTCHAR u5FD2.zh_hant
ENCODING 24530
SWIDTH 1000 0
DWIDTH 10 0
BBX 9 9 0 -1
BITMAP
0480
FF80
1200
0A00
2200
2900
A500
A080
1C80
ENDCHAR
STARTCHAR u5FD6.zh_hant
ENCODING 24534
SWIDTH 1000 0
DWIDTH 10 0
BBX 9 9 0 -1
BITMAP
2080
2080
AF80
A080
A480
A280
A080
2080
2180
ENDCHAR
STARTCHAR u5FD7.zh_hant
ENCODING 24535
SWIDTH 1000 0
DWIDTH 10 0
BBX 9 9 0 -1
BITMAP
0800
FF80
0800
0800
7F00
0800
2500
A080
9E00
ENDCHAR
STARTCHAR u5FD8.zh_hant
ENCODING 24536
SWIDTH 1000 0
DWIDTH 10 0
BBX 9 9 0 -1
BITMAP
0800
FF80
4000
4000
3F00
0800
2500
A080
9E00
ENDCHAR
STARTCHAR u5FD9.zh_hant
ENCODING 24537
SWIDTH 1000 0
DWIDTH 10 0
BBX 9 9 0 -1
BITMAP
2200
2200
BF80
A800
A800
A800
A800
2800
2780
ENDCHAR
STARTCHAR u5FDD.zh_hant
ENCODING 24541
SWIDTH 1000 0
DWIDTH 10 0
BBX 9 9 0 -1
BITMAP
0700
7800
0800
FF80
2900
C880
0800
4A80
9A80
ENDCHAR
STARTCHAR u5FE0.zh_hant
ENCODING 24544
SWIDTH 1000 0
DWIDTH 10 0
BBX 9 9 0 -1
BITMAP
0800
7F00
4900
4900
7F00
0800
2500
A080
9E00
ENDCHAR
STARTCHAR u5FE1.zh_hant
ENCODING 24545
SWIDTH 1000 0
DWIDTH 10 0
BBX 9 9 0 -1
BITMAP
2200
2200
AF80
AA80
AA80
AF80
A200
2200
2200
ENDCHAR
STARTCHAR u5FE4
ENCODING 24548
SWIDTH 1000 0
DWIDTH 10 0
BBX 9 9 0 -1
BITMAP
2800
2F80
B200
A200
BF80
2200
2200
2200
2200
ENDCHAR
STARTCHAR u5FE7.zh_hant
ENCODING 24551
SWIDTH 1000 0
DWIDTH 10 0
BBX 9 9 0 -1
BITMAP
2280
2280
AF80
A200
A200
A500
A500
2900
2980
ENDCHAR
STARTCHAR u5FEA.zh_hant
ENCODING 24554
SWIDTH 1000 0
DWIDTH 10 0
BBX 9 9 0 -1
BITMAP
2700
2100
A880
AA80
B200
A400
A480
2880
2F80
ENDCHAR
STARTCHAR u5FEB.zh_hant
ENCODING 24555
SWIDTH 1000 0
DWIDTH 10 0
BBX 9 9 0 -1
BITMAP
2200
2F80
A280
A280
BF80
A200
A200
2500
3880
ENDCHAR
STARTCHAR u5FEE.zh_hant
ENCODING 24558
SWIDTH 1000 0
DWIDTH 10 0
BBX 9 9 0 -1
BITMAP
2200
3F80
A200
A200
BF80
A880
A900
2600
3980
ENDCHAR
STARTCHAR u5FF1.zh_hant
ENCODING 24561
SWIDTH 1000 0
DWIDTH 10 0
BBX 9 9 0 -1
BITMAP
2200
2F80
AA80
A280
A200
A500
A500
2900
2980
ENDCHAR
STARTCHAR u5FF5.zh_hant
ENCODING 24565
SWIDTH 1000 0
DWIDTH 10 0
BBX 9 9 0 -1
BITMAP
1C00
2200
5D00
8080
3E00
0200
0400
5100
9E80
ENDCHAR
STARTCHAR u5FF8.zh_hant
ENCODING 24568
SWIDTH 1000 0
DWIDTH 10 0
BBX 9 9 0 -1
BITMAP
2F80
2480
A480
A480
BF80
A480
A480
2480
2F80
ENDCHAR
STARTCHAR u5FFB.zh_hant
ENCODING 24571
SWIDTH 1000 0
DWIDTH 10 0
BBX 9 9 0 -1
BITMAP
2180
2E00
A800
AF80
A900
A900
B100
2100
2100
ENDCHAR
STARTCHAR u5FFD.zh_hant
ENCODING 24573
SWIDTH 1000 0
DWIDTH 10 0
BBX 9 9 0 -1
BITMAP
2000
3F80
4A80
9280
2480
0900
0400
5100
9E80
ENDCHAR
STARTCHAR u5FFE.zh_hant
ENCODING 24574
SWIDTH 1000 0
DWIDTH 10 0
BBX 9 9 0 -1
BITMAP
2800
2F80
A800
B700
A000
AE00
A200
2280
2180
ENDCHAR
STARTCHAR u5FFF.zh_hant
ENCODING 24575
SWIDTH 1000 0
DWIDTH 10 0
BBX 9 9 0 -1
BITMAP
2E00
4100
FF80
1100
2100
C500
1200
5080
9E80
ENDCHAR
STARTCHAR u6000.zh_hant
ENCODING 24576
SWIDTH 1000 0
DWIDTH 10 0
BBX 9 9 0 -1
BITMAP
2F80
2100
A200
A700
AA80
A200
A200
2200
2200
ENDCHAR
STARTCHAR u6001.zh_hant
ENCODING 24577
SWIDTH 1000 0
DWIDTH 10 0
BBX 9 9 0 -1
BITMAP
0800
FF80
2200
4900
8480
0800
A500
A080
1E00
ENDCHAR
STARTCHAR u6002.zh_hant
ENCODING 24578
SWIDTH 1000 0
DWIDTH 10 0
BBX 9 9 0 -1
BITMAP
2200
2200
2200
5500
8880
0800
A500
A080
1E00
ENDCHAR
STARTCHAR u6005.zh_hant
ENCODING 24581
SWIDTH 1000 0
DWIDTH 10 0
BBX 9 9 0 -1
BITMAP
2900
2A00
AC00
A800
BF80
AA00
AA00
2900
2C80
ENDCHAR
STARTCHAR u600E.zh_hant
ENCODING 24590
SWIDTH 1000 0
DWIDTH 10 0
BBX 9 9 0 -1
BITMAP
2000
3F80
2800
4F00
8800
0F80
0800
5080
9E80
ENDCHAR
STARTCHAR u600F.zh_hant
ENCODING 24591
SWIDTH 1000 0
DWIDTH 10 0
BBX 9 9 0 -1
BITMAP
2200
2F80
AA80
AA80
AA80
BF80
A200
2500
3880
ENDCHAR
STARTCHAR u6012.zh_hant
ENCODING 24594
SWIDTH 1000 0
DWIDTH 10 0
BBX 9 9 0 -1
BITMAP
2780
F880
4A80
5280
3100
CA80
0400
5100
9E80
ENDCHAR
STARTCHAR u6014.zh_hant
ENCODING 24596
SWIDTH 1000 0
DWIDTH 10 0
BBX 9 9 0 -1
BITMAP
2F80
2200
B200
A380
AA00
AA00
AA00
2A00
2F80
ENDCHAR
STARTCHAR u6015.zh_hant
ENCODING 24597
SWIDTH 1000 0
DWIDTH 10 0
BBX 9 9 0 -1
BITMAP
2200
2400
AF80
A880
A880
AF80
A880
2880
2F80
ENDCHAR
STARTCHAR u6016.zh_hant
ENCODING 24598
SWIDTH 1000 0
DWIDTH 10 0
BBX 9 9 0 -1
BITMAP
2200
3F80
A400
AF80
BA80
AA80
AA80
2B80
2200
ENDCHAR
STARTCHAR u6019.zh_hant
ENCODING 24601
SWIDTH 1000 0
DWIDTH 10 0
BBX 9 9 0 -1
BITMAP
2200
2200
BF80
A200
A200
AF80
A880
2880
2F80
ENDCHAR
STARTCHAR u601B
ENCODING 24603
SWIDTH 1000 0
DWIDTH 10 0
BBX 9 9 0 -1
BITMAP
2F80
2880
B880
AF80
A880
2880
2F80
2000
2F80
ENDCHAR
STARTCHAR u601C.zh_hant
ENCODING 24604
SWIDTH 1000 0
DWIDTH 10 0
BBX 9 9 0 -1
BITMAP
2700
2880
B000
AF80
A000
BF80
A480
2480
2580
ENDCHAR
STARTCHAR u601D.zh_hant
ENCODING 24605
SWIDTH 1000 0
DWIDTH 10 0
BBX 9 9 0 -1
BITMAP
7F00
4900
7F00
4900
7F00
0800
2500
A080
9E00
ENDCHAR
STARTCHAR u6020.zh_hant
ENCODING 24608
SWIDTH 1000 0
DWIDTH 10 0
BBX 9 9 0 -1
BITMAP
1000
2200
FF00
2280
3E00
0800
2500
A080
9E00
ENDCHAR
STARTCHAR u6021.zh_hant
ENCODING 24609
SWIDTH 1000 0
DWIDTH 10 0
BBX 9 9 0 -1
BITMAP
2200
2480
A880
AF80
A000
AF80
A880
2880
2F80
ENDCHAR
STARTCHAR u6025.zh_hant
ENCODING 24613
SWIDTH 1000 0
DWIDTH 10 0
BBX 9 9 0 -1
BITMAP
3E00
4400
BF00
0100
7F00
0100
7E00
A100
BE80
ENDCHAR
STARTCHAR u6026.zh_hant
ENCODING 24614
SWIDTH 1000 0
DWIDTH 10 0
BBX 9 9 0 -1
BITMAP
2F80
2200
AA80
AB00
A200
A200
AF80
2200
2200
ENDCHAR
STARTCHAR u6027.zh_hant
ENCODING 24615
SWIDTH 1000 0
DWIDTH 10 0
BBX 9 9 0 -1
BITMAP
2A00
2A00
AF80
B200
A200
AF80
A200
2200
3F80
ENDCHAR
STARTCHAR u6028.zh_hant
ENCODING 24616
SWIDTH 1000 0
DWIDTH 10 0
BBX 9 9 0 -1
BITMAP
7780
5480
9580
5400
2780
C800
0500
5080
9F00
ENDCHAR
STARTCHAR u6029.zh_hant
ENCODING 24617
SWIDTH 1000 0
DWIDTH 10 0
BBX 9 9 0 -1
BITMAP
2F80
2880
AF80
A800
AC80
B700
A400
2480
2780
ENDCHAR
STARTCHAR u602A.zh_hant
ENCODING 24618
SWIDTH 1000 0
DWIDTH 10 0
BBX 9 9 0 -1
BITMAP
2F80
2080
A900
A600
B980
A200
AF80
2200
3F80
ENDCHAR
STARTCHAR u602B.zh_hant
ENCODING 24619
SWIDTH 1000 0
DWIDTH 10 0
BBX 9 9 0 -1
BITMAP
2A00
3F80
AA80
BF80
AA00
BF80
AA80
2B80
3200
ENDCHAR
STARTCHAR u602F.zh_hant
ENCODING 24623
SWIDTH 1000 0
DWIDTH 10 0
BBX 9 9 0 -1
BITMAP
2200
3F80
A200
A200
BF80
A400
A400
2880
2F80
ENDCHAR
STARTCHAR u6035.zh_hant
ENCODING 24629
SWIDTH 1000 0
DWIDTH 10 0
BBX 9 9 0 -1
BITMAP
2500
2480
BF80
A400
A500
AD00
B500
2580
2400
ENDCHAR
STARTCHAR u603B.zh_hant
ENCODING 24635
SWIDTH 1000 0
DWIDTH 10 0
BBX 9 9 0 -1
BITMAP
2200
7F00
4100
4100
7F00
0800
A500
A080
1E00
ENDCHAR
STARTCHAR u603C.zh_hant
ENCODING 24636
SWIDTH 1000 0
DWIDTH 10 0
BBX 9 9 0 -1
BITMAP
F100
1780
5100
2500
D300
1100
AB00
A280
1E00
ENDCHAR
STARTCHAR u6041.zh_hant
ENCODING 24641
SWIDTH 1000 0
DWIDTH 10 0
BBX 9 9 0 -1
BITMAP
2F80
4200
DF80
4200
4F80
0400
1200
5080
8E80
ENDCHAR
STARTCHAR u6042.zh_hant
ENCODING 24642
SWIDTH 1000 0
DWIDTH 10 0
BBX 9 9 0 -1
BITMAP
2800
2F80
B080
AE80
AA80
AE80
AA80
2E80
2300
ENDCHAR
STARTCHAR u6043.zh_hant
ENCODING 24643
SWIDTH 1000 0
DWIDTH 10 0
BBX 9 9 0 -1
BITMAP
2200
2F80
A200
BF80
A100
AF80
B100
2900
2300
ENDCHAR
STARTCHAR u604B.zh_hant
ENCODING 24651
SWIDTH 1000 0
DWIDTH 10 0
BBX 9 9 0 -1
BITMAP
0800
FF80
1400
5500
A480
0800
2500
A080
9E00
ENDCHAR
STARTCHAR u604D.zh_hant
ENCODING 24653
SWIDTH 1000 0
DWIDTH 10 0
BBX 9 9 0 -1
BITMAP
2200
2A80
AB00
A200
BF80
A500
A500
2900
3180
ENDCHAR
STARTCHAR u6050.zh_hant
ENCODING 24656
SWIDTH 1000 0
DWIDTH 10 0
BBX 9 9 0 -1
BITMAP
EF00
4900
4D00
4B00
F180
0800
2500
A080
9E00
ENDCHAR
STARTCHAR u6052.zh_hant
ENCODING 24658
SWIDTH 1000 0
DWIDTH 10 0
BBX 9 9 0 -1
BITMAP
2F80
2000
AF80
A880
AF80
A880
AF80
2000
2F80
ENDCHAR
STARTCHAR u6055.zh_hant
ENCODING 24661
SWIDTH 1000 0
DWIDTH 10 0
BBX 9 9 0 -1
BITMAP
2380
FA80
4A80
4A80
3380
C800
2500
A080
9E00
ENDCHAR
STARTCHAR u6059.zh_hant
ENCODING 24665
SWIDTH 1000 0
DWIDTH 10 0
BBX 9 9 0 -1
BITMAP
2200
FF80
0800
7F00
0800
FF80
0400
5080
9E80
ENDCHAR
STARTCHAR u605A.zh_hant
ENCODING 24666
SWIDTH 1000 0
DWIDTH 10 0
BBX 9 9 0 -1
BITMAP
0800
7F00
0800
FF80
0800
7F00
0800
5080
9E80
ENDCHAR
STARTCHAR u6062.zh_hant
ENCODING 24674
SWIDTH 1000 0
DWIDTH 10 0
BBX 9 9 0 -1
BITMAP
2800
3F80
A800
AA00
B280
AB00
A200
2500
2880
ENDCHAR
STARTCHAR u6063.zh_hant
ENCODING 24675
SWIDTH 1000 0
DWIDTH 10 0
BBX 9 9 0 -1
BITMAP
0800
CF80
1280
0200
4500
9880
0400
5100
9E80
ENDCHAR
STARTCHAR u6064.zh_hant
ENCODING 24676
SWIDTH 1000 0
DWIDTH 10 0
BBX 9 9 0 -1
BITMAP
2200
2400
BF80
AA80
AA80
AA80
AA80
2A80
3F80
ENDCHAR
STARTCHAR u6067.zh_hant
ENCODING 24679
SWIDTH 1000 0
DWIDTH 10 0
BBX 9 9 0 -1
BITMAP
FF80
1000
7F00
5500
5500
0000
A880
A280
1E00
ENDCHAR
STARTCHAR u6068.zh_hant
ENCODING 24680
SWIDTH 1000 0
DWIDTH 10 0
BBX 9 9 0 -1
BITMAP
2F80
2880
AF80
A880
AF80
AA00
AA80
2900
2C80
ENDCHAR
STARTCHAR u6069.zh_hant
ENCODING 24681
SWIDTH 1000 0
DWIDTH 10 0
BBX 9 9 0 -1
BITMAP
7F00
4900
7F00
5500
6300
7F00
0400
5100
9E80
ENDCHAR
STARTCHAR u606A.zh_hant
ENCODING 24682
SWIDTH 1000 0
DWIDTH 10 0
BBX 9 9 0 -1
BITMAP
2780
2880
B500
A300
A480
AF80
B880
2880
2F80
ENDCHAR
STARTCHAR u606B.zh_hant
ENCODING 24683
SWIDTH 1000 0
DWIDTH 10 0
BBX 9 9 0 -1
BITMAP
2F80
2880
AE80
A880
AE80
AA80
AE80
2880
2980
ENDCHAR
STARTCHAR u606C.zh_hant
ENCODING 24684
SWIDTH 1000 0
DWIDTH 10 0
BBX 9 9 0 -1
BITMAP
2180
2E00
A200
BF80
A200
AF80
A880
2880
2F80
ENDCHAR
STARTCHAR u606D.zh_hant
ENCODING 24685
SWIDTH 1000 0
DWIDTH 10 0
BBX 9 9 0 -1
BITMAP
2200
7F00
2200
FF80
2900
C880
2D00
4A80
9900
ENDCHAR
STARTCHAR u606F
ENCODING 24687
SWIDTH 1000 0
DWIDTH 10 0
BBX 9 9 0 -1
BITMAP
1000
7F00
4100
7F00
4100
7F00
0800
A500
BE80
ENDCHAR
STARTCHAR u6070.zh_hant
ENCODING 24688
SWIDTH 1000 0
DWIDTH 10 0
BBX 9 9 0 -1
BITMAP
2700
2880
B000
AF80
A000
AF80
A880
2880
2F80
ENDCHAR
STARTCHAR u6073.zh_hant
ENCODING 24691
SWIDTH 1000 0
DWIDTH 10 0
BBX 9 9 0 -1
BITMAP
7F00
4100
7F00
4100
7F00
4400
7B80
A100
BC80
ENDCHAR
STARTCHAR u6076.zh_hant
ENCODING 24694
SWIDTH 1000 0
DWIDTH 10 0
BBX 9 9 0 -1
BITMAP
FF80
2400
A480
A500
2400
FF80
0800
A180
BE80
ENDCHAR
STARTCHAR u607B.zh_hant
ENCODING 24699
SWIDTH 1000 0
DWIDTH 10 0
BBX 9 9 0 -1
BITMAP
3E80
2280
AA80
AA80
AA80
AA80
A880
3480
2280
ENDCHAR
STARTCHAR u607C.zh_hant
ENCODING 24700
SWIDTH 1000 0
DWIDTH 10 0
BBX 9 9 0 -1
BITMAP
2400
2200
AF80
A000
AA80
A480
AA80
2080
3F80
ENDCHAR
STARTCHAR u607D.zh_hant
ENCODING 24701
SWIDTH 1000 0
DWIDTH 10 0
BBX 9 9 0 -1
BITMAP
3F80
2480
BF00
A800
AA00
BF00
A200
3F80
2200
ENDCHAR
STARTCHAR u607F.zh_hant
ENCODING 24703
SWIDTH 1000 0
DWIDTH 10 0
BBX 9 9 0 -1
BITMAP
3E00
0200
7F00
4900
7F00
4900
2500
A080
9E00
ENDCHAR
STARTCHAR u6083
ENCODING 24707
SWIDTH 1000 0
DWIDTH 10 0
BBX 9 9 0 -1
BITMAP
5F80
5280
F280
DF80
D280
5680
5B80
5280
5F80
ENDCHAR
STARTCHAR u6084.zh_hant
ENCODING 24708
SWIDTH 1000 0
DWIDTH 10 0
BBX 9 9 0 -1
BITMAP
2200
2B00
AA80
A200
AF80
A880
AF80
2880
2980
ENDCHAR
STARTCHAR u6089.zh_hant
ENCODING 24713
SWIDTH 1000 0
DWIDTH 10 0
BBX 9 9 0 -1
BITMAP
FF80
4900
2A00
FF80
4A00
8980
2400
A100
9E80
ENDCHAR
STARTCHAR u608C.zh_hant
ENCODING 24716
SWIDTH 1000 0
DWIDTH 10 0
BBX 9 9 0 -1
BITMAP
2900
2A00
BF80
A480
BF80
A400
BF80
1480
2580
ENDCHAR
STARTCHAR u608D.zh_hant
ENCODING 24717
SWIDTH 1000 0
DWIDTH 10 0
BBX 9 9 0 -1
BITMAP
2F80
2880
AF80
A880
A880
BF80
A200
3F80
2200
ENDCHAR
STARTCHAR u6092.zh_hant
ENCODING 24722
SWIDTH 1000 0
DWIDTH 10 0
BBX 9 9 0 -1
BITMAP
2F80
2880
AF80
AA80
AA80
AF80
A800
2880
2F80
ENDCHAR
STARTCHAR u6094.zh_hant
ENCODING 24724
SWIDTH 1000 0
DWIDTH 10 0
BBX 9 9 0 -1
BITMAP
2800
2F80
B000
AF80
AA80
BF80
AA80
2F80
2100
ENDCHAR
STARTCHAR u6096.zh_hant
ENCODING 24726
SWIDTH 1000 0
DWIDTH 10 0
BBX 9 9 0 -1
BITMAP
2200
3F80
A200
AF80
A900
A200
BF80
2200
2600
ENDCHAR
STARTCHAR u609A.zh_hant
ENCODING 24730
SWIDTH 1000 0
DWIDTH 10 0
BBX 9 9 0 -1
BITMAP
2200
2F80
A200
AF80
AA80
AF80
A600
2A80
3280
ENDCHAR
STARTCHAR u609B.zh_hant
ENCODING 24731
SWIDTH 1000 0
DWIDTH 10 0
BBX 9 9 0 -1
BITMAP
2400
2880
BF80
A500
B980
A700
B900
2600
3980
ENDCHAR
STARTCHAR u609D
ENCODING 24733
SWIDTH 1000 0
DWIDTH 10 0
BBX 9 9 0 -1
BITMAP
2F80
2A80
AF80
BA80
AF80
2200
2F80
2200
2F80
ENDCHAR
STARTCHAR u609F
ENCODING 24735
SWIDTH 1000 0
DWIDTH 10 0
BBX 9 9 0 -1
BITMAP
2F80
2200
AF00
B500
AF80
2000
2F80
2880
2F80
ENDCHAR
STARTCHAR u60A0.zh_hant
ENCODING 24736
SWIDTH 1000 0
DWIDTH 10 0
BBX 9 9 0 -1
BITMAP
2400
5780
D900
5500
5600
4980
2400
A100
9E80
ENDCHAR
STARTCHAR u60A3.zh_hant
ENCODING 24739
SWIDTH 1000 0
DWIDTH 10 0
BBX 9 9 0 -1
BITMAP
0800
3E00
2A00
7F00
4900
7F00
2400
A100
9E80
ENDCHAR
STARTCHAR u60A6.zh_hant
ENCODING 24742
SWIDTH 1000 0
DWIDTH 10 0
BBX 9 9 0 -1
BITMAP
2A00
2000
AF80
A880
A880
AF80
A500
2900
3180
ENDCHAR
STARTCHAR u60A8.zh_hant
ENCODING 24744
SWIDTH 1000 0
DWIDTH 10 0
BBX 9 9 0 -1
BITMAP
2800
4F80
D200
4B00
5280
0600
2800
A280
9E80
ENDCHAR
STARTCHAR u60AC.zh_hant
ENCODING 24748
SWIDTH 1000 0
DWIDTH 10 0
BBX 9 9 0 -1
BITMAP
7F00
4100
7F00
4100
FF80
2200
7F00
A100
BC80
ENDCHAR
STARTCHAR u60AF.zh_hant
ENCODING 24751
SWIDTH 1000 0
DWIDTH 10 0
BBX 9 9 0 -1
BITMAP
2F80
2080
A480
BF80
AA80
AA80
A480
2A80
2180
ENDCHAR
STARTCHAR u60B1.zh_hant
ENCODING 24753
SWIDTH 1000 0
DWIDTH 10 0
BBX 9 9 0 -1
BITMAP
2500
3D80
A500
BD80
A500
BD00
A580
2900
3100
ENDCHAR
STARTCHAR u60B2.zh_hant
ENCODING 24754
SWIDTH 1000 0
DWIDTH 10 0
BBX 9 9 0 -1
BITMAP
1400
F780
1400
F780
1400
F780
0400
5100
9E80
ENDCHAR
STARTCHAR u60B4.zh_hant
ENCODING 24756
SWIDTH 1000 0
DWIDTH 10 0
BBX 9 9 0 -1
BITMAP
2200
3F80
A900
A900
B680
A200
BF80
2200
2200
ENDCHAR
STARTCHAR u60B8.zh_hant
ENCODING 24760
SWIDTH 1000 0
DWIDTH 10 0
BBX 9 9 0 -1
BITMAP
2F80
2200
BF80
AA80
B700
A100
BF80
2200
2600
ENDCHAR
STARTCHAR u60BB.zh_hant
ENCODING 24763
SWIDTH 1000 0
DWIDTH 10 0
BBX 9 9 0 -1
BITMAP
2200
2F80
A200
BF80
A900
BF80
A200
3F80
2200
ENDCHAR
STARTCHAR u60BC.zh_hant
ENCODING 24764
SWIDTH 1000 0
DWIDTH 10 0
BBX 9 9 0 -1
BITMAP
2400
2780
A400
AF80
A880
AF80
A880
3F80
2200
ENDCHAR
STARTCHAR u60C5.zh_hant
ENCODING 24773
SWIDTH 1000 0
DWIDTH 10 0
BBX 9 9 0 -1
BITMAP
2200
3F80
A200
AF80
A200
BF80
A880
2F80
2880
ENDCHAR
STARTCHAR u60C6.zh_hant
ENCODING 24774
SWIDTH 1000 0
DWIDTH 10 0
BBX 9 9 0 -1
BITMAP
3F80
2480
AE80
A480
AE80
A480
AE80
2A80
2E80
ENDCHAR
STARTCHAR u60CA.zh_hant
ENCODING 24778
SWIDTH 1000 0
DWIDTH 10 0
BBX 9 9 0 -1
BITMAP
2200
3F80
A000
AF80
A880
AF80
A200
2A80
3680
ENDCHAR
STARTCHAR u60CB.zh_hant
ENCODING 24779
SWIDTH 1000 0
DWIDTH 10 0
BBX 9 9 0 -1
BITMAP
2200
3F80
A080
BB80
AA80
BA80
AB80
2A00
3380
ENDCHAR
STARTCHAR u60D1.zh_hant
ENCODING 24785
SWIDTH 1000 0
DWIDTH 10 0
BBX 9 9 0 -1
BITMAP
0480
FF80
0200
7A80
4900
7A80
2400
A100
9E80
ENDCHAR
STARTCHAR u60D5.zh_hant
ENCODING 24789
SWIDTH 1000 0
DWIDTH 10 0
BBX 9 9 0 -1
BITMAP
2F00
2900
AF00
B900
AF00
A800
BF80
2A80
3580
ENDCHAR
STARTCHAR u60D8.zh_hant
ENCODING 24792
SWIDTH 1000 0
DWIDTH 10 0
BBX 9 9 0 -1
BITMAP
3F80
2A80
AA80
BF80
A480
BF80
A880
2E80
2180
ENDCHAR
STARTCHAR u60DA.zh_hant
ENCODING 24794
SWIDTH 1000 0
DWIDTH 10 0
BBX 9 9 0 -1
BITMAP
2800
2F80
B280
A480
A880
A500
0200
5080
9E80
ENDCHAR
STARTCHAR u60DC.zh_hant
ENCODING 24796
SWIDTH 1000 0
DWIDTH 10 0
BBX 9 9 0 -1
BITMAP
2500
3F80
A500
A500
BF80
A880
AF80
2880
2F80
ENDCHAR
STARTCHAR u60DD.zh_hant
ENCODING 24797
SWIDTH 1000 0
DWIDTH 10 0
BBX 9 9 0 -1
BITMAP
2500
3480
A400
BF80
A080
AE80
AA80
2E80
2180
ENDCHAR
STARTCHAR u60DF.zh_hant
ENCODING 24799
SWIDTH 1000 0
DWIDTH 10 0
BBX 9 9 0 -1
BITMAP
2500
2F80
A900
BF80
A900
AF80
A900
2900
2F80
ENDCHAR
STARTCHAR u60E0.zh_hant
ENCODING 24800
SWIDTH 1000 0
DWIDTH 10 0
BBX 9 9 0 -1
BITMAP
0800
FF80
4900
7F00
4900
FE80
2400
A100
9E80
ENDCHAR
STARTCHAR u60E6.zh_hant
ENCODING 24806
SWIDTH 1000 0
DWIDTH 10 0
BBX 9 9 0 -1
BITMAP
2200
2F80
AA00
BB80
AA00
AF80
A880
2880
3780
ENDCHAR
STARTCHAR u60E7.zh_hant
ENCODING 24807
SWIDTH 1000 0
DWIDTH 10 0
BBX 9 9 0 -1
BITMAP
2F80
2880
AF80
A880
AF80
A880
BF80
2500
3880
ENDCHAR
STARTCHAR u60E8.zh_hant
ENCODING 24808
SWIDTH 1000 0
DWIDTH 10 0
BBX 9 9 0 -1
BITMAP
2900
3F80
A400
BF80
A900
B280
AC00
2180
2E00
ENDCHAR
STARTCHAR u60E9.zh_hant
ENCODING 24809
SWIDTH 1000 0
DWIDTH 10 0
BBX 9 9 0 -1
BITMAP
2F80
4200
AB80
6A00
AA00
2F80
0500
A080
BE00
ENDCHAR
STARTCHAR u60EB.zh_hant
ENCODING 24811
SWIDTH 1000 0
DWIDTH 10 0
BBX 9 9 0 -1
BITMAP
3E00
E200
1C00
EB80
3E00
2A00
3E00
C900
BE80
ENDCHAR
STARTCHAR u60EC
ENCODING 24812
SWIDTH 1000 0
DWIDTH 10 0
BBX 9 9 0 -1
BITMAP
5F80
5200
FF80
DA80
D700
5F80
5200
5500
5F80
ENDCHAR
STARTCHAR u60ED.zh_hant
ENCODING 24813
SWIDTH 1000 0
DWIDTH 10 0
BBX 9 9 0 -1
BITMAP
4B80
5E00
6A00
D380
5E80
4A80
7E80
4A80
4A80
ENDCHAR
STARTCHAR u60EE.zh_hant
ENCODING 24814
SWIDTH 1000 0
DWIDTH 10 0
BBX 9 9 0 -1
BITMAP
2500
2F80
AA80
AF80
AA80
AF80
A200
2F80
2200
ENDCHAR
STARTCHAR u60EF.zh_hant
ENCODING 24815
SWIDTH 1000 0
DWIDTH 10 0
BBX 9 9 0 -1
BITMAP
2F80
2A80
BF80
AA80
AF80
A880
AA80
2500
2880
ENDCHAR
STARTCHAR u60F0.zh_hant
ENCODING 24816
SWIDTH 1000 0
DWIDTH 10 0
BBX 9 9 0 -1
BITMAP
2200
3F80
A400
AF80
B200
AF80
A880
2F80
2880
ENDCHAR
STARTCHAR u60F3.zh_hant
ENCODING 24819
SWIDTH 1000 0
DWIDTH 10 0
BBX 9 9 0 -1
BITMAP
2780
FC80
2780
7480
AC80
2780
1200
5080
9E80
ENDCHAR
STARTCHAR u60F4.zh_hant
ENCODING 24820
SWIDTH 1000 0
DWIDTH 10 0
BBX 9 9 0 -1
BITMAP
2A80
2A80
AF80
A000
AF80
A400
AF80
2A80
2A80
ENDCHAR
STARTCHAR u60F6.zh_hant
ENCODING 24822
SWIDTH 1000 0
DWIDTH 10 0
BBX 9 9 0 -1
BITMAP
2400
2F80
AE80
A880
AF80
A200
AF80
2200
2F80
ENDCHAR
STARTCHAR u60F9.zh_hant
ENCODING 24825
SWIDTH 1000 0
DWIDTH 10 0
BBX 9 9 0 -1
BITMAP
2200
FF80
1000
FF80
5100
9F00
2400
A100
9E80
ENDCHAR
STARTCHAR u60FA.zh_hant
ENCODING 24826
SWIDTH 1000 0
DWIDTH 10 0
BBX 9 9 0 -1
BITMAP
2F80
2880
AF80
A880
AF80
B200
AF80
2200
2F80
ENDCHAR
STARTCHAR u6100.zh_hant
ENCODING 24832
SWIDTH 1000 0
DWIDTH 10 0
BBX 9 9 0 -1
BITMAP
3E00
2A80
AA80
BE80
AB00
AA00
BA00
2D00
2880
ENDCHAR
STARTCHAR u6101.zh_hant
ENCODING 24833
SWIDTH 1000 0
DWIDTH 10 0
BBX 9 9 0 -1
BITMAP
F200
2A80
FA80
2200
7500
A880
0400
5100
9E80
ENDCHAR
STARTCHAR u6106.zh_hant
ENCODING 24838
SWIDTH 1000 0
DWIDTH 10 0
BBX 9 9 0 -1
BITMAP
5780
8800
5780
C100
4900
5300
0000
5080
9E80
ENDCHAR
STARTCHAR u6108.zh_hant
ENCODING 24840
SWIDTH 1000 0
DWIDTH 10 0
BBX 9 9 0 -1
BITMAP
3E00
4100
FD80
9500
F500
9300
0800
A100
BE80
ENDCHAR
STARTCHAR u6109.zh_hant
ENCODING 24841
SWIDTH 1000 0
DWIDTH 10 0
BBX 9 9 0 -1
BITMAP
2700
2880
B780
A000
AE80
AA80
AE80
2A80
2A80
ENDCHAR
STARTCHAR u610D.zh_hant
ENCODING 24845
SWIDTH 1000 0
DWIDTH 10 0
BBX 9 9 0 -1
BITMAP
F400
9780
F880
A280
FB00
9480
0200
5080
9E80
ENDCHAR
STARTCHAR u610E.zh_hant
ENCODING 24846
SWIDTH 1000 0
DWIDTH 10 0
BBX 9 9 0 -1
BITMAP
2400
2F80
B880
AF80
A880
AF80
B900
2600
3980
ENDCHAR
STARTCHAR u610F
ENCODING 24847
SWIDTH 1000 0
DWIDTH 10 0
BBX 9 9 0 -1
BITMAP
0800
7F00
2200
FF80
4100
7F00
0800
A500
BE80
ENDCHAR
STARTCHAR u6115.zh_hant
ENCODING 24853
SWIDTH 1000 0
DWIDTH 10 0
BBX 9 9 0 -1
BITMAP
2F80
2A80
AF80
A000
BF80
A400
AF80
2880
2300
ENDCHAR
STARTCHAR u611A.zh_hant
ENCODING 24858
SWIDTH 1000 0
DWIDTH 10 0
BBX 9 9 0 -1
BITMAP
7F00
4900
7F00
4900
FF80
8880
2E00
A100
9E80
ENDCHAR
STARTCHAR u611F.zh_hant
ENCODING 24863
SWIDTH 1000 0
DWIDTH 10 0
BBX 9 9 0 -1
BITMAP
0480
FF80
AA00
AA80
B900
8280
1400
5100
8E80
ENDCHAR
STARTCHAR u6120.zh_hant
ENCODING 24864
SWIDTH 1000 0
DWIDTH 10 0
BBX 9 9 0 -1
BITMAP
2F80
2880
AF80
A880
AF80
A000
AF80
2A80
3F80
ENDCHAR
STARTCHAR u6123.zh_hant
ENCODING 24867
SWIDTH 1000 0
DWIDTH 10 0
BBX 9 9 0 -1
BITMAP
2F80
2A80
AF80
B200
AF80
A400
A780
2480
2980
ENDCHAR
STARTCHAR u6124.zh_hant
ENCODING 24868
SWIDTH 1000 0
DWIDTH 10 0
BBX 9 9 0 -1
BITMAP
2200
3F80
AA80
BF80
A880
AA80
AA80
2500
2880
ENDCHAR
STARTCHAR u6126.zh_hant
ENCODING 24870
SWIDTH 1000 0
DWIDTH 10 0
BBX 9 9 0 -1
BITMAP
2200
2F80
AA80
BF80
A880
AA80
AA80
2500
3880
ENDCHAR
STARTCHAR u6127.zh_hant
ENCODING 24871
SWIDTH 1000 0
DWIDTH 10 0
BBX 9 9 0 -1
BITMAP
2400
2F80
AA80
AF80
AA80
AF80
A500
2C80
3780
ENDCHAR
STARTCHAR u612B.zh_hant
ENCODING 24875
SWIDTH 1000 0
DWIDTH 10 0
BBX 9 9 0 -1
BITMAP
2200
3F80
A200
BF80
AA00
B480
BF80
2A00
3280
ENDCHAR
STARTCHAR u613F.zh_hant
ENCODING 24895
SWIDTH 1000 0
DWIDTH 10 0
BBX 9 9 0 -1
BITMAP
7F80
5100
5F00
5100
9F00
8400
1500
5080
8E80
ENDCHAR
STARTCHAR u6148.zh_hant
ENCODING 24904
SWIDTH 1000 0
DWIDTH 10 0
BBX 9 9 0 -1
BITMAP
2200
FF80
5280
A500
4200
F780
2800
A100
9E80
ENDCHAR
STARTCHAR u614A.zh_hant
ENCODING 24906
SWIDTH 1000 0
DWIDTH 10 0
BBX 9 9 0 -1
BITMAP
3B00
2900
BF80
AA80
BF80
AA80
BF80
2A00
2A80
ENDCHAR
STARTCHAR u614C.zh_hant
ENCODING 24908
SWIDTH 1000 0
DWIDTH 10 0
BBX 9 9 0 -1
BITMAP
2500
3F80
A500
BF80
A800
AF80
A000
2A80
3280
ENDCHAR
STARTCHAR u614E.zh_hant
ENCODING 24910
SWIDTH 1000 0
DWIDTH 10 0
BBX 9 9 0 -1
BITMAP
2200
3F80
A900
AF00
A900
AF00
A900
3F80
2900
ENDCHAR
STARTCHAR u6151.zh_hant
ENCODING 24913
SWIDTH 1000 0
DWIDTH 10 0
BBX 9 9 0 -1
BITMAP
3F80
2900
AF00
B900
A100
BB80
AA80
3100
2A80
ENDCHAR
STARTCHAR u6155.zh_hant
ENCODING 24917
SWIDTH 1000 0
DWIDTH 10 0
BBX 9 9 0 -1
BITMAP
FF80
1400
7F00
4100
FF80
4900
A880
4A80
9A80
ENDCHAR
STARTCHAR u615D.zh_hant
ENCODING 24925
SWIDTH 1000 0
DWIDTH 10 0
BBX 9 9 0 -1
BITMAP
FF80
8900
BF80
8400
FF80
9100
FF80
5100
9E80
ENDCHAR
STARTCHAR u6162.zh_hant
ENCODING 24930
SWIDTH 1000 0
DWIDTH 10 0
BBX 9 9 0 -1
BITMAP
2F00
2900
A900
BF80
AA80
BF80
A900
2600
3980
ENDCHAR
STARTCHAR u6167
ENCODING 24935
SWIDTH 1000 0
DWIDTH 10 0
BBX 9 9 0 -1
BITMAP
2200
F780
2200
FF80
0100
7F00
0800
A500
BE80
ENDCHAR
STARTCHAR u6168.zh_hant
ENCODING 24936
SWIDTH 1000 0
DWIDTH 10 0
BBX 9 9 0 -1
BITMAP
5F80
5500
DD00
F780
DD00
D300
5500
5D00
4980
ENDCHAR
STARTCHAR u6170.zh_hant
ENCODING 24944
SWIDTH 1000 0
DWIDTH 10 0
BBX 9 9 0 -1
BITMAP
F880
8F80
FA80
A280
6880
A580
0000
5100
9E80
ENDCHAR
STARTCHAR u6175.zh_hant
ENCODING 24949
SWIDTH 1000 0
DWIDTH 10 0
BBX 9 9 0 -1
BITMAP
2200
3F80
A280
BF80
A280
BF80
AA80
2F80
2A80
ENDCHAR
STARTCHAR u6177.zh_hant
ENCODING 24951
SWIDTH 1000 0
DWIDTH 10 0
BBX 9 9 0 -1
BITMAP
2200
3F80
AA80
AF80
AA80
AF80
B280
2B00
3680
ENDCHAR
STARTCHAR u618B.zh_hant
ENCODING 24971
SWIDTH 1000 0
DWIDTH 10 0
BBX 9 9 0 -1
BITMAP
AA00
2380
FC80
AA80
F900
AA80
0400
A100
BC80
ENDCHAR
STARTCHAR u618E.zh_hant
ENCODING 24974
SWIDTH 1000 0
DWIDTH 10 0
BBX 9 9 0 -1
BITMAP
2900
3F80
A480
BF80
A480
BF80
A880
2880
2F80
ENDCHAR
STARTCHAR u6194.zh_hant
ENCODING 24980
SWIDTH 1000 0
DWIDTH 10 0
BBX 9 9 0 -1
BITMAP
2500
2F80
B900
AF80
A900
AF80
A000
2A80
2A80
ENDCHAR
STARTCHAR u61A7.zh_hant
ENCODING 24999
SWIDTH 1000 0
DWIDTH 10 0
BBX 9 9 0 -1
BITMAP
2200
3F80
A900
A900
BF80
AA80
AF80
2200
3F80
ENDCHAR
STARTCHAR u61A8.zh_hant
ENCODING 25000
SWIDTH 1000 0
DWIDTH 10 0
BBX 9 9 0 -1
BITMAP
7200
1380
FC80
5280
5900
F280
1400
A100
BC80
ENDCHAR
STARTCHAR u61A9.zh_hant
ENCODING 25001
SWIDTH 1000 0
DWIDTH 10 0
BBX 9 9 0 -1
BITMAP
FA00
2780
FC80
2780
F480
9780
F200
5080
9E80
ENDCHAR
STARTCHAR u61AC.zh_hant
ENCODING 25004
SWIDTH 1000 0
DWIDTH 10 0
BBX 9 9 0 -1
BITMAP
2F80
2880
AF80
A880
BF80
A480
A780
2A00
3680
ENDCHAR
STARTCHAR u61BE.zh_hant
ENCODING 25022
SWIDTH 1000 0
DWIDTH 10 0
BBX 9 9 0 -1
BITMAP
2280
3F80
AA00
AA80
B900
A280
0400
5100
9E80
ENDCHAR
STARTCHAR u61C2.zh_hant
ENCODING 25026
SWIDTH 1000 0
DWIDTH 10 0
BBX 9 9 0 -1
BITMAP
2500
3F80
A200
BF80
AA80
AA80
BF80
2200
3F80
ENDCHAR
STARTCHAR u61C8.zh_hant
ENCODING 25032
SWIDTH 1000 0
DWIDTH 10 0
BBX 9 9 0 -1
BITMAP
2F80
3280
BC80
AB80
BD00
AB80
BD00
2B80
2900
ENDCHAR
STARTCHAR u61CA.zh_hant
ENCODING 25034
SWIDTH 1000 0
DWIDTH 10 0
BBX 9 9 0 -1
BITMAP
2200
3F80
B680
AB80
B680
AB00
BF80
2500
3880
ENDCHAR
STARTCHAR u61CB.zh_hant
ENCODING 25035
SWIDTH 1000 0
DWIDTH 10 0
BBX 9 9 0 -1
BITMAP
5D00
E780
4900
7F00
DB80
6900
0400
5080
9E80
ENDCHAR
STARTCHAR u61D1.zh_hant
ENCODING 25041
SWIDTH 1000 0
DWIDTH 10 0
BBX 9 9 0 -1
BITMAP
8900
5F80
8900
7F80
2A80
5580
A800
2280
9E80
ENDCHAR
STARTCHAR u61D2.zh_hant
ENCODING 25042
SWIDTH 1000 0
DWIDTH 10 0
BBX 9 9 0 -1
BITMAP
2B80
3C80
AB80
BE80
AA80
BE80
A900
3A80
2C80
ENDCHAR
STARTCHAR u61D4.zh_hant
ENCODING 25044
SWIDTH 1000 0
DWIDTH 10 0
BBX 9 9 0 -1
BITMAP
2200
3F80
AA80
AE80
A080
BF80
A200
2A80
3680
ENDCHAR
STARTCHAR u61E6.zh_hant
ENCODING 25062
SWIDTH 1000 0
DWIDTH 10 0
BBX 9 9 0 -1
BITMAP
3F80
2200
BF80
A280
BB80
A200
BF80
2A80
2A80
ENDCHAR
STARTCHAR u61F5.zh_hant
ENCODING 25077
SWIDTH 1000 0
DWIDTH 10 0
BBX 9 9 0 -1
BITMAP
2900
3F80
AA80
BF80
A880
AE80
AB80
2880
2F80
ENDCHAR
STARTCHAR u61FF.zh_hant
ENCODING 25087
SWIDTH 1000 0
DWIDTH 10 0
BBX 9 9 0 -1
BITMAP
2400
FF80
2280
FB00
7480
8B00
FA80
5600
FB80
ENDCHAR
STARTCHAR u6206.zh_hant
ENCODING 25094
SWIDTH 1000 0
DWIDTH 10 0
BBX 9 9 0 -1
BITMAP
2780
F200
5780
F480
9280
F300
4C80
A100
BE80
ENDCHAR
STARTCHAR u6208.zh_hant
ENCODING 25096
SWIDTH 1000 0
DWIDTH 10 0
BBX 9 9 0 -1
BITMAP
0900
0880
FF00
0800
0900
0A00
0400
1A00
E180
ENDCHAR
STARTCHAR u620A.zh_hant
ENCODING 25098
SWIDTH 1000 0
DWIDTH 10 0
BBX 9 9 0 -1
BITMAP
0480
7F80
4400
4400
4480
4300
4200
8D00
B080
ENDCHAR
STARTCHAR u620C.zh_hant
ENCODING 25100
SWIDTH 1000 0
DWIDTH 10 0
BBX 9 9 0 -1
BITMAP
0480
7F80
4200
4280
7A80
4100
4100
8680
9880
ENDCHAR
STARTCHAR u620D.zh_hant
ENCODING 25101
SWIDTH 1000 0
DWIDTH 10 0
BBX 9 9 0 -1
BITMAP
0480
7F80
4200
6280
5280
4900
4100
8680
9880
ENDCHAR
STARTCHAR u620E.zh_hant
ENCODING 25102
SWIDTH 1000 0
DWIDTH 10 0
BBX 9 9 0 -1
BITMAP
0480
FF80
2200
2280
FA80
2100
2100
4680
5880
ENDCHAR
STARTCHAR u620F.zh_hant
ENCODING 25103
SWIDTH 1000 0
DWIDTH 10 0
BBX 9 9 0 -1
BITMAP
0480
F480
1F80
5400
2480
5500
5200
8280
0D80
ENDCHAR
STARTCHAR u6210
ENCODING 25104
SWIDTH 1000 0
DWIDTH 10 0
BBX 9 9 0 -1
BITMAP
0500
7F80
4400
7500
5500
5500
5200
7280
8D80
ENDCHAR
STARTCHAR u6211
ENCODING 25105
SWIDTH 1000 0
DWIDTH 10 0
BBX 9 9 0 -1
BITMAP
1500
E480
2400
FF80
2400
3500
E200
2280
6D80
ENDCHAR
STARTCHAR u6212.zh_hant
ENCODING 25106
SWIDTH 1000 0
DWIDTH 10 0
BBX 9 9 0 -1
BITMAP
0480
FF80
0200
5280
FA80
5100
5100
8280
8C80
ENDCHAR
STARTCHAR u6215.zh_hant
ENCODING 25109
SWIDTH 1000 0
DWIDTH 10 0
BBX 9 9 0 -1
BITMAP
5480
5480
5F80
F200
1280
F100
5100
5280
9C80
ENDCHAR
STARTCHAR u6216.zh_hant
ENCODING 25110
SWIDTH 1000 0
DWIDTH 10 0
BBX 9 9 0 -1
BITMAP
0480
FF80
0200
7A80
4A80
7900
0300
E480
1880
ENDCHAR
STARTCHAR u6217.zh_hant
ENCODING 25111
SWIDTH 1000 0
DWIDTH 10 0
BBX 9 9 0 -1
BITMAP
3280
4A80
8780
7A00
4A80
5B00
4200
5280
3580
ENDCHAR
STARTCHAR u6218.zh_hant
ENCODING 25112
SWIDTH 1000 0
DWIDTH 10 0
BBX 9 9 0 -1
BITMAP
4480
7480
4F80
4200
F280
9100
9100
9280
FC80
ENDCHAR
STARTCHAR u621A.zh_hant
ENCODING 25114
SWIDTH 1000 0
DWIDTH 10 0
BBX 9 9 0 -1
BITMAP
0280
7F80
5200
5A80
5280
7D00
9100
BA80
5480
ENDCHAR
STARTCHAR u621B.zh_hant
ENCODING 25115
SWIDTH 1000 0
DWIDTH 10 0
BBX 9 9 0 -1
BITMAP
FF80
0800
3E00
3E00
2280
FF80
2200
1C80
E380
ENDCHAR
STARTCHAR u621F.zh_hant
ENCODING 25119
SWIDTH 1000 0
DWIDTH 10 0
BBX 9 9 0 -1
BITMAP
2280
FF80
2200
FA80
8A80
F900
8900
FA80
2480
ENDCHAR
STARTCHAR u6221.zh_hant
ENCODING 25121
SWIDTH 1000 0
DWIDTH 10 0
BBX 9 9 0 -1
BITMAP
4A80
FA80
4F80
7A00
4A80
F900
AD00
8280
FC80
ENDCHAR
STARTCHAR u6222.zh_hant
ENCODING 25122
SWIDTH 1000 0
DWIDTH 10 0
BBX 9 9 0 -1
BITMAP
7A80
4A80
FF80
4A00
7A80
4900
7900
CA80
0C80
ENDCHAR
STARTCHAR u6225.zh_hant
ENCODING 25125
SWIDTH 1000 0
DWIDTH 10 0
BBX 9 9 0 -1
BITMAP
FA80
8A80
FF80
8A00
7A80
A100
F900
2280
FC80
ENDCHAR
STARTCHAR u622A.zh_hant
ENCODING 25130
SWIDTH 1000 0
DWIDTH 10 0
BBX 9 9 0 -1
BITMAP
2500
F480
2400
FF80
5200
FA80
9100
9280
FC80
ENDCHAR
STARTCHAR u622E.zh_hant
ENCODING 25134
SWIDTH 1000 0
DWIDTH 10 0
BBX 9 9 0 -1
BITMAP
DA80
4A80
DF80
6A00
9280
2900
C100
3280
CC80
ENDCHAR
STARTCHAR u6233.zh_hant
ENCODING 25139
SWIDTH 1000 0
DWIDTH 10 0
BBX 9 9 0 -1
BITMAP
DA80
4A80
DF80
4A00
FA80
9100
F900
9280
FC80
ENDCHAR
STARTCHAR u6234.zh_hant
ENCODING 25140
SWIDTH 1000 0
DWIDTH 10 0
BBX 9 9 0 -1
BITMAP
2500
F480
2400
FF80
AA00
FA80
5100
FA80
9480
ENDCHAR
STARTCHAR u6237.zh_hant
ENCODING 25143
SWIDTH 1000 0
DWIDTH 10 0
BBX 9 9 0 -1
BITMAP
0800
0400
7F80
4080
4080
7F80
4000
8000
8000
ENDCHAR
STARTCHAR u623D.zh_hant
ENCODING 25149
SWIDTH 1000 0
DWIDTH 10 0
BBX 9 9 0 -1
BITMAP
0080
7F00
4080
7F80
4A00
6600
9380
BE00
0200
ENDCHAR
STARTCHAR u623E.zh_hant
ENCODING 25150
SWIDTH 1000 0
DWIDTH 10 0
BBX 9 9 0 -1
BITMAP
0080
7F00
4080
7F80
4500
7F80
4400
4A00
B180
ENDCHAR
STARTCHAR u623F.zh_hant
ENCODING 25151
SWIDTH 1000 0
DWIDTH 10 0
BBX 9 9 0 -1
BITMAP
FF80
4080
7F80
4800
7F80
5000
9F80
A080
4300
ENDCHAR
STARTCHAR u6240.zh_hans
ENCODING 25152
SWIDTH 1000 0
DWIDTH 10 0
BBX 9 9 0 -1
BITMAP
3180
4600
4400
7780
5500
7500
4900
4900
8100
ENDCHAR
STARTCHAR u6241.zh_hans
ENCODING 25153
SWIDTH 1000 0
DWIDTH 10 0
BBX 9 9 0 -1
BITMAP
1000
7F80
4080
7F80
4000
7F80
AA80
BF80
2A80
ENDCHAR
STARTCHAR u6243.zh_hant
ENCODING 25155
SWIDTH 1000 0
DWIDTH 10 0
BBX 9 9 0 -1
BITMAP
0080
7F00
4080
7F80
4000
7F80
AA80
AE80
2180
ENDCHAR
STARTCHAR u6247.zh_hans
ENCODING 25159
SWIDTH 1000 0
DWIDTH 10 0
BBX 9 9 0 -1
BITMAP
0800
7F80
4080
7F80
4000
7B80
5980
AA80
9980
ENDCHAR
STARTCHAR u6248.zh_hant
ENCODING 25160
SWIDTH 1000 0
DWIDTH 10 0
BBX 9 9 0 -1
BITMAP
FF80
4080
7F80
4900
7F80
A480
BF80
A000
3F80
ENDCHAR
STARTCHAR u6249.zh_hant
ENCODING 25161
SWIDTH 1000 0
DWIDTH 10 0
BBX 9 9 0 -1
BITMAP
FF80
4080
7F80
4A00
7B80
4A00
BB80
8A00
3200
ENDCHAR
STARTCHAR u624B
ENCODING 25163
SWIDTH 1000 0
DWIDTH 10 0
BBX 9 9 0 -1
BITMAP
0700
7800
0800
7F00
0800
FF80
0800
0800
3800
ENDCHAR
STARTCHAR u624C
ENCODING 25164
SWIDTH 1000 0
DWIDTH 10 0
BBX 4 9 0 -1
BITMAP
20
20
F0
20
30
E0
20
20
E0
ENDCHAR
STARTCHAR u624D.zh_hant
ENCODING 25165
SWIDTH 1000 0
DWIDTH 10 0
BBX 9 9 0 -1
BITMAP
0400
0400
FF80
0400
0600
0C00
3400
C400
0C00
ENDCHAR
STARTCHAR u624E.zh_hant
ENCODING 25166
SWIDTH 1000 0
DWIDTH 10 0
BBX 9 9 0 -1
BITMAP
2200
2200
FA00
2200
2200
3200
E280
2280
6380
ENDCHAR
STARTCHAR u6251.zh_hant
ENCODING 25169
SWIDTH 1000 0
DWIDTH 10 0
BBX 9 9 0 -1
BITMAP
2400
2400
F400
2600
2580
3400
E400
2400
6400
ENDCHAR
STARTCHAR u6252.zh_hant
ENCODING 25170
SWIDTH 1000 0
DWIDTH 10 0
BBX 9 9 0 -1
BITMAP
4700
4100
E900
4900
4900
6900
C880
5080
D080
ENDCHAR
STARTCHAR u6253.zh_hant
ENCODING 25171
SWIDTH 1000 0
DWIDTH 10 0
BBX 9 9 0 -1
BITMAP
5F80
4100
E100
4100
4100
6100
C100
4100
C700
ENDCHAR
STARTCHAR u6254.zh_hant
ENCODING 25172
SWIDTH 1000 0
DWIDTH 10 0
BBX 9 9 0 -1
BITMAP
5E00
4A00
EA00
4B80
4880
6880
C880
5080
D300
ENDCHAR
STARTCHAR u6258.zh_hant
ENCODING 25176
SWIDTH 1000 0
DWIDTH 10 0
BBX 9 9 0 -1
BITMAP
4180
5E00
E400
4400
4780
DC00
4400
4480
C780
ENDCHAR
STARTCHAR u625B.zh_hant
ENCODING 25179
SWIDTH 1000 0
DWIDTH 10 0
BBX 9 9 0 -1
BITMAP
4F80
4200
F200
4200
4200
6200
C200
4200
CF80
ENDCHAR
STARTCHAR u6263.zh_hant
ENCODING 25187
SWIDTH 1000 0
DWIDTH 10 0
BBX 9 9 0 -1
BITMAP
4F80
4880
F880
4880
4880
6880
C880
4880
CF80
ENDCHAR
STARTCHAR u6266.zh_hant
ENCODING 25190
SWIDTH 1000 0
DWIDTH 10 0
BBX 9 9 0 -1
BITMAP
4080
4F00
E200
4200
5F80
6200
C200
4200
C200
ENDCHAR
STARTCHAR u6267.zh_hant
ENCODING 25191
SWIDTH 1000 0
DWIDTH 10 0
BBX 9 9 0 -1
BITMAP
4400
4400
EF00
4500
4D00
6700
C500
4900
D180
ENDCHAR
STARTCHAR u6269
ENCODING 25193
SWIDTH 1000 0
DWIDTH 10 0
BBX 9 9 0 -1
BITMAP
4200
4F80
E800
4800
6800
C800
4800
4800
D000
ENDCHAR
STARTCHAR u626B.zh_hant
ENCODING 25195
SWIDTH 1000 0
DWIDTH 10 0
BBX 9 9 0 -1
BITMAP
2780
2080
F080
2080
2780
3080
E080
2080
6F80
ENDCHAR
STARTCHAR u626C.zh_hant
ENCODING 25196
SWIDTH 1000 0
DWIDTH 10 0
BBX 9 9 0 -1
BITMAP
5F00
4200
E400
5F80
4A80
6A80
D480
5480
D580
ENDCHAR
STARTCHAR u626D.zh_hans
ENCODING 25197
SWIDTH 1000 0
DWIDTH 10 0
BBX 9 9 0 -1
BITMAP
5F00
4500
E500
4500
5F00
E900
4900
4900
DF80
ENDCHAR
STARTCHAR u626E.zh_hant
ENCODING 25198
SWIDTH 1000 0
DWIDTH 10 0
BBX 9 9 0 -1
BITMAP
4F00
4100
F100
5080
5F80
6900
C900
5100
D600
ENDCHAR
STARTCHAR u626F.zh_hant
ENCODING 25199
SWIDTH 1000 0
DWIDTH 10 0
BBX 9 9 0 -1
BITMAP
4200
4200
EA00
4B80
4A00
6A00
CA00
4A00
DF80
ENDCHAR
STARTCHAR u6270.zh_hant
ENCODING 25200
SWIDTH 1000 0
DWIDTH 10 0
BBX 9 9 0 -1
BITMAP
4480
4400
EF80
4400
4400
6A00
CA00
5280
D380
ENDCHAR
STARTCHAR u6273.zh_hant
ENCODING 25203
SWIDTH 1000 0
DWIDTH 10 0
BBX 9 9 0 -1
BITMAP
4F80
4800
E800
4F80
6880
CA80
4A80
5300
D480
ENDCHAR
STARTCHAR u6276.zh_hant
ENCODING 25206
SWIDTH 1000 0
DWIDTH 10 0
BBX 9 9 0 -1
BITMAP
4200
5F80
E200
4200
5F80
6200
C200
4500
D880
ENDCHAR
STARTCHAR u6279.zh_hant
ENCODING 25209
SWIDTH 1000 0
DWIDTH 10 0
BBX 9 9 0 -1
BITMAP
5200
5200
F280
5F00
5200
7200
D280
5E80
F380
ENDCHAR
STARTCHAR u627C.zh_hant
ENCODING 25212
SWIDTH 1000 0
DWIDTH 10 0
BBX 9 9 0 -1
BITMAP
5F80
5000
F780
5480
5480
7580
D400
5480
C780
ENDCHAR
STARTCHAR u627E.zh_hant
ENCODING 25214
SWIDTH 1000 0
DWIDTH 10 0
BBX 9 9 0 -1
BITMAP
4280
4280
FF80
4200
4280
6300
C200
4500
D880
ENDCHAR
STARTCHAR u627F.zh_hant
ENCODING 25215
SWIDTH 1000 0
DWIDTH 10 0
BBX 9 9 0 -1
BITMAP
3E00
0200
0C80
E900
3E00
2900
5E80
8880
1800
ENDCHAR
STARTCHAR u6280
ENCODING 25216
SWIDTH 1000 0
DWIDTH 10 0
BBX 9 9 0 -1
BITMAP
4200
4F80
E200
4200
6F80
C880
4500
4200
CD80
ENDCHAR
STARTCHAR u6284.zh_hant
ENCODING 25220
SWIDTH 1000 0
DWIDTH 10 0
BBX 9 9 0 -1
BITMAP
4400
4400
F500
4480
4400
6C00
C080
4300
DC00
ENDCHAR
STARTCHAR u6289.zh_hant
ENCODING 25225
SWIDTH 1000 0
DWIDTH 10 0
BBX 9 9 0 -1
BITMAP
4200
4F80
E280
4280
5F80
C200
4200
4500
D880
ENDCHAR
STARTCHAR u628A
ENCODING 25226
SWIDTH 1000 0
DWIDTH 10 0
BBX 9 9 0 -1
BITMAP
4F80
4A80
EA80
4A80
6F80
C800
4800
4880
C780
ENDCHAR
STARTCHAR u6291.zh_hant
ENCODING 25233
SWIDTH 1000 0
DWIDTH 10 0
BBX 9 9 0 -1
BITMAP
5B80
5280
F280
5280
5280
7280
D680
5B80
C200
ENDCHAR
STARTCHAR u6292.zh_hant
ENCODING 25234
SWIDTH 1000 0
DWIDTH 10 0
BBX 9 9 0 -1
BITMAP
4F80
4100
F200
4F80
4280
6280
C300
4200
C600
ENDCHAR
STARTCHAR u6293.zh_hant
ENCODING 25235
SWIDTH 1000 0
DWIDTH 10 0
BBX 9 9 0 -1
BITMAP
5F80
5500
F500
5500
5500
7500
D500
5480
D480
ENDCHAR
STARTCHAR u6295.zh_hant
ENCODING 25237
SWIDTH 1000 0
DWIDTH 10 0
BBX 9 9 0 -1
BITMAP
4F00
4900
F900
4980
4000
6F00
C900
4600
D980
ENDCHAR
STARTCHAR u6296.zh_hant
ENCODING 25238
SWIDTH 1000 0
DWIDTH 10 0
BBX 9 9 0 -1
BITMAP
4500
4300
E900
4500
4100
6180
C700
5900
C100
ENDCHAR
STARTCHAR u6297.zh_hant
ENCODING 25239
SWIDTH 1000 0
DWIDTH 10 0
BBX 9 9 0 -1
BITMAP
4400
5F80
E000
4F00
4900
6900
C900
5100
D180
ENDCHAR
STARTCHAR u6298.zh_hant
ENCODING 25240
SWIDTH 1000 0
DWIDTH 10 0
BBX 9 9 0 -1
BITMAP
4180
4E00
E800
4F80
4900
6900
D100
5100
C100
ENDCHAR
STARTCHAR u629A.zh_hant
ENCODING 25242
SWIDTH 1000 0
DWIDTH 10 0
BBX 9 9 0 -1
BITMAP
5F80
4400
E400
5F80
4400
6A00
CA00
5280
D380
ENDCHAR
STARTCHAR u629B.zh_hant
ENCODING 25243
SWIDTH 1000 0
DWIDTH 10 0
BBX 9 9 0 -1
BITMAP
5200
5780
FA80
5280
5480
D580
5400
6480
C780
ENDCHAR
STARTCHAR u62A0.zh_hant
ENCODING 25248
SWIDTH 1000 0
DWIDTH 10 0
BBX 9 9 0 -1
BITMAP
4F80
4800
EA80
4A80
4900
6A80
CC80
4800
CF80
ENDCHAR
STARTCHAR u62A1.zh_hant
ENCODING 25249
SWIDTH 1000 0
DWIDTH 10 0
BBX 9 9 0 -1
BITMAP
4600
4900
F080
4800
4980
6E00
C800
4880
C780
ENDCHAR
STARTCHAR u62A2.zh_hant
ENCODING 25250
SWIDTH 1000 0
DWIDTH 10 0
BBX 9 9 0 -1
BITMAP
4600
4900
F080
4F00
4900
6900
CB00
4880
C780
ENDCHAR
STARTCHAR u62A4.zh_hant
ENCODING 25252
SWIDTH 1000 0
DWIDTH 10 0
BBX 9 9 0 -1
BITMAP
4F80
4000
EF80
4880
4F80
6800
C800
5000
D000
ENDCHAR
STARTCHAR u62A5.zh_hant
ENCODING 25253
SWIDTH 1000 0
DWIDTH 10 0
BBX 9 9 0 -1
BITMAP
2F80
2880
F980
2800
3F80
6880
AA80
2900
6A80
ENDCHAR
STARTCHAR u62A8.zh_hant
ENCODING 25256
SWIDTH 1000 0
DWIDTH 10 0
BBX 9 9 0 -1
BITMAP
4F80
4200
EA80
4B00
4200
6200
CF80
4200
C200
ENDCHAR
STARTCHAR u62AB.zh_hant
ENCODING 25259
SWIDTH 1000 0
DWIDTH 10 0
BBX 9 9 0 -1
BITMAP
4200
5F80
F280
5200
5F80
7480
D480
4300
DC80
ENDCHAR
STARTCHAR u62AC.zh_hant
ENCODING 25260
SWIDTH 1000 0
DWIDTH 10 0
BBX 9 9 0 -1
BITMAP
4400
4880
E880
4F80
4000
6F80
C880
4880
CF80
ENDCHAR
STARTCHAR u62B1.zh_hant
ENCODING 25265
SWIDTH 1000 0
DWIDTH 10 0
BBX 9 9 0 -1
BITMAP
4800
4F80
F080
4E80
4A80
6E80
C800
4880
CF80
ENDCHAR
STARTCHAR u62B5.zh_hans
ENCODING 25269
SWIDTH 1000 0
DWIDTH 10 0
BBX 9 9 0 -1
BITMAP
4180
5E00
F200
5200
5F80
F200
5100
5500
DA80
ENDCHAR
STARTCHAR u62B9.zh_hant
ENCODING 25273
SWIDTH 1000 0
DWIDTH 10 0
BBX 9 9 0 -1
BITMAP
4200
7F80
C200
4200
5F80
6200
C600
4B00
D280
ENDCHAR
STARTCHAR u62BB.zh_hant
ENCODING 25275
SWIDTH 1000 0
DWIDTH 10 0
BBX 9 9 0 -1
BITMAP
4200
5F80
F280
5F80
5280
7280
DF80
4200
C200
ENDCHAR
STARTCHAR u62BC.zh_hant
ENCODING 25276
SWIDTH 1000 0
DWIDTH 10 0
BBX 9 9 0 -1
BITMAP
5F80
5280
F280
5F80
5280
7280
DF80
4200
C200
ENDCHAR
STARTCHAR u62BD.zh_hant
ENCODING 25277
SWIDTH 1000 0
DWIDTH 10 0
BBX 9 9 0 -1
BITMAP
4200
4200
FF80
5280
5280
7F80
D280
5280
DF80
ENDCHAR
STARTCHAR u62BF.zh_hant
ENCODING 25279
SWIDTH 1000 0
DWIDTH 10 0
BBX 9 9 0 -1
BITMAP
4F80
4880
E880
4F80
6900
CF80
4900
4900
DC80
ENDCHAR
STARTCHAR u62C2.zh_hant
ENCODING 25282
SWIDTH 1000 0
DWIDTH 10 0
BBX 9 9 0 -1
BITMAP
4A00
5F80
EA80
5F80
4A00
7F80
CA80
5380
D200
ENDCHAR
STARTCHAR u62C4.zh_hant
ENCODING 25284
SWIDTH 1000 0
DWIDTH 10 0
BBX 9 9 0 -1
BITMAP
4400
4200
EF80
4200
4200
6F80
C200
4200
CF80
ENDCHAR
STARTCHAR u62C5
ENCODING 25285
SWIDTH 1000 0
DWIDTH 10 0
BBX 9 9 0 -1
BITMAP
4F80
4880
E880
4F80
6880
C880
4F80
4000
DF80
ENDCHAR
STARTCHAR u62C6.zh_hant
ENCODING 25286
SWIDTH 1000 0
DWIDTH 10 0
BBX 9 9 0 -1
BITMAP
4180
4E00
E800
4F80
4900
6B00
D180
5100
C100
ENDCHAR
STARTCHAR u62C7.zh_hant
ENCODING 25287
SWIDTH 1000 0
DWIDTH 10 0
BBX 9 9 0 -1
BITMAP
4F00
4900
ED00
4900
7F80
D500
5100
5F80
C100
ENDCHAR
STARTCHAR u62C8.zh_hant
ENCODING 25288
SWIDTH 1000 0
DWIDTH 10 0
BBX 9 9 0 -1
BITMAP
4200
4200
F380
4200
4200
6F80
C880
4880
CF80
ENDCHAR
STARTCHAR u62C9.zh_hant
ENCODING 25289
SWIDTH 1000 0
DWIDTH 10 0
BBX 9 9 0 -1
BITMAP
4400
5F80
E000
4900
4900
6900
CA00
4200
DF80
ENDCHAR
STARTCHAR u62CA.zh_hant
ENCODING 25290
SWIDTH 1000 0
DWIDTH 10 0
BBX 9 9 0 -1
BITMAP
4480
4480
EF80
5880
4C80
6A80
C880
4880
C980
ENDCHAR
STARTCHAR u62CC.zh_hant
ENCODING 25292
SWIDTH 1000 0
DWIDTH 10 0
BBX 9 9 0 -1
BITMAP
4200
4B00
EA80
4200
4F80
6200
DF80
4200
C200
ENDCHAR
STARTCHAR u62CD.zh_hant
ENCODING 25293
SWIDTH 1000 0
DWIDTH 10 0
BBX 9 9 0 -1
BITMAP
4200
4400
FF80
4880
4880
6F80
C880
4880
CF80
ENDCHAR
STARTCHAR u62CE.zh_hant
ENCODING 25294
SWIDTH 1000 0
DWIDTH 10 0
BBX 9 9 0 -1
BITMAP
4700
4880
E780
4000
4F80
6480
C480
4580
C400
ENDCHAR
STARTCHAR u62D0.zh_hant
ENCODING 25296
SWIDTH 1000 0
DWIDTH 10 0
BBX 9 9 0 -1
BITMAP
4F80
4880
E880
4F80
4000
DF80
4480
4880
D300
ENDCHAR
STARTCHAR u62D2.zh_hant
ENCODING 25298
SWIDTH 1000 0
DWIDTH 10 0
BBX 9 9 0 -1
BITMAP
4F80
4800
FF80
4880
4880
6F80
C800
4800
CF80
ENDCHAR
STARTCHAR u62D3.zh_hant
ENCODING 25299
SWIDTH 1000 0
DWIDTH 10 0
BBX 9 9 0 -1
BITMAP
5F80
4200
E200
4400
4F80
D880
6880
4880
CF80
ENDCHAR
STARTCHAR u62D4.zh_hant
ENCODING 25300
SWIDTH 1000 0
DWIDTH 10 0
BBX 9 9 0 -1
BITMAP
4900
4880
FF80
4800
4900
7500
D200
4500
D880
ENDCHAR
STARTCHAR u62D6.zh_hant
ENCODING 25302
SWIDTH 1000 0
DWIDTH 10 0
BBX 9 9 0 -1
BITMAP
4800
4F80
F200
4A00
5F80
6A80
CA00
4880
CF80
ENDCHAR
STARTCHAR u62D7.zh_hant
ENCODING 25303
SWIDTH 1000 0
DWIDTH 10 0
BBX 9 9 0 -1
BITMAP
4A00
5200
E780
5280
4A80
D280
6480
7C80
C300
ENDCHAR
STARTCHAR u62D8.zh_hant
ENCODING 25304
SWIDTH 1000 0
DWIDTH 10 0
BBX 9 9 0 -1
BITMAP
4800
4F80
F080
4E80
4A80
6A80
CE80
4080
C300
ENDCHAR
STARTCHAR u62D9.zh_hant
ENCODING 25305
SWIDTH 1000 0
DWIDTH 10 0
BBX 9 9 0 -1
BITMAP
4200
5280
F280
5F80
4200
6200
D280
5280
DF80
ENDCHAR
STARTCHAR u62DA.zh_hant
ENCODING 25306
SWIDTH 1000 0
DWIDTH 10 0
BBX 9 9 0 -1
BITMAP
4200
4400
E900
5E80
4000
6900
DF80
4900
D100
ENDCHAR
STARTCHAR u62DB.zh_hant
ENCODING 25307
SWIDTH 1000 0
DWIDTH 10 0
BBX 9 9 0 -1
BITMAP
5F80
4280
E480
4980
4000
6F80
C880
4880
CF80
ENDCHAR
STARTCHAR u62DC.zh_hant
ENCODING 25308
SWIDTH 1000 0
DWIDTH 10 0
BBX 9 9 0 -1
BITMAP
EF80
4200
EF80
4200
EF80
4200
4F80
8200
8200
ENDCHAR
STARTCHAR u62DF.zh_hant
ENCODING 25311
SWIDTH 1000 0
DWIDTH 10 0
BBX 9 9 0 -1
BITMAP
4500
5500
F500
5500
5100
7100
D280
5A80
D280
ENDCHAR
STARTCHAR u62E2.zh_hant
ENCODING 25314
SWIDTH 1000 0
DWIDTH 10 0
BBX 9 9 0 -1
BITMAP
4480
4480
FF80
4A00
4A80
6B00
CA00
5280
D580
ENDCHAR
STARTCHAR u62E3.zh_hant
ENCODING 25315
SWIDTH 1000 0
DWIDTH 10 0
BBX 9 9 0 -1
BITMAP
4400
5F80
E400
5E00
4A00
6F80
C200
4A80
D680
ENDCHAR
STARTCHAR u62E5.zh_hant
ENCODING 25317
SWIDTH 1000 0
DWIDTH 10 0
BBX 9 9 0 -1
BITMAP
4F80
4A80
EF80
4A80
4A80
6F80
CA80
4A80
D280
ENDCHAR
STARTCHAR u62E6.zh_hant
ENCODING 25318
SWIDTH 1000 0
DWIDTH 10 0
BBX 9 9 0 -1
BITMAP
4900
4A00
DF80
4000
4000
6F00
C000
4000
DF80
ENDCHAR
STARTCHAR u62E7
ENCODING 25319
SWIDTH 1000 0
DWIDTH 10 0
BBX 9 9 0 -1
BITMAP
4200
4F80
E880
4000
6F80
C200
4200
4200
C600
ENDCHAR
STARTCHAR u62E8.zh_hant
ENCODING 25320
SWIDTH 1000 0
DWIDTH 10 0
BBX 9 9 0 -1
BITMAP
5500
5480
FF80
4400
4B80
6C80
D280
5100
D680
ENDCHAR
STARTCHAR u62E9.zh_hant
ENCODING 25321
SWIDTH 1000 0
DWIDTH 10 0
BBX 9 9 0 -1
BITMAP
5F80
4880
E700
5880
4200
6F80
C200
5F80
C200
ENDCHAR
STARTCHAR u62EC.zh_hant
ENCODING 25324
SWIDTH 1000 0
DWIDTH 10 0
BBX 9 9 0 -1
BITMAP
4F80
4200
E200
5F80
4200
6F80
C880
4880
CF80
ENDCHAR
STARTCHAR u62ED.zh_hant
ENCODING 25325
SWIDTH 1000 0
DWIDTH 10 0
BBX 9 9 0 -1
BITMAP
4280
5F80
E200
4200
5F00
6900
C900
5E80
C080
ENDCHAR
STARTCHAR u62EE.zh_hant
ENCODING 25326
SWIDTH 1000 0
DWIDTH 10 0
BBX 9 9 0 -1
BITMAP
4200
5F80
E200
4F80
4000
6F80
C880
4880
CF80
ENDCHAR
STARTCHAR u62EF.zh_hant
ENCODING 25327
SWIDTH 1000 0
DWIDTH 10 0
BBX 9 9 0 -1
BITMAP
4F80
4100
E200
5E80
4700
6A80
D280
4400
DF80
ENDCHAR
STARTCHAR u62F1.zh_hant
ENCODING 25329
SWIDTH 1000 0
DWIDTH 10 0
BBX 9 9 0 -1
BITMAP
4900
4900
FF80
4900
4900
7F80
C000
4900
D080
ENDCHAR
STARTCHAR u62F3.zh_hant
ENCODING 25331
SWIDTH 1000 0
DWIDTH 10 0
BBX 9 9 0 -1
BITMAP
2900
4880
FF80
1200
FF80
4900
FF80
8880
1800
ENDCHAR
STARTCHAR u62F4.zh_hant
ENCODING 25332
SWIDTH 1000 0
DWIDTH 10 0
BBX 9 9 0 -1
BITMAP
4700
4880
E000
4F80
4200
6F80
C200
4200
CF80
ENDCHAR
STARTCHAR u62F6.zh_hant
ENCODING 25334
SWIDTH 1000 0
DWIDTH 10 0
BBX 9 9 0 -1
BITMAP
4A80
5500
EA00
5500
4780
D880
4500
4600
D800
ENDCHAR
STARTCHAR u62F7.zh_hant
ENCODING 25335
SWIDTH 1000 0
DWIDTH 10 0
BBX 9 9 0 -1
BITMAP
4400
5F80
E480
4500
5F80
6400
CF80
5080
C700
ENDCHAR
STARTCHAR u62FC.zh_hant
ENCODING 25340
SWIDTH 1000 0
DWIDTH 10 0
BBX 9 9 0 -1
BITMAP
4480
4500
EF80
4500
4500
6F80
C500
4500
C900
ENDCHAR
STARTCHAR u62FD.zh_hant
ENCODING 25341
SWIDTH 1000 0
DWIDTH 10 0
BBX 9 9 0 -1
BITMAP
4200
4F80
EA80
4F80
4A80
6F80
C200
4680
D980
ENDCHAR
STARTCHAR u62FE.zh_hant
ENCODING 25342
SWIDTH 1000 0
DWIDTH 10 0
BBX 9 9 0 -1
BITMAP
4700
4880
F000
4F80
4000
6F80
C880
4880
CF80
ENDCHAR
STARTCHAR u62FF.zh_hant
ENCODING 25343
SWIDTH 1000 0
DWIDTH 10 0
BBX 9 9 0 -1
BITMAP
3E00
4100
BE80
2200
7F00
0800
FF80
0800
1800
ENDCHAR
STARTCHAR u6301.zh_hant
ENCODING 25345
SWIDTH 1000 0
DWIDTH 10 0
BBX 9 9 0 -1
BITMAP
4400
5F80
E400
5F80
4100
DF80
4100
5100
CB00
ENDCHAR
STARTCHAR u6302.zh_hant
ENCODING 25346
SWIDTH 1000 0
DWIDTH 10 0
BBX 9 9 0 -1
BITMAP
4200
4F80
E200
5F80
4200
6F80
C200
4200
DF80
ENDCHAR
STARTCHAR u6307.zh_hant
ENCODING 25351
SWIDTH 1000 0
DWIDTH 10 0
BBX 9 9 0 -1
BITMAP
4980
4E00
E880
4F80
4880
6F80
C880
4880
CF80
ENDCHAR
STARTCHAR u6308.zh_hant
ENCODING 25352
SWIDTH 1000 0
DWIDTH 10 0
BBX 9 9 0 -1
BITMAP
3780
E280
3A80
E480
3F00
0800
FF80
0800
1800
ENDCHAR
STARTCHAR u6309.zh_hant
ENCODING 25353
SWIDTH 1000 0
DWIDTH 10 0
BBX 9 9 0 -1
BITMAP
4400
5F80
F080
4400
5F80
6900
C900
4600
D980
ENDCHAR
STARTCHAR u630E.zh_hant
ENCODING 25358
SWIDTH 1000 0
DWIDTH 10 0
BBX 9 9 0 -1
BITMAP
4200
5F80
E500
4880
4F80
6400
CF80
4880
C300
ENDCHAR
STARTCHAR u6311.zh_hant
ENCODING 25361
SWIDTH 1000 0
DWIDTH 10 0
BBX 9 9 0 -1
BITMAP
4A00
4A80
FB00
4A00
5B00
EA80
4A00
5280
E380
ENDCHAR
STARTCHAR u6316.zh_hant
ENCODING 25366
SWIDTH 1000 0
DWIDTH 10 0
BBX 9 9 0 -1
BITMAP
4400
5F80
EA80
5100
4F00
6100
CE00
5080
DF80
ENDCHAR
STARTCHAR u631A.zh_hant
ENCODING 25370
SWIDTH 1000 0
DWIDTH 10 0
BBX 9 9 0 -1
BITMAP
2200
F780
2280
3680
E380
2480
FF80
0800
3800
ENDCHAR
STARTCHAR u631B.zh_hant
ENCODING 25371
SWIDTH 1000 0
DWIDTH 10 0
BBX 9 9 0 -1
BITMAP
0800
FF80
1400
5500
9480
3E00
0800
FF80
0800
ENDCHAR
STARTCHAR u631D.zh_hant
ENCODING 25373
SWIDTH 1000 0
DWIDTH 10 0
BBX 9 9 0 -1
BITMAP
5080
4B80
E080
5A80
4980
6880
C980
5400
D380
ENDCHAR
STARTCHAR u631E.zh_hant
ENCODING 25374
SWIDTH 1000 0
DWIDTH 10 0
BBX 9 9 0 -1
BITMAP
5100
4900
E780
5900
4900
6A80
CA80
5400
D380
ENDCHAR
STARTCHAR u631F.zh_hant
ENCODING 25375
SWIDTH 1000 0
DWIDTH 10 0
BBX 9 9 0 -1
BITMAP
4200
7F80
D280
4B00
4200
7F80
C200
4500
D880
ENDCHAR
STARTCHAR u6320.zh_hant
ENCODING 25376
SWIDTH 1000 0
DWIDTH 10 0
BBX 9 9 0 -1
BITMAP
4800
5F80
E900
4680
5980
6000
DF80
4A00
D380
ENDCHAR
STARTCHAR u6321
ENCODING 25377
SWIDTH 1000 0
DWIDTH 10 0
BBX 9 9 0 -1
BITMAP
4200
5280
EB00
4200
5F80
6080
DF80
4080
DF80
ENDCHAR
STARTCHAR u6323.zh_hant
ENCODING 25379
SWIDTH 1000 0
DWIDTH 10 0
BBX 9 9 0 -1
BITMAP
4700
4900
FF80
4280
5F80
6280
DF80
4200
C600
ENDCHAR
STARTCHAR u6324.zh_hant
ENCODING 25380
SWIDTH 1000 0
DWIDTH 10 0
BBX 9 9 0 -1
BITMAP
4200
5F80
E900
4600
5980
6500
C500
4900
C900
ENDCHAR
STARTCHAR u6325.zh_hant
ENCODING 25381
SWIDTH 1000 0
DWIDTH 10 0
BBX 9 9 0 -1
BITMAP
5F80
5280
EF00
4400
4A00
6F80
C200
5F80
C200
ENDCHAR
STARTCHAR u6328.zh_hant
ENCODING 25384
SWIDTH 1000 0
DWIDTH 10 0
BBX 9 9 0 -1
BITMAP
4400
4880
FF80
4800
5F80
6200
DF80
4500
D880
ENDCHAR
STARTCHAR u632A.zh_hant
ENCODING 25386
SWIDTH 1000 0
DWIDTH 10 0
BBX 9 9 0 -1
BITMAP
5F80
4A80
FE80
4B00
4A80
7E80
CB80
4A00
D600
ENDCHAR
STARTCHAR u632B.zh_hant
ENCODING 25387
SWIDTH 1000 0
DWIDTH 10 0
BBX 9 9 0 -1
BITMAP
4200
4A80
EA80
4A80
5700
6200
CF80
4200
DF80
ENDCHAR
STARTCHAR u632F.zh_hant
ENCODING 25391
SWIDTH 1000 0
DWIDTH 10 0
BBX 9 9 0 -1
BITMAP
5F80
5000
F780
5000
5F80
6A00
CA80
4900
DC80
ENDCHAR
STARTCHAR u6332.zh_hant
ENCODING 25394
SWIDTH 1000 0
DWIDTH 10 0
BBX 9 9 0 -1
BITMAP
8400
5500
2480
8D00
4200
FF00
0800
FF80
0800
ENDCHAR
STARTCHAR u6339.zh_hant
ENCODING 25401
SWIDTH 1000 0
DWIDTH 10 0
BBX 9 9 0 -1
BITMAP
4F80
E880
4F80
4000
6F80
CA80
4F80
4800
CF80
ENDCHAR
STARTCHAR u633A.zh_hant
ENCODING 25402
SWIDTH 1000 0
DWIDTH 10 0
BBX 9 9 0 -1
BITMAP
7F80
4900
D100
7F80
4900
6900
D780
5800
E780
ENDCHAR
STARTCHAR u633D.zh_hant
ENCODING 25405
SWIDTH 1000 0
DWIDTH 10 0
BBX 9 9 0 -1
BITMAP
4F00
5100
FF80
5280
5280
DF80
4A00
5280
E380
ENDCHAR
STARTCHAR u6342
ENCODING 25410
SWIDTH 1000 0
DWIDTH 10 0
BBX 9 9 0 -1
BITMAP
4F80
4200
EF00
4500
6F80
C000
4F80
4880
CF80
ENDCHAR
STARTCHAR u6345.zh_hant
ENCODING 25413
SWIDTH 1000 0
DWIDTH 10 0
BBX 9 9 0 -1
BITMAP
4F00
E100
4A00
5F80
7280
DF80
5280
5F80
D280
ENDCHAR
STARTCHAR u6346
ENCODING 25414
SWIDTH 1000 0
DWIDTH 10 0
BBX 9 9 0 -1
BITMAP
5F80
5280
F280
5F80
7280
D680
5B80
5280
DF80
ENDCHAR
STARTCHAR u6349.zh_hant
ENCODING 25417
SWIDTH 1000 0
DWIDTH 10 0
BBX 9 9 0 -1
BITMAP
4F80
4880
E880
4F80
4200
6B80
CA00
4E00
D180
ENDCHAR
STARTCHAR u634B.zh_hant
ENCODING 25419
SWIDTH 1000 0
DWIDTH 10 0
BBX 9 9 0 -1
BITMAP
4F80
4900
F480
5200
4080
6F80
C080
4880
C580
ENDCHAR
STARTCHAR u634C.zh_hant
ENCODING 25420
SWIDTH 1000 0
DWIDTH 10 0
BBX 9 9 0 -1
BITMAP
7880
4A80
CA80
7A80
5280
DE80
6480
4480
D980
ENDCHAR
STARTCHAR u634D.zh_hant
ENCODING 25421
SWIDTH 1000 0
DWIDTH 10 0
BBX 9 9 0 -1
BITMAP
4F80
4880
EF80
4880
6880
DF80
4200
5F80
C200
ENDCHAR
STARTCHAR u634E.zh_hant
ENCODING 25422
SWIDTH 1000 0
DWIDTH 10 0
BBX 9 9 0 -1
BITMAP
4A80
5200
EF80
4880
4F80
6880
CF80
4880
C980
ENDCHAR
STARTCHAR u634F
ENCODING 25423
SWIDTH 1000 0
DWIDTH 10 0
BBX 9 9 0 -1
BITMAP
4F80
4880
EF80
4880
6F80
C200
4F80
4200
DF80
ENDCHAR
STARTCHAR u6350.zh_hant
ENCODING 25424
SWIDTH 1000 0
DWIDTH 10 0
BBX 9 9 0 -1
BITMAP
4F80
4880
EF80
4000
4F80
6880
CF80
4880
C980
ENDCHAR
STARTCHAR u6355
ENCODING 25429
SWIDTH 1000 0
DWIDTH 10 0
BBX 9 9 0 -1
BITMAP
4280
4F80
E200
4F80
6A80
CF80
4A80
4F80
CA80
ENDCHAR
STARTCHAR u635E.zh_hant
ENCODING 25438
SWIDTH 1000 0
DWIDTH 10 0
BBX 9 9 0 -1
BITMAP
4900
5F80
E900
5F80
5280
6F00
C500
4900
D300
ENDCHAR
STARTCHAR u635F.zh_hant
ENCODING 25439
SWIDTH 1000 0
DWIDTH 10 0
BBX 9 9 0 -1
BITMAP
4F80
4880
EF80
4880
4A80
6A80
CA80
4500
D880
ENDCHAR
STARTCHAR u6361.zh_hant
ENCODING 25441
SWIDTH 1000 0
DWIDTH 10 0
BBX 9 9 0 -1
BITMAP
4600
4900
F080
4F00
4A80
6A80
CA80
4100
DF80
ENDCHAR
STARTCHAR u6362.zh_hant
ENCODING 25442
SWIDTH 1000 0
DWIDTH 10 0
BBX 9 9 0 -1
BITMAP
4F00
5100
EF80
4A80
4A80
DF80
4200
4500
D880
ENDCHAR
STARTCHAR u6363.zh_hant
ENCODING 25443
SWIDTH 1000 0
DWIDTH 10 0
BBX 9 9 0 -1
BITMAP
4400
4F00
E900
4A00
4F80
6480
D480
5E80
C100
ENDCHAR
STARTCHAR u6367.zh_hant
ENCODING 25447
SWIDTH 1000 0
DWIDTH 10 0
BBX 9 9 0 -1
BITMAP
4200
5F80
E500
5F80
4A00
DF80
6200
5F80
C200
ENDCHAR
STARTCHAR u6369.zh_hant
ENCODING 25449
SWIDTH 1000 0
DWIDTH 10 0
BBX 9 9 0 -1
BITMAP
5F80
4000
FF80
5080
5F80
7200
DF80
4500
D880
ENDCHAR
STARTCHAR u636D.zh_hant
ENCODING 25453
SWIDTH 1000 0
DWIDTH 10 0
BBX 9 9 0 -1
BITMAP
4400
4F80
EA80
4F80
4A80
6F80
C900
5F80
C100
ENDCHAR
STARTCHAR u636E.zh_hant
ENCODING 25454
SWIDTH 1000 0
DWIDTH 10 0
BBX 9 9 0 -1
BITMAP
5F80
5080
FF80
5200
5F80
D200
6F80
4880
CF80
ENDCHAR
STARTCHAR u6371.zh_hant
ENCODING 25457
SWIDTH 1000 0
DWIDTH 10 0
BBX 9 9 0 -1
BITMAP
4F80
4900
EF80
4900
4F80
6900
D780
4100
C780
ENDCHAR
STARTCHAR u6376.zh_hant
ENCODING 25462
SWIDTH 1000 0
DWIDTH 10 0
BBX 9 9 0 -1
BITMAP
5F80
4200
FF80
4A80
7F80
CA80
5F80
4200
DF80
ENDCHAR
STARTCHAR u6377.zh_hant
ENCODING 25463
SWIDTH 1000 0
DWIDTH 10 0
BBX 9 9 0 -1
BITMAP
4200
5F80
E280
5F80
4280
7E00
D380
5E00
E180
ENDCHAR
STARTCHAR u637A.zh_hant
ENCODING 25466
SWIDTH 1000 0
DWIDTH 10 0
BBX 9 9 0 -1
BITMAP
4200
5F80
E500
4880
5700
6000
DF80
4A00
D680
ENDCHAR
STARTCHAR u637B.zh_hant
ENCODING 25467
SWIDTH 1000 0
DWIDTH 10 0
BBX 9 9 0 -1
BITMAP
4F00
5080
EF80
4000
4F00
6100
C200
4880
CE80
ENDCHAR
STARTCHAR u6380.zh_hant
ENCODING 25472
SWIDTH 1000 0
DWIDTH 10 0
BBX 9 9 0 -1
BITMAP
5A00
5380
F480
5D80
5500
7500
D500
5680
C480
ENDCHAR
STARTCHAR u6382.zh_hant
ENCODING 25474
SWIDTH 1000 0
DWIDTH 10 0
BBX 9 9 0 -1
BITMAP
4200
4F80
EA00
4B80
4A00
6F80
D480
5480
D780
ENDCHAR
STARTCHAR u6387.zh_hant
ENCODING 25479
SWIDTH 1000 0
DWIDTH 10 0
BBX 9 9 0 -1
BITMAP
5F80
4480
E900
5680
4000
7F80
C480
4900
D680
ENDCHAR
STARTCHAR u6388.zh_hant
ENCODING 25480
SWIDTH 1000 0
DWIDTH 10 0
BBX 9 9 0 -1
BITMAP
5F80
4A80
E100
5F80
5080
6F00
C900
4600
D980
ENDCHAR
STARTCHAR u6389.zh_hant
ENCODING 25481
SWIDTH 1000 0
DWIDTH 10 0
BBX 9 9 0 -1
BITMAP
4400
4780
F400
4F80
4880
6F80
C880
5F80
C200
ENDCHAR
STARTCHAR u638C
ENCODING 25484
SWIDTH 1000 0
DWIDTH 10 0
BBX 9 9 0 -1
BITMAP
4900
FF80
A280
3E00
0000
7F00
0800
FF80
0800
ENDCHAR
STARTCHAR u638E.zh_hant
ENCODING 25486
SWIDTH 1000 0
DWIDTH 10 0
BBX 9 9 0 -1
BITMAP
4200
5F80
E200
4500
4880
7F80
D280
5E80
C180
ENDCHAR
STARTCHAR u638F.zh_hant
ENCODING 25487
SWIDTH 1000 0
DWIDTH 10 0
BBX 9 9 0 -1
BITMAP
4800
4F80
F080
5E80
5480
7F80
C480
5480
DF00
ENDCHAR
STARTCHAR u6390.zh_hant
ENCODING 25488
SWIDTH 1000 0
DWIDTH 10 0
BBX 9 9 0 -1
BITMAP
2400
2780
F880
2100
2D80
3880
ED80
2880
6F80
ENDCHAR
STARTCHAR u6392.zh_hant
ENCODING 25490
SWIDTH 1000 0
DWIDTH 10 0
BBX 9 9 0 -1
BITMAP
4500
5D80
E500
5D80
4500
7D00
C580
4900
C900
ENDCHAR
STARTCHAR u6396.zh_hant
ENCODING 25494
SWIDTH 1000 0
DWIDTH 10 0
BBX 9 9 0 -1
BITMAP
4400
5F80
F400
5780
5A80
7480
D500
5300
DC80
ENDCHAR
STARTCHAR u6398.zh_hant
ENCODING 25496
SWIDTH 1000 0
DWIDTH 10 0
BBX 9 9 0 -1
BITMAP
5F80
5080
FF80
5200
5A80
6F80
C200
5280
DF80
ENDCHAR
STARTCHAR u63A0.zh_hant
ENCODING 25504
SWIDTH 1000 0
DWIDTH 10 0
BBX 9 9 0 -1
BITMAP
4200
5F80
E000
4F80
4880
6F80
C200
4A80
D680
ENDCHAR
STARTCHAR u63A2.zh_hant
ENCODING 25506
SWIDTH 1000 0
DWIDTH 10 0
BBX 9 9 0 -1
BITMAP
5F80
5500
E500
5980
4200
DF80
4600
4B00
D280
ENDCHAR
STARTCHAR u63A3.zh_hant
ENCODING 25507
SWIDTH 1000 0
DWIDTH 10 0
BBX 9 9 0 -1
BITMAP
A280
FA80
A280
FA80
A880
BD80
0800
FF80
0800
ENDCHAR
STARTCHAR u63A5.zh_hant
ENCODING 25509
SWIDTH 1000 0
DWIDTH 10 0
BBX 9 9 0 -1
BITMAP
4200
5F80
E900
5F80
4400
7F80
C900
4E00
D180
ENDCHAR
STARTCHAR u63A7.zh_hant
ENCODING 25511
SWIDTH 1000 0
DWIDTH 10 0
BBX 9 9 0 -1
BITMAP
4200
7F80
CA80
4A00
7380
C000
5F80
4200
FF80
ENDCHAR
STARTCHAR u63A8.zh_hant
ENCODING 25512
SWIDTH 1000 0
DWIDTH 10 0
BBX 9 9 0 -1
BITMAP
4500
4F80
E900
5F80
4900
6F80
C900
4900
CF80
ENDCHAR
STARTCHAR u63A9.zh_hant
ENCODING 25513
SWIDTH 1000 0
DWIDTH 10 0
BBX 9 9 0 -1
BITMAP
4400
7F80
CD00
5480
7F80
D480
5F80
5400
C780
ENDCHAR
STARTCHAR u63AA.zh_hant
ENCODING 25514
SWIDTH 1000 0
DWIDTH 10 0
BBX 9 9 0 -1
BITMAP
4900
5F80
E900
4900
5F80
6880
CF80
4880
CF80
ENDCHAR
STARTCHAR u63AC.zh_hant
ENCODING 25516
SWIDTH 1000 0
DWIDTH 10 0
BBX 9 9 0 -1
BITMAP
4800
4F80
F480
5680
4480
7F80
CC80
5680
C580
ENDCHAR
STARTCHAR u63AE.zh_hant
ENCODING 25518
SWIDTH 1000 0
DWIDTH 10 0
BBX 9 9 0 -1
BITMAP
4080
5F00
F080
5F80
5480
7780
D480
5480
C580
ENDCHAR
STARTCHAR u63B0.zh_hant
ENCODING 25520
SWIDTH 1000 0
DWIDTH 10 0
BBX 9 9 0 -1
BITMAP
EB80
4500
F780
5500
E380
5D00
5500
9500
AB00
ENDCHAR
STARTCHAR u63B3.zh_hant
ENCODING 25523
SWIDTH 1000 0
DWIDTH 10 0
BBX 9 9 0 -1
BITMAP
4780
4400
FF80
5480
5F00
7480
D780
5280
D580
ENDCHAR
STARTCHAR u63B4.zh_hant
ENCODING 25524
SWIDTH 1000 0
DWIDTH 10 0
BBX 9 9 0 -1
BITMAP
5F80
5080
FF80
5280
5780
7280
DF80
5080
DF80
ENDCHAR
STARTCHAR u63B7.zh_hant
ENCODING 25527
SWIDTH 1000 0
DWIDTH 10 0
BBX 9 9 0 -1
BITMAP
5780
4A80
FE80
4B00
5E80
6A80
CA80
5700
D200
ENDCHAR
STARTCHAR u63B8.zh_hant
ENCODING 25528
SWIDTH 1000 0
DWIDTH 10 0
BBX 9 9 0 -1
BITMAP
4900
5F80
F280
5F80
5280
7F80
C200
5F80
C200
ENDCHAR
STARTCHAR u63BA.zh_hant
ENCODING 25530
SWIDTH 1000 0
DWIDTH 10 0
BBX 9 9 0 -1
BITMAP
4900
5F80
E400
5F80
4900
7280
CC00
4180
DE00
ENDCHAR
STARTCHAR u63BE.zh_hant
ENCODING 25534
SWIDTH 1000 0
DWIDTH 10 0
BBX 9 9 0 -1
BITMAP
4F80
4900
EF00
4200
7F80
CA00
5680
4B00
D680
ENDCHAR
STARTCHAR u63C4.zh_hant
ENCODING 25540
SWIDTH 1000 0
DWIDTH 10 0
BBX 9 9 0 -1
BITMAP
5F00
4880
F780
4000
5E80
7280
DF00
5280
D680
ENDCHAR
STARTCHAR u63C6.zh_hant
ENCODING 25542
SWIDTH 1000 0
DWIDTH 10 0
BBX 9 9 0 -1
BITMAP
5D00
4580
F700
4880
5F80
C200
5F80
4500
D880
ENDCHAR
STARTCHAR u63C9.zh_hant
ENCODING 25545
SWIDTH 1000 0
DWIDTH 10 0
BBX 9 9 0 -1
BITMAP
4F00
4100
E200
5F80
4A80
D200
7F80
4A00
D280
ENDCHAR
STARTCHAR u63CD.zh_hant
ENCODING 25549
SWIDTH 1000 0
DWIDTH 10 0
BBX 9 9 0 -1
BITMAP
4200
5F80
E400
5F80
4A80
7200
CF80
4500
D880
ENDCHAR
STARTCHAR u63CF
ENCODING 25551
SWIDTH 1000 0
DWIDTH 10 0
BBX 9 9 0 -1
BITMAP
4500
5F80
E500
5F80
7280
DF80
5280
5280
DF80
ENDCHAR
STARTCHAR u63D0.zh_hant
ENCODING 25552
SWIDTH 1000 0
DWIDTH 10 0
BBX 9 9 0 -1
BITMAP
4F80
4880
FF80
4880
4F80
6200
CB80
4E00
D980
ENDCHAR
STARTCHAR u63D2.zh_hant
ENCODING 25554
SWIDTH 1000 0
DWIDTH 10 0
BBX 9 9 0 -1
BITMAP
5F80
4200
FF80
4200
5B80
7280
DB80
5280
DF80
ENDCHAR
STARTCHAR u63D6.zh_hant
ENCODING 25558
SWIDTH 1000 0
DWIDTH 10 0
BBX 9 9 0 -1
BITMAP
4F80
4880
EF80
4000
5F80
6880
CF80
5880
C080
ENDCHAR
STARTCHAR u63DE.zh_hant
ENCODING 25566
SWIDTH 1000 0
DWIDTH 10 0
BBX 9 9 0 -1
BITMAP
2200
2F80
F500
2500
3F80
2880
EF80
2880
6F80
ENDCHAR
STARTCHAR u63E0.zh_hant
ENCODING 25568
SWIDTH 1000 0
DWIDTH 10 0
BBX 9 9 0 -1
BITMAP
5F80
5480
F780
5480
5F80
7480
D700
5880
DF80
ENDCHAR
STARTCHAR u63E1.zh_hant
ENCODING 25569
SWIDTH 1000 0
DWIDTH 10 0
BBX 9 9 0 -1
BITMAP
5F80
5080
FF80
5500
5F80
7200
DF80
4200
DF80
ENDCHAR
STARTCHAR u63E3.zh_hant
ENCODING 25571
SWIDTH 1000 0
DWIDTH 10 0
BBX 9 9 0 -1
BITMAP
4A80
4A80
EF80
4000
5F80
6400
CF80
4A80
CA80
ENDCHAR
STARTCHAR u63E9.zh_hant
ENCODING 25577
SWIDTH 1000 0
DWIDTH 10 0
BBX 9 9 0 -1
BITMAP
4900
4D80
F900
4900
4F80
6880
CF80
4880
CF80
ENDCHAR
STARTCHAR u63EA.zh_hant
ENCODING 25578
SWIDTH 1000 0
DWIDTH 10 0
BBX 9 9 0 -1
BITMAP
5E00
4A00
EA80
5E80
4B00
6A00
DA00
4D00
C880
ENDCHAR
STARTCHAR u63ED.zh_hant
ENCODING 25581
SWIDTH 1000 0
DWIDTH 10 0
BBX 9 9 0 -1
BITMAP
4F00
4900
EF00
4900
4F80
6880
D280
4A80
CD80
ENDCHAR
STARTCHAR u63F2.zh_hant
ENCODING 25586
SWIDTH 1000 0
DWIDTH 10 0
BBX 9 9 0 -1
BITMAP
4A80
5F80
EA80
4B80
4800
6F80
C600
4A80
D280
ENDCHAR
STARTCHAR u63F4.zh_hant
ENCODING 25588
SWIDTH 1000 0
DWIDTH 10 0
BBX 9 9 0 -1
BITMAP
5F80
4A80
E100
5F80
4400
7F80
C900
4E00
F180
ENDCHAR
STARTCHAR u63F6.zh_hant
ENCODING 25590
SWIDTH 1000 0
DWIDTH 10 0
BBX 9 9 0 -1
BITMAP
5F80
5280
FE80
5300
5E80
7280
D280
5F00
C200
ENDCHAR
STARTCHAR u63F8.zh_hant
ENCODING 25592
SWIDTH 1000 0
DWIDTH 10 0
BBX 9 9 0 -1
BITMAP
4200
FF80
4B00
5280
6F80
C880
4F80
4880
DF80
ENDCHAR
STARTCHAR u63FD.zh_hant
ENCODING 25597
SWIDTH 1000 0
DWIDTH 10 0
BBX 9 9 0 -1
BITMAP
5500
5580
F600
5580
4880
6A80
CA80
4600
DB80
ENDCHAR
STARTCHAR u6400.zh_hant
ENCODING 25600
SWIDTH 1000 0
DWIDTH 10 0
BBX 9 9 0 -1
BITMAP
4700
4900
FF80
5480
5F80
6900
D180
4400
C200
ENDCHAR
STARTCHAR u6401.zh_hant
ENCODING 25601
SWIDTH 1000 0
DWIDTH 10 0
BBX 9 9 0 -1
BITMAP
5780
4A80
F580
5280
5F80
7480
D780
5080
D380
ENDCHAR
STARTCHAR u6402.zh_hant
ENCODING 25602
SWIDTH 1000 0
DWIDTH 10 0
BBX 9 9 0 -1
BITMAP
4A80
4A00
FF80
4600
4A80
7F80
C900
4700
D880
ENDCHAR
STARTCHAR u6405.zh_hant
ENCODING 25605
SWIDTH 1000 0
DWIDTH 10 0
BBX 9 9 0 -1
BITMAP
5480
5500
FF80
5080
4F80
6880
CA80
4600
DB80
ENDCHAR
STARTCHAR u640F
ENCODING 25615
SWIDTH 1000 0
DWIDTH 10 0
BBX 9 9 0 -1
BITMAP
4280
5F80
EA80
4F80
6A80
C100
5F80
4900
C500
ENDCHAR
STARTCHAR u6410.zh_hant
ENCODING 25616
SWIDTH 1000 0
DWIDTH 10 0
BBX 9 9 0 -1
BITMAP
4200
5F80
EA00
5480
5F80
6A80
CF80
4A80
CF80
ENDCHAR
STARTCHAR u6413.zh_hant
ENCODING 25619
SWIDTH 1000 0
DWIDTH 10 0
BBX 9 9 0 -1
BITMAP
4900
5F80
E200
4F80
4200
DF80
4500
4900
D780
ENDCHAR
STARTCHAR u6414.zh_hant
ENCODING 25620
SWIDTH 1000 0
DWIDTH 10 0
BBX 9 9 0 -1
BITMAP
5F80
4A80
E900
4600
5F80
7500
DF00
4480
DF80
ENDCHAR
STARTCHAR u641C.zh_hant
ENCODING 25628
SWIDTH 1000 0
DWIDTH 10 0
BBX 9 9 0 -1
BITMAP
4200
5B80
F280
5B80
5280
7F80
C900
4600
D980
ENDCHAR
STARTCHAR u641E.zh_hant
ENCODING 25630
SWIDTH 1000 0
DWIDTH 10 0
BBX 9 9 0 -1
BITMAP
4200
5F80
E900
4F00
4000
7F80
D280
5E80
D180
ENDCHAR
STARTCHAR u6421.zh_hant
ENCODING 25633
SWIDTH 1000 0
DWIDTH 10 0
BBX 9 9 0 -1
BITMAP
5F80
4900
E600
5980
4A80
7500
DF80
5500
E480
ENDCHAR
STARTCHAR u6426.zh_hant
ENCODING 25638
SWIDTH 1000 0
DWIDTH 10 0
BBX 9 9 0 -1
BITMAP
5B80
4880
FB80
5200
5B80
EC80
5A80
6C80
D980
ENDCHAR
STARTCHAR u642A.zh_hant
ENCODING 25642
SWIDTH 1000 0
DWIDTH 10 0
BBX 9 9 0 -1
BITMAP
4200
5F80
F200
5F80
7280
DF80
5500
5500
E700
ENDCHAR
STARTCHAR u642C.zh_hant
ENCODING 25644
SWIDTH 1000 0
DWIDTH 10 0
BBX 9 9 0 -1
BITMAP
5380
5E80
F280
5A80
5200
7F80
D280
5B00
D480
ENDCHAR
STARTCHAR u642D.zh_hant
ENCODING 25645
SWIDTH 1000 0
DWIDTH 10 0
BBX 9 9 0 -1
BITMAP
4500
5F80
E500
4880
5780
6000
CF80
4880
CF80
ENDCHAR
STARTCHAR u6434.zh_hant
ENCODING 25652
SWIDTH 1000 0
DWIDTH 10 0
BBX 9 9 0 -1
BITMAP
0800
FF80
9480
7F00
2A00
DD80
0800
FF80
0800
ENDCHAR
STARTCHAR u643A.zh_hant
ENCODING 25658
SWIDTH 1000 0
DWIDTH 10 0
BBX 9 9 0 -1
BITMAP
4900
5F80
F200
5F80
5200
7F80
C500
4880
D300
ENDCHAR
STARTCHAR u643D.zh_hant
ENCODING 25661
SWIDTH 1000 0
DWIDTH 10 0
BBX 9 9 0 -1
BITMAP
4900
5F80
E900
4600
4900
7480
CF00
4400
D580
ENDCHAR
STARTCHAR u6441.zh_hant
ENCODING 25665
SWIDTH 1000 0
DWIDTH 10 0
BBX 9 9 0 -1
BITMAP
5F80
5480
FF80
5680
5980
7F80
C400
5100
DE80
ENDCHAR
STARTCHAR u6444.zh_hant
ENCODING 25668
SWIDTH 1000 0
DWIDTH 10 0
BBX 9 9 0 -1
BITMAP
5F80
4900
EF00
5900
4100
5B80
EA80
5100
EA80
ENDCHAR
STARTCHAR u6446.zh_hant
ENCODING 25670
SWIDTH 1000 0
DWIDTH 10 0
BBX 9 9 0 -1
BITMAP
5F80
4A80
FF80
4400
5F80
6400
DF80
4900
DE80
ENDCHAR
STARTCHAR u6447.zh_hant
ENCODING 25671
SWIDTH 1000 0
DWIDTH 10 0
BBX 9 9 0 -1
BITMAP
4380
5C80
F500
4F80
5200
7F80
C200
5280
DF80
ENDCHAR
STARTCHAR u6448.zh_hant
ENCODING 25672
SWIDTH 1000 0
DWIDTH 10 0
BBX 9 9 0 -1
BITMAP
4200
5F80
F080
4F00
4800
6F00
C900
5F80
C900
ENDCHAR
STARTCHAR u644A.zh_hant
ENCODING 25674
SWIDTH 1000 0
DWIDTH 10 0
BBX 9 9 0 -1
BITMAP
4500
4780
FD00
4780
5500
6F80
D500
5500
E780
ENDCHAR
STARTCHAR u6452.zh_hant
ENCODING 25682
SWIDTH 1000 0
DWIDTH 10 0
BBX 9 9 0 -1
BITMAP
5F80
5080
FF80
5500
5F80
7500
DF80
6500
C900
ENDCHAR
STARTCHAR u6454.zh_hant
ENCODING 25684
SWIDTH 1000 0
DWIDTH 10 0
BBX 9 9 0 -1
BITMAP
4200
5F80
F500
4A80
5500
6A80
C200
5F80
C200
ENDCHAR
STARTCHAR u6458.zh_hant
ENCODING 25688
SWIDTH 1000 0
DWIDTH 10 0
BBX 9 9 0 -1
BITMAP
4200
5F80
E900
4900
5F80
7280
DF80
5480
D780
ENDCHAR
STARTCHAR u645E.zh_hant
ENCODING 25694
SWIDTH 1000 0
DWIDTH 10 0
BBX 9 9 0 -1
BITMAP
5F80
5480
FF80
5480
5F00
6A80
DF80
4A00
D280
ENDCHAR
STARTCHAR u6467.zh_hant
ENCODING 25703
SWIDTH 1000 0
DWIDTH 10 0
BBX 9 9 0 -1
BITMAP
5480
5F80
E900
5F80
5200
7F80
D200
5200
DF80
ENDCHAR
STARTCHAR u6469.zh_hant
ENCODING 25705
SWIDTH 1000 0
DWIDTH 10 0
BBX 9 9 0 -1
BITMAP
0400
FF80
9100
FF80
A900
DE80
8400
BF80
8400
ENDCHAR
STARTCHAR u646D.zh_hant
ENCODING 25709
SWIDTH 1000 0
DWIDTH 10 0
BBX 9 9 0 -1
BITMAP
4200
5F80
F500
5F80
5500
7500
D700
6000
CA80
ENDCHAR
STARTCHAR u6478.zh_hant
ENCODING 25720
SWIDTH 1000 0
DWIDTH 10 0
BBX 9 9 0 -1
BITMAP
5F80
4500
EF80
4880
4F80
6880
DF80
4500
D880
ENDCHAR
STARTCHAR u6479.zh_hant
ENCODING 25721
SWIDTH 1000 0
DWIDTH 10 0
BBX 9 9 0 -1
BITMAP
FF80
1400
7F00
4100
FF80
4900
BE80
0800
1800
ENDCHAR
STARTCHAR u647A.zh_hant
ENCODING 25722
SWIDTH 1000 0
DWIDTH 10 0
BBX 9 9 0 -1
BITMAP
5D80
5680
ED80
5480
4F80
6880
CF80
4880
CF80
ENDCHAR
STARTCHAR u6482.zh_hant
ENCODING 25730
SWIDTH 1000 0
DWIDTH 10 0
BBX 9 9 0 -1
BITMAP
5F80
5480
FF80
5480
4F80
7500
CF80
5900
CF00
ENDCHAR
STARTCHAR u6485.zh_hant
ENCODING 25733
SWIDTH 1000 0
DWIDTH 10 0
BBX 9 9 0 -1
BITMAP
5F80
5500
EA00
5F80
4A80
7500
DD00
4A80
D480
ENDCHAR
STARTCHAR u6487.zh_hant
ENCODING 25735
SWIDTH 1000 0
DWIDTH 10 0
BBX 9 9 0 -1
BITMAP
5100
5580
D480
5280
7E80
5500
FD00
5680
D480
ENDCHAR
STARTCHAR u6491.zh_hant
ENCODING 25745
SWIDTH 1000 0
DWIDTH 10 0
BBX 9 9 0 -1
BITMAP
4A80
5F80
F500
4F80
4200
6F80
C200
5F80
C200
ENDCHAR
STARTCHAR u6492.zh_hant
ENCODING 25746
SWIDTH 1000 0
DWIDTH 10 0
BBX 9 9 0 -1
BITMAP
5200
7F80
D280
7E80
5480
DD00
5500
5E80
D480
ENDCHAR
STARTCHAR u6495.zh_hant
ENCODING 25749
SWIDTH 1000 0
DWIDTH 10 0
BBX 9 9 0 -1
BITMAP
5380
5E00
F200
5F80
5280
7E80
C080
4A80
D280
ENDCHAR
STARTCHAR u6496.zh_hant
ENCODING 25750
SWIDTH 1000 0
DWIDTH 10 0
BBX 9 9 0 -1
BITMAP
5D00
E580
5C80
5480
7E80
D500
5D00
6680
C480
ENDCHAR
STARTCHAR u6499.zh_hant
ENCODING 25753
SWIDTH 1000 0
DWIDTH 10 0
BBX 9 9 0 -1
BITMAP
4900
5F80
EA80
4D80
4880
7F80
C080
4880
C580
ENDCHAR
STARTCHAR u649E.zh_hant
ENCODING 25758
SWIDTH 1000 0
DWIDTH 10 0
BBX 9 9 0 -1
BITMAP
4200
5F80
E900
4900
5F80
6A80
CF80
4200
DF80
ENDCHAR
STARTCHAR u64A4.zh_hant
ENCODING 25764
SWIDTH 1000 0
DWIDTH 10 0
BBX 9 9 0 -1
BITMAP
4A00
7F80
C880
5280
7E80
D500
5D00
5680
D480
ENDCHAR
STARTCHAR u64A9.zh_hant
ENCODING 25769
SWIDTH 1000 0
DWIDTH 10 0
BBX 9 9 0 -1
BITMAP
4200
7F80
D500
4F80
5880
6F80
C200
4A80
D680
ENDCHAR
STARTCHAR u64AC.zh_hant
ENCODING 25772
SWIDTH 1000 0
DWIDTH 10 0
BBX 9 9 0 -1
BITMAP
4F00
4400
FF80
4400
5F80
6900
DF80
4900
CD80
ENDCHAR
STARTCHAR u64AD.zh_hant
ENCODING 25773
SWIDTH 1000 0
DWIDTH 10 0
BBX 9 9 0 -1
BITMAP
5F80
4A80
E200
5F80
4B00
7280
DF80
5280
DF80
ENDCHAR
STARTCHAR u64AE.zh_hant
ENCODING 25774
SWIDTH 1000 0
DWIDTH 10 0
BBX 9 9 0 -1
BITMAP
5F80
5080
FF80
5080
5F80
D280
5E80
5300
FE80
ENDCHAR
STARTCHAR u64B0.zh_hant
ENCODING 25776
SWIDTH 1000 0
DWIDTH 10 0
BBX 9 9 0 -1
BITMAP
5D80
4480
FD80
5100
5F80
6500
DF80
4500
D880
ENDCHAR
STARTCHAR u64B5.zh_hant
ENCODING 25781
SWIDTH 1000 0
DWIDTH 10 0
BBX 9 9 0 -1
BITMAP
4500
5F80
E500
5A80
4500
6F80
C100
5F80
C100
ENDCHAR
STARTCHAR u64B8.zh_hant
ENCODING 25784
SWIDTH 1000 0
DWIDTH 10 0
BBX 9 9 0 -1
BITMAP
4700
5900
EF80
4A80
6F80
C000
5F80
4880
CF80
ENDCHAR
STARTCHAR u64BA.zh_hant
ENCODING 25786
SWIDTH 1000 0
DWIDTH 10 0
BBX 9 9 0 -1
BITMAP
4400
5F80
EA80
5F00
5500
7F80
D480
5F80
C400
ENDCHAR
STARTCHAR u64BC.zh_hant
ENCODING 25788
SWIDTH 1000 0
DWIDTH 10 0
BBX 9 9 0 -1
BITMAP
4280
5F80
F200
5E80
5500
DE80
5200
6880
CE80
ENDCHAR
STARTCHAR u64C0.zh_hant
ENCODING 25792
SWIDTH 1000 0
DWIDTH 10 0
BBX 9 9 0 -1
BITMAP
4B00
5C80
EB80
5D00
5500
7F80
C900
5D00
C900
ENDCHAR
STARTCHAR u64C2.zh_hant
ENCODING 25794
SWIDTH 1000 0
DWIDTH 10 0
BBX 9 9 0 -1
BITMAP
5F80
4200
FF80
5280
5B80
6200
DF80
5280
DF80
ENDCHAR
STARTCHAR u64C5.zh_hant
ENCODING 25797
SWIDTH 1000 0
DWIDTH 10 0
BBX 9 9 0 -1
BITMAP
4200
5F80
F480
5780
5080
7F80
C900
4900
DF80
ENDCHAR
STARTCHAR u64CD
ENCODING 25805
SWIDTH 1000 0
DWIDTH 10 0
BBX 9 9 0 -1
BITMAP
4F00
4900
FF80
5680
5F80
E200
5F80
4B00
D280
ENDCHAR
STARTCHAR u64CE.zh_hant
ENCODING 25806
SWIDTH 1000 0
DWIDTH 10 0
BBX 9 9 0 -1
BITMAP
FA00
5380
FC80
8A80
2B00
F480
0800
FF80
0800
ENDCHAR
STARTCHAR u64D0.zh_hant
ENCODING 25808
SWIDTH 1000 0
DWIDTH 10 0
BBX 9 9 0 -1
BITMAP
5F80
4A80
FF80
4000
5F80
6900
CF80
5500
E480
ENDCHAR
STARTCHAR u64D2.zh_hant
ENCODING 25810
SWIDTH 1000 0
DWIDTH 10 0
BBX 9 9 0 -1
BITMAP
4F00
5080
FF80
4A80
5F80
6400
DF80
5480
D680
ENDCHAR
STARTCHAR u64D7.zh_hant
ENCODING 25815
SWIDTH 1000 0
DWIDTH 10 0
BBX 9 9 0 -1
BITMAP
5D00
5780
FE80
5280
4D00
7780
D500
5780
DD00
ENDCHAR
STARTCHAR u64D8.zh_hant
ENCODING 25816
SWIDTH 1000 0
DWIDTH 10 0
BBX 9 9 0 -1
BITMAP
F200
9F80
F500
9F80
E200
BF00
0800
FF80
0800
ENDCHAR
STARTCHAR u64DE.zh_hant
ENCODING 25822
SWIDTH 1000 0
DWIDTH 10 0
BBX 9 9 0 -1
BITMAP
4900
5F80
EA80
5E80
4A80
7F00
D500
5A80
A480
ENDCHAR
STARTCHAR u64E2.zh_hant
ENCODING 25826
SWIDTH 1000 0
DWIDTH 10 0
BBX 9 9 0 -1
BITMAP
4D80
5680
ED80
5480
4F80
6900
DF80
4900
CF80
ENDCHAR
STARTCHAR u64E4.zh_hant
ENCODING 25828
SWIDTH 1000 0
DWIDTH 10 0
BBX 9 9 0 -1
BITMAP
4400
EF00
4900
4900
7F80
D280
5F80
4900
D100
ENDCHAR
STARTCHAR u64E6.zh_hant
ENCODING 25830
SWIDTH 1000 0
DWIDTH 10 0
BBX 9 9 0 -1
BITMAP
4400
7F80
EA80
5200
6D80
C000
7F80
4500
EC80
ENDCHAR
STARTCHAR u6500.zh_hant
ENCODING 25856
SWIDTH 1000 0
DWIDTH 10 0
BBX 9 9 0 -1
BITMAP
2A00
F780
6B00
B680
2A00
FF80
4900
BE80
0800
ENDCHAR
STARTCHAR u6509.zh_hant
ENCODING 25865
SWIDTH 1000 0
DWIDTH 10 0
BBX 9 9 0 -1
BITMAP
5F00
4400
FF80
5480
4F00
7400
DF80
5400
DF80
ENDCHAR
STARTCHAR u6512.zh_hant
ENCODING 25874
SWIDTH 1000 0
DWIDTH 10 0
BBX 9 9 0 -1
BITMAP
5500
5F80
E500
5F80
5500
7F80
CA80
4500
D880
ENDCHAR
STARTCHAR u6518.zh_hant
ENCODING 25880
SWIDTH 1000 0
DWIDTH 10 0
BBX 9 9 0 -1
BITMAP
4200
5F80
EA80
5F80
4500
FF80
4A80
5900
CE80
ENDCHAR
STARTCHAR u6525.zh_hant
ENCODING 25893
SWIDTH 1000 0
DWIDTH 10 0
BBX 9 9 0 -1
BITMAP
4F80
5500
EF00
4900
5F80
6B00
D480
4700
DA80
ENDCHAR
STARTCHAR u652B.zh_hant
ENCODING 25899
SWIDTH 1000 0
DWIDTH 10 0
BBX 9 9 0 -1
BITMAP
5D80
5480
FD80
5480
5F80
6900
DF80
4600
D980
ENDCHAR
STARTCHAR u652F
ENCODING 25903
SWIDTH 1000 0
DWIDTH 10 0
BBX 9 9 0 -1
BITMAP
0800
FF80
0800
0800
7F00
4100
2200
1C00
E380
ENDCHAR
STARTCHAR u6534
ENCODING 25908
SWIDTH 1000 0
DWIDTH 10 0
BBX 9 9 0 -1
BITMAP
0800
0F80
0800
0800
7F00
4100
2200
1C00
E380
ENDCHAR
STARTCHAR u6535.zh_hant
ENCODING 25909
SWIDTH 1000 0
DWIDTH 10 0
BBX 9 9 0 -1
BITMAP
2000
3F80
2200
4200
9200
1200
0C00
3200
C180
ENDCHAR
STARTCHAR u6536.zh_hant
ENCODING 25910
SWIDTH 1000 0
DWIDTH 10 0
BBX 9 9 0 -1
BITMAP
2800
AF80
A900
B100
A500
A500
E200
A600
3980
ENDCHAR
STARTCHAR u6538.zh_hant
ENCODING 25912
SWIDTH 1000 0
DWIDTH 10 0
BBX 9 9 0 -1
BITMAP
2800
2F80
4900
D100
5500
5500
5200
4600
5980
ENDCHAR
STARTCHAR u6539.zh_hant
ENCODING 25913
SWIDTH 1000 0
DWIDTH 10 0
BBX 9 9 0 -1
BITMAP
0800
EF80
2900
3100
E500
8500
A200
E600
1980
ENDCHAR
STARTCHAR u653B.zh_hant
ENCODING 25915
SWIDTH 1000 0
DWIDTH 10 0
BBX 9 9 0 -1
BITMAP
0800
EF80
4900
5100
5500
4500
4200
E600
1980
ENDCHAR
STARTCHAR u653E.zh_hant
ENCODING 25918
SWIDTH 1000 0
DWIDTH 10 0
BBX 9 9 0 -1
BITMAP
4400
FF80
4900
4100
7500
9500
9200
1600
6980
ENDCHAR
STARTCHAR u653F.zh_hant
ENCODING 25919
SWIDTH 1000 0
DWIDTH 10 0
BBX 9 9 0 -1
BITMAP
0400
FF80
2900
2100
A500
B500
A200
A600
F980
ENDCHAR
STARTCHAR u6545.zh_hant
ENCODING 25925
SWIDTH 1000 0
DWIDTH 10 0
BBX 9 9 0 -1
BITMAP
4800
4F80
F900
5100
4500
F500
9200
9600
F980
ENDCHAR
STARTCHAR u6548.zh_hant
ENCODING 25928
SWIDTH 1000 0
DWIDTH 10 0
BBX 9 9 0 -1
BITMAP
2200
FB80
5080
8A80
0280
5100
2100
5280
8C80
ENDCHAR
STARTCHAR u6549.zh_hant
ENCODING 25929
SWIDTH 1000 0
DWIDTH 10 0
BBX 9 9 0 -1
BITMAP
AA00
B380
2400
F880
2280
3100
6900
A280
2C80
ENDCHAR
STARTCHAR u654C.zh_hant
ENCODING 25932
SWIDTH 1000 0
DWIDTH 10 0
BBX 9 9 0 -1
BITMAP
1A00
E380
2480
FA80
2280
F100
9100
9280
F480
ENDCHAR
STARTCHAR u654F.zh_hant
ENCODING 25935
SWIDTH 1000 0
DWIDTH 10 0
BBX 9 9 0 -1
BITMAP
4200
7F80
8480
FA80
AA80
FD00
A900
FA80
1480
ENDCHAR
STARTCHAR u6551.zh_hant
ENCODING 25937
SWIDTH 1000 0
DWIDTH 10 0
BBX 9 9 0 -1
BITMAP
2A00
2B80
FC80
2280
AA80
B100
2100
6A80
A480
ENDCHAR
STARTCHAR u6555.zh_hant
ENCODING 25941
SWIDTH 1000 0
DWIDTH 10 0
BBX 9 9 0 -1
BITMAP
2200
FB80
2480
FA80
AA80
F900
3100
AA80
A480
ENDCHAR
STARTCHAR u6556.zh_hant
ENCODING 25942
SWIDTH 1000 0
DWIDTH 10 0
BBX 9 9 0 -1
BITMAP
2200
FB80
2480
FA80
2280
F900
4900
8A80
B480
ENDCHAR
STARTCHAR u6559.zh_hant
ENCODING 25945
SWIDTH 1000 0
DWIDTH 10 0
BBX 9 9 0 -1
BITMAP
2400
FF80
2480
FA80
4A80
9100
FD00
2280
6C80
ENDCHAR
STARTCHAR u655B.zh_hant
ENCODING 25947
SWIDTH 1000 0
DWIDTH 10 0
BBX 9 9 0 -1
BITMAP
3200
4B80
8480
7A80
0280
A900
A900
1280
FC80
ENDCHAR
STARTCHAR u655D.zh_hant
ENCODING 25949
SWIDTH 1000 0
DWIDTH 10 0
BBX 9 9 0 -1
BITMAP
2200
6B80
A880
2280
FE80
A500
ED00
EE80
A480
ENDCHAR
STARTCHAR u655E.zh_hant
ENCODING 25950
SWIDTH 1000 0
DWIDTH 10 0
BBX 9 9 0 -1
BITMAP
2200
6B80
A880
2280
FE80
9500
F500
8680
8C80
ENDCHAR
STARTCHAR u6562.zh_hant
ENCODING 25954
SWIDTH 1000 0
DWIDTH 10 0
BBX 9 9 0 -1
BITMAP
FC00
2780
F900
9100
F500
9500
9200
F600
1980
ENDCHAR
STARTCHAR u6563.zh_hant
ENCODING 25955
SWIDTH 1000 0
DWIDTH 10 0
BBX 9 9 0 -1
BITMAP
5200
FB80
5480
FE80
8A80
F900
8900
FA80
8C80
ENDCHAR
STARTCHAR u6566.zh_hant
ENCODING 25958
SWIDTH 1000 0
DWIDTH 10 0
BBX 9 9 0 -1
BITMAP
2200
FF80
4880
7A80
1280
2100
F900
2280
6C80
ENDCHAR
STARTCHAR u656C.zh_hant
ENCODING 25964
SWIDTH 1000 0
DWIDTH 10 0
BBX 9 9 0 -1
BITMAP
5200
FB80
5480
7A80
8A80
E900
A900
EA80
1C80
ENDCHAR
STARTCHAR u6570.zh_hant
ENCODING 25968
SWIDTH 1000 0
DWIDTH 10 0
BBX 9 9 0 -1
BITMAP
AA00
B380
FC80
6A80
A280
FD00
4900
7280
8C80
ENDCHAR
STARTCHAR u6572.zh_hant
ENCODING 25970
SWIDTH 1000 0
DWIDTH 10 0
BBX 9 9 0 -1
BITMAP
2200
FB80
5200
7200
0780
FC80
AA80
EB00
9C80
ENDCHAR
STARTCHAR u6574.zh_hant
ENCODING 25972
SWIDTH 1000 0
DWIDTH 10 0
BBX 9 9 0 -1
BITMAP
2200
FF80
2480
F900
AE80
7800
2F80
4800
FF80
ENDCHAR
STARTCHAR u6577.zh_hant
ENCODING 25975
SWIDTH 1000 0
DWIDTH 10 0
BBX 9 9 0 -1
BITMAP
FA00
2380
FC80
AA80
FA80
A900
FD00
5280
B480
ENDCHAR
STARTCHAR u6587
ENCODING 25991
SWIDTH 1000 0
DWIDTH 10 0
BBX 9 9 0 -1
BITMAP
1000
0800
FF80
2200
2200
1400
0800
1400
E380
ENDCHAR
STARTCHAR u658B.zh_hant
ENCODING 25995
SWIDTH 1000 0
DWIDTH 10 0
BBX 9 9 0 -1
BITMAP
0800
FF80
2200
3C00
CB80
1000
FF80
9480
9580
ENDCHAR
STARTCHAR u658C.zh_hant
ENCODING 25996
SWIDTH 1000 0
DWIDTH 10 0
BBX 9 9 0 -1
BITMAP
5A80
4280
FF80
2900
AF00
4900
4900
AE80
B080
ENDCHAR
STARTCHAR u6590.zh_hant
ENCODING 26000
SWIDTH 1000 0
DWIDTH 10 0
BBX 9 9 0 -1
BITMAP
1400
F780
1400
7700
1400
FF80
2200
3C00
C380
ENDCHAR
STARTCHAR u6591.zh_hant
ENCODING 26001
SWIDTH 1000 0
DWIDTH 10 0
BBX 9 9 0 -1
BITMAP
EB80
4900
5D00
4500
F780
4900
4900
5500
F380
ENDCHAR
STARTCHAR u6593.zh_hant
ENCODING 26003
SWIDTH 1000 0
DWIDTH 10 0
BBX 9 9 0 -1
BITMAP
5780
4880
E480
3F80
AA80
4A80
4D80
B480
A580
ENDCHAR
STARTCHAR u6597.zh_hant
ENCODING 26007
SWIDTH 1000 0
DWIDTH 10 0
BBX 9 9 0 -1
BITMAP
2200
1200
0200
4200
2200
0380
1E00
E200
0200
ENDCHAR
STARTCHAR u6599.zh_hant
ENCODING 26009
SWIDTH 1000 0
DWIDTH 10 0
BBX 9 9 0 -1
BITMAP
2500
A300
A900
2500
F100
2180
6700
B900
2100
ENDCHAR
STARTCHAR u659B.zh_hant
ENCODING 26011
SWIDTH 1000 0
DWIDTH 10 0
BBX 9 9 0 -1
BITMAP
7280
9180
FC80
AA80
F880
A980
FE80
8880
9880
ENDCHAR
STARTCHAR u659C.zh_hant
ENCODING 26012
SWIDTH 1000 0
DWIDTH 10 0
BBX 9 9 0 -1
BITMAP
6500
9300
0100
E900
4500
F180
4700
D900
4100
ENDCHAR
STARTCHAR u659F.zh_hant
ENCODING 26015
SWIDTH 1000 0
DWIDTH 10 0
BBX 9 9 0 -1
BITMAP
4A80
F980
4C80
7A80
4880
F980
AE80
8080
FC80
ENDCHAR
STARTCHAR u65A1.zh_hant
ENCODING 26017
SWIDTH 1000 0
DWIDTH 10 0
BBX 9 9 0 -1
BITMAP
4600
F900
4480
F100
9900
F500
9180
F700
4100
ENDCHAR
STARTCHAR u65A4.zh_hant
ENCODING 26020
SWIDTH 1000 0
DWIDTH 10 0
BBX 9 9 0 -1
BITMAP
0300
7C00
4000
4000
7F80
4400
8400
8400
0400
ENDCHAR
STARTCHAR u65A5.zh_hant
ENCODING 26021
SWIDTH 1000 0
DWIDTH 10 0
BBX 9 9 0 -1
BITMAP
0700
7800
4000
7F80
4400
5C00
8600
8580
0400
ENDCHAR
STARTCHAR u65A7.zh_hant
ENCODING 26023
SWIDTH 1000 0
DWIDTH 10 0
BBX 9 9 0 -1
BITMAP
3600
C980
3600
C180
7F00
4000
7F80
8400
8400
ENDCHAR
STARTCHAR u65A9.zh_hant
ENCODING 26025
SWIDTH 1000 0
DWIDTH 10 0
BBX 9 9 0 -1
BITMAP
2180
FE00
4400
A780
F500
2500
3D00
E500
2100
ENDCHAR
STARTCHAR u65AB.zh_hant
ENCODING 26027
SWIDTH 1000 0
DWIDTH 10 0
BBX 9 9 0 -1
BITMAP
F180
4E00
4800
8F80
E900
A900
B100
A100
E100
ENDCHAR
STARTCHAR u65AD.zh_hant
ENCODING 26029
SWIDTH 1000 0
DWIDTH 10 0
BBX 9 9 0 -1
BITMAP
A780
EC00
B400
FF80
A480
F480
A480
F880
0880
ENDCHAR
STARTCHAR u65AF.zh_hant
ENCODING 26031
SWIDTH 1000 0
DWIDTH 10 0
BBX 9 9 0 -1
BITMAP
5780
FC00
5400
7780
5480
FC80
0480
5480
8880
ENDCHAR
STARTCHAR u65B0.zh_hant
ENCODING 26032
SWIDTH 1000 0
DWIDTH 10 0
BBX 9 9 0 -1
BITMAP
2780
FC00
5400
5780
FD00
2500
F500
6900
A900
ENDCHAR
STARTCHAR u65B9
ENCODING 26041
SWIDTH 1000 0
DWIDTH 10 0
BBX 9 9 0 -1
BITMAP
0800
FF80
1000
1000
1F00
2100
2100
4100
8600
ENDCHAR
STARTCHAR u65BC.zh_hant
ENCODING 26044
SWIDTH 1000 0
DWIDTH 10 0
BBX 9 9 0 -1
BITMAP
4700
F880
4000
4600
7180
9000
9000
1600
6180
ENDCHAR
STARTCHAR u65BD.zh_hant
ENCODING 26045
SWIDTH 1000 0
DWIDTH 10 0
BBX 9 9 0 -1
BITMAP
4800
FF80
5200
4B80
7E80
AA80
AA00
2880
CF80
ENDCHAR
STARTCHAR u65C1.zh_hant
ENCODING 26049
SWIDTH 1000 0
DWIDTH 10 0
BBX 9 9 0 -1
BITMAP
0800
FF80
2200
2200
FF80
8880
FF80
1100
6600
ENDCHAR
STARTCHAR u65C3.zh_hant
ENCODING 26051
SWIDTH 1000 0
DWIDTH 10 0
BBX 9 9 0 -1
BITMAP
4800
FF80
5000
5F80
6A80
AA80
BF80
2880
C980
ENDCHAR
STARTCHAR u65C4.zh_hant
ENCODING 26052
SWIDTH 1000 0
DWIDTH 10 0
BBX 9 9 0 -1
BITMAP
4800
FF80
5000
5F80
6400
BF80
A400
3C80
C780
ENDCHAR
STARTCHAR u65C5.zh_hant
ENCODING 26053
SWIDTH 1000 0
DWIDTH 10 0
BBX 9 9 0 -1
BITMAP
4400
FF80
4A00
4280
7680
9D00
9500
1480
6680
ENDCHAR
STARTCHAR u65C6.zh_hant
ENCODING 26054
SWIDTH 1000 0
DWIDTH 10 0
BBX 9 9 0 -1
BITMAP
4800
FF80
5200
5F80
6200
AF80
AA80
2A80
C200
ENDCHAR
STARTCHAR u65CB.zh_hant
ENCODING 26059
SWIDTH 1000 0
DWIDTH 10 0
BBX 9 9 0 -1
BITMAP
4800
FF80
5000
4F80
7480
9700
9400
1C00
6380
ENDCHAR
STARTCHAR u65CC.zh_hant
ENCODING 26060
SWIDTH 1000 0
DWIDTH 10 0
BBX 9 9 0 -1
BITMAP
4800
FF80
5200
4A00
6F80
B200
AF80
2200
DF80
ENDCHAR
STARTCHAR u65CE.zh_hant
ENCODING 26062
SWIDTH 1000 0
DWIDTH 10 0
BBX 9 9 0 -1
BITMAP
4800
EF80
5000
4F80
6880
AE00
AB80
2A00
D380
ENDCHAR
STARTCHAR u65CF.zh_hant
ENCODING 26063
SWIDTH 1000 0
DWIDTH 10 0
BBX 9 9 0 -1
BITMAP
4800
FF80
4400
4F80
7200
9F80
9200
1500
6880
ENDCHAR
STARTCHAR u65D2.zh_hant
ENCODING 26066
SWIDTH 1000 0
DWIDTH 10 0
BBX 9 9 0 -1
BITMAP
4800
FF80
5200
5F80
6900
BF80
A500
3500
D580
ENDCHAR
STARTCHAR u65D6.zh_hant
ENCODING 26070
SWIDTH 1000 0
DWIDTH 10 0
BBX 9 9 0 -1
BITMAP
4800
EF80
5200
4F80
6500
AF80
AA80
2E80
C180
ENDCHAR
STARTCHAR u65D7.zh_hant
ENCODING 26071
SWIDTH 1000 0
DWIDTH 10 0
BBX 9 9 0 -1
BITMAP
4800
FF80
4900
4F00
6900
BF80
A000
2500
6880
ENDCHAR
STARTCHAR u65E0
ENCODING 26080
SWIDTH 1000 0
DWIDTH 10 0
BBX 9 9 0 -1
BITMAP
7F00
0800
0800
FF80
0800
1400
1480
2480
C780
ENDCHAR
STARTCHAR u65E2.zh_hant
ENCODING 26082
SWIDTH 1000 0
DWIDTH 10 0
BBX 9 9 0 -1
BITMAP
F780
9500
F500
9500
FF80
8100
A300
D500
8980
ENDCHAR
STARTCHAR u65E5
ENCODING 26085
SWIDTH 1000 0
DWIDTH 10 0
BBX 7 9 1 -1
BITMAP
FE
82
82
82
FE
82
82
82
FE
ENDCHAR
STARTCHAR u65E6
ENCODING 26086
SWIDTH 1000 0
DWIDTH 10 0
BBX 9 9 0 -1
BITMAP
7F00
4100
4100
7F00
4100
4100
7F00
0000
FF80
ENDCHAR
STARTCHAR u65E7
ENCODING 26087
SWIDTH 1000 0
DWIDTH 10 0
BBX 8 9 1 -1
BITMAP
BF
A1
A1
A1
BF
A1
A1
A1
BF
ENDCHAR
STARTCHAR u65E8.zh_hant
ENCODING 26088
SWIDTH 1000 0
DWIDTH 10 0
BBX 8 9 1 -1
BITMAP
87
F8
81
FF
42
7E
42
42
7E
ENDCHAR
STARTCHAR u65E9
ENCODING 26089
SWIDTH 1000 0
DWIDTH 10 0
BBX 9 9 0 -1
BITMAP
7F00
4100
7F00
4100
7F00
0800
FF80
0800
0800
ENDCHAR
STARTCHAR u65EC.zh_hant
ENCODING 26092
SWIDTH 1000 0
DWIDTH 10 0
BBX 9 9 0 -1
BITMAP
2000
3F80
4080
7C80
A480
BC80
2480
3C80
0300
ENDCHAR
STARTCHAR u65ED.zh_hant
ENCODING 26093
SWIDTH 1000 0
DWIDTH 10 0
BBX 9 9 0 -1
BITMAP
4780
4480
F780
5480
5480
5780
5000
9080
9F80
ENDCHAR
STARTCHAR u65EE.zh_hant
ENCODING 26094
SWIDTH 1000 0
DWIDTH 10 0
BBX 9 9 0 -1
BITMAP
0800
7E00
1200
2280
FF80
4100
7F00
4100
7F00
ENDCHAR
STARTCHAR u65EF.zh_hant
ENCODING 26095
SWIDTH 1000 0
DWIDTH 10 0
BBX 9 9 0 -1
BITMAP
7F00
4100
7F00
4100
7F00
0800
7E00
1280
E380
ENDCHAR
STARTCHAR u65F0.zh_hant
ENCODING 26096
SWIDTH 1000 0
DWIDTH 10 0
BBX 9 9 0 -1
BITMAP
0F80
E200
A200
A200
FF80
A200
A200
E200
0200
ENDCHAR
STARTCHAR u65F1
ENCODING 26097
SWIDTH 1000 0
DWIDTH 10 0
BBX 9 9 0 -1
BITMAP
7F00
4100
7F00
4100
FF80
0800
FF80
0800
0800
ENDCHAR
STARTCHAR u65F6.zh_hant
ENCODING 26102
SWIDTH 1000 0
DWIDTH 10 0
BBX 9 9 0 -1
BITMAP
0100
E100
AF80
A100
E900
A500
A100
E100
0300
ENDCHAR
STARTCHAR u65F7
ENCODING 26103
SWIDTH 1000 0
DWIDTH 10 0
BBX 9 9 0 -1
BITMAP
0200
EF80
A800
A800
E800
A800
A800
E800
1000
ENDCHAR
STARTCHAR u65FA.zh_hant
ENCODING 26106
SWIDTH 1000 0
DWIDTH 10 0
BBX 9 9 0 -1
BITMAP
1F80
E200
A200
A200
EF80
A200
A200
E200
1F80
ENDCHAR
STARTCHAR u6600.zh_hant
ENCODING 26112
SWIDTH 1000 0
DWIDTH 10 0
BBX 9 9 0 -1
BITMAP
0800
EF80
B080
AE80
E080
AE80
A080
E080
0300
ENDCHAR
STARTCHAR u6602.zh_hant
ENCODING 26114
SWIDTH 1000 0
DWIDTH 10 0
BBX 9 9 0 -1
BITMAP
7F00
4100
7F00
4100
FF80
8880
B880
CB80
0800
ENDCHAR
STARTCHAR u6603.zh_hant
ENCODING 26115
SWIDTH 1000 0
DWIDTH 10 0
BBX 9 9 0 -1
BITMAP
7F80
4080
7F80
4080
7F80
4400
8400
8A00
3180
ENDCHAR
STARTCHAR u6606.zh_hant
ENCODING 26118
SWIDTH 1000 0
DWIDTH 10 0
BBX 9 9 0 -1
BITMAP
7F00
4100
7F00
4100
7F00
4400
7700
4480
F780
ENDCHAR
STARTCHAR u660A
ENCODING 26122
SWIDTH 1000 0
DWIDTH 10 0
BBX 9 9 0 -1
BITMAP
7F00
4100
7F00
4100
FF80
0800
FF80
1400
E380
ENDCHAR
STARTCHAR u660C
ENCODING 26124
SWIDTH 1000 0
DWIDTH 10 0
BBX 9 9 0 -1
BITMAP
7F00
4100
7F00
4100
FF80
8080
FF80
8080
FF80
ENDCHAR
STARTCHAR u660E
ENCODING 26126
SWIDTH 1000 0
DWIDTH 10 0
BBX 9 9 0 -1
BITMAP
EF80
A880
AF80
E880
A880
AF80
E880
0880
1180
ENDCHAR
STARTCHAR u660F.zh_hant
ENCODING 26127
SWIDTH 1000 0
DWIDTH 10 0
BBX 9 9 0 -1
BITMAP
7F00
4400
7F80
4200
FF80
4100
7F00
4100
7F00
ENDCHAR
STARTCHAR u6613.zh_hant
ENCODING 26131
SWIDTH 1000 0
DWIDTH 10 0
BBX 9 9 0 -1
BITMAP
7E00
4200
7E00
4200
7E00
2000
FF80
4880
9300
ENDCHAR
STARTCHAR u6614.zh_hant
ENCODING 26132
SWIDTH 1000 0
DWIDTH 10 0
BBX 9 9 0 -1
BITMAP
1200
7F80
1200
1200
FF80
2100
3F00
2100
3F00
ENDCHAR
STARTCHAR u6615.zh_hant
ENCODING 26133
SWIDTH 1000 0
DWIDTH 10 0
BBX 9 9 0 -1
BITMAP
0080
EF00
A800
AF80
E900
A900
A900
E900
1100
ENDCHAR
STARTCHAR u6619.zh_hant
ENCODING 26137
SWIDTH 1000 0
DWIDTH 10 0
BBX 9 9 0 -1
BITMAP
7F00
4100
7F00
4100
FF80
0000
FF80
2200
FD80
ENDCHAR
STARTCHAR u661D.zh_hant
ENCODING 26141
SWIDTH 1000 0
DWIDTH 10 0
BBX 9 9 0 -1
BITMAP
7200
5200
D500
3880
CF80
4100
7F00
4100
7F00
ENDCHAR
STARTCHAR u661F
ENCODING 26143
SWIDTH 1000 0
DWIDTH 10 0
BBX 9 9 0 -1
BITMAP
7F00
4100
7F00
4100
7F00
8800
7F00
0800
FF80
ENDCHAR
STARTCHAR u6620.zh_hant
ENCODING 26144
SWIDTH 1000 0
DWIDTH 10 0
BBX 9 9 0 -1
BITMAP
0200
EF80
AA80
AA80
EA80
BF80
A200
E500
1880
ENDCHAR
STARTCHAR u6625
ENCODING 26149
SWIDTH 1000 0
DWIDTH 10 0
BBX 9 9 0 -1
BITMAP
7F00
0800
7F00
1000
FF80
2200
7F00
A280
3E00
ENDCHAR
STARTCHAR u6627.zh_hant
ENCODING 26151
SWIDTH 1000 0
DWIDTH 10 0
BBX 9 9 0 -1
BITMAP
0200
EF80
A200
A200
FF80
A200
A600
EB00
1280
ENDCHAR
STARTCHAR u6628.zh_hant
ENCODING 26152
SWIDTH 1000 0
DWIDTH 10 0
BBX 9 9 0 -1
BITMAP
0800
EF80
B400
A780
E400
A400
A780
E400
0400
ENDCHAR
STARTCHAR u662D.zh_hant
ENCODING 26157
SWIDTH 1000 0
DWIDTH 10 0
BBX 9 9 0 -1
BITMAP
1F80
E280
A480
A980
E000
AF80
A880
E880
0F80
ENDCHAR
STARTCHAR u662F
ENCODING 26159
SWIDTH 1000 0
DWIDTH 10 0
BBX 9 9 0 -1
BITMAP
7F00
4100
7F00
4100
FF80
0800
4F00
6800
9F80
ENDCHAR
STARTCHAR u6631.zh_hant
ENCODING 26161
SWIDTH 1000 0
DWIDTH 10 0
BBX 9 9 0 -1
BITMAP
7F00
4100
7F00
4100
7F00
0800
7F00
2200
FF80
ENDCHAR
STARTCHAR u6634.zh_hant
ENCODING 26164
SWIDTH 1000 0
DWIDTH 10 0
BBX 9 9 0 -1
BITMAP
7F00
4100
7F00
4100
FF80
9480
9480
E580
2400
ENDCHAR
STARTCHAR u6635.zh_hant
ENCODING 26165
SWIDTH 1000 0
DWIDTH 10 0
BBX 9 9 0 -1
BITMAP
1F80
F080
9F80
9000
F480
9700
9400
E480
2780
ENDCHAR
STARTCHAR u6636.zh_hant
ENCODING 26166
SWIDTH 1000 0
DWIDTH 10 0
BBX 9 9 0 -1
BITMAP
7B80
0280
7280
1780
DA80
5280
5B80
9400
3380
ENDCHAR
STARTCHAR u663C.zh_hant
ENCODING 26172
SWIDTH 1000 0
DWIDTH 10 0
BBX 9 9 0 -1
BITMAP
7F00
4100
7F00
4200
BF00
A280
3E00
2200
FF80
ENDCHAR
STARTCHAR u663E
ENCODING 26174
SWIDTH 1000 0
DWIDTH 10 0
BBX 9 9 0 -1
BITMAP
7F00
4100
7F00
4100
7F00
9480
5500
1400
FF80
ENDCHAR
STARTCHAR u6641.zh_hant
ENCODING 26177
SWIDTH 1000 0
DWIDTH 10 0
BBX 9 9 0 -1
BITMAP
7F00
4100
7F00
4100
BE80
5500
9600
2480
C780
ENDCHAR
STARTCHAR u6643.zh_hant
ENCODING 26179
SWIDTH 1000 0
DWIDTH 10 0
BBX 9 9 0 -1
BITMAP
7F00
4100
7F00
4100
7F00
2A00
FF80
2400
C780
ENDCHAR
STARTCHAR u664B
ENCODING 26187
SWIDTH 1000 0
DWIDTH 10 0
BBX 9 9 0 -1
BITMAP
FF80
9480
5500
1400
FF80
4100
7F00
4100
7F00
ENDCHAR
STARTCHAR u664C.zh_hant
ENCODING 26188
SWIDTH 1000 0
DWIDTH 10 0
BBX 9 9 0 -1
BITMAP
0400
EF80
A880
AE80
EA80
AA80
AE80
E880
0980
ENDCHAR
STARTCHAR u664F.zh_hant
ENCODING 26191
SWIDTH 1000 0
DWIDTH 10 0
BBX 9 9 0 -1
BITMAP
7F00
4100
7F00
4100
1000
FF80
A280
1C00
E380
ENDCHAR
STARTCHAR u6652.zh_hant
ENCODING 26194
SWIDTH 1000 0
DWIDTH 10 0
BBX 9 9 0 -1
BITMAP
3F80
CA00
BF80
AA80
EA80
AA80
B380
E080
3F80
ENDCHAR
STARTCHAR u6653.zh_hant
ENCODING 26195
SWIDTH 1000 0
DWIDTH 10 0
BBX 9 9 0 -1
BITMAP
0800
FF80
A900
A680
F980
A000
BF80
EA00
1380
ENDCHAR
STARTCHAR u6654.zh_hant
ENCODING 26196
SWIDTH 1000 0
DWIDTH 10 0
BBX 9 9 0 -1
BITMAP
0680
EB00
BA00
AA80
E980
A200
BF80
E200
0200
ENDCHAR
STARTCHAR u6655.zh_hant
ENCODING 26197
SWIDTH 1000 0
DWIDTH 10 0
BBX 9 9 0 -1
BITMAP
7F00
4100
FF80
8880
7F00
1000
2400
FF80
0400
ENDCHAR
STARTCHAR u6656.zh_hant
ENCODING 26198
SWIDTH 1000 0
DWIDTH 10 0
BBX 9 9 0 -1
BITMAP
1F80
F280
AF80
A400
EA00
AF80
A200
EF80
0200
ENDCHAR
STARTCHAR u6657.zh_hant
ENCODING 26199
SWIDTH 1000 0
DWIDTH 10 0
BBX 9 9 0 -1
BITMAP
0700
E880
B780
A000
EF80
A100
AF80
E880
0F80
ENDCHAR
STARTCHAR u665A.zh_hant
ENCODING 26202
SWIDTH 1000 0
DWIDTH 10 0
BBX 9 9 0 -1
BITMAP
0700
E900
BF80
AA80
EA80
AF80
A500
E900
1180
ENDCHAR
STARTCHAR u665F.zh_hant
ENCODING 26207
SWIDTH 1000 0
DWIDTH 10 0
BBX 9 9 0 -1
BITMAP
7F00
4100
7F00
4100
7F80
4A00
4A80
B900
8680
ENDCHAR
STARTCHAR u6661
ENCODING 26209
SWIDTH 1000 0
DWIDTH 10 0
BBX 9 9 0 -1
BITMAP
0280
EF80
A200
AF80
EA80
AF80
AA80
EF80
0A80
ENDCHAR
STARTCHAR u6664
ENCODING 26212
SWIDTH 1000 0
DWIDTH 10 0
BBX 9 9 0 -1
BITMAP
0F80
E200
AF00
A500
FF80
A000
AF80
E880
0F80
ENDCHAR
STARTCHAR u6666.zh_hant
ENCODING 26214
SWIDTH 1000 0
DWIDTH 10 0
BBX 9 9 0 -1
BITMAP
0800
EF80
B000
AF80
EA80
BF80
AA80
EF80
0100
ENDCHAR
STARTCHAR u6668.zh_hant
ENCODING 26216
SWIDTH 1000 0
DWIDTH 10 0
BBX 9 9 0 -1
BITMAP
7F00
4100
7F00
4100
7F80
4000
FF80
A500
7380
ENDCHAR
STARTCHAR u666E.zh_hant
ENCODING 26222
SWIDTH 1000 0
DWIDTH 10 0
BBX 9 9 0 -1
BITMAP
2200
FF80
5500
1400
FF80
4100
7F00
4100
7F00
ENDCHAR
STARTCHAR u666F.zh_hant
ENCODING 26223
SWIDTH 1000 0
DWIDTH 10 0
BBX 9 9 0 -1
BITMAP
7F00
4100
7F00
4100
FF80
2200
3E00
4900
9880
ENDCHAR
STARTCHAR u6670.zh_hant
ENCODING 26224
SWIDTH 1000 0
DWIDTH 10 0
BBX 9 9 0 -1
BITMAP
0B80
EA00
BE00
AB80
EA80
BA80
AE80
EA80
0880
ENDCHAR
STARTCHAR u6674.zh_hant
ENCODING 26228
SWIDTH 1000 0
DWIDTH 10 0
BBX 9 9 0 -1
BITMAP
0200
FF80
A200
AF80
E200
BF80
A880
EF80
0880
ENDCHAR
STARTCHAR u6676
ENCODING 26230
SWIDTH 1000 0
DWIDTH 10 0
BBX 9 9 0 -1
BITMAP
3E00
2200
3E00
2200
FF80
9480
F780
9480
F780
ENDCHAR
STARTCHAR u6677.zh_hant
ENCODING 26231
SWIDTH 1000 0
DWIDTH 10 0
BBX 9 9 0 -1
BITMAP
7F00
4100
7E00
CB00
3280
4A00
FF00
4100
7F00
ENDCHAR
STARTCHAR u667A.zh_hant
ENCODING 26234
SWIDTH 1000 0
DWIDTH 10 0
BBX 9 9 0 -1
BITMAP
7780
A480
FC80
2480
7F80
A100
3F00
2100
3F00
ENDCHAR
STARTCHAR u667E.zh_hant
ENCODING 26238
SWIDTH 1000 0
DWIDTH 10 0
BBX 9 9 0 -1
BITMAP
0200
EF80
A000
AF80
E880
AF80
A200
EA80
1680
ENDCHAR
STARTCHAR u6682.zh_hant
ENCODING 26242
SWIDTH 1000 0
DWIDTH 10 0
BBX 9 9 0 -1
BITMAP
2780
FC00
5780
5500
FF00
4100
7F00
4100
7F00
ENDCHAR
STARTCHAR u6684.zh_hant
ENCODING 26244
SWIDTH 1000 0
DWIDTH 10 0
BBX 9 9 0 -1
BITMAP
0400
FF80
A080
AF80
E000
AF00
A900
E900
3F80
ENDCHAR
STARTCHAR u6687.zh_hant
ENCODING 26247
SWIDTH 1000 0
DWIDTH 10 0
BBX 9 9 0 -1
BITMAP
3F80
E880
AB80
B800
E380
BC80
A280
FB00
2480
ENDCHAR
STARTCHAR u668C.zh_hant
ENCODING 26252
SWIDTH 1000 0
DWIDTH 10 0
BBX 9 9 0 -1
BITMAP
1D00
E580
B700
A880
FF80
A200
BF80
E500
1880
ENDCHAR
STARTCHAR u6691.zh_hant
ENCODING 26257
SWIDTH 1000 0
DWIDTH 10 0
BBX 9 9 0 -1
BITMAP
7F00
4100
7F80
1200
FF80
2100
7F00
A100
3F00
ENDCHAR
STARTCHAR u6696.zh_hant
ENCODING 26262
SWIDTH 1000 0
DWIDTH 10 0
BBX 9 9 0 -1
BITMAP
1F80
EA80
A100
BF80
E400
BF80
A900
E700
1880
ENDCHAR
STARTCHAR u6697.zh_hant
ENCODING 26263
SWIDTH 1000 0
DWIDTH 10 0
BBX 9 9 0 -1
BITMAP
0200
FF80
A500
A500
FF80
A880
AF80
E880
0F80
ENDCHAR
STARTCHAR u669D.zh_hant
ENCODING 26269
SWIDTH 1000 0
DWIDTH 10 0
BBX 9 9 0 -1
BITMAP
3F80
E080
AF80
A880
EF80
A880
BF80
E500
1880
ENDCHAR
STARTCHAR u66A7.zh_hant
ENCODING 26279
SWIDTH 1000 0
DWIDTH 10 0
BBX 9 9 0 -1
BITMAP
1F80
EA80
A500
BF80
E480
BF80
A880
D700
2880
ENDCHAR
STARTCHAR u66A8.zh_hant
ENCODING 26280
SWIDTH 1000 0
DWIDTH 10 0
BBX 9 9 0 -1
BITMAP
F780
9500
F780
8A00
FF80
4100
7F00
4100
FF80
ENDCHAR
STARTCHAR u66AE.zh_hant
ENCODING 26286
SWIDTH 1000 0
DWIDTH 10 0
BBX 9 9 0 -1
BITMAP
FF80
1400
7F00
4100
FF80
2200
7F00
A280
3E00
ENDCHAR
STARTCHAR u66B4.zh_hant
ENCODING 26292
SWIDTH 1000 0
DWIDTH 10 0
BBX 9 9 0 -1
BITMAP
7F00
4100
FF80
2200
FF80
4900
AA80
4900
9880
ENDCHAR
STARTCHAR u66B9.zh_hant
ENCODING 26297
SWIDTH 1000 0
DWIDTH 10 0
BBX 9 9 0 -1
BITMAP
9F80
5080
9F80
4900
0F80
D900
4F80
6000
9F80
ENDCHAR
STARTCHAR u66BE.zh_hant
ENCODING 26302
SWIDTH 1000 0
DWIDTH 10 0
BBX 9 9 0 -1
BITMAP
0900
FF80
AA80
AE80
E280
A500
BF00
E480
0C80
ENDCHAR
STARTCHAR u66D9.zh_hant
ENCODING 26329
SWIDTH 1000 0
DWIDTH 10 0
BBX 9 9 0 -1
BITMAP
3F80
EA80
BF80
A500
FF80
A880
BF80
E880
0F80
ENDCHAR
STARTCHAR u66DC.zh_hant
ENCODING 26332
SWIDTH 1000 0
DWIDTH 10 0
BBX 9 9 0 -1
BITMAP
0D80
F680
AD80
B480
EF80
A900
BF80
E900
0F80
ENDCHAR
STARTCHAR u66DD.zh_hant
ENCODING 26333
SWIDTH 1000 0
DWIDTH 10 0
BBX 9 9 0 -1
BITMAP
0F80
E880
BF80
A500
FF80
A900
B680
EB00
1680
ENDCHAR
STARTCHAR u66E6.zh_hant
ENCODING 26342
SWIDTH 1000 0
DWIDTH 10 0
BBX 9 9 0 -1
BITMAP
0900
FF80
A200
AF80
E200
BB80
AE80
E500
1E80
ENDCHAR
STARTCHAR u66E9.zh_hant
ENCODING 26345
SWIDTH 1000 0
DWIDTH 10 0
BBX 9 9 0 -1
BITMAP
7F00
4100
FF80
5500
F780
1400
FF80
4500
7380
ENDCHAR
STARTCHAR u66F0.zh_hant
ENCODING 26352
SWIDTH 1000 0
DWIDTH 10 0
BBX 8 9 1 -1
BITMAP
FF
81
81
F9
81
81
81
FF
81
ENDCHAR
STARTCHAR u66F2
ENCODING 26354
SWIDTH 1000 0
DWIDTH 10 0
BBX 9 9 0 -1
BITMAP
1400
1400
FF80
9480
9480
FF80
9480
9480
FF80
ENDCHAR
STARTCHAR u66F3
ENCODING 26355
SWIDTH 1000 0
DWIDTH 10 0
BBX 9 9 0 -1
BITMAP
0800
7F00
4900
7F00
4900
7F00
0A00
0480
FB80
ENDCHAR
STARTCHAR u66F4
ENCODING 26356
SWIDTH 1000 0
DWIDTH 10 0
BBX 9 9 0 -1
BITMAP
FF80
0800
7F00
4900
7F00
4900
7F00
2800
F780
ENDCHAR
STARTCHAR u66F7.zh_hant
ENCODING 26359
SWIDTH 1000 0
DWIDTH 10 0
BBX 9 9 0 -1
BITMAP
7F00
4100
7F00
4100
7F00
2000
7F80
C880
7580
ENDCHAR
STARTCHAR u66F9
ENCODING 26361
SWIDTH 1000 0
DWIDTH 10 0
BBX 9 9 0 -1
BITMAP
1400
FF80
5500
7F00
5500
7F00
2200
2200
3E00
ENDCHAR
STARTCHAR u66FC.zh_hant
ENCODING 26364
SWIDTH 1000 0
DWIDTH 10 0
BBX 9 9 0 -1
BITMAP
7F00
4100
4100
FF80
AA80
FF80
2200
1C00
E380
ENDCHAR
STARTCHAR u66FE.zh_hant
ENCODING 26366
SWIDTH 1000 0
DWIDTH 10 0
BBX 9 9 0 -1
BITMAP
2E00
4100
FF80
AA80
8880
FF80
4100
4100
7F00
ENDCHAR
STARTCHAR u66FF.zh_hant
ENCODING 26367
SWIDTH 1000 0
DWIDTH 10 0
BBX 9 9 0 -1
BITMAP
2200
F780
2200
FF80
5500
A280
3E00
2200
3E00
ENDCHAR
STARTCHAR u6700
ENCODING 26368
SWIDTH 1000 0
DWIDTH 10 0
BBX 9 9 0 -1
BITMAP
7F00
4100
7F00
4100
FF80
4A80
7A80
4900
FA80
ENDCHAR
STARTCHAR u6708
ENCODING 26376
SWIDTH 1000 0
DWIDTH 10 0
BBX 9 9 0 -1
BITMAP
3F80
2080
3F80
2080
2080
3F80
2080
4080
8180
ENDCHAR
STARTCHAR u6709
ENCODING 26377
SWIDTH 1000 0
DWIDTH 10 0
BBX 9 9 0 -1
BITMAP
1000
FF80
2000
7F00
A100
3F00
2100
3F00
2100
ENDCHAR
STARTCHAR u670A.zh_hant
ENCODING 26378
SWIDTH 1000 0
DWIDTH 10 0
BBX 9 9 0 -1
BITMAP
EF80
A000
E000
BF80
AA00
EA00
AA00
AA80
B180
ENDCHAR
STARTCHAR u670B.zh_hant
ENCODING 26379
SWIDTH 1000 0
DWIDTH 10 0
BBX 9 9 0 -1
BITMAP
F780
9480
F780
9480
9480
F780
9480
9480
B580
ENDCHAR
STARTCHAR u670D.zh_hant
ENCODING 26381
SWIDTH 1000 0
DWIDTH 10 0
BBX 9 9 0 -1
BITMAP
EF80
A880
E800
AF80
A880
F480
A500
A300
AC80
ENDCHAR
STARTCHAR u6710.zh_hant
ENCODING 26384
SWIDTH 1000 0
DWIDTH 10 0
BBX 9 9 0 -1
BITMAP
E800
AF80
F080
AE80
AA80
EA80
AA80
AE80
A180
ENDCHAR
STARTCHAR u6714.zh_hant
ENCODING 26388
SWIDTH 1000 0
DWIDTH 10 0
BBX 9 9 0 -1
BITMAP
9780
5480
FF80
2480
A480
FF80
2480
4880
4980
ENDCHAR
STARTCHAR u6715.zh_hant
ENCODING 26389
SWIDTH 1000 0
DWIDTH 10 0
BBX 9 9 0 -1
BITMAP
E900
AA00
FF80
A200
A200
FF80
A200
A500
B880
ENDCHAR
STARTCHAR u6717.zh_hant
ENCODING 26391
SWIDTH 1000 0
DWIDTH 10 0
BBX 9 9 0 -1
BITMAP
4780
F480
9780
F480
9480
F780
A480
9480
E980
ENDCHAR
STARTCHAR u671B.zh_hant
ENCODING 26395
SWIDTH 1000 0
DWIDTH 10 0
BBX 9 9 0 -1
BITMAP
2780
FC80
4780
4480
7580
0800
7F00
0800
FF80
ENDCHAR
STARTCHAR u671D
ENCODING 26397
SWIDTH 1000 0
DWIDTH 10 0
BBX 9 9 0 -1
BITMAP
2380
FE80
4B80
7A80
4A80
7B80
2280
FA80
2580
ENDCHAR
STARTCHAR u671F.zh_hant
ENCODING 26399
SWIDTH 1000 0
DWIDTH 10 0
BBX 9 9 0 -1
BITMAP
5780
FC80
5780
7480
5480
FF80
0480
5480
8980
ENDCHAR
STARTCHAR u6726.zh_hant
ENCODING 26406
SWIDTH 1000 0
DWIDTH 10 0
BBX 9 9 0 -1
BITMAP
E500
BF80
E500
BF80
A480
EB00
B680
AB00
B680
ENDCHAR
STARTCHAR u6728
ENCODING 26408
SWIDTH 1000 0
DWIDTH 10 0
BBX 9 9 0 -1
BITMAP
0800
0800
FF80
1C00
2A00
2A00
4900
8880
0800
ENDCHAR
STARTCHAR u672A
ENCODING 26410
SWIDTH 1000 0
DWIDTH 10 0
BBX 9 9 0 -1
BITMAP
0800
7F00
0800
0800
FF80
1C00
2A00
C980
0800
ENDCHAR
STARTCHAR u672B
ENCODING 26411
SWIDTH 1000 0
DWIDTH 10 0
BBX 9 9 0 -1
BITMAP
0800
FF80
0800
0800
7F00
1C00
2A00
C980
0800
ENDCHAR
STARTCHAR u672C
ENCODING 26412
SWIDTH 1000 0
DWIDTH 10 0
BBX 9 9 0 -1
BITMAP
0800
0800
FF80
1C00
2A00
2A00
4900
BE80
0800
ENDCHAR
STARTCHAR u672D.zh_hant
ENCODING 26413
SWIDTH 1000 0
DWIDTH 10 0
BBX 9 9 0 -1
BITMAP
2200
2200
FA00
2200
6200
7200
AA80
A280
2380
ENDCHAR
STARTCHAR u672F
ENCODING 26415
SWIDTH 1000 0
DWIDTH 10 0
BBX 9 9 0 -1
BITMAP
0A00
0900
FF80
0800
1C00
2A00
4900
8880
0800
ENDCHAR
STARTCHAR u6731.zh_hant
ENCODING 26417
SWIDTH 1000 0
DWIDTH 10 0
BBX 9 9 0 -1
BITMAP
4800
7F00
4800
8800
FF80
0800
1A00
2900
C880
ENDCHAR
STARTCHAR u6734.zh_hant
ENCODING 26420
SWIDTH 1000 0
DWIDTH 10 0
BBX 10 9 0 -1
BITMAP
2200
2200
FA00
2300
6280
7240
AA00
A200
2200
ENDCHAR
STARTCHAR u6735.zh_hant
ENCODING 26421
SWIDTH 1000 0
DWIDTH 10 0
BBX 9 9 0 -1
BITMAP
3E00
2200
2200
4300
0800
FF80
0800
2A00
C980
ENDCHAR
STARTCHAR u673A.zh_hant
ENCODING 26426
SWIDTH 1000 0
DWIDTH 10 0
BBX 9 9 0 -1
BITMAP
2F00
2900
F900
2900
6900
6900
A900
A880
3080
ENDCHAR
STARTCHAR u673D.zh_hant
ENCODING 26429
SWIDTH 1000 0
DWIDTH 10 0
BBX 9 9 0 -1
BITMAP
2F80
2400
F400
2780
6880
6080
B080
A100
2600
ENDCHAR
STARTCHAR u6740.zh_hant
ENCODING 26432
SWIDTH 1000 0
DWIDTH 10 0
BBX 9 9 0 -1
BITMAP
6300
1C00
2200
C180
0800
7F00
0800
4900
9880
ENDCHAR
STARTCHAR u6742.zh_hant
ENCODING 26434
SWIDTH 1000 0
DWIDTH 10 0
BBX 9 9 0 -1
BITMAP
0800
7E00
1200
2280
C380
0800
FF80
4900
9880
ENDCHAR
STARTCHAR u6743.zh_hant
ENCODING 26435
SWIDTH 1000 0
DWIDTH 10 0
BBX 9 9 0 -1
BITMAP
2F80
2080
F080
2480
6500
7500
A200
A500
2880
ENDCHAR
STARTCHAR u6746.zh_hant
ENCODING 26438
SWIDTH 1000 0
DWIDTH 10 0
BBX 9 9 0 -1
BITMAP
2F80
2200
F200
2200
6F80
7200
A200
A200
2200
ENDCHAR
STARTCHAR u6748.zh_hant
ENCODING 26440
SWIDTH 1000 0
DWIDTH 10 0
BBX 9 9 0 -1
BITMAP
2F80
2080
FA80
2A80
6880
7500
A200
A500
2880
ENDCHAR
STARTCHAR u6749.zh_hant
ENCODING 26441
SWIDTH 1000 0
DWIDTH 10 0
BBX 9 9 0 -1
BITMAP
2180
2600
F800
2180
6600
7000
A800
A180
2600
ENDCHAR
STARTCHAR u674E.zh_hant
ENCODING 26446
SWIDTH 1000 0
DWIDTH 10 0
BBX 9 9 0 -1
BITMAP
0800
FF80
2A00
4900
BE80
0400
FF80
0800
1800
ENDCHAR
STARTCHAR u674F
ENCODING 26447
SWIDTH 1000 0
DWIDTH 10 0
BBX 9 9 0 -1
BITMAP
0800
FF80
1C00
2A00
C980
7F00
4100
4100
7F00
ENDCHAR
STARTCHAR u6750.zh_hant
ENCODING 26448
SWIDTH 1000 0
DWIDTH 10 0
BBX 9 9 0 -1
BITMAP
2100
2100
FF80
2100
6300
6500
A900
A100
2300
ENDCHAR
STARTCHAR u6751.zh_hant
ENCODING 26449
SWIDTH 1000 0
DWIDTH 10 0
BBX 9 9 0 -1
BITMAP
2100
2100
FF80
2100
6900
6500
A100
A100
2300
ENDCHAR
STARTCHAR u6753.zh_hant
ENCODING 26451
SWIDTH 1000 0
DWIDTH 10 0
BBX 9 9 0 -1
BITMAP
2800
2F80
F080
2080
6880
6480
B080
A080
2300
ENDCHAR
STARTCHAR u6756.zh_hant
ENCODING 26454
SWIDTH 1000 0
DWIDTH 10 0
BBX 9 9 0 -1
BITMAP
2100
2100
FF80
2100
6900
6500
B200
A500
3880
ENDCHAR
STARTCHAR u675C.zh_hant
ENCODING 26460
SWIDTH 1000 0
DWIDTH 10 0
BBX 9 9 0 -1
BITMAP
2200
2200
FF80
2200
6200
6200
B200
A200
2F80
ENDCHAR
STARTCHAR u675E.zh_hant
ENCODING 26462
SWIDTH 1000 0
DWIDTH 10 0
BBX 9 9 0 -1
BITMAP
2F80
2080
F080
2F80
6800
6800
B880
A880
2F80
ENDCHAR
STARTCHAR u675F
ENCODING 26463
SWIDTH 1000 0
DWIDTH 10 0
BBX 9 9 0 -1
BITMAP
0800
FF80
0800
7F00
4900
7F00
1C00
2A00
C980
ENDCHAR
STARTCHAR u6760.zh_hant
ENCODING 26464
SWIDTH 1000 0
DWIDTH 10 0
BBX 9 9 0 -1
BITMAP
2F80
2200
F200
2200
6200
6200
B200
A200
2F80
ENDCHAR
STARTCHAR u6761.zh_hant
ENCODING 26465
SWIDTH 1000 0
DWIDTH 10 0
BBX 9 9 0 -1
BITMAP
1F00
6100
1200
1C00
E380
0800
FF80
2900
C880
ENDCHAR
STARTCHAR u6765
ENCODING 26469
SWIDTH 1000 0
DWIDTH 10 0
BBX 9 9 0 -1
BITMAP
0800
7F00
0800
2A00
FF80
1C00
2A00
4900
8880
ENDCHAR
STARTCHAR u6768.zh_hant
ENCODING 26472
SWIDTH 1000 0
DWIDTH 10 0
BBX 9 9 0 -1
BITMAP
5F00
4200
E400
5F80
CA80
6A80
5480
5480
5580
ENDCHAR
STARTCHAR u676A.zh_hant
ENCODING 26474
SWIDTH 1000 0
DWIDTH 10 0
BBX 9 9 0 -1
BITMAP
2200
2200
FB00
2A80
6200
6600
B080
A300
2C00
ENDCHAR
STARTCHAR u676D.zh_hant
ENCODING 26477
SWIDTH 1000 0
DWIDTH 10 0
BBX 9 9 0 -1
BITMAP
2400
3F80
E000
2F00
6900
6900
A900
A900
3180
ENDCHAR
STARTCHAR u676F.zh_hant
ENCODING 26479
SWIDTH 1000 0
DWIDTH 10 0
BBX 9 9 0 -1
BITMAP
2F80
2100
F100
2200
6600
6B00
B280
A200
2200
ENDCHAR
STARTCHAR u6770.zh_hant
ENCODING 26480
SWIDTH 1000 0
DWIDTH 10 0
BBX 9 9 0 -1
BITMAP
0800
FF80
1800
2A00
4900
8880
0000
5500
8A80
ENDCHAR
STARTCHAR u6772
ENCODING 26482
SWIDTH 1000 0
DWIDTH 10 0
BBX 9 9 0 -1
BITMAP
7F00
4100
7F00
4100
7F00
0800
FF80
2A00
C980
ENDCHAR
STARTCHAR u6773
ENCODING 26483
SWIDTH 1000 0
DWIDTH 10 0
BBX 9 9 0 -1
BITMAP
0800
FF80
2A00
4900
FF80
4100
7F00
4100
7F00
ENDCHAR
STARTCHAR u6775
ENCODING 26485
SWIDTH 1000 0
DWIDTH 10 0
BBX 9 9 0 -1
BITMAP
2800
2F80
F200
2200
6F80
7200
A200
2200
2200
ENDCHAR
STARTCHAR u6777
ENCODING 26487
SWIDTH 1000 0
DWIDTH 10 0
BBX 9 9 0 -1
BITMAP
2F80
2A80
FA80
2A80
6F80
6800
B800
2880
2780
ENDCHAR
STARTCHAR u677C.zh_hant
ENCODING 26492
SWIDTH 1000 0
DWIDTH 10 0
BBX 9 9 0 -1
BITMAP
2F80
2100
F200
2F80
6280
6280
B300
A200
2600
ENDCHAR
STARTCHAR u677E.zh_hant
ENCODING 26494
SWIDTH 1000 0
DWIDTH 10 0
BBX 9 9 0 -1
BITMAP
2700
2100
F880
2A80
6200
6400
B480
A880
2F80
ENDCHAR
STARTCHAR u677F.zh_hant
ENCODING 26495
SWIDTH 1000 0
DWIDTH 10 0
BBX 9 9 0 -1
BITMAP
2F80
2800
F800
2F80
6880
7480
A500
A300
2C80
ENDCHAR
STARTCHAR u6781.zh_hant
ENCODING 26497
SWIDTH 1000 0
DWIDTH 10 0
BBX 9 9 0 -1
BITMAP
5F80
4900
EA00
4B80
6880
D480
4300
4500
5880
ENDCHAR
STARTCHAR u6784.zh_hant
ENCODING 26500
SWIDTH 1000 0
DWIDTH 10 0
BBX 9 9 0 -1
BITMAP
2800
2F80
F480
2480
6880
6A80
AE80
A080
2300
ENDCHAR
STARTCHAR u6787.zh_hant
ENCODING 26503
SWIDTH 1000 0
DWIDTH 10 0
BBX 9 9 0 -1
BITMAP
2A00
2A00
FA80
2F00
6A00
7A00
AA80
AE80
3380
ENDCHAR
STARTCHAR u6789.zh_hant
ENCODING 26505
SWIDTH 1000 0
DWIDTH 10 0
BBX 9 9 0 -1
BITMAP
2F80
2200
F200
2200
6F80
6200
B200
A200
2F80
ENDCHAR
STARTCHAR u678B.zh_hant
ENCODING 26507
SWIDTH 1000 0
DWIDTH 10 0
BBX 9 9 0 -1
BITMAP
2400
2F80
F400
2400
6780
7480
A880
A880
2300
ENDCHAR
STARTCHAR u6790.zh_hant
ENCODING 26512
SWIDTH 1000 0
DWIDTH 10 0
BBX 9 9 0 -1
BITMAP
2180
2E00
F800
2F80
6900
6900
A900
B100
2100
ENDCHAR
STARTCHAR u6795.zh_hant
ENCODING 26517
SWIDTH 1000 0
DWIDTH 10 0
BBX 9 9 0 -1
BITMAP
2400
3F80
E480
2480
6600
6A00
AA00
B280
2380
ENDCHAR
STARTCHAR u6797
ENCODING 26519
SWIDTH 1000 0
DWIDTH 10 0
BBX 9 9 0 -1
BITMAP
2200
2200
FF80
2200
6600
7700
AA80
2200
2200
ENDCHAR
STARTCHAR u6798.zh_hant
ENCODING 26520
SWIDTH 1000 0
DWIDTH 10 0
BBX 9 9 0 -1
BITMAP
2600
2200
FF80
2A80
6A80
7D80
A880
A880
2980
ENDCHAR
STARTCHAR u679A.zh_hant
ENCODING 26522
SWIDTH 1000 0
DWIDTH 10 0
BBX 9 9 0 -1
BITMAP
2800
2F80
F900
2500
6500
7500
A200
A600
3980
ENDCHAR
STARTCHAR u679C
ENCODING 26524
SWIDTH 1000 0
DWIDTH 10 0
BBX 9 9 0 -1
BITMAP
7F00
4900
7F00
4900
7F00
0800
FF80
2A00
C980
ENDCHAR
STARTCHAR u679D
ENCODING 26525
SWIDTH 1000 0
DWIDTH 10 0
BBX 9 9 0 -1
BITMAP
2200
2F80
F200
2200
6F80
6880
B500
2200
2D80
ENDCHAR
STARTCHAR u679E.zh_hant
ENCODING 26526
SWIDTH 1000 0
DWIDTH 10 0
BBX 9 9 0 -1
BITMAP
2900
2900
E900
2900
6900
7500
A280
A480
2880
ENDCHAR
STARTCHAR u67A2.zh_hant
ENCODING 26530
SWIDTH 1000 0
DWIDTH 10 0
BBX 9 9 0 -1
BITMAP
2F80
2800
FA80
2900
6900
6A80
AC80
A800
2F80
ENDCHAR
STARTCHAR u67A3.zh_hant
ENCODING 26531
SWIDTH 1000 0
DWIDTH 10 0
BBX 9 9 0 -1
BITMAP
0800
FF80
0800
7F00
5900
2A00
C980
1000
0C00
ENDCHAR
STARTCHAR u67AA.zh_hant
ENCODING 26538
SWIDTH 1000 0
DWIDTH 10 0
BBX 9 9 0 -1
BITMAP
2600
2900
F080
2F00
6900
6B00
A800
A880
2780
ENDCHAR
STARTCHAR u67AB.zh_hant
ENCODING 26539
SWIDTH 1000 0
DWIDTH 10 0
BBX 9 9 0 -1
BITMAP
5F00
5100
FB00
5500
5500
7B00
D100
5100
5180
ENDCHAR
STARTCHAR u67AF.zh_hant
ENCODING 26543
SWIDTH 1000 0
DWIDTH 10 0
BBX 9 9 0 -1
BITMAP
2200
2200
FF80
2200
6200
6F80
B880
A880
2F80
ENDCHAR
STARTCHAR u67B0.zh_hant
ENCODING 26544
SWIDTH 1000 0
DWIDTH 10 0
BBX 9 9 0 -1
BITMAP
2F80
2200
FA80
2A80
6200
6F80
B200
A200
2200
ENDCHAR
STARTCHAR u67B3
ENCODING 26547
SWIDTH 1000 0
DWIDTH 10 0
BBX 9 9 0 -1
BITMAP
2F80
2880
F880
2880
6F80
7000
A500
2480
2880
ENDCHAR
STARTCHAR u67B6.zh_hant
ENCODING 26550
SWIDTH 1000 0
DWIDTH 10 0
BBX 9 9 0 -1
BITMAP
4780
F480
5480
B780
0800
FF80
1A00
2900
C880
ENDCHAR
STARTCHAR u67B7.zh_hant
ENCODING 26551
SWIDTH 1000 0
DWIDTH 10 0
BBX 9 9 0 -1
BITMAP
2800
2B80
FE80
2A80
6A80
6A80
AA80
B280
2780
ENDCHAR
STARTCHAR u67B8.zh_hant
ENCODING 26552
SWIDTH 1000 0
DWIDTH 10 0
BBX 9 9 0 -1
BITMAP
2800
2F80
F080
2E80
6A80
7A80
AE80
A080
2300
ENDCHAR
STARTCHAR u67C1.zh_hant
ENCODING 26561
SWIDTH 1000 0
DWIDTH 10 0
BBX 9 9 0 -1
BITMAP
2400
3F80
E080
2800
6980
6E00
B800
A880
2F80
ENDCHAR
STARTCHAR u67C4.zh_hant
ENCODING 26564
SWIDTH 1000 0
DWIDTH 10 0
BBX 9 9 0 -1
BITMAP
2F80
2200
FF80
2A80
6A80
6D80
B880
A880
2980
ENDCHAR
STARTCHAR u67CF.zh_hant
ENCODING 26575
SWIDTH 1000 0
DWIDTH 10 0
BBX 9 9 0 -1
BITMAP
2200
2400
FF80
2880
6880
6F80
B880
A880
2F80
ENDCHAR
STARTCHAR u67D0.zh_hant
ENCODING 26576
SWIDTH 1000 0
DWIDTH 10 0
BBX 9 9 0 -1
BITMAP
2200
FF80
2200
3E00
2200
FF80
1A00
2900
C880
ENDCHAR
STARTCHAR u67D1.zh_hant
ENCODING 26577
SWIDTH 1000 0
DWIDTH 10 0
BBX 9 9 0 -1
BITMAP
2880
2880
FF80
2880
6880
6F80
A880
A880
2F80
ENDCHAR
STARTCHAR u67D2.zh_hant
ENCODING 26578
SWIDTH 1000 0
DWIDTH 10 0
BBX 9 9 0 -1
BITMAP
2200
9380
4E00
2200
C380
0800
FF80
2900
C880
ENDCHAR
STARTCHAR u67D3.zh_hant
ENCODING 26579
SWIDTH 1000 0
DWIDTH 10 0
BBX 9 9 0 -1
BITMAP
8400
5F00
0500
8900
5180
0800
FF80
2900
C880
ENDCHAR
STARTCHAR u67D4.zh_hant
ENCODING 26580
SWIDTH 1000 0
DWIDTH 10 0
BBX 9 9 0 -1
BITMAP
7E00
0400
0800
FF80
2900
4A00
FF80
2900
C880
ENDCHAR
STARTCHAR u67D8.zh_hant
ENCODING 26584
SWIDTH 1000 0
DWIDTH 10 0
BBX 9 9 0 -1
BITMAP
2F80
2200
F200
2400
6F80
7880
A880
A880
2F80
ENDCHAR
STARTCHAR u67D9.zh_hant
ENCODING 26585
SWIDTH 1000 0
DWIDTH 10 0
BBX 9 9 0 -1
BITMAP
2F80
2A80
FF80
2A80
6A80
6F80
B200
A200
2200
ENDCHAR
STARTCHAR u67DA.zh_hant
ENCODING 26586
SWIDTH 1000 0
DWIDTH 10 0
BBX 9 9 0 -1
BITMAP
2200
2200
FF80
2A80
6A80
6F80
BA80
AA80
2F80
ENDCHAR
STARTCHAR u67DC.zh_hant
ENCODING 26588
SWIDTH 1000 0
DWIDTH 10 0
BBX 9 9 0 -1
BITMAP
2F80
2800
FF80
2880
6880
7F80
A800
A800
2F80
ENDCHAR
STARTCHAR u67DD.zh_hant
ENCODING 26589
SWIDTH 1000 0
DWIDTH 10 0
BBX 9 9 0 -1
BITMAP
2180
2E00
F800
2F80
6900
6B00
A980
B100
2100
ENDCHAR
STARTCHAR u67DE.zh_hant
ENCODING 26590
SWIDTH 1000 0
DWIDTH 10 0
BBX 9 9 0 -1
BITMAP
2800
2F80
F400
2780
6400
6400
B780
A400
2400
ENDCHAR
STARTCHAR u67E0
ENCODING 26592
SWIDTH 1000 0
DWIDTH 10 0
BBX 9 9 0 -1
BITMAP
2200
2F80
F880
2000
6F80
7200
A200
2200
2600
ENDCHAR
STARTCHAR u67E2.zh_hant
ENCODING 26594
SWIDTH 1000 0
DWIDTH 10 0
BBX 9 9 0 -1
BITMAP
2F80
2900
F900
2F80
6900
7880
AE80
A000
2F80
ENDCHAR
STARTCHAR u67E5.zh_hant
ENCODING 26597
SWIDTH 1000 0
DWIDTH 10 0
BBX 9 9 0 -1
BITMAP
0800
FF80
2A00
4900
FF80
4100
7F00
4100
FF80
ENDCHAR
STARTCHAR u67E9.zh_hant
ENCODING 26601
SWIDTH 1000 0
DWIDTH 10 0
BBX 9 9 0 -1
BITMAP
2F80
2800
FB80
2C80
6900
6A80
BC80
A800
2F80
ENDCHAR
STARTCHAR u67EC.zh_hant
ENCODING 26604
SWIDTH 1000 0
DWIDTH 10 0
BBX 9 9 0 -1
BITMAP
0800
FF80
4900
6B00
5500
7F00
1A00
2900
C880
ENDCHAR
STARTCHAR u67EF
ENCODING 26607
SWIDTH 1000 0
DWIDTH 10 0
BBX 9 9 0 -1
BITMAP
2F80
2100
FF00
2B00
6B00
7B00
AF00
2100
2300
ENDCHAR
STARTCHAR u67F0.zh_hant
ENCODING 26608
SWIDTH 1000 0
DWIDTH 10 0
BBX 9 9 0 -1
BITMAP
0800
FF80
2A00
4900
BE80
0000
FF80
4900
9880
ENDCHAR
STARTCHAR u67F1.zh_hant
ENCODING 26609
SWIDTH 1000 0
DWIDTH 10 0
BBX 9 9 0 -1
BITMAP
2400
2200
FF80
2200
6200
6F80
A200
A200
3F80
ENDCHAR
STARTCHAR u67F3.zh_hant
ENCODING 26611
SWIDTH 1000 0
DWIDTH 10 0
BBX 9 9 0 -1
BITMAP
3B80
2280
EA80
2A80
6A80
6A80
BA80
AB80
2A00
ENDCHAR
STARTCHAR u67F4.zh_hant
ENCODING 26612
SWIDTH 1000 0
DWIDTH 10 0
BBX 9 9 0 -1
BITMAP
2400
B780
A400
BC80
E780
0800
FF80
2A00
C980
ENDCHAR
STARTCHAR u67FD.zh_hant
ENCODING 26621
SWIDTH 1000 0
DWIDTH 10 0
BBX 9 9 0 -1
BITMAP
2F80
2080
E900
2600
7980
6200
AF00
A200
2F80
ENDCHAR
STARTCHAR u67FF.zh_hant
ENCODING 26623
SWIDTH 1000 0
DWIDTH 10 0
BBX 9 9 0 -1
BITMAP
2200
2F80
F200
2F80
6A80
6A80
BA80
AA80
2200
ENDCHAR
STARTCHAR u6805.zh_hant
ENCODING 26629
SWIDTH 1000 0
DWIDTH 10 0
BBX 9 9 0 -1
BITMAP
3F80
2A80
EA80
2A80
7F80
6A80
AA80
AA80
2A80
ENDCHAR
STARTCHAR u6807
ENCODING 26631
SWIDTH 1000 0
DWIDTH 10 0
BBX 9 9 0 -1
BITMAP
4F00
4000
E000
5F80
C200
EB00
D280
4200
4600
ENDCHAR
STARTCHAR u6808.zh_hant
ENCODING 26632
SWIDTH 1000 0
DWIDTH 10 0
BBX 9 9 0 -1
BITMAP
2500
2F80
E400
2F80
6400
6500
A200
A680
2980
ENDCHAR
STARTCHAR u6809.zh_hant
ENCODING 26633
SWIDTH 1000 0
DWIDTH 10 0
BBX 9 9 0 -1
BITMAP
2500
2F80
F500
2000
6F80
7480
A480
A580
2400
ENDCHAR
STARTCHAR u680B.zh_hant
ENCODING 26635
SWIDTH 1000 0
DWIDTH 10 0
BBX 9 9 0 -1
BITMAP
2200
2F80
E400
2A00
6F80
6200
AB00
B280
2600
ENDCHAR
STARTCHAR u680F.zh_hant
ENCODING 26639
SWIDTH 1000 0
DWIDTH 10 0
BBX 9 9 0 -1
BITMAP
2480
2500
EF80
2000
6000
6700
A000
A000
2F80
ENDCHAR
STARTCHAR u6811.zh_hant
ENCODING 26641
SWIDTH 1000 0
DWIDTH 10 0
BBX 9 9 0 -1
BITMAP
4080
5C80
E780
5480
6A80
C980
5480
5480
4180
ENDCHAR
STARTCHAR u6813.zh_hant
ENCODING 26643
SWIDTH 1000 0
DWIDTH 10 0
BBX 9 9 0 -1
BITMAP
2700
2880
F000
2F80
6200
6F80
B200
A200
2F80
ENDCHAR
STARTCHAR u6816.zh_hant
ENCODING 26646
SWIDTH 1000 0
DWIDTH 10 0
BBX 9 9 0 -1
BITMAP
3F80
2400
FF80
2A80
6A80
6B80
B080
A080
3F80
ENDCHAR
STARTCHAR u6817.zh_hant
ENCODING 26647
SWIDTH 1000 0
DWIDTH 10 0
BBX 9 9 0 -1
BITMAP
FF80
1400
7F00
5500
7F00
0800
FF80
2A00
C980
ENDCHAR
STARTCHAR u6821
ENCODING 26657
SWIDTH 1000 0
DWIDTH 10 0
BBX 9 9 0 -1
BITMAP
2200
2F80
F500
2880
6500
7500
A200
2500
2880
ENDCHAR
STARTCHAR u6829.zh_hant
ENCODING 26665
SWIDTH 1000 0
DWIDTH 10 0
BBX 9 9 0 -1
BITMAP
3F80
2480
ED80
3680
6480
6D80
B680
A480
2D80
ENDCHAR
STARTCHAR u682A.zh_hant
ENCODING 26666
SWIDTH 1000 0
DWIDTH 10 0
BBX 9 9 0 -1
BITMAP
2A00
2F80
FA00
2200
7F80
6200
A700
AA80
3200
ENDCHAR
STARTCHAR u6832.zh_hant
ENCODING 26674
SWIDTH 1000 0
DWIDTH 10 0
BBX 9 9 0 -1
BITMAP
2400
3F80
E480
2500
7F80
6400
AF80
B080
2300
ENDCHAR
STARTCHAR u6833.zh_hant
ENCODING 26675
SWIDTH 1000 0
DWIDTH 10 0
BBX 9 9 0 -1
BITMAP
2400
2F80
F480
2500
7F80
6400
AF80
B400
2780
ENDCHAR
STARTCHAR u6837.zh_hant
ENCODING 26679
SWIDTH 1000 0
DWIDTH 10 0
BBX 9 9 0 -1
BITMAP
2480
2500
EF80
2200
6700
6200
AF80
A200
2200
ENDCHAR
STARTCHAR u6838.zh_hant
ENCODING 26680
SWIDTH 1000 0
DWIDTH 10 0
BBX 9 9 0 -1
BITMAP
2200
3F80
E480
2900
6A00
6480
A900
A600
3980
ENDCHAR
STARTCHAR u6839.zh_hant
ENCODING 26681
SWIDTH 1000 0
DWIDTH 10 0
BBX 9 9 0 -1
BITMAP
2F80
2880
FF80
2880
6F80
6A00
BA80
A900
2C80
ENDCHAR
STARTCHAR u683C
ENCODING 26684
SWIDTH 1000 0
DWIDTH 10 0
BBX 9 9 0 -1
BITMAP
4800
4F00
F100
4900
E600
D980
CF00
4900
4F00
ENDCHAR
STARTCHAR u683D.zh_hant
ENCODING 26685
SWIDTH 1000 0
DWIDTH 10 0
BBX 9 9 0 -1
BITMAP
2500
F480
2400
FF80
2200
FA80
3100
6A80
A480
ENDCHAR
STARTCHAR u6840.zh_hant
ENCODING 26688
SWIDTH 1000 0
DWIDTH 10 0
BBX 9 9 0 -1
BITMAP
7100
5780
D500
B500
2F80
4900
FF80
2A00
C980
ENDCHAR
STARTCHAR u6841.zh_hant
ENCODING 26689
SWIDTH 1000 0
DWIDTH 10 0
BBX 9 9 0 -1
BITMAP
2580
2800
F000
2780
6C80
7480
A480
A480
2580
ENDCHAR
STARTCHAR u6842.zh_hant
ENCODING 26690
SWIDTH 1000 0
DWIDTH 10 0
BBX 9 9 0 -1
BITMAP
2200
2F80
E200
3F80
6200
6F80
A200
A200
3F80
ENDCHAR
STARTCHAR u6843.zh_hant
ENCODING 26691
SWIDTH 1000 0
DWIDTH 10 0
BBX 9 9 0 -1
BITMAP
2A00
2A80
FB00
2A00
6B00
7A80
AA00
AA80
3380
ENDCHAR
STARTCHAR u6844.zh_hant
ENCODING 26692
SWIDTH 1000 0
DWIDTH 10 0
BBX 9 9 0 -1
BITMAP
2A80
2A80
F200
2F80
6500
7500
A500
A900
2980
ENDCHAR
STARTCHAR u6845.zh_hant
ENCODING 26693
SWIDTH 1000 0
DWIDTH 10 0
BBX 9 9 0 -1
BITMAP
2700
2900
FF80
2800
6F80
7480
B580
A400
2780
ENDCHAR
STARTCHAR u6846.zh_hant
ENCODING 26694
SWIDTH 1000 0
DWIDTH 10 0
BBX 9 9 0 -1
BITMAP
2F80
2800
FF80
2900
6B80
7900
AF80
A800
2F80
ENDCHAR
STARTCHAR u6848
ENCODING 26696
SWIDTH 1000 0
DWIDTH 10 0
BBX 9 9 0 -1
BITMAP
0800
FF80
9080
7F00
2200
1C00
FF80
2A00
C980
ENDCHAR
STARTCHAR u6849.zh_hant
ENCODING 26697
SWIDTH 1000 0
DWIDTH 10 0
BBX 9 9 0 -1
BITMAP
2200
2F80
F880
2400
6F80
7500
A500
A300
2C80
ENDCHAR
STARTCHAR u684C
ENCODING 26700
SWIDTH 1000 0
DWIDTH 10 0
BBX 9 9 0 -1
BITMAP
0F80
0800
7F00
4100
7F00
4100
FF80
2A00
C980
ENDCHAR
STARTCHAR u684E.zh_hant
ENCODING 26702
SWIDTH 1000 0
DWIDTH 10 0
BBX 9 9 0 -1
BITMAP
3F80
2200
F480
2F80
6200
6F80
B200
A200
3F80
ENDCHAR
STARTCHAR u6850
ENCODING 26704
SWIDTH 1000 0
DWIDTH 10 0
BBX 9 9 0 -1
BITMAP
5F80
5080
F780
5080
D780
F580
D780
5080
5180
ENDCHAR
STARTCHAR u6851.zh_hant
ENCODING 26705
SWIDTH 1000 0
DWIDTH 10 0
BBX 9 9 0 -1
BITMAP
7F00
2200
1C00
F780
5500
2A00
FF80
2900
C880
ENDCHAR
STARTCHAR u6853.zh_hant
ENCODING 26707
SWIDTH 1000 0
DWIDTH 10 0
BBX 9 9 0 -1
BITMAP
2F80
2000
FF80
2880
6F80
6880
AF80
A000
2F80
ENDCHAR
STARTCHAR u6854.zh_hant
ENCODING 26708
SWIDTH 1000 0
DWIDTH 10 0
BBX 9 9 0 -1
BITMAP
2200
3F80
E200
2F80
6000
6F80
B880
A880
2F80
ENDCHAR
STARTCHAR u6855.zh_hant
ENCODING 26709
SWIDTH 1000 0
DWIDTH 10 0
BBX 9 9 0 -1
BITMAP
2580
2880
F880
2880
6D80
6880
B880
A880
2F80
ENDCHAR
STARTCHAR u6862.zh_hant
ENCODING 26722
SWIDTH 1000 0
DWIDTH 10 0
BBX 9 9 0 -1
BITMAP
2400
2780
E400
2F80
6880
6A80
AA80
A500
3880
ENDCHAR
STARTCHAR u6863
ENCODING 26723
SWIDTH 1000 0
DWIDTH 10 0
BBX 9 9 0 -1
BITMAP
2200
2A80
F700
2200
6F80
7080
AF80
2080
2F80
ENDCHAR
STARTCHAR u6865.zh_hant
ENCODING 26725
SWIDTH 1000 0
DWIDTH 10 0
BBX 9 9 0 -1
BITMAP
2F80
2200
EF80
2500
6880
6500
A500
A900
2900
ENDCHAR
STARTCHAR u6866.zh_hant
ENCODING 26726
SWIDTH 1000 0
DWIDTH 10 0
BBX 9 9 0 -1
BITMAP
2680
2B00
FA00
2A80
6980
6200
BF80
A200
2200
ENDCHAR
STARTCHAR u6867.zh_hant
ENCODING 26727
SWIDTH 1000 0
DWIDTH 10 0
BBX 9 9 0 -1
BITMAP
2700
2880
F000
2F80
6000
7F80
A400
A880
2F80
ENDCHAR
STARTCHAR u6868.zh_hant
ENCODING 26728
SWIDTH 1000 0
DWIDTH 10 0
BBX 9 9 0 -1
BITMAP
A380
6480
2A80
6100
BE00
0800
FF80
2A00
C980
ENDCHAR
STARTCHAR u6869
ENCODING 26729
SWIDTH 1000 0
DWIDTH 10 0
BBX 9 9 0 -1
BITMAP
2100
FF80
2800
6900
7900
AB80
2900
2900
3780
ENDCHAR
STARTCHAR u6874.zh_hant
ENCODING 26740
SWIDTH 1000 0
DWIDTH 10 0
BBX 9 9 0 -1
BITMAP
2F80
2900
F480
2200
6F00
6100
BF80
A200
2600
ENDCHAR
STARTCHAR u6876.zh_hant
ENCODING 26742
SWIDTH 1000 0
DWIDTH 10 0
BBX 9 9 0 -1
BITMAP
5F00
4100
FF80
5280
5F80
D280
7F80
5280
5280
ENDCHAR
STARTCHAR u6877.zh_hant
ENCODING 26743
SWIDTH 1000 0
DWIDTH 10 0
BBX 9 9 0 -1
BITMAP
2700
2900
FF80
2A80
6F80
6A80
AF80
A880
3180
ENDCHAR
STARTCHAR u6881.zh_hant
ENCODING 26753
SWIDTH 1000 0
DWIDTH 10 0
BBX 9 9 0 -1
BITMAP
9F00
4500
1580
8900
5300
0800
FF80
2A00
C980
ENDCHAR
STARTCHAR u6883.zh_hant
ENCODING 26755
SWIDTH 1000 0
DWIDTH 10 0
BBX 9 9 0 -1
BITMAP
3F80
2500
E900
3F80
6500
7500
AB80
AC00
3380
ENDCHAR
STARTCHAR u6885.zh_hant
ENCODING 26757
SWIDTH 1000 0
DWIDTH 10 0
BBX 9 9 0 -1
BITMAP
2800
2F80
F000
2F80
6A80
7F80
AA80
AF80
2100
ENDCHAR
STARTCHAR u6886.zh_hant
ENCODING 26758
SWIDTH 1000 0
DWIDTH 10 0
BBX 9 9 0 -1
BITMAP
2B80
2E80
FA80
2F00
7A80
6E80
BB80
AA00
2A00
ENDCHAR
STARTCHAR u688F.zh_hant
ENCODING 26767
SWIDTH 1000 0
DWIDTH 10 0
BBX 9 9 0 -1
BITMAP
2A00
2F80
F200
2F80
6200
6F80
B880
A880
2F80
ENDCHAR
STARTCHAR u6893.zh_hant
ENCODING 26771
SWIDTH 1000 0
DWIDTH 10 0
BBX 9 9 0 -1
BITMAP
2200
3F80
E900
2900
7F80
6200
BF80
A200
2200
ENDCHAR
STARTCHAR u6897
ENCODING 26775
SWIDTH 1000 0
DWIDTH 10 0
BBX 9 9 0 -1
BITMAP
2F80
2200
FF80
2A80
6F80
7A80
AF80
2400
2B80
ENDCHAR
STARTCHAR u68A2.zh_hant
ENCODING 26786
SWIDTH 1000 0
DWIDTH 10 0
BBX 9 9 0 -1
BITMAP
2200
2A80
FB00
2200
6F80
6880
AF80
A880
2980
ENDCHAR
STARTCHAR u68A6.zh_hant
ENCODING 26790
SWIDTH 1000 0
DWIDTH 10 0
BBX 9 9 0 -1
BITMAP
2200
FF80
2600
6B00
BE80
2200
5200
0C00
7000
ENDCHAR
STARTCHAR u68A7
ENCODING 26791
SWIDTH 1000 0
DWIDTH 10 0
BBX 9 9 0 -1
BITMAP
2F80
2200
FF00
2500
6F80
7000
AF80
2880
2F80
ENDCHAR
STARTCHAR u68A8.zh_hant
ENCODING 26792
SWIDTH 1000 0
DWIDTH 10 0
BBX 9 9 0 -1
BITMAP
FA80
2280
FA80
6080
A980
0800
FF80
2A00
C980
ENDCHAR
STARTCHAR u68AD.zh_hant
ENCODING 26797
SWIDTH 1000 0
DWIDTH 10 0
BBX 9 9 0 -1
BITMAP
2400
2880
FF80
2500
7980
6700
B900
A600
3980
ENDCHAR
STARTCHAR u68AF.zh_hant
ENCODING 26799
SWIDTH 1000 0
DWIDTH 10 0
BBX 9 9 0 -1
BITMAP
2900
2A00
FF80
2480
7F80
6400
BF80
9480
2580
ENDCHAR
STARTCHAR u68B0.zh_hant
ENCODING 26800
SWIDTH 1000 0
DWIDTH 10 0
BBX 9 9 0 -1
BITMAP
2280
3F80
E200
2A80
7E80
6B00
A900
A280
2C80
ENDCHAR
STARTCHAR u68B3.zh_hant
ENCODING 26803
SWIDTH 1000 0
DWIDTH 10 0
BBX 9 9 0 -1
BITMAP
2200
2F80
F200
2480
6F80
6000
AA80
AA80
3280
ENDCHAR
STARTCHAR u68B5.zh_hant
ENCODING 26805
SWIDTH 1000 0
DWIDTH 10 0
BBX 9 9 0 -1
BITMAP
2200
FF80
2600
6B00
A280
3E00
2200
3280
CB80
ENDCHAR
STARTCHAR u68C0.zh_hant
ENCODING 26816
SWIDTH 1000 0
DWIDTH 10 0
BBX 9 9 0 -1
BITMAP
2600
2900
F080
2F00
6000
6A80
AA80
A100
3F80
ENDCHAR
STARTCHAR u68C9.zh_hant
ENCODING 26825
SWIDTH 1000 0
DWIDTH 10 0
BBX 9 9 0 -1
BITMAP
2400
2F80
F880
2F80
6880
6F80
BA80
AB80
2200
ENDCHAR
STARTCHAR u68CB.zh_hant
ENCODING 26827
SWIDTH 1000 0
DWIDTH 10 0
BBX 9 9 0 -1
BITMAP
2900
3F80
E900
2F00
6900
7F80
A000
A500
2880
ENDCHAR
STARTCHAR u68CD.zh_hant
ENCODING 26829
SWIDTH 1000 0
DWIDTH 10 0
BBX 9 9 0 -1
BITMAP
2F80
2880
FF80
2880
6F80
7900
AD80
A900
2D80
ENDCHAR
STARTCHAR u68D2.zh_hant
ENCODING 26834
SWIDTH 1000 0
DWIDTH 10 0
BBX 9 9 0 -1
BITMAP
2200
3F80
E500
3F80
6A00
7F80
A200
BF80
2200
ENDCHAR
STARTCHAR u68D5.zh_hant
ENCODING 26837
SWIDTH 1000 0
DWIDTH 10 0
BBX 9 9 0 -1
BITMAP
2200
3F80
E080
2F00
6000
7F80
A200
AA80
3280
ENDCHAR
STARTCHAR u68D8.zh_hant
ENCODING 26840
SWIDTH 1000 0
DWIDTH 10 0
BBX 9 9 0 -1
BITMAP
2200
FF80
2200
FF80
AA80
AA80
6300
B680
2200
ENDCHAR
STARTCHAR u68DA.zh_hant
ENCODING 26842
SWIDTH 1000 0
DWIDTH 10 0
BBX 9 9 0 -1
BITMAP
3B80
2A80
FB80
2A80
6A80
7B80
AA80
AA80
2A80
ENDCHAR
STARTCHAR u68E0
ENCODING 26848
SWIDTH 1000 0
DWIDTH 10 0
BBX 9 9 0 -1
BITMAP
4900
2A00
FF80
A280
3E00
0800
FF80
2A00
C980
ENDCHAR
STARTCHAR u68E3.zh_hant
ENCODING 26851
SWIDTH 1000 0
DWIDTH 10 0
BBX 9 9 0 -1
BITMAP
2200
2F80
F280
2F80
6280
6F80
B680
AB00
3680
ENDCHAR
STARTCHAR u68EE
ENCODING 26862
SWIDTH 1000 0
DWIDTH 10 0
BBX 9 9 0 -1
BITMAP
0800
FF80
2A00
C980
2200
FF80
2200
7700
AA80
ENDCHAR
STARTCHAR u68F1.zh_hant
ENCODING 26865
SWIDTH 1000 0
DWIDTH 10 0
BBX 9 9 0 -1
BITMAP
2200
2F80
F200
2F80
7500
6B80
A500
A200
2D80
ENDCHAR
STARTCHAR u68F5
ENCODING 26869
SWIDTH 1000 0
DWIDTH 10 0
BBX 9 9 0 -1
BITMAP
2F80
2A80
FF80
2A80
6F80
7200
AF80
2700
2A80
ENDCHAR
STARTCHAR u68F9.zh_hant
ENCODING 26873
SWIDTH 1000 0
DWIDTH 10 0
BBX 9 9 0 -1
BITMAP
2200
2380
F200
2F80
6880
6F80
A880
BF80
2200
ENDCHAR
STARTCHAR u68FA.zh_hant
ENCODING 26874
SWIDTH 1000 0
DWIDTH 10 0
BBX 9 9 0 -1
BITMAP
2400
2F80
F880
2700
6500
7780
A480
A480
2780
ENDCHAR
STARTCHAR u68FC.zh_hant
ENCODING 26876
SWIDTH 1000 0
DWIDTH 10 0
BBX 9 9 0 -1
BITMAP
2200
FF80
6600
AA80
3600
C180
7F00
1100
E600
ENDCHAR
STARTCHAR u6901.zh_hant
ENCODING 26881
SWIDTH 1000 0
DWIDTH 10 0
BBX 9 9 0 -1
BITMAP
2200
3F80
E880
2F80
6100
6200
BF80
A200
2600
ENDCHAR
STARTCHAR u6905.zh_hant
ENCODING 26885
SWIDTH 1000 0
DWIDTH 10 0
BBX 9 9 0 -1
BITMAP
2200
3F80
E500
2880
7F80
6A80
AA80
AE80
2180
ENDCHAR
STARTCHAR u690B.zh_hant
ENCODING 26891
SWIDTH 1000 0
DWIDTH 10 0
BBX 9 9 0 -1
BITMAP
2200
3F80
E000
2F80
6880
6F80
A200
AA80
3680
ENDCHAR
STARTCHAR u690D
ENCODING 26893
SWIDTH 1000 0
DWIDTH 10 0
BBX 9 9 0 -1
BITMAP
4F80
4200
EF80
4880
4B80
CC80
6B80
4880
5F80
ENDCHAR
STARTCHAR u690E.zh_hant
ENCODING 26894
SWIDTH 1000 0
DWIDTH 10 0
BBX 9 9 0 -1
BITMAP
2500
2F80
F900
2F80
6900
6F80
B900
A900
2F80
ENDCHAR
STARTCHAR u6912.zh_hant
ENCODING 26898
SWIDTH 1000 0
DWIDTH 10 0
BBX 9 9 0 -1
BITMAP
2B80
2E80
EA80
3E80
6A80
6D00
B900
AA80
3C80
ENDCHAR
STARTCHAR u691F
ENCODING 26911
SWIDTH 1000 0
DWIDTH 10 0
BBX 9 9 0 -1
BITMAP
2200
2F80
F200
2F80
6480
6A00
BF80
2500
3880
ENDCHAR
STARTCHAR u692D.zh_hant
ENCODING 26925
SWIDTH 1000 0
DWIDTH 10 0
BBX 9 9 0 -1
BITMAP
5900
5780
FA00
5780
7A80
D380
5280
5380
5280
ENDCHAR
STARTCHAR u6930.zh_hant
ENCODING 26928
SWIDTH 1000 0
DWIDTH 10 0
BBX 9 9 0 -1
BITMAP
3F80
2A80
FE80
2B00
6E80
7A80
AA80
AF00
3200
ENDCHAR
STARTCHAR u6934.zh_hant
ENCODING 26932
SWIDTH 1000 0
DWIDTH 10 0
BBX 9 9 0 -1
BITMAP
5F80
5280
FE80
5280
5C00
D380
7E80
5100
5680
ENDCHAR
STARTCHAR u6939.zh_hant
ENCODING 26937
SWIDTH 1000 0
DWIDTH 10 0
BBX 9 9 0 -1
BITMAP
4900
5F80
E900
4F00
4980
DF00
7580
5000
5F80
ENDCHAR
STARTCHAR u693D.zh_hant
ENCODING 26941
SWIDTH 1000 0
DWIDTH 10 0
BBX 9 9 0 -1
BITMAP
4F80
4900
EF00
4200
7F80
CA00
7680
4B00
5680
ENDCHAR
STARTCHAR u693F.zh_hant
ENCODING 26943
SWIDTH 1000 0
DWIDTH 10 0
BBX 9 9 0 -1
BITMAP
2200
3F80
E200
2F80
6480
7F80
AC80
B480
2780
ENDCHAR
STARTCHAR u6942.zh_hant
ENCODING 26946
SWIDTH 1000 0
DWIDTH 10 0
BBX 9 9 0 -1
BITMAP
2200
2F80
F700
2A80
7780
6480
A780
A480
2F80
ENDCHAR
STARTCHAR u6954.zh_hant
ENCODING 26964
SWIDTH 1000 0
DWIDTH 10 0
BBX 9 9 0 -1
BITMAP
4B80
5E80
EA80
5C80
4900
DF80
6200
4500
5880
ENDCHAR
STARTCHAR u695A.zh_hant
ENCODING 26970
SWIDTH 1000 0
DWIDTH 10 0
BBX 9 9 0 -1
BITMAP
2200
FF80
6680
AA00
FF80
0880
2F00
3800
C780
ENDCHAR
STARTCHAR u695D.zh_hant
ENCODING 26973
SWIDTH 1000 0
DWIDTH 10 0
BBX 9 9 0 -1
BITMAP
4200
7F80
D280
5B80
5680
DB80
6600
4A80
7280
ENDCHAR
STARTCHAR u695E.zh_hant
ENCODING 26974
SWIDTH 1000 0
DWIDTH 10 0
BBX 9 9 0 -1
BITMAP
3F80
2A80
FF80
2200
7F80
6400
AF80
A880
2300
ENDCHAR
STARTCHAR u6960.zh_hant
ENCODING 26976
SWIDTH 1000 0
DWIDTH 10 0
BBX 9 9 0 -1
BITMAP
2400
3F80
E400
3F80
6A80
7F80
A480
BF80
2480
ENDCHAR
STARTCHAR u6963.zh_hant
ENCODING 26979
SWIDTH 1000 0
DWIDTH 10 0
BBX 9 9 0 -1
BITMAP
2F80
2A80
FF80
2800
6F80
6C80
B780
A480
2780
ENDCHAR
STARTCHAR u6966.zh_hant
ENCODING 26982
SWIDTH 1000 0
DWIDTH 10 0
BBX 9 9 0 -1
BITMAP
2200
2F80
F880
2700
6000
7700
A500
A500
2F80
ENDCHAR
STARTCHAR u696B.zh_hant
ENCODING 26987
SWIDTH 1000 0
DWIDTH 10 0
BBX 9 9 0 -1
BITMAP
2F80
2880
FF80
2880
6F80
6880
AF80
B880
2080
ENDCHAR
STARTCHAR u696E.zh_hant
ENCODING 26990
SWIDTH 1000 0
DWIDTH 10 0
BBX 9 9 0 -1
BITMAP
2480
2F80
F480
2500
7F80
6880
BF80
A880
2F80
ENDCHAR
STARTCHAR u6971.zh_hant
ENCODING 26993
SWIDTH 1000 0
DWIDTH 10 0
BBX 9 9 0 -1
BITMAP
2200
3F80
E400
3F80
6900
7280
BF80
A500
2880
ENDCHAR
STARTCHAR u6977.zh_hant
ENCODING 26999
SWIDTH 1000 0
DWIDTH 10 0
BBX 9 9 0 -1
BITMAP
2900
2D80
F900
2900
6F80
6880
BF80
A880
2F80
ENDCHAR
STARTCHAR u6978.zh_hant
ENCODING 27000
SWIDTH 1000 0
DWIDTH 10 0
BBX 9 9 0 -1
BITMAP
5E00
4A80
EA80
5E80
4B00
DA00
6A00
4D00
4880
ENDCHAR
STARTCHAR u6979.zh_hant
ENCODING 27001
SWIDTH 1000 0
DWIDTH 10 0
BBX 9 9 0 -1
BITMAP
3F00
2900
EF80
3280
6500
7F80
AA80
AA80
3F80
ENDCHAR
STARTCHAR u697C.zh_hant
ENCODING 27004
SWIDTH 1000 0
DWIDTH 10 0
BBX 9 9 0 -1
BITMAP
2A80
2A00
FF80
2600
6A80
7F80
A900
A700
3880
ENDCHAR
STARTCHAR u6982.zh_hant
ENCODING 27010
SWIDTH 1000 0
DWIDTH 10 0
BBX 9 9 0 -1
BITMAP
5F80
5500
FD00
5780
5D00
D300
7500
5D00
4980
ENDCHAR
STARTCHAR u6984.zh_hant
ENCODING 27012
SWIDTH 1000 0
DWIDTH 10 0
BBX 9 9 0 -1
BITMAP
5500
5580
F600
5580
4880
6A80
CA80
4600
5B80
ENDCHAR
STARTCHAR u6986.zh_hant
ENCODING 27014
SWIDTH 1000 0
DWIDTH 10 0
BBX 9 9 0 -1
BITMAP
2F00
2080
FF80
2000
6E80
6A80
AF00
AA80
2A80
ENDCHAR
STARTCHAR u6988.zh_hant
ENCODING 27016
SWIDTH 1000 0
DWIDTH 10 0
BBX 9 9 0 -1
BITMAP
5380
4880
EE80
5280
5E80
D080
7E80
5280
5F80
ENDCHAR
STARTCHAR u6989.zh_hant
ENCODING 27017
SWIDTH 1000 0
DWIDTH 10 0
BBX 9 9 0 -1
BITMAP
2A80
2100
FF80
2900
7280
6F00
A200
BF80
2200
ENDCHAR
STARTCHAR u6994.zh_hant
ENCODING 27028
SWIDTH 1000 0
DWIDTH 10 0
BBX 9 9 0 -1
BITMAP
4B80
5E80
F280
5F00
5280
DE80
7280
5700
5A00
ENDCHAR
STARTCHAR u6995.zh_hant
ENCODING 27029
SWIDTH 1000 0
DWIDTH 10 0
BBX 9 9 0 -1
BITMAP
2200
3F80
E500
2880
6700
6880
BF80
A880
2F80
ENDCHAR
STARTCHAR u699B.zh_hant
ENCODING 27035
SWIDTH 1000 0
DWIDTH 10 0
BBX 9 9 0 -1
BITMAP
2200
3F80
E200
3F80
6500
7F80
AA80
B700
2A80
ENDCHAR
STARTCHAR u699C.zh_hant
ENCODING 27036
SWIDTH 1000 0
DWIDTH 10 0
BBX 9 9 0 -1
BITMAP
2400
3F80
E900
2900
7F80
6480
BF80
A880
3300
ENDCHAR
STARTCHAR u69A7.zh_hant
ENCODING 27047
SWIDTH 1000 0
DWIDTH 10 0
BBX 9 9 0 -1
BITMAP
5F80
5500
FD80
5500
5500
DD80
7500
5000
5F80
ENDCHAR
STARTCHAR u69A8.zh_hant
ENCODING 27048
SWIDTH 1000 0
DWIDTH 10 0
BBX 9 9 0 -1
BITMAP
2400
3F80
EA80
3300
6400
6F80
B400
A780
2400
ENDCHAR
STARTCHAR u69AB.zh_hant
ENCODING 27051
SWIDTH 1000 0
DWIDTH 10 0
BBX 9 9 0 -1
BITMAP
2500
2F80
F900
2F80
6900
6F80
B200
AF80
2200
ENDCHAR
STARTCHAR u69AD.zh_hant
ENCODING 27053
SWIDTH 1000 0
DWIDTH 10 0
BBX 9 9 0 -1
BITMAP
2880
3C80
E780
3C80
6680
7D80
A480
B480
2D80
ENDCHAR
STARTCHAR u69B1.zh_hant
ENCODING 27057
SWIDTH 1000 0
DWIDTH 10 0
BBX 9 9 0 -1
BITMAP
4400
7F80
D100
7F80
5100
5F80
CA80
7100
5C80
ENDCHAR
STARTCHAR u69B4.zh_hant
ENCODING 27060
SWIDTH 1000 0
DWIDTH 10 0
BBX 9 9 0 -1
BITMAP
5B80
5280
F280
5480
5F80
D280
7F80
5280
5F80
ENDCHAR
STARTCHAR u69B7.zh_hant
ENCODING 27063
SWIDTH 1000 0
DWIDTH 10 0
BBX 9 9 0 -1
BITMAP
2200
3F80
E480
2900
6F80
7900
AF80
A900
2F80
ENDCHAR
STARTCHAR u69BB.zh_hant
ENCODING 27067
SWIDTH 1000 0
DWIDTH 10 0
BBX 9 9 0 -1
BITMAP
2F80
2880
FF80
2880
6F80
7480
AD80
B680
2D80
ENDCHAR
STARTCHAR u69C1.zh_hant
ENCODING 27073
SWIDTH 1000 0
DWIDTH 10 0
BBX 9 9 0 -1
BITMAP
2400
3F80
E900
2F00
6000
7F80
AA80
AE80
2180
ENDCHAR
STARTCHAR u69CA.zh_hant
ENCODING 27082
SWIDTH 1000 0
DWIDTH 10 0
BBX 9 9 0 -1
BITMAP
1780
FC80
2780
A480
FC80
4800
FF80
2A00
C980
ENDCHAR
STARTCHAR u69CC.zh_hant
ENCODING 27084
SWIDTH 1000 0
DWIDTH 10 0
BBX 9 9 0 -1
BITMAP
3200
2B80
F680
2300
7A80
6A80
AB80
AC00
3380
ENDCHAR
STARTCHAR u69CE.zh_hant
ENCODING 27086
SWIDTH 1000 0
DWIDTH 10 0
BBX 9 9 0 -1
BITMAP
2200
2F80
F200
2F80
6200
7F80
A500
A900
3780
ENDCHAR
STARTCHAR u69D0.zh_hant
ENCODING 27088
SWIDTH 1000 0
DWIDTH 10 0
BBX 9 9 0 -1
BITMAP
4800
5F80
F480
5F80
5480
DF80
6D00
5480
6780
ENDCHAR
STARTCHAR u69DB.zh_hant
ENCODING 27099
SWIDTH 1000 0
DWIDTH 10 0
BBX 9 9 0 -1
BITMAP
5500
5580
F600
5580
6000
CF80
4A80
4A80
5F80
ENDCHAR
STARTCHAR u69DF.zh_hant
ENCODING 27103
SWIDTH 1000 0
DWIDTH 10 0
BBX 9 9 0 -1
BITMAP
2200
2F80
E880
2300
6400
6F80
A900
BF80
2900
ENDCHAR
STARTCHAR u69ED.zh_hant
ENCODING 27117
SWIDTH 1000 0
DWIDTH 10 0
BBX 9 9 0 -1
BITMAP
2280
3F80
EA00
2E80
6A80
7D00
A900
BA80
2C80
ENDCHAR
STARTCHAR u69F2.zh_hant
ENCODING 27122
SWIDTH 1000 0
DWIDTH 10 0
BBX 9 9 0 -1
BITMAP
2E80
3380
FE80
2B80
7E80
6A80
BF80
A280
2680
ENDCHAR
STARTCHAR u69FD.zh_hant
ENCODING 27133
SWIDTH 1000 0
DWIDTH 10 0
BBX 9 9 0 -1
BITMAP
2A00
3F80
EA80
3F80
6A80
7F80
A880
A880
2F80
ENDCHAR
STARTCHAR u69FF.zh_hant
ENCODING 27135
SWIDTH 1000 0
DWIDTH 10 0
BBX 9 9 0 -1
BITMAP
2500
3F80
EA80
2A80
6F80
7200
AF80
A200
3F80
ENDCHAR
STARTCHAR u6A0A.zh_hant
ENCODING 27146
SWIDTH 1000 0
DWIDTH 10 0
BBX 9 9 0 -1
BITMAP
5500
EB80
5500
6B00
D580
4900
FF80
2200
C180
ENDCHAR
STARTCHAR u6A17.zh_hant
ENCODING 27159
SWIDTH 1000 0
DWIDTH 10 0
BBX 9 9 0 -1
BITMAP
3F80
2400
FF80
2480
6D80
6400
BF80
A880
2300
ENDCHAR
STARTCHAR u6A1F.zh_hant
ENCODING 27167
SWIDTH 1000 0
DWIDTH 10 0
BBX 9 9 0 -1
BITMAP
2200
3F80
E900
3F80
6880
6F80
A880
BF80
2200
ENDCHAR
STARTCHAR u6A21.zh_hant
ENCODING 27169
SWIDTH 1000 0
DWIDTH 10 0
BBX 9 9 0 -1
BITMAP
3F80
2500
EF80
2880
6F80
6880
BF80
A500
3880
ENDCHAR
STARTCHAR u6A2A.zh_hant
ENCODING 27178
SWIDTH 1000 0
DWIDTH 10 0
BBX 9 9 0 -1
BITMAP
2500
3F80
E500
3F80
6A80
6F80
AA80
AF00
3080
ENDCHAR
STARTCHAR u6A31.zh_hant
ENCODING 27185
SWIDTH 1000 0
DWIDTH 10 0
BBX 9 9 0 -1
BITMAP
5B80
6A80
D980
6A80
4400
FF80
5100
4E00
5180
ENDCHAR
STARTCHAR u6A35.zh_hant
ENCODING 27189
SWIDTH 1000 0
DWIDTH 10 0
BBX 9 9 0 -1
BITMAP
2500
2F80
F900
2F80
6900
6F80
A000
AA80
2A80
ENDCHAR
STARTCHAR u6A3D.zh_hant
ENCODING 27197
SWIDTH 1000 0
DWIDTH 10 0
BBX 9 9 0 -1
BITMAP
2900
3F80
EA80
2D80
6880
7F80
A080
A880
2580
ENDCHAR
STARTCHAR u6A3E.zh_hant
ENCODING 27198
SWIDTH 1000 0
DWIDTH 10 0
BBX 9 9 0 -1
BITMAP
5100
7F80
D500
7D80
5500
DC80
5680
6800
4780
ENDCHAR
STARTCHAR u6A44.zh_hant
ENCODING 27204
SWIDTH 1000 0
DWIDTH 10 0
BBX 9 9 0 -1
BITMAP
7E00
4B80
FC80
5680
5E80
5500
DD00
7680
4480
ENDCHAR
STARTCHAR u6A47.zh_hant
ENCODING 27207
SWIDTH 1000 0
DWIDTH 10 0
BBX 9 9 0 -1
BITMAP
2F00
2400
FF80
2400
7F80
6900
BF80
A900
2D80
ENDCHAR
STARTCHAR u6A58.zh_hant
ENCODING 27224
SWIDTH 1000 0
DWIDTH 10 0
BBX 9 9 0 -1
BITMAP
2F00
2200
FF80
2500
7F80
6A80
BF80
AA80
2E80
ENDCHAR
STARTCHAR u6A59.zh_hant
ENCODING 27225
SWIDTH 1000 0
DWIDTH 10 0
BBX 9 9 0 -1
BITMAP
3D00
2580
F700
2880
7F80
6880
AF80
A500
3F80
ENDCHAR
STARTCHAR u6A5B.zh_hant
ENCODING 27227
SWIDTH 1000 0
DWIDTH 10 0
BBX 9 9 0 -1
BITMAP
5F80
5500
EA00
5F80
4A80
D500
7D00
4A80
5480
ENDCHAR
STARTCHAR u6A61
ENCODING 27233
SWIDTH 1000 0
DWIDTH 10 0
BBX 9 9 0 -1
BITMAP
4F00
5100
FF80
5480
DF80
EA80
D700
4A80
5680
ENDCHAR
STARTCHAR u6A65.zh_hant
ENCODING 27237
SWIDTH 1000 0
DWIDTH 10 0
BBX 9 9 0 -1
BITMAP
5280
2780
D200
3780
D280
2280
FF80
2A00
C980
ENDCHAR
STARTCHAR u6A71.zh_hant
ENCODING 27249
SWIDTH 1000 0
DWIDTH 10 0
BBX 9 9 0 -1
BITMAP
5F80
5480
FF80
5480
5E80
D580
7A80
4480
5D80
ENDCHAR
STARTCHAR u6A79.zh_hant
ENCODING 27257
SWIDTH 1000 0
DWIDTH 10 0
BBX 9 9 0 -1
BITMAP
2700
3900
EF80
2A80
6F80
6000
BF80
A880
2F80
ENDCHAR
STARTCHAR u6A80.zh_hant
ENCODING 27264
SWIDTH 1000 0
DWIDTH 10 0
BBX 9 9 0 -1
BITMAP
4200
5F80
F480
5780
5080
DF80
6900
4900
5F80
ENDCHAR
STARTCHAR u6A84.zh_hant
ENCODING 27268
SWIDTH 1000 0
DWIDTH 10 0
BBX 9 9 0 -1
BITMAP
4A00
5F80
F480
5E80
5280
7F00
D500
5680
6C80
ENDCHAR
STARTCHAR u6A8E.zh_hant
ENCODING 27278
SWIDTH 1000 0
DWIDTH 10 0
BBX 9 9 0 -1
BITMAP
4F00
5480
FF80
4A80
5F80
C400
7F80
5480
5680
ENDCHAR
STARTCHAR u6A90.zh_hant
ENCODING 27280
SWIDTH 1000 0
DWIDTH 10 0
BBX 9 9 0 -1
BITMAP
4700
4900
FF80
5500
5B80
D000
6F80
4880
4F80
ENDCHAR
STARTCHAR u6A91.zh_hant
ENCODING 27281
SWIDTH 1000 0
DWIDTH 10 0
BBX 9 9 0 -1
BITMAP
5F80
E200
5F80
D280
7B80
4200
5F80
5280
5F80
ENDCHAR
STARTCHAR u6A97.zh_hant
ENCODING 27287
SWIDTH 1000 0
DWIDTH 10 0
BBX 9 9 0 -1
BITMAP
F200
9F80
F500
9F80
F200
8800
FF80
2A00
C980
ENDCHAR
STARTCHAR u6AA0.zh_hant
ENCODING 27296
SWIDTH 1000 0
DWIDTH 10 0
BBX 9 9 0 -1
BITMAP
A400
FF80
AA80
EB00
3480
0800
FF80
2A00
C980
ENDCHAR
STARTCHAR u6AA9.zh_hant
ENCODING 27305
SWIDTH 1000 0
DWIDTH 10 0
BBX 9 9 0 -1
BITMAP
4400
7F80
D480
5780
5080
7F80
C200
4A80
5680
ENDCHAR
STARTCHAR u6AAC.zh_hant
ENCODING 27308
SWIDTH 1000 0
DWIDTH 10 0
BBX 9 9 0 -1
BITMAP
2500
3F80
E500
3F80
6480
6B00
B680
AB00
3680
ENDCHAR
STARTCHAR u6B20.zh_hant
ENCODING 27424
SWIDTH 1000 0
DWIDTH 10 0
BBX 9 9 0 -1
BITMAP
2000
3F80
4880
8880
8800
0800
1400
2200
C180
ENDCHAR
STARTCHAR u6B21.zh_hant
ENCODING 27425
SWIDTH 1000 0
DWIDTH 10 0
BBX 9 9 0 -1
BITMAP
8800
4F80
0A80
1280
1200
4200
4200
8500
9880
ENDCHAR
STARTCHAR u6B22.zh_hant
ENCODING 27426
SWIDTH 1000 0
DWIDTH 10 0
BBX 9 9 0 -1
BITMAP
0400
F780
1880
5200
2200
5200
9500
0500
0880
ENDCHAR
STARTCHAR u6B23.zh_hant
ENCODING 27427
SWIDTH 1000 0
DWIDTH 10 0
BBX 9 9 0 -1
BITMAP
3800
CF80
8A80
F280
A200
A200
A200
A500
3880
ENDCHAR
STARTCHAR u6B24.zh_hant
ENCODING 27428
SWIDTH 1000 0
DWIDTH 10 0
BBX 9 9 0 -1
BITMAP
4400
7780
4880
4200
F200
1200
D500
1500
6880
ENDCHAR
STARTCHAR u6B27.zh_hant
ENCODING 27431
SWIDTH 1000 0
DWIDTH 10 0
BBX 9 9 0 -1
BITMAP
F400
8780
8880
AA00
9200
AA00
C500
8500
F880
ENDCHAR
STARTCHAR u6B32.zh_hant
ENCODING 27442
SWIDTH 1000 0
DWIDTH 10 0
BBX 9 9 0 -1
BITMAP
5400
8F80
0A80
6280
9200
0A00
F200
9500
F880
ENDCHAR
STARTCHAR u6B37.zh_hant
ENCODING 27447
SWIDTH 1000 0
DWIDTH 10 0
BBX 9 9 0 -1
BITMAP
CC00
3780
4A80
FA80
4200
FA00
AA00
AD00
2880
ENDCHAR
STARTCHAR u6B39.zh_hant
ENCODING 27449
SWIDTH 1000 0
DWIDTH 10 0
BBX 9 9 0 -1
BITMAP
2400
FF80
2A80
5280
8A00
FA00
AA00
ED00
1880
ENDCHAR
STARTCHAR u6B3A.zh_hant
ENCODING 27450
SWIDTH 1000 0
DWIDTH 10 0
BBX 9 9 0 -1
BITMAP
4800
FF80
4A80
7A80
4A00
FA00
0200
5500
8880
ENDCHAR
STARTCHAR u6B3E
ENCODING 27454
SWIDTH 1000 0
DWIDTH 10 0
BBX 9 9 0 -1
BITMAP
2400
FF80
2880
FA80
0200
FA00
2500
AD00
A880
ENDCHAR
STARTCHAR u6B43.zh_hant
ENCODING 27459
SWIDTH 1000 0
DWIDTH 10 0
BBX 9 9 0 -1
BITMAP
FC00
2780
FA80
2280
DA00
AA00
DA00
AD00
F880
ENDCHAR
STARTCHAR u6B46.zh_hant
ENCODING 27462
SWIDTH 1000 0
DWIDTH 10 0
BBX 9 9 0 -1
BITMAP
2400
F780
5880
5200
F200
9200
F500
9480
F880
ENDCHAR
STARTCHAR u6B47.zh_hant
ENCODING 27463
SWIDTH 1000 0
DWIDTH 10 0
BBX 9 9 0 -1
BITMAP
F400
9780
FA80
9280
FA00
8A00
AA00
CD00
3080
ENDCHAR
STARTCHAR u6B49.zh_hant
ENCODING 27465
SWIDTH 1000 0
DWIDTH 10 0
BBX 9 9 0 -1
BITMAP
AA00
5780
FC80
5580
FD00
5500
FD00
5A80
D480
ENDCHAR
STARTCHAR u6B4C
ENCODING 27468
SWIDTH 1000 0
DWIDTH 10 0
BBX 9 9 0 -1
BITMAP
FC00
5780
7480
1280
FA00
5200
7500
1500
3880
ENDCHAR
STARTCHAR u6B59.zh_hant
ENCODING 27481
SWIDTH 1000 0
DWIDTH 10 0
BBX 9 9 0 -1
BITMAP
7A00
8780
FC80
4980
4D00
B500
6D00
B680
6C80
ENDCHAR
STARTCHAR u6B62
ENCODING 27490
SWIDTH 1000 0
DWIDTH 10 0
BBX 9 9 0 -1
BITMAP
0800
0800
0800
4800
4F00
4800
4800
4800
FF80
ENDCHAR
STARTCHAR u6B63
ENCODING 27491
SWIDTH 1000 0
DWIDTH 10 0
BBX 9 9 0 -1
BITMAP
FF80
0800
0800
4800
4F00
4800
4800
4800
FF80
ENDCHAR
STARTCHAR u6B64.zh_hant
ENCODING 27492
SWIDTH 1000 0
DWIDTH 10 0
BBX 9 9 0 -1
BITMAP
2400
2400
2480
BD00
A600
A400
A400
BC80
C780
ENDCHAR
STARTCHAR u6B65.zh_hant
ENCODING 27493
SWIDTH 1000 0
DWIDTH 10 0
BBX 9 9 0 -1
BITMAP
0800
4F00
4800
FF80
0800
4800
9980
0600
7800
ENDCHAR
STARTCHAR u6B66.zh_hant
ENCODING 27494
SWIDTH 1000 0
DWIDTH 10 0
BBX 9 9 0 -1
BITMAP
7480
0480
FF80
1200
1E00
5100
5100
5E80
E080
ENDCHAR
STARTCHAR u6B67.zh_hant
ENCODING 27495
SWIDTH 1000 0
DWIDTH 10 0
BBX 9 9 0 -1
BITMAP
2200
2F80
B200
A200
AF80
A080
B500
E600
1980
ENDCHAR
STARTCHAR u6B6A.zh_hant
ENCODING 27498
SWIDTH 1000 0
DWIDTH 10 0
BBX 9 9 0 -1
BITMAP
FF80
1800
2A00
4900
FF80
0800
4F00
4800
FF80
ENDCHAR
STARTCHAR u6B79.zh_hant
ENCODING 27513
SWIDTH 1000 0
DWIDTH 10 0
BBX 9 9 0 -1
BITMAP
FF80
0800
0800
1F00
6100
1100
0A00
0C00
7000
ENDCHAR
STARTCHAR u6B7B.zh_hant
ENCODING 27515
SWIDTH 1000 0
DWIDTH 10 0
BBX 9 9 0 -1
BITMAP
FF80
4400
7480
5500
D600
B400
1480
2480
C780
ENDCHAR
STARTCHAR u6B7C.zh_hant
ENCODING 27516
SWIDTH 1000 0
DWIDTH 10 0
BBX 9 9 0 -1
BITMAP
F180
4E00
7200
9200
5F80
3200
1200
2200
C200
ENDCHAR
STARTCHAR u6B81.zh_hant
ENCODING 27521
SWIDTH 1000 0
DWIDTH 10 0
BBX 9 9 0 -1
BITMAP
F780
4480
7480
5C80
D000
B780
1480
2300
CC80
ENDCHAR
STARTCHAR u6B82.zh_hant
ENCODING 27522
SWIDTH 1000 0
DWIDTH 10 0
BBX 9 9 0 -1
BITMAP
F780
4480
7780
5480
D480
B780
1480
2480
DF80
ENDCHAR
STARTCHAR u6B83.zh_hant
ENCODING 27523
SWIDTH 1000 0
DWIDTH 10 0
BBX 9 9 0 -1
BITMAP
F200
4F80
6A80
AA80
AA80
7F80
2200
4500
9880
ENDCHAR
STARTCHAR u6B84.zh_hant
ENCODING 27524
SWIDTH 1000 0
DWIDTH 10 0
BBX 9 9 0 -1
BITMAP
F700
4880
7300
5C00
D180
B600
1080
2300
CC00
ENDCHAR
STARTCHAR u6B86.zh_hant
ENCODING 27526
SWIDTH 1000 0
DWIDTH 10 0
BBX 9 9 0 -1
BITMAP
F400
4480
6880
AF80
A000
6F80
2880
4880
8F80
ENDCHAR
STARTCHAR u6B87.zh_hant
ENCODING 27527
SWIDTH 1000 0
DWIDTH 10 0
BBX 9 9 0 -1
BITMAP
E800
4F80
7000
AF00
A200
7F80
2A80
4A80
9580
ENDCHAR
STARTCHAR u6B89.zh_hant
ENCODING 27529
SWIDTH 1000 0
DWIDTH 10 0
BBX 9 9 0 -1
BITMAP
F800
4F80
7080
5E80
D280
BE80
1280
3E80
C300
ENDCHAR
STARTCHAR u6B8A.zh_hant
ENCODING 27530
SWIDTH 1000 0
DWIDTH 10 0
BBX 9 9 0 -1
BITMAP
FA00
4F80
7200
5200
DF80
B200
1700
2A80
D200
ENDCHAR
STARTCHAR u6B8B.zh_hant
ENCODING 27531
SWIDTH 1000 0
DWIDTH 10 0
BBX 9 9 0 -1
BITMAP
F500
4F80
7400
5F80
D400
B500
1200
2680
C980
ENDCHAR
STARTCHAR u6B8D.zh_hant
ENCODING 27533
SWIDTH 1000 0
DWIDTH 10 0
BBX 9 9 0 -1
BITMAP
FF80
4900
7480
A200
AF00
6100
3F80
4200
8600
ENDCHAR
STARTCHAR u6B93.zh_hant
ENCODING 27539
SWIDTH 1000 0
DWIDTH 10 0
BBX 9 9 0 -1
BITMAP
E600
4900
7080
AF00
A000
6A80
2A80
4100
9F80
ENDCHAR
STARTCHAR u6B96.zh_hans
ENCODING 27542
SWIDTH 1000 0
DWIDTH 10 0
BBX 9 9 0 -1
BITMAP
F780
4200
7780
5480
D780
B480
1780
2480
CF80
ENDCHAR
STARTCHAR u6B9B.zh_hant
ENCODING 27547
SWIDTH 1000 0
DWIDTH 10 0
BBX 9 9 0 -1
BITMAP
EF80
4400
7D80
AA80
AA80
6B00
3A80
4400
9F80
ENDCHAR
STARTCHAR u6BA1.zh_hant
ENCODING 27553
SWIDTH 1000 0
DWIDTH 10 0
BBX 9 9 0 -1
BITMAP
E200
5F80
5080
AF00
A800
4F00
4900
9F80
8900
ENDCHAR
STARTCHAR u6BAA.zh_hant
ENCODING 27562
SWIDTH 1000 0
DWIDTH 10 0
BBX 9 9 0 -1
BITMAP
F200
4F80
7200
5F80
D080
BF00
1100
2A00
DF80
ENDCHAR
STARTCHAR u6BB3.zh_hant
ENCODING 27571
SWIDTH 1000 0
DWIDTH 10 0
BBX 9 9 0 -1
BITMAP
3E00
2200
2200
C380
0000
7F00
2200
1C00
E380
ENDCHAR
STARTCHAR u6BB4.zh_hant
ENCODING 27572
SWIDTH 1000 0
DWIDTH 10 0
BBX 9 9 0 -1
BITMAP
F780
8480
D480
AC80
A000
DF80
8480
F300
0C80
ENDCHAR
STARTCHAR u6BB5.zh_hant
ENCODING 27573
SWIDTH 1000 0
DWIDTH 10 0
BBX 9 9 0 -1
BITMAP
EF00
8900
E900
8980
E000
8F80
F900
8600
9980
ENDCHAR
STARTCHAR u6BB7.zh_hant
ENCODING 27575
SWIDTH 1000 0
DWIDTH 10 0
BBX 9 9 0 -1
BITMAP
F780
8480
F480
9C80
F000
8F80
F480
9300
3C80
ENDCHAR
STARTCHAR u6BBF.zh_hant
ENCODING 27583
SWIDTH 1000 0
DWIDTH 10 0
BBX 9 9 0 -1
BITMAP
FB80
8A80
FA80
A680
F800
A780
FC80
5300
8C80
ENDCHAR
STARTCHAR u6BC1.zh_hant
ENCODING 27585
SWIDTH 1000 0
DWIDTH 10 0
BBX 9 9 0 -1
BITMAP
D700
9500
D500
9580
F000
0F00
F900
2600
F980
ENDCHAR
STARTCHAR u6BC2.zh_hant
ENCODING 27586
SWIDTH 1000 0
DWIDTH 10 0
BBX 9 9 0 -1
BITMAP
2380
FA80
2280
FA80
A800
7380
4280
F900
2680
ENDCHAR
STARTCHAR u6BC5.zh_hant
ENCODING 27589
SWIDTH 1000 0
DWIDTH 10 0
BBX 9 9 0 -1
BITMAP
2780
F480
5480
FC80
5000
AF80
7480
A300
6C80
ENDCHAR
STARTCHAR u6BCB.zh_hant
ENCODING 27595
SWIDTH 1000 0
DWIDTH 10 0
BBX 9 9 0 -1
BITMAP
7F00
4900
4900
FF80
5100
9100
9100
FF80
2200
ENDCHAR
STARTCHAR u6BCD.zh_hant
ENCODING 27597
SWIDTH 1000 0
DWIDTH 10 0
BBX 9 9 0 -1
BITMAP
7F00
5100
4900
FF80
4100
9100
8900
FF80
0200
ENDCHAR
STARTCHAR u6BCF
ENCODING 27599
SWIDTH 1000 0
DWIDTH 10 0
BBX 9 9 0 -1
BITMAP
4000
7F80
8000
3F00
2900
FF80
4500
7F80
0200
ENDCHAR
STARTCHAR u6BD2.zh_hant
ENCODING 27602
SWIDTH 1000 0
DWIDTH 10 0
BBX 9 9 0 -1
BITMAP
0800
FF80
0800
FF80
2900
FF80
5100
7F80
0200
ENDCHAR
STARTCHAR u6BD3.zh_hant
ENCODING 27603
SWIDTH 1000 0
DWIDTH 10 0
BBX 9 9 0 -1
BITMAP
4200
7F80
8400
F880
AF80
F800
AA80
FA80
1280
ENDCHAR
STARTCHAR u6BD4.zh_hant
ENCODING 27604
SWIDTH 1000 0
DWIDTH 10 0
BBX 9 9 0 -1
BITMAP
4400
4400
4480
7500
4600
4400
4480
5C80
E780
ENDCHAR
STARTCHAR u6BD5.zh_hant
ENCODING 27605
SWIDTH 1000 0
DWIDTH 10 0
BBX 9 9 0 -1
BITMAP
4400
7700
4400
7500
4700
0800
FF80
0800
0800
ENDCHAR
STARTCHAR u6BD6.zh_hant
ENCODING 27606
SWIDTH 1000 0
DWIDTH 10 0
BBX 9 9 0 -1
BITMAP
8400
F780
8400
F780
0800
2200
A980
9000
AF80
ENDCHAR
STARTCHAR u6BD7.zh_hant
ENCODING 27607
SWIDTH 1000 0
DWIDTH 10 0
BBX 9 9 0 -1
BITMAP
0A00
FA00
AA80
FF00
AA00
AA00
FA00
0A80
1D80
ENDCHAR
STARTCHAR u6BD9.zh_hant
ENCODING 27609
SWIDTH 1000 0
DWIDTH 10 0
BBX 9 9 0 -1
BITMAP
8400
F780
8400
FF80
4200
7B80
AA00
1280
E380
ENDCHAR
STARTCHAR u6BDB.zh_hant
ENCODING 27611
SWIDTH 1000 0
DWIDTH 10 0
BBX 9 9 0 -1
BITMAP
0700
7800
1300
7C00
1180
1E00
F000
1080
1F80
ENDCHAR
STARTCHAR u6BE1.zh_hant
ENCODING 27617
SWIDTH 1000 0
DWIDTH 10 0
BBX 9 9 0 -1
BITMAP
3400
C780
7400
CF00
7900
C900
4F00
4080
3F80
ENDCHAR
STARTCHAR u6BEB.zh_hant
ENCODING 27627
SWIDTH 1000 0
DWIDTH 10 0
BBX 9 9 0 -1
BITMAP
0800
FF80
2200
FF80
8480
7800
0F80
F800
0F80
ENDCHAR
STARTCHAR u6BEF.zh_hant
ENCODING 27631
SWIDTH 1000 0
DWIDTH 10 0
BBX 9 9 0 -1
BITMAP
3200
CA80
4500
6880
C200
6A80
C500
4880
7F80
ENDCHAR
STARTCHAR u6BF3.zh_hant
ENCODING 27635
SWIDTH 1000 0
DWIDTH 10 0
BBX 9 9 0 -1
BITMAP
0F00
7000
1F80
F000
5F80
4200
7380
CE00
7380
ENDCHAR
STARTCHAR u6BFD.zh_hant
ENCODING 27645
SWIDTH 1000 0
DWIDTH 10 0
BBX 9 9 0 -1
BITMAP
3780
C280
7780
5280
E780
5200
D780
6A00
7F80
ENDCHAR
STARTCHAR u6C05.zh_hant
ENCODING 27653
SWIDTH 1000 0
DWIDTH 10 0
BBX 9 9 0 -1
BITMAP
B400
2780
FC80
EB00
8C80
F000
1E00
F080
0F80
ENDCHAR
STARTCHAR u6C0D.zh_hant
ENCODING 27661
SWIDTH 1000 0
DWIDTH 10 0
BBX 9 9 0 -1
BITMAP
F980
AE00
FA00
AB80
FE00
5380
FE00
9280
FB80
ENDCHAR
STARTCHAR u6C0F.zh_hant
ENCODING 27663
SWIDTH 1000 0
DWIDTH 10 0
BBX 9 9 0 -1
BITMAP
0300
7C00
4400
4400
7F80
4400
4200
5A00
E180
ENDCHAR
STARTCHAR u6C10.zh_hant
ENCODING 27664
SWIDTH 1000 0
DWIDTH 10 0
BBX 9 9 0 -1
BITMAP
7F80
4400
4400
7F80
4400
7280
C180
0000
FF80
ENDCHAR
STARTCHAR u6C11.zh_hant
ENCODING 27665
SWIDTH 1000 0
DWIDTH 10 0
BBX 9 9 0 -1
BITMAP
7F00
4100
4100
7F00
4400
7F80
4400
4280
F180
ENDCHAR
STARTCHAR u6C13.zh_hant
ENCODING 27667
SWIDTH 1000 0
DWIDTH 10 0
BBX 9 9 0 -1
BITMAP
4F80
4880
F880
8F80
8900
8F80
8900
E880
0E80
ENDCHAR
STARTCHAR u6C14.zh_hant
ENCODING 27668
SWIDTH 1000 0
DWIDTH 10 0
BBX 9 9 0 -1
BITMAP
4000
7F80
8000
FF00
0000
FF00
0100
0080
0080
ENDCHAR
STARTCHAR u6C15.zh_hant
ENCODING 27669
SWIDTH 1000 0
DWIDTH 10 0
BBX 9 9 0 -1
BITMAP
4000
7F80
8000
FF00
0100
2100
2100
2080
4080
ENDCHAR
STARTCHAR u6C16.zh_hant
ENCODING 27670
SWIDTH 1000 0
DWIDTH 10 0
BBX 9 9 0 -1
BITMAP
4000
7F80
8000
FF00
0100
7900
2D00
2480
CC80
ENDCHAR
STARTCHAR u6C18.zh_hant
ENCODING 27672
SWIDTH 1000 0
DWIDTH 10 0
BBX 9 9 0 -1
BITMAP
4000
7F80
8000
FF00
0100
4900
4900
4880
8880
ENDCHAR
STARTCHAR u6C19.zh_hant
ENCODING 27673
SWIDTH 1000 0
DWIDTH 10 0
BBX 9 9 0 -1
BITMAP
4000
7F80
8000
FF00
0100
1100
9500
9480
FC80
ENDCHAR
STARTCHAR u6C1A.zh_hant
ENCODING 27674
SWIDTH 1000 0
DWIDTH 10 0
BBX 9 9 0 -1
BITMAP
4000
7F80
8000
FF00
0100
5500
5500
5480
9480
ENDCHAR
STARTCHAR u6C1B.zh_hant
ENCODING 27675
SWIDTH 1000 0
DWIDTH 10 0
BBX 9 9 0 -1
BITMAP
4000
7F80
8000
FF00
2900
4500
FF00
2480
4C80
ENDCHAR
STARTCHAR u6C1F.zh_hant
ENCODING 27679
SWIDTH 1000 0
DWIDTH 10 0
BBX 9 9 0 -1
BITMAP
4000
7F80
8000
FF00
2900
7F00
A900
FE80
4A80
ENDCHAR
STARTCHAR u6C21.zh_hant
ENCODING 27681
SWIDTH 1000 0
DWIDTH 10 0
BBX 9 9 0 -1
BITMAP
4000
7F80
8000
FF00
4500
3900
D700
0880
3080
ENDCHAR
STARTCHAR u6C22.zh_hant
ENCODING 27682
SWIDTH 1000 0
DWIDTH 10 0
BBX 9 9 0 -1
BITMAP
4000
7F80
8000
FF00
1100
2500
FF00
1080
FE80
ENDCHAR
STARTCHAR u6C24.zh_hant
ENCODING 27684
SWIDTH 1000 0
DWIDTH 10 0
BBX 9 9 0 -1
BITMAP
4000
7F80
8000
FF00
A500
FD00
A500
9480
FC80
ENDCHAR
STARTCHAR u6C26.zh_hant
ENCODING 27686
SWIDTH 1000 0
DWIDTH 10 0
BBX 9 9 0 -1
BITMAP
4000
7F80
8000
FF00
1100
FF00
5500
F480
2A80
ENDCHAR
STARTCHAR u6C27.zh_hant
ENCODING 27687
SWIDTH 1000 0
DWIDTH 10 0
BBX 9 9 0 -1
BITMAP
4000
7F80
8000
FF00
2900
7D00
1100
FE80
1080
ENDCHAR
STARTCHAR u6C28.zh_hant
ENCODING 27688
SWIDTH 1000 0
DWIDTH 10 0
BBX 9 9 0 -1
BITMAP
4000
7F80
8000
FF00
1100
FF00
A500
3880
C680
ENDCHAR
STARTCHAR u6C29.zh_hant
ENCODING 27689
SWIDTH 1000 0
DWIDTH 10 0
BBX 9 9 0 -1
BITMAP
4000
7F80
8000
FF00
2900
AB00
6D00
2880
FE80
ENDCHAR
STARTCHAR u6C2A.zh_hant
ENCODING 27690
SWIDTH 1000 0
DWIDTH 10 0
BBX 9 9 0 -1
BITMAP
4000
7F80
8000
FF00
1100
FF00
4500
7C80
8680
ENDCHAR
STARTCHAR u6C2E.zh_hant
ENCODING 27694
SWIDTH 1000 0
DWIDTH 10 0
BBX 9 9 0 -1
BITMAP
4000
7F80
8000
FF00
5500
2900
5500
2880
C680
ENDCHAR
STARTCHAR u6C2F.zh_hant
ENCODING 27695
SWIDTH 1000 0
DWIDTH 10 0
BBX 9 9 0 -1
BITMAP
4000
7F80
8000
FF00
4900
FF00
9500
5880
B680
ENDCHAR
STARTCHAR u6C30.zh_hant
ENCODING 27696
SWIDTH 1000 0
DWIDTH 10 0
BBX 9 9 0 -1
BITMAP
4000
7F80
8000
FF00
1100
FF00
4500
7C80
4480
ENDCHAR
STARTCHAR u6C32.zh_hant
ENCODING 27698
SWIDTH 1000 0
DWIDTH 10 0
BBX 9 9 0 -1
BITMAP
4000
7F80
8000
FF00
2900
2900
7D00
5480
FE80
ENDCHAR
STARTCHAR u6C34.zh_hant
ENCODING 27700
SWIDTH 1000 0
DWIDTH 10 0
BBX 9 9 0 -1
BITMAP
0800
0880
E900
2A00
2A00
4900
4880
8880
1800
ENDCHAR
STARTCHAR u6C35.zh_hant
ENCODING 27701
SWIDTH 1000 0
DWIDTH 10 0
BBX 3 9 3 -1
BITMAP
40
20
80
40
00
20
C0
40
40
ENDCHAR
STARTCHAR u6C38.zh_hant
ENCODING 27704
SWIDTH 1000 0
DWIDTH 10 0
BBX 9 9 0 -1
BITMAP
3C00
0000
7900
0A00
EC00
2A00
4900
8880
1800
ENDCHAR
STARTCHAR u6C40
ENCODING 27712
SWIDTH 1000 0
DWIDTH 10 0
BBX 9 9 0 -1
BITMAP
9F80
4200
0200
8200
4200
0200
4200
4200
8E00
ENDCHAR
STARTCHAR u6C41.zh_hant
ENCODING 27713
SWIDTH 1000 0
DWIDTH 10 0
BBX 9 9 0 -1
BITMAP
8200
4200
0200
9F80
4200
0200
0200
4200
8200
ENDCHAR
STARTCHAR u6C42.zh_hant
ENCODING 27714
SWIDTH 1000 0
DWIDTH 10 0
BBX 9 9 0 -1
BITMAP
0880
FF80
0800
4880
2D00
1A00
2900
C880
1800
ENDCHAR
STARTCHAR u6C46.zh_hant
ENCODING 27718
SWIDTH 1000 0
DWIDTH 10 0
BBX 9 9 0 -1
BITMAP
1800
0C00
3200
C980
0880
ED00
2A00
4900
9880
ENDCHAR
STARTCHAR u6C47.zh_hant
ENCODING 27719
SWIDTH 1000 0
DWIDTH 10 0
BBX 9 9 0 -1
BITMAP
4F80
2800
8800
4800
0800
2800
4800
4800
8F80
ENDCHAR
STARTCHAR u6C49
ENCODING 27721
SWIDTH 1000 0
DWIDTH 10 0
BBX 9 9 0 -1
BITMAP
9F80
5080
1080
8880
4900
0500
4200
4500
9880
ENDCHAR
STARTCHAR u6C4A
ENCODING 27722
SWIDTH 1000 0
DWIDTH 10 0
BBX 9 9 0 -1
BITMAP
9F80
5480
1280
8880
4900
0500
4200
4500
9880
ENDCHAR
STARTCHAR u6C50.zh_hant
ENCODING 27728
SWIDTH 1000 0
DWIDTH 10 0
BBX 9 9 0 -1
BITMAP
8400
4780
0880
9480
4280
0100
2100
4600
9800
ENDCHAR
STARTCHAR u6C55.zh_hant
ENCODING 27733
SWIDTH 1000 0
DWIDTH 10 0
BBX 9 9 0 -1
BITMAP
8200
4200
1280
9280
5280
1280
1280
5280
9F80
ENDCHAR
STARTCHAR u6C57.zh_hant
ENCODING 27735
SWIDTH 1000 0
DWIDTH 10 0
BBX 9 9 0 -1
BITMAP
9F80
4200
0200
8200
5F80
0200
0200
4200
8200
ENDCHAR
STARTCHAR u6C5B.zh_hant
ENCODING 27739
SWIDTH 1000 0
DWIDTH 10 0
BBX 9 9 0 -1
BITMAP
4F00
2500
8500
5F00
0500
2500
4500
4900
8980
ENDCHAR
STARTCHAR u6C5C.zh_hant
ENCODING 27740
SWIDTH 1000 0
DWIDTH 10 0
BBX 9 9 0 -1
BITMAP
4F80
2880
8880
4880
0F80
2800
4800
4880
8780
ENDCHAR
STARTCHAR u6C5D.zh_hant
ENCODING 27741
SWIDTH 1000 0
DWIDTH 10 0
BBX 9 9 0 -1
BITMAP
8400
4400
3F80
8900
4900
1100
1200
8E00
B180
ENDCHAR
STARTCHAR u6C5E.zh_hant
ENCODING 27742
SWIDTH 1000 0
DWIDTH 10 0
BBX 9 9 0 -1
BITMAP
7F00
0800
FF80
0800
E880
2D00
2A00
4900
9880
ENDCHAR
STARTCHAR u6C5F.zh_hant
ENCODING 27743
SWIDTH 1000 0
DWIDTH 10 0
BBX 9 9 0 -1
BITMAP
9F80
4200
0200
8200
4200
0200
2200
4200
9F80
ENDCHAR
STARTCHAR u6C60.zh_hant
ENCODING 27744
SWIDTH 1000 0
DWIDTH 10 0
BBX 9 9 0 -1
BITMAP
8200
4A00
0B80
8E80
5A80
0A00
2800
4880
8F80
ENDCHAR
STARTCHAR u6C61.zh_hant
ENCODING 27745
SWIDTH 1000 0
DWIDTH 10 0
BBX 9 9 0 -1
BITMAP
8F80
4000
1F80
8400
4F80
0080
2080
4080
8700
ENDCHAR
STARTCHAR u6C64.zh_hant
ENCODING 27748
SWIDTH 1000 0
DWIDTH 10 0
BBX 9 9 0 -1
BITMAP
9F00
4200
0400
9F80
4A80
0A80
5480
5480
9580
ENDCHAR
STARTCHAR u6C68.zh_hant
ENCODING 27752
SWIDTH 1000 0
DWIDTH 10 0
BBX 9 9 0 -1
BITMAP
8F80
4880
0880
8880
4F80
0880
2880
4880
8F80
ENDCHAR
STARTCHAR u6C69.zh_hant
ENCODING 27753
SWIDTH 1000 0
DWIDTH 10 0
BBX 9 9 0 -1
BITMAP
4F80
2880
8880
4F80
0880
2880
4880
4880
8F80
ENDCHAR
STARTCHAR u6C6A.zh_hant
ENCODING 27754
SWIDTH 1000 0
DWIDTH 10 0
BBX 9 9 0 -1
BITMAP
9F80
4200
0200
8200
5F80
0200
0200
4200
9F80
ENDCHAR
STARTCHAR u6C70.zh_hant
ENCODING 27760
SWIDTH 1000 0
DWIDTH 10 0
BBX 9 9 0 -1
BITMAP
8400
4400
3F80
8400
4400
0A00
0900
9480
A280
ENDCHAR
STARTCHAR u6C72.zh_hant
ENCODING 27762
SWIDTH 1000 0
DWIDTH 10 0
BBX 9 9 0 -1
BITMAP
9F00
4900
0A00
8F80
4880
1480
1300
4500
9880
ENDCHAR
STARTCHAR u6C74.zh_hant
ENCODING 27764
SWIDTH 1000 0
DWIDTH 10 0
BBX 9 9 0 -1
BITMAP
4400
2200
9F80
4400
0400
2600
4580
4400
8400
ENDCHAR
STARTCHAR u6C76.zh_hant
ENCODING 27766
SWIDTH 1000 0
DWIDTH 10 0
BBX 9 9 0 -1
BITMAP
8200
5F80
0080
8880
4900
0500
4200
8600
9980
ENDCHAR
STARTCHAR u6C79.zh_hant
ENCODING 27769
SWIDTH 1000 0
DWIDTH 10 0
BBX 9 9 0 -1
BITMAP
8A00
4A00
1480
9480
5A80
1280
1080
5080
9F80
ENDCHAR
STARTCHAR u6C7D.zh_hant
ENCODING 27773
SWIDTH 1000 0
DWIDTH 10 0
BBX 9 9 0 -1
BITMAP
9000
5F80
2000
9F00
4000
1F00
0100
4080
8080
ENDCHAR
STARTCHAR u6C7E.zh_hant
ENCODING 27774
SWIDTH 1000 0
DWIDTH 10 0
BBX 9 9 0 -1
BITMAP
8700
4100
0880
8880
5F80
1480
0480
4880
8B00
ENDCHAR
STARTCHAR u6C81
ENCODING 27777
SWIDTH 1000 0
DWIDTH 10 0
BBX 9 9 0 -1
BITMAP
8400
4200
0200
8800
5900
2880
4880
4900
8700
ENDCHAR
STARTCHAR u6C82.zh_hant
ENCODING 27778
SWIDTH 1000 0
DWIDTH 10 0
BBX 9 9 0 -1
BITMAP
8180
4E00
0800
8F80
4900
0900
1100
5100
8100
ENDCHAR
STARTCHAR u6C83.zh_hant
ENCODING 27779
SWIDTH 1000 0
DWIDTH 10 0
BBX 9 9 0 -1
BITMAP
8180
5E00
0200
8200
5F80
0200
0200
4500
9880
ENDCHAR
STARTCHAR u6C85.zh_hant
ENCODING 27781
SWIDTH 1000 0
DWIDTH 10 0
BBX 9 9 0 -1
BITMAP
4F00
2000
8000
5F80
0A00
2A00
4A00
4A80
9380
ENDCHAR
STARTCHAR u6C86.zh_hant
ENCODING 27782
SWIDTH 1000 0
DWIDTH 10 0
BBX 9 9 0 -1
BITMAP
8200
5F80
0000
8F00
4900
0900
4900
8900
9180
ENDCHAR
STARTCHAR u6C88.zh_hant
ENCODING 27784
SWIDTH 1000 0
DWIDTH 10 0
BBX 9 9 0 -1
BITMAP
8400
5F80
1480
9480
4600
0A00
0A00
5280
9380
ENDCHAR
STARTCHAR u6C89
ENCODING 27785
SWIDTH 1000 0
DWIDTH 10 0
BBX 9 9 0 -1
BITMAP
9F80
5080
0000
8F00
4900
0900
4900
9100
9180
ENDCHAR
STARTCHAR u6C8C.zh_hant
ENCODING 27788
SWIDTH 1000 0
DWIDTH 10 0
BBX 9 9 0 -1
BITMAP
8400
5F80
0400
9480
5480
1F80
1400
4480
8780
ENDCHAR
STARTCHAR u6C8F.zh_hant
ENCODING 27791
SWIDTH 1000 0
DWIDTH 10 0
BBX 9 9 0 -1
BITMAP
4F80
2A80
8A80
5E80
0A80
2A80
4A80
4C80
8300
ENDCHAR
STARTCHAR u6C90.zh_hant
ENCODING 27792
SWIDTH 1000 0
DWIDTH 10 0
BBX 9 9 0 -1
BITMAP
8200
4200
1F80
8200
4600
0B00
1280
4200
8200
ENDCHAR
STARTCHAR u6C93.zh_hant
ENCODING 27795
SWIDTH 1000 0
DWIDTH 10 0
BBX 9 9 0 -1
BITMAP
0800
ED80
2A00
4900
FF80
4100
7F00
4100
7F00
ENDCHAR
STARTCHAR u6C94.zh_hant
ENCODING 27796
SWIDTH 1000 0
DWIDTH 10 0
BBX 9 9 0 -1
BITMAP
4F80
2200
8380
4A80
0A80
2F80
4080
4080
8300
ENDCHAR
STARTCHAR u6C99.zh_hant
ENCODING 27801
SWIDTH 1000 0
DWIDTH 10 0
BBX 9 9 0 -1
BITMAP
8400
4400
1500
9480
4400
0C00
0080
4300
9C00
ENDCHAR
STARTCHAR u6C9B.zh_hant
ENCODING 27803
SWIDTH 1000 0
DWIDTH 10 0
BBX 9 9 0 -1
BITMAP
8400
5F80
0400
9F80
5480
1480
1480
5580
8400
ENDCHAR
STARTCHAR u6C9F.zh_hant
ENCODING 27807
SWIDTH 1000 0
DWIDTH 10 0
BBX 9 9 0 -1
BITMAP
8800
4F80
1480
9480
4880
0A80
2E80
4080
8300
ENDCHAR
STARTCHAR u6CA1.zh_hant
ENCODING 27809
SWIDTH 1000 0
DWIDTH 10 0
BBX 9 9 0 -1
BITMAP
8F00
4900
0900
9180
4000
1F00
0900
4600
9980
ENDCHAR
STARTCHAR u6CA4.zh_hant
ENCODING 27812
SWIDTH 1000 0
DWIDTH 10 0
BBX 9 9 0 -1
BITMAP
9F80
5000
1880
9500
5200
1500
3880
5000
9F80
ENDCHAR
STARTCHAR u6CA5.zh_hant
ENCODING 27813
SWIDTH 1000 0
DWIDTH 10 0
BBX 9 9 0 -1
BITMAP
9F80
5200
1200
9F80
5280
1280
3480
5480
9580
ENDCHAR
STARTCHAR u6CA6.zh_hant
ENCODING 27814
SWIDTH 1000 0
DWIDTH 10 0
BBX 9 9 0 -1
BITMAP
8600
4900
1080
8800
4980
0E00
2800
4880
8780
ENDCHAR
STARTCHAR u6CA7.zh_hant
ENCODING 27815
SWIDTH 1000 0
DWIDTH 10 0
BBX 9 9 0 -1
BITMAP
8600
4900
1080
8F00
4900
0B00
2800
4880
8780
ENDCHAR
STARTCHAR u6CA9.zh_hant
ENCODING 27817
SWIDTH 1000 0
DWIDTH 10 0
BBX 9 9 0 -1
BITMAP
9200
4A00
1F80
8480
4480
0A80
0A80
5080
A300
ENDCHAR
STARTCHAR u6CAA.zh_hant
ENCODING 27818
SWIDTH 1000 0
DWIDTH 10 0
BBX 9 9 0 -1
BITMAP
8400
4200
1F80
9080
5F80
1000
3000
5000
9000
ENDCHAR
STARTCHAR u6CAB.zh_hant
ENCODING 27819
SWIDTH 1000 0
DWIDTH 10 0
BBX 9 9 0 -1
BITMAP
8200
5F80
0200
8200
5F80
0200
0600
4B00
9280
ENDCHAR
STARTCHAR u6CAD.zh_hant
ENCODING 27821
SWIDTH 1000 0
DWIDTH 10 0
BBX 9 9 0 -1
BITMAP
8500
4480
1F80
8400
4E00
1500
A480
8400
8400
ENDCHAR
STARTCHAR u6CAE.zh_hant
ENCODING 27822
SWIDTH 1000 0
DWIDTH 10 0
BBX 9 9 0 -1
BITMAP
8F80
4880
0F80
8880
4880
0F80
2880
4880
9F80
ENDCHAR
STARTCHAR u6CB1.zh_hant
ENCODING 27825
SWIDTH 1000 0
DWIDTH 10 0
BBX 9 9 0 -1
BITMAP
8400
5F80
1080
8800
4980
0E00
2800
4880
8F80
ENDCHAR
STARTCHAR u6CB3
ENCODING 27827
SWIDTH 1000 0
DWIDTH 10 0
BBX 9 9 0 -1
BITMAP
BF80
4100
1D00
9500
5500
1500
5D00
4100
8300
ENDCHAR
STARTCHAR u6CB8.zh_hant
ENCODING 27832
SWIDTH 1000 0
DWIDTH 10 0
BBX 9 9 0 -1
BITMAP
8A00
5F80
0A80
9F80
4A00
3F80
0A80
5380
9200
ENDCHAR
STARTCHAR u6CB9.zh_hant
ENCODING 27833
SWIDTH 1000 0
DWIDTH 10 0
BBX 9 9 0 -1
BITMAP
8200
4200
1F80
9280
5280
1F80
1280
5280
9F80
ENDCHAR
STARTCHAR u6CBB.zh_hant
ENCODING 27835
SWIDTH 1000 0
DWIDTH 10 0
BBX 9 9 0 -1
BITMAP
8400
4880
0880
8F80
4000
0F80
2880
4880
8F80
ENDCHAR
STARTCHAR u6CBC.zh_hant
ENCODING 27836
SWIDTH 1000 0
DWIDTH 10 0
BBX 9 9 0 -1
BITMAP
9F80
4480
0880
9180
4000
1F80
1080
5080
9F80
ENDCHAR
STARTCHAR u6CBD.zh_hant
ENCODING 27837
SWIDTH 1000 0
DWIDTH 10 0
BBX 9 9 0 -1
BITMAP
8200
4200
1F80
8200
4200
0F80
2880
4880
8F80
ENDCHAR
STARTCHAR u6CBE.zh_hant
ENCODING 27838
SWIDTH 1000 0
DWIDTH 10 0
BBX 9 9 0 -1
BITMAP
8400
4400
0780
8400
4400
1F80
1080
5080
9F80
ENDCHAR
STARTCHAR u6CBF.zh_hant
ENCODING 27839
SWIDTH 1000 0
DWIDTH 10 0
BBX 9 9 0 -1
BITMAP
8700
4100
0880
9080
4000
0F80
2880
4880
8F80
ENDCHAR
STARTCHAR u6CC4.zh_hant
ENCODING 27844
SWIDTH 1000 0
DWIDTH 10 0
BBX 9 9 0 -1
BITMAP
9480
5480
3F80
9480
5480
1780
1000
5000
9F80
ENDCHAR
STARTCHAR u6CC5.zh_hant
ENCODING 27845
SWIDTH 1000 0
DWIDTH 10 0
BBX 9 9 0 -1
BITMAP
9F80
5280
1280
9280
5280
1580
1880
5080
9F80
ENDCHAR
STARTCHAR u6CC9.zh_hant
ENCODING 27849
SWIDTH 1000 0
DWIDTH 10 0
BBX 9 9 0 -1
BITMAP
1000
7F00
4100
7F00
4100
FF80
2900
4A00
9980
ENDCHAR
STARTCHAR u6CCA.zh_hant
ENCODING 27850
SWIDTH 1000 0
DWIDTH 10 0
BBX 9 9 0 -1
BITMAP
8200
4400
1F80
9080
5080
1F80
1080
5080
9F80
ENDCHAR
STARTCHAR u6CCC.zh_hant
ENCODING 27852
SWIDTH 1000 0
DWIDTH 10 0
BBX 9 9 0 -1
BITMAP
8600
4080
0480
9500
5680
0480
0C00
5480
8780
ENDCHAR
STARTCHAR u6CD3.zh_hant
ENCODING 27859
SWIDTH 1000 0
DWIDTH 10 0
BBX 9 9 0 -1
BITMAP
B900
4900
0900
B900
6200
3A00
0A80
4A80
B780
ENDCHAR
STARTCHAR u6CD5.zh_hant
ENCODING 27861
SWIDTH 1000 0
DWIDTH 10 0
BBX 9 9 0 -1
BITMAP
8400
5F80
0400
8400
5F80
0500
0900
5280
9C80
ENDCHAR
STARTCHAR u6CD6.zh_hant
ENCODING 27862
SWIDTH 1000 0
DWIDTH 10 0
BBX 9 9 0 -1
BITMAP
BB80
6280
2A80
AA80
6A80
2A80
7A80
8B80
9200
ENDCHAR
STARTCHAR u6CD7.zh_hant
ENCODING 27863
SWIDTH 1000 0
DWIDTH 10 0
BBX 9 9 0 -1
BITMAP
9F80
5480
1480
9480
5B80
1080
1080
5F80
9080
ENDCHAR
STARTCHAR u6CDB
ENCODING 27867
SWIDTH 1000 0
DWIDTH 10 0
BBX 9 9 0 -1
BITMAP
8180
5E00
0400
8200
5F80
0100
4200
4C00
9380
ENDCHAR
STARTCHAR u6CDE
ENCODING 27870
SWIDTH 1000 0
DWIDTH 10 0
BBX 9 9 0 -1
BITMAP
8200
5F80
1080
8000
5F80
0200
4200
4200
8E00
ENDCHAR
STARTCHAR u6CE0.zh_hant
ENCODING 27872
SWIDTH 1000 0
DWIDTH 10 0
BBX 9 9 0 -1
BITMAP
8F00
5080
0000
8F00
4000
1F80
4480
8580
8400
ENDCHAR
STARTCHAR u6CE1.zh_hant
ENCODING 27873
SWIDTH 1000 0
DWIDTH 10 0
BBX 9 9 0 -1
BITMAP
8800
4F80
1080
8E80
4A80
0E80
2800
4880
8F80
ENDCHAR
STARTCHAR u6CE2.zh_hant
ENCODING 27874
SWIDTH 1000 0
DWIDTH 10 0
BBX 9 9 0 -1
BITMAP
8200
5F80
1280
9200
5F80
1480
2500
A300
8C80
ENDCHAR
STARTCHAR u6CE3.zh_hant
ENCODING 27875
SWIDTH 1000 0
DWIDTH 10 0
BBX 9 9 0 -1
BITMAP
8400
5F80
0000
8900
4900
0900
0A00
4200
9F80
ENDCHAR
STARTCHAR u6CE5.zh_hant
ENCODING 27877
SWIDTH 1000 0
DWIDTH 10 0
BBX 9 9 0 -1
BITMAP
9F80
5080
1F80
9000
5480
1700
1400
A480
A780
ENDCHAR
STARTCHAR u6CE8.zh_hant
ENCODING 27880
SWIDTH 1000 0
DWIDTH 10 0
BBX 9 9 0 -1
BITMAP
8400
4200
1F80
8200
4200
0F80
2200
4200
9F80
ENDCHAR
STARTCHAR u6CEA.zh_hant
ENCODING 27882
SWIDTH 1000 0
DWIDTH 10 0
BBX 9 9 0 -1
BITMAP
8F80
4880
0F80
8880
4880
0F80
2880
4880
8F80
ENDCHAR
STARTCHAR u6CEE.zh_hant
ENCODING 27886
SWIDTH 1000 0
DWIDTH 10 0
BBX 9 9 0 -1
BITMAP
4200
2B00
9280
4200
0F80
2200
5F80
4200
8200
ENDCHAR
STARTCHAR u6CEF.zh_hant
ENCODING 27887
SWIDTH 1000 0
DWIDTH 10 0
BBX 9 9 0 -1
BITMAP
9F80
5080
1F80
9200
5F80
1100
1100
5080
9C80
ENDCHAR
STARTCHAR u6CF0.zh_hant
ENCODING 27888
SWIDTH 1000 0
DWIDTH 10 0
BBX 9 9 0 -1
BITMAP
0800
FF80
0800
7F00
1200
EB00
4C80
2A00
D980
ENDCHAR
STARTCHAR u6CF1.zh_hant
ENCODING 27889
SWIDTH 1000 0
DWIDTH 10 0
BBX 9 9 0 -1
BITMAP
8200
5F80
1280
9280
5280
3F80
0200
4500
9880
ENDCHAR
STARTCHAR u6CF3.zh_hant
ENCODING 27891
SWIDTH 1000 0
DWIDTH 10 0
BBX 9 9 0 -1
BITMAP
8F00
4000
1E00
8280
5B00
0A00
0B00
5280
8600
ENDCHAR
STARTCHAR u6CF5.zh_hant
ENCODING 27893
SWIDTH 1000 0
DWIDTH 10 0
BBX 9 9 0 -1
BITMAP
FF80
1000
3F80
E080
3F80
0800
ED80
2A00
D980
ENDCHAR
STARTCHAR u6CF8.zh_hant
ENCODING 27896
SWIDTH 1000 0
DWIDTH 10 0
BBX 9 9 0 -1
BITMAP
8400
4780
0400
9F80
5080
1F80
1000
5000
A000
ENDCHAR
STARTCHAR u6CFB.zh_hant
ENCODING 27899
SWIDTH 1000 0
DWIDTH 10 0
BBX 9 9 0 -1
BITMAP
9F80
5480
0700
8400
4780
0080
1E80
4080
8300
ENDCHAR
STARTCHAR u6CFC.zh_hant
ENCODING 27900
SWIDTH 1000 0
DWIDTH 10 0
BBX 9 9 0 -1
BITMAP
9500
5480
1F80
8400
4B80
0C80
1280
5100
9680
ENDCHAR
STARTCHAR u6CFD
ENCODING 27901
SWIDTH 1000 0
DWIDTH 10 0
BBX 9 9 0 -1
BITMAP
9F80
4880
0700
9880
4200
0F80
4200
5F80
8200
ENDCHAR
STARTCHAR u6CFE.zh_hant
ENCODING 27902
SWIDTH 1000 0
DWIDTH 10 0
BBX 9 9 0 -1
BITMAP
9F00
4200
0500
9880
4000
0F80
2200
4200
9F80
ENDCHAR
STARTCHAR u6D01.zh_hant
ENCODING 27905
SWIDTH 1000 0
DWIDTH 10 0
BBX 9 9 0 -1
BITMAP
8200
5F80
0200
9F80
4000
0F80
2880
4880
8F80
ENDCHAR
STARTCHAR u6D04.zh_hant
ENCODING 27908
SWIDTH 1000 0
DWIDTH 10 0
BBX 9 9 0 -1
BITMAP
BF80
6080
2E80
AA80
6A80
2A80
6E80
A080
BF80
ENDCHAR
STARTCHAR u6D0B.zh_hant
ENCODING 27915
SWIDTH 1000 0
DWIDTH 10 0
BBX 9 9 0 -1
BITMAP
8900
4A00
1F80
8200
5F80
0200
0200
5F80
8200
ENDCHAR
STARTCHAR u6D0C.zh_hant
ENCODING 27916
SWIDTH 1000 0
DWIDTH 10 0
BBX 9 9 0 -1
BITMAP
9E80
4880
0E80
8A80
5A80
1680
0280
4480
9980
ENDCHAR
STARTCHAR u6D0E.zh_hant
ENCODING 27918
SWIDTH 1000 0
DWIDTH 10 0
BBX 9 9 0 -1
BITMAP
8800
5F80
3080
9F80
5080
1F80
5080
9080
9F80
ENDCHAR
STARTCHAR u6D12.zh_hant
ENCODING 27922
SWIDTH 1000 0
DWIDTH 10 0
BBX 9 9 0 -1
BITMAP
9F80
4400
1F80
9480
5480
1B80
1080
5080
9F80
ENDCHAR
STARTCHAR u6D17.zh_hant
ENCODING 27927
SWIDTH 1000 0
DWIDTH 10 0
BBX 9 9 0 -1
BITMAP
9200
5F80
1200
8200
5F80
0200
2600
4A80
9380
ENDCHAR
STARTCHAR u6D19.zh_hant
ENCODING 27929
SWIDTH 1000 0
DWIDTH 10 0
BBX 9 9 0 -1
BITMAP
9200
5F80
1200
8200
5F80
0200
0700
4A80
9200
ENDCHAR
STARTCHAR u6D1B.zh_hant
ENCODING 27931
SWIDTH 1000 0
DWIDTH 10 0
BBX 9 9 0 -1
BITMAP
8F80
4880
1500
8300
4480
0F80
1880
4880
8F80
ENDCHAR
STARTCHAR u6D1E.zh_hant
ENCODING 27934
SWIDTH 1000 0
DWIDTH 10 0
BBX 9 9 0 -1
BITMAP
9F80
5080
1E80
9080
5E80
1280
1280
5E80
9180
ENDCHAR
STARTCHAR u6D25.zh_hant
ENCODING 27941
SWIDTH 1000 0
DWIDTH 10 0
BBX 9 9 0 -1
BITMAP
8200
5F80
0280
9F80
4280
1F80
0200
5F80
8200
ENDCHAR
STARTCHAR u6D27.zh_hant
ENCODING 27943
SWIDTH 1000 0
DWIDTH 10 0
BBX 9 9 0 -1
BITMAP
8200
5F80
0400
8F80
5880
0F80
2880
4F80
8880
ENDCHAR
STARTCHAR u6D2A.zh_hant
ENCODING 27946
SWIDTH 1000 0
DWIDTH 10 0
BBX 9 9 0 -1
BITMAP
8900
4900
1F80
8900
4900
3F80
0000
4900
9080
ENDCHAR
STARTCHAR u6D2B.zh_hant
ENCODING 27947
SWIDTH 1000 0
DWIDTH 10 0
BBX 9 9 0 -1
BITMAP
8200
4400
0F80
8A80
4A80
0A80
2A80
4A80
9F80
ENDCHAR
STARTCHAR u6D2E.zh_hant
ENCODING 27950
SWIDTH 1000 0
DWIDTH 10 0
BBX 9 9 0 -1
BITMAP
8A00
4A80
1B00
8A00
4B00
1A80
4A00
8A00
9180
ENDCHAR
STARTCHAR u6D31.zh_hant
ENCODING 27953
SWIDTH 1000 0
DWIDTH 10 0
BBX 9 9 0 -1
BITMAP
9F80
4900
0F00
8900
4F00
0900
5F80
8100
8100
ENDCHAR
STARTCHAR u6D32.zh_hant
ENCODING 27954
SWIDTH 1000 0
DWIDTH 10 0
BBX 9 9 0 -1
BITMAP
8A80
4A80
0A80
9F80
4A80
0A80
0A80
5280
9080
ENDCHAR
STARTCHAR u6D33.zh_hant
ENCODING 27955
SWIDTH 1000 0
DWIDTH 10 0
BBX 9 9 0 -1
BITMAP
8B80
4A80
3E80
1280
A680
5A80
0A80
5680
A380
ENDCHAR
STARTCHAR u6D35.zh_hant
ENCODING 27957
SWIDTH 1000 0
DWIDTH 10 0
BBX 9 9 0 -1
BITMAP
9000
5F80
2080
9E80
5280
1E80
1280
5E80
8300
ENDCHAR
STARTCHAR u6D39
ENCODING 27961
SWIDTH 1000 0
DWIDTH 10 0
BBX 9 9 0 -1
BITMAP
BF80
4000
1F00
9100
5F00
1100
5F00
4000
BF80
ENDCHAR
STARTCHAR u6D3B
ENCODING 27963
SWIDTH 1000 0
DWIDTH 10 0
BBX 9 9 0 -1
BITMAP
8300
5C00
0400
BF80
4400
1F00
5100
5100
9F00
ENDCHAR
STARTCHAR u6D3C.zh_hant
ENCODING 27964
SWIDTH 1000 0
DWIDTH 10 0
BBX 9 9 0 -1
BITMAP
8200
4F80
0200
9F80
4200
0F80
2200
4200
9F80
ENDCHAR
STARTCHAR u6D3D.zh_hant
ENCODING 27965
SWIDTH 1000 0
DWIDTH 10 0
BBX 9 9 0 -1
BITMAP
8700
4880
1000
8F80
4000
0F80
2880
4880
8F80
ENDCHAR
STARTCHAR u6D3E.zh_hant
ENCODING 27966
SWIDTH 1000 0
DWIDTH 10 0
BBX 9 9 0 -1
BITMAP
8300
5C00
1180
9600
5480
1500
1600
A500
AE80
ENDCHAR
STARTCHAR u6D41.zh_hant
ENCODING 27969
SWIDTH 1000 0
DWIDTH 10 0
BBX 9 9 0 -1
BITMAP
8400
5F80
0400
8900
5F80
0000
1500
5500
9580
ENDCHAR
STARTCHAR u6D43.zh_hant
ENCODING 27971
SWIDTH 1000 0
DWIDTH 10 0
BBX 9 9 0 -1
BITMAP
8400
5F80
0400
9500
4400
1F80
4400
4900
9080
ENDCHAR
STARTCHAR u6D45.zh_hant
ENCODING 27973
SWIDTH 1000 0
DWIDTH 10 0
BBX 9 9 0 -1
BITMAP
8480
5F80
0400
9F80
4400
1F80
0280
4300
9C80
ENDCHAR
STARTCHAR u6D46.zh_hant
ENCODING 27974
SWIDTH 1000 0
DWIDTH 10 0
BBX 9 9 0 -1
BITMAP
A380
6480
2A80
6100
BE00
0800
ED80
2A00
D980
ENDCHAR
STARTCHAR u6D47.zh_hant
ENCODING 27975
SWIDTH 1000 0
DWIDTH 10 0
BBX 9 9 0 -1
BITMAP
8800
5F80
0900
8680
5980
0000
1F80
4A00
9380
ENDCHAR
STARTCHAR u6D4A.zh_hant
ENCODING 27978
SWIDTH 1000 0
DWIDTH 10 0
BBX 9 9 0 -1
BITMAP
8200
4200
1F80
9280
5280
1F80
2200
4280
9F80
ENDCHAR
STARTCHAR u6D4B.zh_hant
ENCODING 27979
SWIDTH 1000 0
DWIDTH 10 0
BBX 9 9 0 -1
BITMAP
9E80
5280
1280
9280
5680
1680
0480
4A80
9280
ENDCHAR
STARTCHAR u6D4E.zh_hant
ENCODING 27982
SWIDTH 1000 0
DWIDTH 10 0
BBX 9 9 0 -1
BITMAP
8400
5F80
0900
8600
5980
0500
2500
4900
8900
ENDCHAR
STARTCHAR u6D4F.zh_hant
ENCODING 27983
SWIDTH 1000 0
DWIDTH 10 0
BBX 9 9 0 -1
BITMAP
9080
5280
3E80
AA80
6A80
1280
5280
A880
2980
ENDCHAR
STARTCHAR u6D51.zh_hant
ENCODING 27985
SWIDTH 1000 0
DWIDTH 10 0
BBX 9 9 0 -1
BITMAP
9F80
5080
0400
9F80
4A00
0F80
2200
5F80
8200
ENDCHAR
STARTCHAR u6D52.zh_hant
ENCODING 27986
SWIDTH 1000 0
DWIDTH 10 0
BBX 9 9 0 -1
BITMAP
9200
4B80
0500
B100
5100
1780
1100
5900
9100
ENDCHAR
STARTCHAR u6D53.zh_hant
ENCODING 27987
SWIDTH 1000 0
DWIDTH 10 0
BBX 9 9 0 -1
BITMAP
8200
5F80
1480
8A00
5A80
0900
2900
4C80
9080
ENDCHAR
STARTCHAR u6D54.zh_hant
ENCODING 27988
SWIDTH 1000 0
DWIDTH 10 0
BBX 9 9 0 -1
BITMAP
9F00
4100
1F00
8100
5F00
0200
3F80
5200
8600
ENDCHAR
STARTCHAR u6D59.zh_hant
ENCODING 27993
SWIDTH 1000 0
DWIDTH 10 0
BBX 9 9 0 -1
BITMAP
8B80
4A00
3E00
8B80
4A80
1E80
2A80
4A80
9880
ENDCHAR
STARTCHAR u6D5A.zh_hant
ENCODING 27994
SWIDTH 1000 0
DWIDTH 10 0
BBX 9 9 0 -1
BITMAP
8400
4880
1F80
8500
5980
0700
1900
4600
9980
ENDCHAR
STARTCHAR u6D5C.zh_hant
ENCODING 27996
SWIDTH 1000 0
DWIDTH 10 0
BBX 9 9 0 -1
BITMAP
8F80
4800
0F80
8900
4900
1F80
0000
4900
9080
ENDCHAR
STARTCHAR u6D5E.zh_hant
ENCODING 27998
SWIDTH 1000 0
DWIDTH 10 0
BBX 9 9 0 -1
BITMAP
4F80
2880
8880
4F80
0200
2B80
4A00
4E00
9380
ENDCHAR
STARTCHAR u6D63.zh_hant
ENCODING 28003
SWIDTH 1000 0
DWIDTH 10 0
BBX 9 9 0 -1
BITMAP
8400
5F80
1080
8F80
4000
1F80
0600
4A80
9380
ENDCHAR
STARTCHAR u6D66
ENCODING 28006
SWIDTH 1000 0
DWIDTH 10 0
BBX 9 9 0 -1
BITMAP
8280
5F80
0200
9F80
5280
1F80
5280
5F80
9280
ENDCHAR
STARTCHAR u6D69.zh_hant
ENCODING 28009
SWIDTH 1000 0
DWIDTH 10 0
BBX 9 9 0 -1
BITMAP
8A00
4F80
1200
9F80
4000
0F80
0880
4880
8F80
ENDCHAR
STARTCHAR u6D6A.zh_hant
ENCODING 28010
SWIDTH 1000 0
DWIDTH 10 0
BBX 9 9 0 -1
BITMAP
8200
4F80
0880
8F80
4880
0F80
2A80
4900
8C80
ENDCHAR
STARTCHAR u6D6E.zh_hant
ENCODING 28014
SWIDTH 1000 0
DWIDTH 10 0
BBX 9 9 0 -1
BITMAP
9F80
5280
0900
8000
4F00
0100
1F80
4200
8600
ENDCHAR
STARTCHAR u6D6F
ENCODING 28015
SWIDTH 1000 0
DWIDTH 10 0
BBX 9 9 0 -1
BITMAP
9F80
4400
1F00
8900
5F80
0000
5F80
5080
9F80
ENDCHAR
STARTCHAR u6D74.zh_hant
ENCODING 28020
SWIDTH 1000 0
DWIDTH 10 0
BBX 9 9 0 -1
BITMAP
8900
5080
0000
8700
4880
1000
0F80
4880
8F80
ENDCHAR
STARTCHAR u6D77
ENCODING 28023
SWIDTH 1000 0
DWIDTH 10 0
BBX 9 9 0 -1
BITMAP
9000
5F80
2000
9F00
5500
3F80
5500
5F80
8100
ENDCHAR
STARTCHAR u6D78.zh_hant
ENCODING 28024
SWIDTH 1000 0
DWIDTH 10 0
BBX 9 9 0 -1
BITMAP
9F80
4080
0F80
8080
5F80
0880
0900
4600
9980
ENDCHAR
STARTCHAR u6D82.zh_hant
ENCODING 28034
SWIDTH 1000 0
DWIDTH 10 0
BBX 9 9 0 -1
BITMAP
8F00
5080
0F80
8200
5F80
0200
4B00
9280
8600
ENDCHAR
STARTCHAR u6D85.zh_hant
ENCODING 28037
SWIDTH 1000 0
DWIDTH 10 0
BBX 9 9 0 -1
BITMAP
8F80
4880
0F80
8880
4F80
0200
2F80
4200
8F80
ENDCHAR
STARTCHAR u6D88.zh_hant
ENCODING 28040
SWIDTH 1000 0
DWIDTH 10 0
BBX 9 9 0 -1
BITMAP
8200
5280
0B00
8200
5F80
1080
1F80
5080
9180
ENDCHAR
STARTCHAR u6D89.zh_hant
ENCODING 28041
SWIDTH 1000 0
DWIDTH 10 0
BBX 9 9 0 -1
BITMAP
8400
5700
1400
BF80
4400
1480
5480
8100
9E00
ENDCHAR
STARTCHAR u6D8C.zh_hant
ENCODING 28044
SWIDTH 1000 0
DWIDTH 10 0
BBX 9 9 0 -1
BITMAP
9F00
4200
1F80
9480
5F80
1480
1F80
5480
9580
ENDCHAR
STARTCHAR u6D8E.zh_hant
ENCODING 28046
SWIDTH 1000 0
DWIDTH 10 0
BBX 9 9 0 -1
BITMAP
B980
4E00
1200
BB80
4A00
2A00
1780
5800
A780
ENDCHAR
STARTCHAR u6D93.zh_hant
ENCODING 28051
SWIDTH 1000 0
DWIDTH 10 0
BBX 9 9 0 -1
BITMAP
8F80
4880
0F80
8000
4F80
0880
2F80
4880
8980
ENDCHAR
STARTCHAR u6D94.zh_hant
ENCODING 28052
SWIDTH 1000 0
DWIDTH 10 0
BBX 9 9 0 -1
BITMAP
9480
5F80
0500
8880
5680
0000
4F00
8100
8200
ENDCHAR
STARTCHAR u6D95.zh_hant
ENCODING 28053
SWIDTH 1000 0
DWIDTH 10 0
BBX 9 9 0 -1
BITMAP
8900
4A00
1F80
8480
5F80
1400
1F80
4C80
9580
ENDCHAR
STARTCHAR u6D9B.zh_hant
ENCODING 28059
SWIDTH 1000 0
DWIDTH 10 0
BBX 9 9 0 -1
BITMAP
8400
5F80
0400
9F80
4500
3F80
0900
5500
8300
ENDCHAR
STARTCHAR u6D9D.zh_hant
ENCODING 28061
SWIDTH 1000 0
DWIDTH 10 0
BBX 9 9 0 -1
BITMAP
8900
5F80
0900
9F80
5280
0F80
2480
4880
9380
ENDCHAR
STARTCHAR u6D9F.zh_hant
ENCODING 28063
SWIDTH 1000 0
DWIDTH 10 0
BBX 9 9 0 -1
BITMAP
A200
5780
0200
B500
5780
1100
1780
6900
A780
ENDCHAR
STARTCHAR u6DA1
ENCODING 28065
SWIDTH 1000 0
DWIDTH 10 0
BBX 9 9 0 -1
BITMAP
8F00
4900
0F00
8200
5F80
1280
5580
5880
9180
ENDCHAR
STARTCHAR u6DA3.zh_hant
ENCODING 28067
SWIDTH 1000 0
DWIDTH 10 0
BBX 9 9 0 -1
BITMAP
8700
4900
1F80
8A80
4A80
0A80
1F80
4500
9880
ENDCHAR
STARTCHAR u6DA4.zh_hant
ENCODING 28068
SWIDTH 1000 0
DWIDTH 10 0
BBX 9 9 0 -1
BITMAP
8800
4F80
1100
8E00
5180
0400
5F80
9500
A480
ENDCHAR
STARTCHAR u6DA6.zh_hant
ENCODING 28070
SWIDTH 1000 0
DWIDTH 10 0
BBX 9 9 0 -1
BITMAP
9780
4880
1780
9280
5780
1280
1780
5080
9180
ENDCHAR
STARTCHAR u6DA7.zh_hant
ENCODING 28071
SWIDTH 1000 0
DWIDTH 10 0
BBX 9 9 0 -1
BITMAP
9780
4880
1780
9480
5780
1480
1780
5080
9180
ENDCHAR
STARTCHAR u6DA8.zh_hant
ENCODING 28072
SWIDTH 1000 0
DWIDTH 10 0
BBX 9 9 0 -1
BITMAP
BA80
4B00
3A00
A200
6780
3A00
0B00
4A80
B680
ENDCHAR
STARTCHAR u6DA9.zh_hant
ENCODING 28073
SWIDTH 1000 0
DWIDTH 10 0
BBX 9 9 0 -1
BITMAP
9F80
4480
1480
8880
4B00
0400
1780
5400
9F80
ENDCHAR
STARTCHAR u6DAA.zh_hant
ENCODING 28074
SWIDTH 1000 0
DWIDTH 10 0
BBX 9 9 0 -1
BITMAP
4200
2F80
8500
4500
0F80
2000
4F80
4880
8F80
ENDCHAR
STARTCHAR u6DAE.zh_hant
ENCODING 28078
SWIDTH 1000 0
DWIDTH 10 0
BBX 9 9 0 -1
BITMAP
BE80
6280
3E80
A880
7E80
2A80
6A80
AA80
A880
ENDCHAR
STARTCHAR u6DAF.zh_hant
ENCODING 28079
SWIDTH 1000 0
DWIDTH 10 0
BBX 9 9 0 -1
BITMAP
9F80
5200
1780
9200
5F80
1200
1780
4200
9F80
ENDCHAR
STARTCHAR u6DB2.zh_hant
ENCODING 28082
SWIDTH 1000 0
DWIDTH 10 0
BBX 9 9 0 -1
BITMAP
8400
7F80
1400
9780
5A80
3480
1500
5300
9C80
ENDCHAR
STARTCHAR u6DB5.zh_hant
ENCODING 28085
SWIDTH 1000 0
DWIDTH 10 0
BBX 9 9 0 -1
BITMAP
9F80
4400
0600
9280
5B80
1680
3B80
5480
9F80
ENDCHAR
STARTCHAR u6DB8.zh_hant
ENCODING 28088
SWIDTH 1000 0
DWIDTH 10 0
BBX 9 9 0 -1
BITMAP
9F80
5280
1F80
9280
5780
1480
3780
5080
9F80
ENDCHAR
STARTCHAR u6DBF.zh_hant
ENCODING 28095
SWIDTH 1000 0
DWIDTH 10 0
BBX 9 9 0 -1
BITMAP
9F80
4400
0A00
9280
4700
0A00
5300
8280
8C00
ENDCHAR
STARTCHAR u6DC0.zh_hant
ENCODING 28096
SWIDTH 1000 0
DWIDTH 10 0
BBX 9 9 0 -1
BITMAP
8200
5F80
1080
8F80
4200
0B80
0A00
8E00
B180
ENDCHAR
STARTCHAR u6DC4.zh_hant
ENCODING 28100
SWIDTH 1000 0
DWIDTH 10 0
BBX 9 9 0 -1
BITMAP
8A80
5500
0A80
8000
5F80
1280
5F80
9280
9F80
ENDCHAR
STARTCHAR u6DC5.zh_hant
ENCODING 28101
SWIDTH 1000 0
DWIDTH 10 0
BBX 9 9 0 -1
BITMAP
8B80
4A00
3E00
8B80
5A80
1A80
2E80
AA80
8880
ENDCHAR
STARTCHAR u6DC6.zh_hant
ENCODING 28102
SWIDTH 1000 0
DWIDTH 10 0
BBX 9 9 0 -1
BITMAP
8D80
4600
0900
9F80
4400
0F80
1880
4F80
8880
ENDCHAR
STARTCHAR u6DC7.zh_hant
ENCODING 28103
SWIDTH 1000 0
DWIDTH 10 0
BBX 9 9 0 -1
BITMAP
8900
5F80
0900
8F00
4900
3F80
0000
4900
9080
ENDCHAR
STARTCHAR u6DCB.zh_hant
ENCODING 28107
SWIDTH 1000 0
DWIDTH 10 0
BBX 9 9 0 -1
BITMAP
9200
5200
3F80
9200
5600
3B00
1280
5200
9200
ENDCHAR
STARTCHAR u6DCC.zh_hant
ENCODING 28108
SWIDTH 1000 0
DWIDTH 10 0
BBX 9 9 0 -1
BITMAP
8400
5500
1480
8400
5F80
1280
1E80
5080
9180
ENDCHAR
STARTCHAR u6DD1.zh_hant
ENCODING 28113
SWIDTH 1000 0
DWIDTH 10 0
BBX 9 9 0 -1
BITMAP
9380
5C80
1280
9280
7E80
1100
3500
5280
9C80
ENDCHAR
STARTCHAR u6DD6.zh_hant
ENCODING 28118
SWIDTH 1000 0
DWIDTH 10 0
BBX 9 9 0 -1
BITMAP
4400
2780
8400
4F80
0880
2F80
4880
5F80
8400
ENDCHAR
STARTCHAR u6DD8.zh_hant
ENCODING 28120
SWIDTH 1000 0
DWIDTH 10 0
BBX 9 9 0 -1
BITMAP
9000
5F80
1080
9E80
4480
3F80
0480
5480
9F00
ENDCHAR
STARTCHAR u6DD9.zh_hant
ENCODING 28121
SWIDTH 1000 0
DWIDTH 10 0
BBX 9 9 0 -1
BITMAP
8400
5F80
1080
8F80
4000
1F80
0200
4A80
9280
ENDCHAR
STARTCHAR u6DDE.zh_hant
ENCODING 28126
SWIDTH 1000 0
DWIDTH 10 0
BBX 9 9 0 -1
BITMAP
9700
5100
3480
9880
5200
1A00
3480
5480
9780
ENDCHAR
STARTCHAR u6DE1.zh_hant
ENCODING 28129
SWIDTH 1000 0
DWIDTH 10 0
BBX 9 9 0 -1
BITMAP
8A80
4A80
0500
9880
4200
0A80
2A80
4500
9880
ENDCHAR
STARTCHAR u6DE4.zh_hant
ENCODING 28132
SWIDTH 1000 0
DWIDTH 10 0
BBX 9 9 0 -1
BITMAP
9300
7C80
1000
9200
5D00
2480
0600
4500
9880
ENDCHAR
STARTCHAR u6DE6.zh_hant
ENCODING 28134
SWIDTH 1000 0
DWIDTH 10 0
BBX 9 9 0 -1
BITMAP
8F00
5080
2F80
8200
5F80
0200
1280
4A00
9F80
ENDCHAR
STARTCHAR u6DEB.zh_hant
ENCODING 28139
SWIDTH 1000 0
DWIDTH 10 0
BBX 9 9 0 -1
BITMAP
9E80
4480
1280
8800
5F80
0200
1F80
4200
9F80
ENDCHAR
STARTCHAR u6DEC.zh_hant
ENCODING 28140
SWIDTH 1000 0
DWIDTH 10 0
BBX 9 9 0 -1
BITMAP
8200
5F80
0900
8900
5680
0200
1F80
4200
8200
ENDCHAR
STARTCHAR u6DEE.zh_hant
ENCODING 28142
SWIDTH 1000 0
DWIDTH 10 0
BBX 9 9 0 -1
BITMAP
8500
4F80
0900
9F80
4900
0F80
2900
4900
8F80
ENDCHAR
STARTCHAR u6DF1.zh_hant
ENCODING 28145
SWIDTH 1000 0
DWIDTH 10 0
BBX 9 9 0 -1
BITMAP
9F80
5500
0500
9980
4200
1F80
0600
4B00
9280
ENDCHAR
STARTCHAR u6DF3.zh_hant
ENCODING 28147
SWIDTH 1000 0
DWIDTH 10 0
BBX 9 9 0 -1
BITMAP
8200
5F80
0880
8F80
4100
0200
1F80
4200
8600
ENDCHAR
STARTCHAR u6DF7.zh_hant
ENCODING 28151
SWIDTH 1000 0
DWIDTH 10 0
BBX 9 9 0 -1
BITMAP
9F80
5080
1F80
9080
5F80
1200
1B80
5200
9B80
ENDCHAR
STARTCHAR u6DF9.zh_hant
ENCODING 28153
SWIDTH 1000 0
DWIDTH 10 0
BBX 9 9 0 -1
BITMAP
8400
5F80
0D00
9480
5F80
1480
1F80
5400
8780
ENDCHAR
STARTCHAR u6DFB.zh_hant
ENCODING 28155
SWIDTH 1000 0
DWIDTH 10 0
BBX 9 9 0 -1
BITMAP
9F00
4400
0400
BF80
4900
1480
2500
9480
AD00
ENDCHAR
STARTCHAR u6DFC.zh_hant
ENCODING 28156
SWIDTH 1000 0
DWIDTH 10 0
BBX 9 9 0 -1
BITMAP
0800
7D00
2A00
C980
1800
2200
AA80
7700
AA80
ENDCHAR
STARTCHAR u6E05.zh_hant
ENCODING 28165
SWIDTH 1000 0
DWIDTH 10 0
BBX 9 9 0 -1
BITMAP
8200
5F80
0200
8F80
4200
1F80
0880
4F80
8880
ENDCHAR
STARTCHAR u6E0A.zh_hant
ENCODING 28170
SWIDTH 1000 0
DWIDTH 10 0
BBX 9 9 0 -1
BITMAP
9280
5B80
1680
9280
5F80
1280
3680
5B80
9280
ENDCHAR
STARTCHAR u6E0D
ENCODING 28173
SWIDTH 1000 0
DWIDTH 10 0
BBX 9 9 0 -1
BITMAP
8400
5F00
0400
9F00
4400
3F80
5100
4400
BB80
ENDCHAR
STARTCHAR u6E0E
ENCODING 28174
SWIDTH 1000 0
DWIDTH 10 0
BBX 9 9 0 -1
BITMAP
8200
4F80
0200
9F80
4480
0A00
5F80
4500
9880
ENDCHAR
STARTCHAR u6E10.zh_hant
ENCODING 28176
SWIDTH 1000 0
DWIDTH 10 0
BBX 9 9 0 -1
BITMAP
9380
7E00
1200
AB80
7E80
0A80
4E80
BA80
8A80
ENDCHAR
STARTCHAR u6E14.zh_hant
ENCODING 28180
SWIDTH 1000 0
DWIDTH 10 0
BBX 9 9 0 -1
BITMAP
8F00
5100
0F80
8A80
4F80
0A80
2F80
4000
9F80
ENDCHAR
STARTCHAR u6E17.zh_hant
ENCODING 28183
SWIDTH 1000 0
DWIDTH 10 0
BBX 9 9 0 -1
BITMAP
8900
5F00
0400
BF80
4A00
1100
0E00
4180
9E00
ENDCHAR
STARTCHAR u6E1A.zh_hant
ENCODING 28186
SWIDTH 1000 0
DWIDTH 10 0
BBX 9 9 0 -1
BITMAP
8480
5F80
0480
8500
5F80
0880
1F80
A880
8F80
ENDCHAR
STARTCHAR u6E1D.zh_hant
ENCODING 28189
SWIDTH 1000 0
DWIDTH 10 0
BBX 9 9 0 -1
BITMAP
9F00
4880
1780
8000
5E80
1280
1F00
5280
9680
ENDCHAR
STARTCHAR u6E20.zh_hant
ENCODING 28192
SWIDTH 1000 0
DWIDTH 10 0
BBX 9 9 0 -1
BITMAP
4F80
2800
8F80
5880
2F80
4800
FF80
2900
C880
ENDCHAR
STARTCHAR u6E21
ENCODING 28193
SWIDTH 1000 0
DWIDTH 10 0
BBX 9 9 0 -1
BITMAP
8200
5F80
1500
9F80
5500
1F80
5480
5300
AC80
ENDCHAR
STARTCHAR u6E23.zh_hant
ENCODING 28195
SWIDTH 1000 0
DWIDTH 10 0
BBX 9 9 0 -1
BITMAP
8200
5F80
0B00
9280
4F80
0880
0F80
4880
9F80
ENDCHAR
STARTCHAR u6E24.zh_hant
ENCODING 28196
SWIDTH 1000 0
DWIDTH 10 0
BBX 9 9 0 -1
BITMAP
9200
7E00
1380
BE80
4A80
1280
3C80
4880
9B00
ENDCHAR
STARTCHAR u6E25.zh_hant
ENCODING 28197
SWIDTH 1000 0
DWIDTH 10 0
BBX 9 9 0 -1
BITMAP
9F80
5080
1F80
9500
5F80
1200
3F80
4200
9F80
ENDCHAR
STARTCHAR u6E29.zh_hant
ENCODING 28201
SWIDTH 1000 0
DWIDTH 10 0
BBX 9 9 0 -1
BITMAP
9F00
5100
1F00
9100
5F00
0000
3F80
6A80
BF80
ENDCHAR
STARTCHAR u6E2B.zh_hant
ENCODING 28203
SWIDTH 1000 0
DWIDTH 10 0
BBX 9 9 0 -1
BITMAP
8A80
5F80
0A80
8B80
4800
1F80
0600
4A80
9280
ENDCHAR
STARTCHAR u6E2D.zh_hant
ENCODING 28205
SWIDTH 1000 0
DWIDTH 10 0
BBX 9 9 0 -1
BITMAP
9F80
5280
1F80
9280
5F80
0880
2F80
4880
8980
ENDCHAR
STARTCHAR u6E2F.zh_hant
ENCODING 28207
SWIDTH 1000 0
DWIDTH 10 0
BBX 9 9 0 -1
BITMAP
8900
5F80
0900
BF80
4B00
1280
0E00
4880
8F80
ENDCHAR
STARTCHAR u6E32.zh_hant
ENCODING 28210
SWIDTH 1000 0
DWIDTH 10 0
BBX 9 9 0 -1
BITMAP
8200
5F80
1080
8F00
4000
0F00
2900
4900
9F80
ENDCHAR
STARTCHAR u6E34.zh_hant
ENCODING 28212
SWIDTH 1000 0
DWIDTH 10 0
BBX 9 9 0 -1
BITMAP
4F00
2900
8F00
4900
0F80
0880
5280
8A80
8D80
ENDCHAR
STARTCHAR u6E38.zh_hant
ENCODING 28216
SWIDTH 1000 0
DWIDTH 10 0
BBX 9 9 0 -1
BITMAP
9200
7F80
1400
9780
5880
2900
0F80
4900
9B00
ENDCHAR
STARTCHAR u6E3A.zh_hant
ENCODING 28218
SWIDTH 1000 0
DWIDTH 10 0
BBX 9 9 0 -1
BITMAP
8200
7A00
2E80
BA80
6A00
3E00
2880
BB00
8C00
ENDCHAR
STARTCHAR u6E43.zh_hant
ENCODING 28227
SWIDTH 1000 0
DWIDTH 10 0
BBX 9 9 0 -1
BITMAP
8780
5900
0B80
9D00
4B80
1D00
2B80
5100
9100
ENDCHAR
STARTCHAR u6E44.zh_hant
ENCODING 28228
SWIDTH 1000 0
DWIDTH 10 0
BBX 9 9 0 -1
BITMAP
9F80
5280
1F80
9000
5780
1480
5780
9480
A780
ENDCHAR
STARTCHAR u6E4D.zh_hant
ENCODING 28237
SWIDTH 1000 0
DWIDTH 10 0
BBX 9 9 0 -1
BITMAP
9480
5480
1F80
8000
5F80
0400
1F80
5480
9580
ENDCHAR
STARTCHAR u6E4E.zh_hant
ENCODING 28238
SWIDTH 1000 0
DWIDTH 10 0
BBX 9 9 0 -1
BITMAP
9F80
4400
1F80
9280
5E80
1280
1E80
5280
9F80
ENDCHAR
STARTCHAR u6E54.zh_hant
ENCODING 28244
SWIDTH 1000 0
DWIDTH 10 0
BBX 9 9 0 -1
BITMAP
8900
5F80
0000
9E80
5280
1E80
5280
9E80
9280
ENDCHAR
STARTCHAR u6E56.zh_hant
ENCODING 28246
SWIDTH 1000 0
DWIDTH 10 0
BBX 9 9 0 -1
BITMAP
9780
7C80
1780
9480
7C80
2780
2480
BC80
8980
ENDCHAR
STARTCHAR u6E58.zh_hant
ENCODING 28248
SWIDTH 1000 0
DWIDTH 10 0
BBX 9 9 0 -1
BITMAP
9780
5480
3F80
9480
5480
1F80
3480
5480
9780
ENDCHAR
STARTCHAR u6E5B.zh_hant
ENCODING 28251
SWIDTH 1000 0
DWIDTH 10 0
BBX 9 9 0 -1
BITMAP
8900
5F80
0900
8F00
4980
3F00
1580
5800
9F80
ENDCHAR
STARTCHAR u6E5F.zh_hant
ENCODING 28255
SWIDTH 1000 0
DWIDTH 10 0
BBX 9 9 0 -1
BITMAP
4400
2F80
8880
4880
0F80
2200
4F80
4200
8F80
ENDCHAR
STARTCHAR u6E6B.zh_hant
ENCODING 28267
SWIDTH 1000 0
DWIDTH 10 0
BBX 9 9 0 -1
BITMAP
BE00
5280
1280
BE80
5300
1A00
3200
5500
9880
ENDCHAR
STARTCHAR u6E6E.zh_hant
ENCODING 28270
SWIDTH 1000 0
DWIDTH 10 0
BBX 9 9 0 -1
BITMAP
9F80
4500
1F80
8A80
5F80
0200
1F80
4200
9F80
ENDCHAR
STARTCHAR u6E7E.zh_hant
ENCODING 28286
SWIDTH 1000 0
DWIDTH 10 0
BBX 9 9 0 -1
BITMAP
8400
7F80
2A80
9200
5F80
0800
1F80
5080
8300
ENDCHAR
STARTCHAR u6E7F.zh_hant
ENCODING 28287
SWIDTH 1000 0
DWIDTH 10 0
BBX 9 9 0 -1
BITMAP
9F80
5080
1F80
9080
5F80
0A00
1A80
4A00
BF80
ENDCHAR
STARTCHAR u6E83.zh_hant
ENCODING 28291
SWIDTH 1000 0
DWIDTH 10 0
BBX 9 9 0 -1
BITMAP
8200
5F80
1280
9F80
4880
0A80
4200
8500
9880
ENDCHAR
STARTCHAR u6E85.zh_hant
ENCODING 28293
SWIDTH 1000 0
DWIDTH 10 0
BBX 9 9 0 -1
BITMAP
BA80
6B80
2E00
AB80
6E00
2B00
1200
AA80
AD80
ENDCHAR
STARTCHAR u6E89.zh_hant
ENCODING 28297
SWIDTH 1000 0
DWIDTH 10 0
BBX 9 9 0 -1
BITMAP
9F80
5500
1D00
9780
5D00
1100
5B00
8500
8980
ENDCHAR
STARTCHAR u6E8F.zh_hant
ENCODING 28303
SWIDTH 1000 0
DWIDTH 10 0
BBX 9 9 0 -1
BITMAP
8200
5F80
1500
9F80
5500
1F00
2900
A900
8F00
ENDCHAR
STARTCHAR u6E90
ENCODING 28304
SWIDTH 1000 0
DWIDTH 10 0
BBX 9 9 0 -1
BITMAP
9F80
5200
1780
9480
5780
1480
5780
5200
AA80
ENDCHAR
STARTCHAR u6E98.zh_hant
ENCODING 28312
SWIDTH 1000 0
DWIDTH 10 0
BBX 9 9 0 -1
BITMAP
8200
5F80
0200
9F80
4400
0880
1F80
4A80
9F80
ENDCHAR
STARTCHAR u6E9C.zh_hant
ENCODING 28316
SWIDTH 1000 0
DWIDTH 10 0
BBX 9 9 0 -1
BITMAP
9B80
5280
1280
9480
5F80
1280
1F80
5280
9F80
ENDCHAR
STARTCHAR u6E9F.zh_hant
ENCODING 28319
SWIDTH 1000 0
DWIDTH 10 0
BBX 9 9 0 -1
BITMAP
9F80
5080
1F80
8880
4F80
0880
3F80
4500
9880
ENDCHAR
STARTCHAR u6EA2.zh_hant
ENCODING 28322
SWIDTH 1000 0
DWIDTH 10 0
BBX 9 9 0 -1
BITMAP
8900
4A00
3F80
8900
5080
3F00
1500
5500
BF80
ENDCHAR
STARTCHAR u6EA5
ENCODING 28325
SWIDTH 1000 0
DWIDTH 10 0
BBX 9 9 0 -1
BITMAP
8280
5F80
0A80
8F80
4A80
0100
5F80
4900
8500
ENDCHAR
STARTCHAR u6EA7.zh_hant
ENCODING 28327
SWIDTH 1000 0
DWIDTH 10 0
BBX 9 9 0 -1
BITMAP
BF80
4A00
3F80
AA80
7F80
0400
7F80
9500
A480
ENDCHAR
STARTCHAR u6EAA.zh_hant
ENCODING 28330
SWIDTH 1000 0
DWIDTH 10 0
BBX 9 9 0 -1
BITMAP
8F80
4900
1480
8200
5F80
0200
1F80
4500
9880
ENDCHAR
STARTCHAR u6EAF.zh_hant
ENCODING 28335
SWIDTH 1000 0
DWIDTH 10 0
BBX 9 9 0 -1
BITMAP
9780
4280
3F80
8A80
4A80
7F80
0A80
5280
9280
ENDCHAR
STARTCHAR u6EB1.zh_hant
ENCODING 28337
SWIDTH 1000 0
DWIDTH 10 0
BBX 9 9 0 -1
BITMAP
4400
3F80
8400
5F80
0900
3E80
4400
5D00
A480
ENDCHAR
STARTCHAR u6EB2.zh_hant
ENCODING 28338
SWIDTH 1000 0
DWIDTH 10 0
BBX 9 9 0 -1
BITMAP
8200
5B80
1280
9B80
5280
3F80
0900
4600
9980
ENDCHAR
STARTCHAR u6EB4.zh_hant
ENCODING 28340
SWIDTH 1000 0
DWIDTH 10 0
BBX 9 9 0 -1
BITMAP
8800
5F00
1100
9F00
5100
3F80
4400
8A00
B180
ENDCHAR
STARTCHAR u6EB6.zh_hant
ENCODING 28342
SWIDTH 1000 0
DWIDTH 10 0
BBX 9 9 0 -1
BITMAP
8200
5F80
1500
8880
5700
0880
1F80
4880
8F80
ENDCHAR
STARTCHAR u6EB7.zh_hant
ENCODING 28343
SWIDTH 1000 0
DWIDTH 10 0
BBX 9 9 0 -1
BITMAP
9F80
5080
1F80
9680
5B80
1680
1B80
5480
9F80
ENDCHAR
STARTCHAR u6EBA.zh_hant
ENCODING 28346
SWIDTH 1000 0
DWIDTH 10 0
BBX 9 9 0 -1
BITMAP
BB80
4880
3B80
A200
3B80
4C80
2A80
4C80
9980
ENDCHAR
STARTCHAR u6EBD.zh_hant
ENCODING 28349
SWIDTH 1000 0
DWIDTH 10 0
BBX 9 9 0 -1
BITMAP
9F80
5000
1F80
9500
5680
0100
1F80
5100
8B00
ENDCHAR
STARTCHAR u6EC1.zh_hant
ENCODING 28353
SWIDTH 1000 0
DWIDTH 10 0
BBX 9 9 0 -1
BITMAP
BB00
6C80
2B80
B200
6F80
2A00
2B00
B680
A200
ENDCHAR
STARTCHAR u6EC2.zh_hant
ENCODING 28354
SWIDTH 1000 0
DWIDTH 10 0
BBX 9 9 0 -1
BITMAP
8400
5F80
0900
8900
5F80
2480
1F80
4880
9300
ENDCHAR
STARTCHAR u6EC7.zh_hant
ENCODING 28359
SWIDTH 1000 0
DWIDTH 10 0
BBX 9 9 0 -1
BITMAP
8200
5F80
0900
8F00
4900
0900
5F80
8500
9880
ENDCHAR
STARTCHAR u6ECB.zh_hant
ENCODING 28363
SWIDTH 1000 0
DWIDTH 10 0
BBX 9 9 0 -1
BITMAP
8900
4A00
3F80
8900
5200
1F80
0900
9200
BF80
ENDCHAR
STARTCHAR u6ECF.zh_hant
ENCODING 28367
SWIDTH 1000 0
DWIDTH 10 0
BBX 9 9 0 -1
BITMAP
8A00
5100
2E80
9100
5F80
0400
3F80
5500
BF80
ENDCHAR
STARTCHAR u6ED1.zh_hant
ENCODING 28369
SWIDTH 1000 0
DWIDTH 10 0
BBX 9 9 0 -1
BITMAP
9F00
5100
1600
BF80
4080
1F00
1100
5F00
9100
ENDCHAR
STARTCHAR u6ED3.zh_hant
ENCODING 28371
SWIDTH 1000 0
DWIDTH 10 0
BBX 9 9 0 -1
BITMAP
8200
5F80
1280
9F80
4900
3F80
0200
5F80
8200
ENDCHAR
STARTCHAR u6ED4.zh_hant
ENCODING 28372
SWIDTH 1000 0
DWIDTH 10 0
BBX 9 9 0 -1
BITMAP
8F80
4900
1480
8200
5D80
1080
1D80
5080
9F80
ENDCHAR
STARTCHAR u6ED5.zh_hant
ENCODING 28373
SWIDTH 1000 0
DWIDTH 10 0
BBX 9 9 0 -1
BITMAP
EB00
B280
FF80
A500
BF80
EA80
B700
AA80
B680
ENDCHAR
STARTCHAR u6EDA.zh_hant
ENCODING 28378
SWIDTH 1000 0
DWIDTH 10 0
BBX 9 9 0 -1
BITMAP
8400
5F80
0900
9480
4F00
0480
0A80
5900
8C80
ENDCHAR
STARTCHAR u6EDE.zh_hant
ENCODING 28382
SWIDTH 1000 0
DWIDTH 10 0
BBX 9 9 0 -1
BITMAP
9500
7F80
1500
9500
7F80
2480
3F80
5480
9580
ENDCHAR
STARTCHAR u6EE1.zh_hant
ENCODING 28385
SWIDTH 1000 0
DWIDTH 10 0
BBX 9 9 0 -1
BITMAP
8900
5F80
0900
9F80
4400
1F80
5480
9D80
9680
ENDCHAR
STARTCHAR u6EE4.zh_hant
ENCODING 28388
SWIDTH 1000 0
DWIDTH 10 0
BBX 9 9 0 -1
BITMAP
8700
4400
1F80
9480
5F00
1400
5780
A900
AE80
ENDCHAR
STARTCHAR u6EE5.zh_hant
ENCODING 28389
SWIDTH 1000 0
DWIDTH 10 0
BBX 9 9 0 -1
BITMAP
AA00
6B80
2C00
AB80
4000
3F80
2A80
6A80
BF80
ENDCHAR
STARTCHAR u6EE6.zh_hant
ENCODING 28390
SWIDTH 1000 0
DWIDTH 10 0
BBX 9 9 0 -1
BITMAP
8400
5F80
0A00
9B00
4A80
0400
3F80
9500
A480
ENDCHAR
STARTCHAR u6EE8.zh_hant
ENCODING 28392
SWIDTH 1000 0
DWIDTH 10 0
BBX 9 9 0 -1
BITMAP
8200
5F80
1080
8F00
4800
0F00
2900
5F80
8900
ENDCHAR
STARTCHAR u6EE9.zh_hant
ENCODING 28393
SWIDTH 1000 0
DWIDTH 10 0
BBX 9 9 0 -1
BITMAP
8500
4780
3D00
A780
6D00
1780
2D00
A500
8780
ENDCHAR
STARTCHAR u6EF4.zh_hant
ENCODING 28404
SWIDTH 1000 0
DWIDTH 10 0
BBX 9 9 0 -1
BITMAP
8200
5F80
0900
8900
5F80
1280
1F80
5480
9780
ENDCHAR
STARTCHAR u6EF9.zh_hant
ENCODING 28409
SWIDTH 1000 0
DWIDTH 10 0
BBX 9 9 0 -1
BITMAP
8700
4400
1F80
9480
5F00
1500
1F80
5200
A600
ENDCHAR
STARTCHAR u6F02.zh_hant
ENCODING 28418
SWIDTH 1000 0
DWIDTH 10 0
BBX 9 9 0 -1
BITMAP
9F80
4500
1F80
8A80
5F80
0000
1F80
4A00
9280
ENDCHAR
STARTCHAR u6F06.zh_hant
ENCODING 28422
SWIDTH 1000 0
DWIDTH 10 0
BBX 9 9 0 -1
BITMAP
8200
5F80
0A80
9300
4680
0A00
1300
4A80
9680
ENDCHAR
STARTCHAR u6F09.zh_hant
ENCODING 28425
SWIDTH 1000 0
DWIDTH 10 0
BBX 9 9 0 -1
BITMAP
8400
7F80
2A00
BF80
6A80
3F80
5200
9E80
B380
ENDCHAR
STARTCHAR u6F0F.zh_hant
ENCODING 28431
SWIDTH 1000 0
DWIDTH 10 0
BBX 9 9 0 -1
BITMAP
9F80
5080
1F80
9200
5F80
1280
1680
AB80
A280
ENDCHAR
STARTCHAR u6F13.zh_hant
ENCODING 28435
SWIDTH 1000 0
DWIDTH 10 0
BBX 9 9 0 -1
BITMAP
8200
5F80
1500
8A80
5F80
0400
1F80
5480
9E80
ENDCHAR
STARTCHAR u6F14.zh_hant
ENCODING 28436
SWIDTH 1000 0
DWIDTH 10 0
BBX 9 9 0 -1
BITMAP
8400
7F80
2480
9F00
5500
1F00
1500
8F00
B180
ENDCHAR
STARTCHAR u6F15.zh_hant
ENCODING 28437
SWIDTH 1000 0
DWIDTH 10 0
BBX 9 9 0 -1
BITMAP
8A00
7F80
2A80
BF80
6A80
3F80
1080
5080
9F80
ENDCHAR
STARTCHAR u6F20.zh_hant
ENCODING 28448
SWIDTH 1000 0
DWIDTH 10 0
BBX 9 9 0 -1
BITMAP
9F80
4500
0F80
8880
4F80
0880
1F80
4500
9880
ENDCHAR
STARTCHAR u6F29.zh_hant
ENCODING 28457
SWIDTH 1000 0
DWIDTH 10 0
BBX 9 9 0 -1
BITMAP
9400
5780
3800
9780
5A80
2A00
2B80
8A00
B580
ENDCHAR
STARTCHAR u6F2A.zh_hant
ENCODING 28458
SWIDTH 1000 0
DWIDTH 10 0
BBX 9 9 0 -1
BITMAP
8A00
6F80
1500
A880
4F80
1A80
2A80
8E80
B180
ENDCHAR
STARTCHAR u6F2B.zh_hant
ENCODING 28459
SWIDTH 1000 0
DWIDTH 10 0
BBX 9 9 0 -1
BITMAP
9F00
5100
1100
BF80
6A80
3F80
1100
4E00
B180
ENDCHAR
STARTCHAR u6F2D.zh_hant
ENCODING 28461
SWIDTH 1000 0
DWIDTH 10 0
BBX 9 9 0 -1
BITMAP
8900
5F80
0200
9F80
4900
1080
0500
5F80
8900
ENDCHAR
STARTCHAR u6F2F.zh_hant
ENCODING 28463
SWIDTH 1000 0
DWIDTH 10 0
BBX 9 9 0 -1
BITMAP
9F80
5280
1F80
9280
5F80
0900
5E80
8200
9680
ENDCHAR
STARTCHAR u6F31.zh_hant
ENCODING 28465
SWIDTH 1000 0
DWIDTH 10 0
BBX 9 9 0 -1
BITMAP
8A00
7F80
0880
BF80
6900
3F00
0900
5A80
AC80
ENDCHAR
STARTCHAR u6F33.zh_hant
ENCODING 28467
SWIDTH 1000 0
DWIDTH 10 0
BBX 9 9 0 -1
BITMAP
8200
5F80
0900
BF80
5080
1F80
5080
BF80
8200
ENDCHAR
STARTCHAR u6F3E.zh_hant
ENCODING 28478
SWIDTH 1000 0
DWIDTH 10 0
BBX 9 9 0 -1
BITMAP
8900
5F80
0400
9F80
4400
1D80
0B00
5280
8680
ENDCHAR
STARTCHAR u6F46.zh_hant
ENCODING 28486
SWIDTH 1000 0
DWIDTH 10 0
BBX 9 9 0 -1
BITMAP
8900
5F80
0900
9F80
5480
0A00
3F80
5500
AC80
ENDCHAR
STARTCHAR u6F47.zh_hant
ENCODING 28487
SWIDTH 1000 0
DWIDTH 10 0
BBX 9 9 0 -1
BITMAP
8500
5F80
0500
BF80
4200
1280
1B80
5680
A280
ENDCHAR
STARTCHAR u6F4D.zh_hant
ENCODING 28493
SWIDTH 1000 0
DWIDTH 10 0
BBX 9 9 0 -1
BITMAP
9500
5780
2500
BF80
5500
2780
3D00
8500
B780
ENDCHAR
STARTCHAR u6F58.zh_hant
ENCODING 28504
SWIDTH 1000 0
DWIDTH 10 0
BBX 9 9 0 -1
BITMAP
9F80
4A80
0200
9F80
4B00
1280
1F80
5280
9F80
ENDCHAR
STARTCHAR u6F5C.zh_hant
ENCODING 28508
SWIDTH 1000 0
DWIDTH 10 0
BBX 9 9 0 -1
BITMAP
8900
5F80
0900
9F80
5500
2A80
1F80
5080
9F80
ENDCHAR
STARTCHAR u6F5E.zh_hant
ENCODING 28510
SWIDTH 1000 0
DWIDTH 10 0
BBX 9 9 0 -1
BITMAP
BD80
6680
2500
BE80
4800
2F80
6A80
AE80
BB80
ENDCHAR
STARTCHAR u6F62.zh_hant
ENCODING 28514
SWIDTH 1000 0
DWIDTH 10 0
BBX 9 9 0 -1
BITMAP
8900
5F80
0900
BF80
5480
1F80
5480
9F80
8900
ENDCHAR
STARTCHAR u6F66.zh_hant
ENCODING 28518
SWIDTH 1000 0
DWIDTH 10 0
BBX 9 9 0 -1
BITMAP
8200
5F80
1500
8F80
5880
0F80
0200
4A80
9680
ENDCHAR
STARTCHAR u6F6D.zh_hant
ENCODING 28525
SWIDTH 1000 0
DWIDTH 10 0
BBX 9 9 0 -1
BITMAP
BF80
4A00
3F80
AA80
7F80
1100
1100
BF80
8400
ENDCHAR
STARTCHAR u6F6E.zh_hant
ENCODING 28526
SWIDTH 1000 0
DWIDTH 10 0
BBX 9 9 0 -1
BITMAP
9780
7C80
1780
BC80
6480
3F80
2480
7C80
9580
ENDCHAR
STARTCHAR u6F72.zh_hant
ENCODING 28530
SWIDTH 1000 0
DWIDTH 10 0
BBX 9 9 0 -1
BITMAP
BA00
5300
1680
BA00
5780
1C80
3780
5480
9580
ENDCHAR
STARTCHAR u6F74.zh_hant
ENCODING 28532
SWIDTH 1000 0
DWIDTH 10 0
BBX 9 9 0 -1
BITMAP
9200
5780
2200
9280
5F80
3480
5F80
9480
B780
ENDCHAR
STARTCHAR u6F78.zh_hant
ENCODING 28536
SWIDTH 1000 0
DWIDTH 10 0
BBX 9 9 0 -1
BITMAP
8900
5F80
0B00
9D80
4900
1F80
1080
5F80
9080
ENDCHAR
STARTCHAR u6F7A.zh_hant
ENCODING 28538
SWIDTH 1000 0
DWIDTH 10 0
BBX 9 9 0 -1
BITMAP
BF80
6080
3F80
A200
7F80
2400
3F80
4900
9B00
ENDCHAR
STARTCHAR u6F7C.zh_hant
ENCODING 28540
SWIDTH 1000 0
DWIDTH 10 0
BBX 9 9 0 -1
BITMAP
8200
5F80
0900
8900
5F80
0A80
0F80
4200
9F80
ENDCHAR
STARTCHAR u6F84.zh_hant
ENCODING 28548
SWIDTH 1000 0
DWIDTH 10 0
BBX 9 9 0 -1
BITMAP
9E80
4500
1700
8880
5F80
2880
0F80
4500
9F80
ENDCHAR
STARTCHAR u6F88.zh_hant
ENCODING 28552
SWIDTH 1000 0
DWIDTH 10 0
BBX 9 9 0 -1
BITMAP
9200
7F80
1480
A280
7E80
2500
7D00
A680
AC80
ENDCHAR
STARTCHAR u6F8D.zh_hant
ENCODING 28557
SWIDTH 1000 0
DWIDTH 10 0
BBX 9 9 0 -1
BITMAP
8880
7C80
0B80
BC80
6680
3D80
A480
9480
BD80
ENDCHAR
STARTCHAR u6F8E.zh_hant
ENCODING 28558
SWIDTH 1000 0
DWIDTH 10 0
BBX 9 9 0 -1
BITMAP
8880
7F00
0800
BE80
6300
3E00
0400
5480
BF00
ENDCHAR
STARTCHAR u6F9C.zh_hant
ENCODING 28572
SWIDTH 1000 0
DWIDTH 10 0
BBX 9 9 0 -1
BITMAP
AF80
5280
2F80
A280
6F80
2A80
2F80
6680
AA80
ENDCHAR
STARTCHAR u6FA1.zh_hant
ENCODING 28577
SWIDTH 1000 0
DWIDTH 10 0
BBX 9 9 0 -1
BITMAP
8F00
4900
1F80
9280
5F80
0200
1F80
4A00
9280
ENDCHAR
STARTCHAR u6FA7.zh_hant
ENCODING 28583
SWIDTH 1000 0
DWIDTH 10 0
BBX 9 9 0 -1
BITMAP
4F80
2A80
8F80
4A80
1F80
0880
2F80
4500
9F80
ENDCHAR
STARTCHAR u6FB3.zh_hant
ENCODING 28595
SWIDTH 1000 0
DWIDTH 10 0
BBX 9 9 0 -1
BITMAP
8400
5F80
1580
9A80
5780
0A80
1F80
4500
9880
ENDCHAR
STARTCHAR u6FB6.zh_hant
ENCODING 28598
SWIDTH 1000 0
DWIDTH 10 0
BBX 9 9 0 -1
BITMAP
8200
5F80
1480
9780
5080
1F80
4900
8900
9F80
ENDCHAR
STARTCHAR u6FB9.zh_hant
ENCODING 28601
SWIDTH 1000 0
DWIDTH 10 0
BBX 9 9 0 -1
BITMAP
8F00
5100
3F80
9500
5B80
1000
2F80
A880
8F80
ENDCHAR
STARTCHAR u6FC0.zh_hant
ENCODING 28608
SWIDTH 1000 0
DWIDTH 10 0
BBX 9 9 0 -1
BITMAP
9200
7F80
2480
BE80
5280
3D00
1500
A680
AC80
ENDCHAR
STARTCHAR u6FC2.zh_hant
ENCODING 28610
SWIDTH 1000 0
DWIDTH 10 0
BBX 9 9 0 -1
BITMAP
8400
7F80
2A80
BF80
6A80
3F80
4A00
9B00
AA80
ENDCHAR
STARTCHAR u6FD1
ENCODING 28625
SWIDTH 1000 0
DWIDTH 10 0
BBX 9 9 0 -1
BITMAP
9200
7B80
9500
7F80
5480
7D80
B580
D900
9680
ENDCHAR
STARTCHAR u6FD2.zh_hant
ENCODING 28626
SWIDTH 1000 0
DWIDTH 10 0
BBX 9 9 0 -1
BITMAP
9780
5900
1380
BE80
5280
1A80
3500
8A80
B480
ENDCHAR
STARTCHAR u6FDE.zh_hant
ENCODING 28638
SWIDTH 1000 0
DWIDTH 10 0
BBX 9 9 0 -1
BITMAP
8800
5F00
1100
BF80
6480
3F80
4900
BF80
9100
ENDCHAR
STARTCHAR u6FE0.zh_hant
ENCODING 28640
SWIDTH 1000 0
DWIDTH 10 0
BBX 9 9 0 -1
BITMAP
8200
5F80
0900
9F80
5080
0F80
1500
4A80
9680
ENDCHAR
STARTCHAR u6FE1.zh_hant
ENCODING 28641
SWIDTH 1000 0
DWIDTH 10 0
BBX 9 9 0 -1
BITMAP
9F80
4200
1F80
9280
5B80
0200
1F80
5480
9580
ENDCHAR
STARTCHAR u6FEE.zh_hant
ENCODING 28654
SWIDTH 1000 0
DWIDTH 10 0
BBX 9 9 0 -1
BITMAP
8A80
4F80
1500
B500
5F80
1200
1F80
5500
9880
ENDCHAR
STARTCHAR u6FEF.zh_hant
ENCODING 28655
SWIDTH 1000 0
DWIDTH 10 0
BBX 9 9 0 -1
BITMAP
8D80
5680
0D80
9480
5F80
1200
3F80
5200
9F80
ENDCHAR
STARTCHAR u7011.zh_hant
ENCODING 28689
SWIDTH 1000 0
DWIDTH 10 0
BBX 9 9 0 -1
BITMAP
9F80
5080
1F80
8500
5F80
0900
1680
4B00
9280
ENDCHAR
STARTCHAR u701A.zh_hant
ENCODING 28698
SWIDTH 1000 0
DWIDTH 10 0
BBX 9 9 0 -1
BITMAP
9300
7C80
1000
BF80
6480
3D80
2680
7D80
9280
ENDCHAR
STARTCHAR u701B.zh_hant
ENCODING 28699
SWIDTH 1000 0
DWIDTH 10 0
BBX 9 9 0 -1
BITMAP
8200
7F80
1000
9F80
5100
3F80
2A80
BB80
AC80
ENDCHAR
STARTCHAR u7023.zh_hant
ENCODING 28707
SWIDTH 1000 0
DWIDTH 10 0
BBX 9 9 0 -1
BITMAP
9B80
B280
1900
A280
BB80
0A00
BB80
8A00
BF80
ENDCHAR
STARTCHAR u704C.zh_hant
ENCODING 28748
SWIDTH 1000 0
DWIDTH 10 0
BBX 9 9 0 -1
BITMAP
9F80
4500
1F80
9280
5F80
0500
0F80
5900
8F80
ENDCHAR
STARTCHAR u705E.zh_hant
ENCODING 28766
SWIDTH 1000 0
DWIDTH 10 0
BBX 9 9 0 -1
BITMAP
BF80
4400
3F80
A480
6B80
3E80
6B80
BE80
9280
ENDCHAR
STARTCHAR u706B
ENCODING 28779
SWIDTH 1000 0
DWIDTH 10 0
BBX 9 9 0 -1
BITMAP
0800
0800
4880
4880
8900
1400
1400
2200
C180
ENDCHAR
STARTCHAR u706D
ENCODING 28781
SWIDTH 1000 0
DWIDTH 10 0
BBX 9 9 0 -1
BITMAP
FF80
0800
4880
4880
8900
1400
1400
2200
C180
ENDCHAR
STARTCHAR u706F.zh_hant
ENCODING 28783
SWIDTH 1000 0
DWIDTH 10 0
BBX 9 9 0 -1
BITMAP
2780
A900
B100
A100
2100
6100
5100
8900
8300
ENDCHAR
STARTCHAR u7070.zh_hant
ENCODING 28784
SWIDTH 1000 0
DWIDTH 10 0
BBX 9 9 0 -1
BITMAP
4000
FF80
4400
5480
5500
4400
8A00
9100
2080
ENDCHAR
STARTCHAR u7075.zh_hant
ENCODING 28789
SWIDTH 1000 0
DWIDTH 10 0
BBX 9 9 0 -1
BITMAP
7F00
0100
7F00
0100
7F00
4880
8900
3600
C180
ENDCHAR
STARTCHAR u7076.zh_hant
ENCODING 28790
SWIDTH 1000 0
DWIDTH 10 0
BBX 9 9 0 -1
BITMAP
2200
A200
B200
AF80
2200
2200
5200
4200
8F80
ENDCHAR
STARTCHAR u7078.zh_hant
ENCODING 28792
SWIDTH 1000 0
DWIDTH 10 0
BBX 9 9 0 -1
BITMAP
3F00
C200
1C00
E380
0800
4880
8900
3600
C180
ENDCHAR
STARTCHAR u707C.zh_hant
ENCODING 28796
SWIDTH 1000 0
DWIDTH 10 0
BBX 9 9 0 -1
BITMAP
2800
AF80
B080
A080
2880
2480
5080
9080
8300
ENDCHAR
STARTCHAR u707E.zh_hant
ENCODING 28798
SWIDTH 1000 0
DWIDTH 10 0
BBX 9 9 0 -1
BITMAP
0800
FF80
8080
0800
2900
4A00
1400
2200
C180
ENDCHAR
STARTCHAR u707F.zh_hant
ENCODING 28799
SWIDTH 1000 0
DWIDTH 10 0
BBX 9 9 0 -1
BITMAP
2200
A200
AA80
AA80
2A80
5A80
4A80
8A80
8F80
ENDCHAR
STARTCHAR u7085.zh_hant
ENCODING 28805
SWIDTH 1000 0
DWIDTH 10 0
BBX 9 9 0 -1
BITMAP
7F00
4100
7F00
4100
7F00
4880
8900
1400
E380
ENDCHAR
STARTCHAR u7089.zh_hant
ENCODING 28809
SWIDTH 1000 0
DWIDTH 10 0
BBX 9 9 0 -1
BITMAP
2F80
B000
AF80
A880
2880
5F80
4800
9000
9000
ENDCHAR
STARTCHAR u708A.zh_hant
ENCODING 28810
SWIDTH 1000 0
DWIDTH 10 0
BBX 9 9 0 -1
BITMAP
2800
AF80
AA80
AA80
2200
5200
5200
8500
9880
ENDCHAR
STARTCHAR u708E.zh_hant
ENCODING 28814
SWIDTH 1000 0
DWIDTH 10 0
BBX 9 9 0 -1
BITMAP
4900
4900
3600
C180
0800
4900
4900
3600
C180
ENDCHAR
STARTCHAR u7092.zh_hant
ENCODING 28818
SWIDTH 1000 0
DWIDTH 10 0
BBX 9 9 0 -1
BITMAP
2200
A200
AA80
B280
2200
6600
5080
8300
8C00
ENDCHAR
STARTCHAR u7094.zh_hant
ENCODING 28820
SWIDTH 1000 0
DWIDTH 10 0
BBX 9 9 0 -1
BITMAP
2200
AF80
A280
A280
2F80
5200
4200
8500
9880
ENDCHAR
STARTCHAR u7095.zh_hant
ENCODING 28821
SWIDTH 1000 0
DWIDTH 10 0
BBX 9 9 0 -1
BITMAP
2200
AF80
B000
A700
2500
5500
5500
8500
8980
ENDCHAR
STARTCHAR u7096.zh_hant
ENCODING 28822
SWIDTH 1000 0
DWIDTH 10 0
BBX 9 9 0 -1
BITMAP
2200
AF80
B200
AA80
2A80
6F80
5200
9200
8380
ENDCHAR
STARTCHAR u7099.zh_hant
ENCODING 28825
SWIDTH 1000 0
DWIDTH 10 0
BBX 9 9 0 -1
BITMAP
3F00
C900
2600
1C00
E380
4880
8900
3600
C180
ENDCHAR
STARTCHAR u709C.zh_hant
ENCODING 28828
SWIDTH 1000 0
DWIDTH 10 0
BBX 9 9 0 -1
BITMAP
2200
AF80
B200
AF80
2200
2F80
5280
4280
8200
ENDCHAR
STARTCHAR u709D.zh_hant
ENCODING 28829
SWIDTH 1000 0
DWIDTH 10 0
BBX 9 9 0 -1
BITMAP
2600
A900
B080
AF00
2900
5900
4B00
8880
8780
ENDCHAR
STARTCHAR u70AB.zh_hant
ENCODING 28843
SWIDTH 1000 0
DWIDTH 10 0
BBX 9 9 0 -1
BITMAP
2200
AF80
B400
A800
2500
2200
5480
4880
8F80
ENDCHAR
STARTCHAR u70AC.zh_hant
ENCODING 28844
SWIDTH 1000 0
DWIDTH 10 0
BBX 9 9 0 -1
BITMAP
2F80
A800
AF80
A880
2880
5F80
4800
8800
8F80
ENDCHAR
STARTCHAR u70AD.zh_hant
ENCODING 28845
SWIDTH 1000 0
DWIDTH 10 0
BBX 9 9 0 -1
BITMAP
8880
FF80
0000
7F80
5480
5500
8400
8A00
3180
ENDCHAR
STARTCHAR u70AE.zh_hant
ENCODING 28846
SWIDTH 1000 0
DWIDTH 10 0
BBX 9 9 0 -1
BITMAP
2800
AF80
B080
AE80
2A80
6E80
5800
8880
8F80
ENDCHAR
STARTCHAR u70AF.zh_hant
ENCODING 28847
SWIDTH 1000 0
DWIDTH 10 0
BBX 9 9 0 -1
BITMAP
2F80
A880
AE80
AA80
2A80
6A80
5E80
8880
8980
ENDCHAR
STARTCHAR u70B1.zh_hant
ENCODING 28849
SWIDTH 1000 0
DWIDTH 10 0
BBX 9 9 0 -1
BITMAP
2200
7F00
0080
7F00
4100
7F00
2A00
5400
E380
ENDCHAR
STARTCHAR u70B3.zh_hant
ENCODING 28851
SWIDTH 1000 0
DWIDTH 10 0
BBX 9 9 0 -1
BITMAP
2F80
A200
AF80
AA80
2A80
6D80
5880
8880
8980
ENDCHAR
STARTCHAR u70B7.zh_hant
ENCODING 28855
SWIDTH 1000 0
DWIDTH 10 0
BBX 9 9 0 -1
BITMAP
2200
AF80
A200
A200
2F80
5200
4200
8200
9F80
ENDCHAR
STARTCHAR u70B8.zh_hant
ENCODING 28856
SWIDTH 1000 0
DWIDTH 10 0
BBX 9 9 0 -1
BITMAP
2800
AF80
B400
A780
2400
6400
5780
8C00
8400
ENDCHAR
STARTCHAR u70B9
ENCODING 28857
SWIDTH 1000 0
DWIDTH 10 0
BBX 9 9 0 -1
BITMAP
0800
0F80
0800
7F00
4100
7F00
0000
5500
8A80
ENDCHAR
STARTCHAR u70BC.zh_hant
ENCODING 28860
SWIDTH 1000 0
DWIDTH 10 0
BBX 9 9 0 -1
BITMAP
2200
AF80
A400
AA00
2F80
5200
4B00
9280
8600
ENDCHAR
STARTCHAR u70BD
ENCODING 28861
SWIDTH 1000 0
DWIDTH 10 0
BBX 9 9 0 -1
BITMAP
2F80
A880
B880
A880
2F80
2000
5500
5480
8880
ENDCHAR
STARTCHAR u70C0.zh_hant
ENCODING 28864
SWIDTH 1000 0
DWIDTH 10 0
BBX 9 9 0 -1
BITMAP
2180
AE00
A280
AB00
2200
5F80
5200
8200
8600
ENDCHAR
STARTCHAR u70C1.zh_hant
ENCODING 28865
SWIDTH 1000 0
DWIDTH 10 0
BBX 9 9 0 -1
BITMAP
2F80
AA00
AA00
AA00
2F80
5200
4B00
9280
8600
ENDCHAR
STARTCHAR u70C2.zh_hant
ENCODING 28866
SWIDTH 1000 0
DWIDTH 10 0
BBX 9 9 0 -1
BITMAP
2480
A500
AF80
A000
2000
5700
5000
4000
8F80
ENDCHAR
STARTCHAR u70C3.zh_hant
ENCODING 28867
SWIDTH 1000 0
DWIDTH 10 0
BBX 9 9 0 -1
BITMAP
2F80
A100
A200
A500
2880
5F80
4200
8200
9F80
ENDCHAR
STARTCHAR u70C8.zh_hant
ENCODING 28872
SWIDTH 1000 0
DWIDTH 10 0
BBX 9 9 0 -1
BITMAP
FA80
2280
3A80
4A80
A880
1180
0000
5500
8A80
ENDCHAR
STARTCHAR u70CA.zh_hant
ENCODING 28874
SWIDTH 1000 0
DWIDTH 10 0
BBX 9 9 0 -1
BITMAP
2480
B500
AF80
A200
2780
5200
4F80
4200
8200
ENDCHAR
STARTCHAR u70D8.zh_hant
ENCODING 28888
SWIDTH 1000 0
DWIDTH 10 0
BBX 9 9 0 -1
BITMAP
2500
AF80
B500
A500
2500
2F80
5000
4500
8880
ENDCHAR
STARTCHAR u70D9.zh_hant
ENCODING 28889
SWIDTH 1000 0
DWIDTH 10 0
BBX 9 9 0 -1
BITMAP
2780
A880
B500
A300
2480
2F80
5880
8880
8F80
ENDCHAR
STARTCHAR u70DB.zh_hant
ENCODING 28891
SWIDTH 1000 0
DWIDTH 10 0
BBX 9 9 0 -1
BITMAP
2200
A200
AF80
AA80
2A80
5F80
4200
8280
8F80
ENDCHAR
STARTCHAR u70DF.zh_hant
ENCODING 28895
SWIDTH 1000 0
DWIDTH 10 0
BBX 9 9 0 -1
BITMAP
2F80
AA80
AA80
AF80
2A80
6A80
5D80
8880
8F80
ENDCHAR
STARTCHAR u70E4.zh_hant
ENCODING 28900
SWIDTH 1000 0
DWIDTH 10 0
BBX 9 9 0 -1
BITMAP
2400
AF80
B480
A500
2F80
2400
5780
4880
8300
ENDCHAR
STARTCHAR u70E6.zh_hant
ENCODING 28902
SWIDTH 1000 0
DWIDTH 10 0
BBX 9 9 0 -1
BITMAP
2F80
A400
AF80
A880
2A80
5A80
4A80
8500
9880
ENDCHAR
STARTCHAR u70E7.zh_hant
ENCODING 28903
SWIDTH 1000 0
DWIDTH 10 0
BBX 9 9 0 -1
BITMAP
2400
AF80
B500
A280
2580
5000
5F80
8500
8980
ENDCHAR
STARTCHAR u70E9.zh_hant
ENCODING 28905
SWIDTH 1000 0
DWIDTH 10 0
BBX 9 9 0 -1
BITMAP
2600
A900
B080
AF00
2000
5F80
4500
8900
9E80
ENDCHAR
STARTCHAR u70EB.zh_hant
ENCODING 28907
SWIDTH 1000 0
DWIDTH 10 0
BBX 9 9 0 -1
BITMAP
CF00
0200
DF80
0A80
D580
2900
4A00
1400
E380
ENDCHAR
STARTCHAR u70EC.zh_hant
ENCODING 28908
SWIDTH 1000 0
DWIDTH 10 0
BBX 9 9 0 -1
BITMAP
2F80
A880
AF80
A900
2900
5480
4200
8400
8200
ENDCHAR
STARTCHAR u70ED.zh_hant
ENCODING 28909
SWIDTH 1000 0
DWIDTH 10 0
BBX 9 9 0 -1
BITMAP
2200
F780
2280
F680
2380
E480
0000
5500
8A80
ENDCHAR
STARTCHAR u70EF.zh_hant
ENCODING 28911
SWIDTH 1000 0
DWIDTH 10 0
BBX 9 9 0 -1
BITMAP
3980
A600
A900
BF80
2400
4F80
5A80
8A80
8200
ENDCHAR
STARTCHAR u70F7.zh_hant
ENCODING 28919
SWIDTH 1000 0
DWIDTH 10 0
BBX 9 9 0 -1
BITMAP
2200
AF80
A880
A700
2000
5F80
5500
8500
8980
ENDCHAR
STARTCHAR u70F9.zh_hant
ENCODING 28921
SWIDTH 1000 0
DWIDTH 10 0
BBX 9 9 0 -1
BITMAP
0800
FF80
0000
3E00
2200
7F00
0800
5500
8A80
ENDCHAR
STARTCHAR u70FD.zh_hant
ENCODING 28925
SWIDTH 1000 0
DWIDTH 10 0
BBX 9 9 0 -1
BITMAP
2780
B880
A500
AE80
2200
5F80
4200
9F80
8200
ENDCHAR
STARTCHAR u7109.zh_hant
ENCODING 28937
SWIDTH 1000 0
DWIDTH 10 0
BBX 9 9 0 -1
BITMAP
FF80
0800
4F00
4800
FF80
2000
3F80
4080
9580
ENDCHAR
STARTCHAR u710A.zh_hant
ENCODING 28938
SWIDTH 1000 0
DWIDTH 10 0
BBX 9 9 0 -1
BITMAP
2F80
A880
BF80
A880
2880
5F80
4200
9F80
8200
ENDCHAR
STARTCHAR u7110
ENCODING 28944
SWIDTH 1000 0
DWIDTH 10 0
BBX 9 9 0 -1
BITMAP
2F80
2200
AF00
B500
AF80
2000
2F80
5880
8F80
ENDCHAR
STARTCHAR u7115.zh_hant
ENCODING 28949
SWIDTH 1000 0
DWIDTH 10 0
BBX 9 9 0 -1
BITMAP
2700
A900
BF80
AA80
2A80
6A80
5F80
8500
9880
ENDCHAR
STARTCHAR u7116
ENCODING 28950
SWIDTH 1000 0
DWIDTH 10 0
BBX 9 9 0 -1
BITMAP
5780
4080
D280
DA80
7980
5480
5780
B080
9080
ENDCHAR
STARTCHAR u7118.zh_hant
ENCODING 28952
SWIDTH 1000 0
DWIDTH 10 0
BBX 9 9 0 -1
BITMAP
0800
7F00
1000
FF80
2100
5F80
8500
5300
8A80
ENDCHAR
STARTCHAR u7119.zh_hant
ENCODING 28953
SWIDTH 1000 0
DWIDTH 10 0
BBX 9 9 0 -1
BITMAP
2200
BF80
A900
A900
3F80
4000
5F80
9080
9F80
ENDCHAR
STARTCHAR u711A.zh_hant
ENCODING 28954
SWIDTH 1000 0
DWIDTH 10 0
BBX 9 9 0 -1
BITMAP
2200
FF80
2600
6B00
B280
4900
4900
3600
C180
ENDCHAR
STARTCHAR u7126.zh_hant
ENCODING 28966
SWIDTH 1000 0
DWIDTH 10 0
BBX 9 9 0 -1
BITMAP
2400
7F00
4800
FF00
4800
7F00
0000
5500
8A80
ENDCHAR
STARTCHAR u712F.zh_hant
ENCODING 28975
SWIDTH 1000 0
DWIDTH 10 0
BBX 9 9 0 -1
BITMAP
2200
A380
A200
AF80
2880
5F80
4880
9F80
8200
ENDCHAR
STARTCHAR u7130.zh_hant
ENCODING 28976
SWIDTH 1000 0
DWIDTH 10 0
BBX 9 9 0 -1
BITMAP
2780
A480
A900
B200
2D80
5880
4D80
8880
8F80
ENDCHAR
STARTCHAR u7131.zh_hant
ENCODING 28977
SWIDTH 1000 0
DWIDTH 10 0
BBX 9 9 0 -1
BITMAP
4880
8900
1400
E380
2A00
AA80
2200
5500
8880
ENDCHAR
STARTCHAR u7136.zh_hant
ENCODING 28982
SWIDTH 1000 0
DWIDTH 10 0
BBX 9 9 0 -1
BITMAP
7A80
4F80
AA00
5200
2500
C880
0000
5500
8A80
ENDCHAR
STARTCHAR u7145.zh_hant
ENCODING 28997
SWIDTH 1000 0
DWIDTH 10 0
BBX 9 9 0 -1
BITMAP
5B80
5280
FA80
D280
D800
5380
5A80
B100
9280
ENDCHAR
STARTCHAR u714A.zh_hant
ENCODING 29002
SWIDTH 1000 0
DWIDTH 10 0
BBX 9 9 0 -1
BITMAP
2200
AF80
A880
A700
2000
5700
4500
8500
9F80
ENDCHAR
STARTCHAR u714C.zh_hant
ENCODING 29004
SWIDTH 1000 0
DWIDTH 10 0
BBX 9 9 0 -1
BITMAP
2400
AF80
AE80
A880
2F80
5200
5780
8200
8F80
ENDCHAR
STARTCHAR u714E.zh_hant
ENCODING 29006
SWIDTH 1000 0
DWIDTH 10 0
BBX 9 9 0 -1
BITMAP
2200
FF80
4900
7900
4900
5B00
0000
5500
8A80
ENDCHAR
STARTCHAR u715C.zh_hant
ENCODING 29020
SWIDTH 1000 0
DWIDTH 10 0
BBX 9 9 0 -1
BITMAP
2F80
A880
AF80
A880
2F80
2200
5F80
4900
9F80
ENDCHAR
STARTCHAR u715E.zh_hant
ENCODING 29022
SWIDTH 1000 0
DWIDTH 10 0
BBX 9 9 0 -1
BITMAP
7200
9380
7880
0A80
FD00
0900
7A80
0000
9480
ENDCHAR
STARTCHAR u7164.zh_hant
ENCODING 29028
SWIDTH 1000 0
DWIDTH 10 0
BBX 9 9 0 -1
BITMAP
2900
BF80
A900
AF00
2900
5F80
4600
8A80
B280
ENDCHAR
STARTCHAR u7166.zh_hant
ENCODING 29030
SWIDTH 1000 0
DWIDTH 10 0
BBX 9 9 0 -1
BITMAP
E800
AF80
FA80
AA80
AE80
E180
0000
5500
8A80
ENDCHAR
STARTCHAR u7167.zh_hant
ENCODING 29031
SWIDTH 1000 0
DWIDTH 10 0
BBX 9 9 0 -1
BITMAP
EF80
A280
E480
AF80
A880
EF80
0000
5500
8A80
ENDCHAR
STARTCHAR u7168.zh_hant
ENCODING 29032
SWIDTH 1000 0
DWIDTH 10 0
BBX 9 9 0 -1
BITMAP
2F80
AA80
AF80
AA80
2F80
5800
4A80
8900
9C80
ENDCHAR
STARTCHAR u716E.zh_hant
ENCODING 29038
SWIDTH 1000 0
DWIDTH 10 0
BBX 9 9 0 -1
BITMAP
1080
7F00
1200
FF80
5100
9F00
0000
5500
8A80
ENDCHAR
STARTCHAR u7172.zh_hant
ENCODING 29042
SWIDTH 1000 0
DWIDTH 10 0
BBX 9 9 0 -1
BITMAP
2F80
4880
DF80
4A00
5280
2900
4A00
1400
E380
ENDCHAR
STARTCHAR u7178.zh_hant
ENCODING 29048
SWIDTH 1000 0
DWIDTH 10 0
BBX 9 9 0 -1
BITMAP
2F80
A000
BF80
A080
3F80
6A80
7F80
AA80
AA80
ENDCHAR
STARTCHAR u717D.zh_hant
ENCODING 29053
SWIDTH 1000 0
DWIDTH 10 0
BBX 9 9 0 -1
BITMAP
3F80
A000
BF80
A080
3F80
5680
4D80
9680
AD80
ENDCHAR
STARTCHAR u7184.zh_hant
ENCODING 29060
SWIDTH 1000 0
DWIDTH 10 0
BBX 9 9 0 -1
BITMAP
2400
AF80
A880
AF80
2880
4F80
4200
A880
AE80
ENDCHAR
STARTCHAR u718A.zh_hant
ENCODING 29066
SWIDTH 1000 0
DWIDTH 10 0
BBX 9 9 0 -1
BITMAP
4480
9700
F400
9780
F400
9780
0000
5500
8A80
ENDCHAR
STARTCHAR u718F.zh_hant
ENCODING 29071
SWIDTH 1000 0
DWIDTH 10 0
BBX 9 9 0 -1
BITMAP
7F00
0800
FF80
4900
7F00
0800
FF80
0000
9480
ENDCHAR
STARTCHAR u7194.zh_hant
ENCODING 29076
SWIDTH 1000 0
DWIDTH 10 0
BBX 9 9 0 -1
BITMAP
2200
BF80
A500
A880
3700
4880
5F80
A880
8F80
ENDCHAR
STARTCHAR u7199.zh_hant
ENCODING 29081
SWIDTH 1000 0
DWIDTH 10 0
BBX 9 9 0 -1
BITMAP
F780
A480
B780
9400
A480
F780
0000
5500
8A80
ENDCHAR
STARTCHAR u719F.zh_hant
ENCODING 29087
SWIDTH 1000 0
DWIDTH 10 0
BBX 9 9 0 -1
BITMAP
2200
FF00
5500
FD00
2680
6880
0000
5500
8A80
ENDCHAR
STARTCHAR u71A0.zh_hant
ENCODING 29088
SWIDTH 1000 0
DWIDTH 10 0
BBX 9 9 0 -1
BITMAP
2D80
B680
AD80
B480
2F80
2880
5F80
4880
8F80
ENDCHAR
STARTCHAR u71A8.zh_hant
ENCODING 29096
SWIDTH 1000 0
DWIDTH 10 0
BBX 9 9 0 -1
BITMAP
F900
8F80
F900
9500
D300
4880
8900
3600
C180
ENDCHAR
STARTCHAR u71AC.zh_hant
ENCODING 29100
SWIDTH 1000 0
DWIDTH 10 0
BBX 9 9 0 -1
BITMAP
2200
FF80
2480
FA80
5300
B480
0000
5500
8A80
ENDCHAR
STARTCHAR u71B5.zh_hant
ENCODING 29109
SWIDTH 1000 0
DWIDTH 10 0
BBX 9 9 0 -1
BITMAP
4200
5F80
6900
C900
5F80
5480
5F80
B280
9E80
ENDCHAR
STARTCHAR u71B9.zh_hant
ENCODING 29113
SWIDTH 1000 0
DWIDTH 10 0
BBX 9 9 0 -1
BITMAP
0800
FF80
0800
7F00
2200
FF80
4100
7F00
9480
ENDCHAR
STARTCHAR u71C3.zh_hant
ENCODING 29123
SWIDTH 1000 0
DWIDTH 10 0
BBX 9 9 0 -1
BITMAP
2D00
B780
AD00
A500
2A80
5280
4000
9500
8A80
ENDCHAR
STARTCHAR u71CE.zh_hant
ENCODING 29134
SWIDTH 1000 0
DWIDTH 10 0
BBX 9 9 0 -1
BITMAP
2200
BF80
A500
AF80
3880
4F80
4200
9280
A680
ENDCHAR
STARTCHAR u71D4.zh_hant
ENCODING 29140
SWIDTH 1000 0
DWIDTH 10 0
BBX 9 9 0 -1
BITMAP
2F80
AA80
A200
BF80
2B00
5280
5F80
9280
9F80
ENDCHAR
STARTCHAR u71D5.zh_hant
ENCODING 29141
SWIDTH 1000 0
DWIDTH 10 0
BBX 9 9 0 -1
BITMAP
FF80
2200
7F00
D580
5500
DD80
0000
5500
8A80
ENDCHAR
STARTCHAR u71E0.zh_hant
ENCODING 29152
SWIDTH 1000 0
DWIDTH 10 0
BBX 9 9 0 -1
BITMAP
2400
BF80
AA80
B580
2E80
5500
5F80
8900
B080
ENDCHAR
STARTCHAR u71E5.zh_hant
ENCODING 29157
SWIDTH 1000 0
DWIDTH 10 0
BBX 9 9 0 -1
BITMAP
2F00
A900
BF80
B280
3F80
4200
5F80
8A00
B280
ENDCHAR
STARTCHAR u71E7.zh_hant
ENCODING 29159
SWIDTH 1000 0
DWIDTH 10 0
BBX 9 9 0 -1
BITMAP
3700
A880
B780
A200
3580
5B00
5580
AA00
A780
ENDCHAR
STARTCHAR u71EE.zh_hant
ENCODING 29166
SWIDTH 1000 0
DWIDTH 10 0
BBX 9 9 0 -1
BITMAP
AA80
BE80
2200
5D00
9480
FF80
2200
1C00
E380
ENDCHAR
STARTCHAR u71F9.zh_hant
ENCODING 29177
SWIDTH 1000 0
DWIDTH 10 0
BBX 9 9 0 -1
BITMAP
F780
4200
A500
7380
A500
4880
8900
3600
C180
ENDCHAR
STARTCHAR u7206.zh_hant
ENCODING 29190
SWIDTH 1000 0
DWIDTH 10 0
BBX 9 9 0 -1
BITMAP
2F80
A880
BF80
A500
3F80
4900
5680
8B00
9680
ENDCHAR
STARTCHAR u721D.zh_hant
ENCODING 29213
SWIDTH 1000 0
DWIDTH 10 0
BBX 9 9 0 -1
BITMAP
5F80
5500
DF80
EA80
DF80
5480
5F80
B280
9D80
ENDCHAR
STARTCHAR u7228.zh_hant
ENCODING 29224
SWIDTH 1000 0
DWIDTH 10 0
BBX 9 9 0 -1
BITMAP
DD80
9480
FF80
A280
7700
AA80
FF80
4900
B680
ENDCHAR
STARTCHAR u722A.zh_hant
ENCODING 29226
SWIDTH 1000 0
DWIDTH 10 0
BBX 9 9 0 -1
BITMAP
7F80
4900
4900
4900
4900
4900
4880
8880
8880
ENDCHAR
STARTCHAR u722C.zh_hant
ENCODING 29228
SWIDTH 1000 0
DWIDTH 10 0
BBX 9 9 0 -1
BITMAP
FF80
AA80
AA80
AF80
A800
A880
A780
9000
8F80
ENDCHAR
STARTCHAR u7230.zh_hant
ENCODING 29232
SWIDTH 1000 0
DWIDTH 10 0
BBX 9 9 0 -1
BITMAP
7F00
4900
8480
FF80
1000
3F00
D100
0E00
7180
ENDCHAR
STARTCHAR u7231
ENCODING 29233
SWIDTH 1000 0
DWIDTH 10 0
BBX 9 9 0 -1
BITMAP
0380
FD00
2A00
FF80
9080
7F00
3100
4E00
B180
ENDCHAR
STARTCHAR u7235.zh_hant
ENCODING 29237
SWIDTH 1000 0
DWIDTH 10 0
BBX 9 9 0 -1
BITMAP
FF80
4900
FF80
9480
FF80
9080
FF80
A480
D380
ENDCHAR
STARTCHAR u7236.zh_hant
ENCODING 29238
SWIDTH 1000 0
DWIDTH 10 0
BBX 9 9 0 -1
BITMAP
2200
4100
8080
2200
2200
1400
0800
3600
C180
ENDCHAR
STARTCHAR u7237.zh_hant
ENCODING 29239
SWIDTH 1000 0
DWIDTH 10 0
BBX 9 9 0 -1
BITMAP
3600
C980
1400
E380
0000
7F00
1100
1300
1000
ENDCHAR
STARTCHAR u7238.zh_hant
ENCODING 29240
SWIDTH 1000 0
DWIDTH 10 0
BBX 9 9 0 -1
BITMAP
3600
C980
3600
4100
FF80
4900
7F00
4000
3F80
ENDCHAR
STARTCHAR u7239.zh_hant
ENCODING 29241
SWIDTH 1000 0
DWIDTH 10 0
BBX 9 9 0 -1
BITMAP
3600
C980
3600
C980
3400
0A00
7500
0200
1C00
ENDCHAR
STARTCHAR u723B.zh_hant
ENCODING 29243
SWIDTH 1000 0
DWIDTH 10 0
BBX 9 9 0 -1
BITMAP
C100
3200
0C00
3300
C080
1400
0800
3600
C180
ENDCHAR
STARTCHAR u723D.zh_hant
ENCODING 29245
SWIDTH 1000 0
DWIDTH 10 0
BBX 9 9 0 -1
BITMAP
0800
FF80
AA80
4900
AA80
4900
9480
2200
C180
ENDCHAR
STARTCHAR u723F.zh_hant
ENCODING 29247
SWIDTH 1000 0
DWIDTH 10 0
BBX 7 9 1 -1
BITMAP
42
42
7E
02
02
FE
22
22
C2
ENDCHAR
STARTCHAR u7247.zh_hant
ENCODING 29255
SWIDTH 1000 0
DWIDTH 10 0
BBX 9 9 0 -1
BITMAP
4400
4400
7F80
4000
4000
7E00
4200
8200
8200
ENDCHAR
STARTCHAR u7248.zh_hant
ENCODING 29256
SWIDTH 1000 0
DWIDTH 10 0
BBX 9 9 0 -1
BITMAP
AF80
A800
A800
EF80
8880
F480
A500
A300
AC80
ENDCHAR
STARTCHAR u724C.zh_hant
ENCODING 29260
SWIDTH 1000 0
DWIDTH 10 0
BBX 9 9 0 -1
BITMAP
A400
AF80
AA80
EF80
8A80
EF80
A500
BF80
A100
ENDCHAR
STARTCHAR u724D
ENCODING 29261
SWIDTH 1000 0
DWIDTH 10 0
BBX 9 9 0 -1
BITMAP
A200
AF80
E200
9F80
8480
EA00
BF80
A500
B880
ENDCHAR
STARTCHAR u7252.zh_hant
ENCODING 29266
SWIDTH 1000 0
DWIDTH 10 0
BBX 9 9 0 -1
BITMAP
AA80
BF80
AA80
EB80
8800
FF80
A600
AA80
B280
ENDCHAR
STARTCHAR u7256.zh_hant
ENCODING 29270
SWIDTH 1000 0
DWIDTH 10 0
BBX 9 9 0 -1
BITMAP
A080
AF00
A880
EF80
8A00
EF80
BA80
AF80
AA80
ENDCHAR
STARTCHAR u7259.zh_hant
ENCODING 29273
SWIDTH 1000 0
DWIDTH 10 0
BBX 9 9 0 -1
BITMAP
7F00
2200
2200
2200
FF80
0A00
1200
2200
C600
ENDCHAR
STARTCHAR u725B
ENCODING 29275
SWIDTH 1000 0
DWIDTH 10 0
BBX 9 9 0 -1
BITMAP
4800
4800
7F00
8800
0800
FF80
0800
0800
0800
ENDCHAR
STARTCHAR u725D.zh_hant
ENCODING 29277
SWIDTH 1000 0
DWIDTH 10 0
BBX 9 9 0 -1
BITMAP
2400
A400
FC80
A500
A600
3400
E400
2480
2780
ENDCHAR
STARTCHAR u725F.zh_hant
ENCODING 29279
SWIDTH 1000 0
DWIDTH 10 0
BBX 9 9 0 -1
BITMAP
1000
2200
FF00
4880
7F00
8800
FF80
0800
0800
ENDCHAR
STARTCHAR u7261.zh_hant
ENCODING 29281
SWIDTH 1000 0
DWIDTH 10 0
BBX 9 9 0 -1
BITMAP
2200
A200
F200
AF80
A200
3200
E200
2200
2F80
ENDCHAR
STARTCHAR u7262.zh_hant
ENCODING 29282
SWIDTH 1000 0
DWIDTH 10 0
BBX 9 9 0 -1
BITMAP
0800
FF80
8880
A880
3F00
4800
FF80
0800
0800
ENDCHAR
STARTCHAR u7266.zh_hant
ENCODING 29286
SWIDTH 1000 0
DWIDTH 10 0
BBX 9 9 0 -1
BITMAP
2180
AE00
F200
A380
2E00
3380
EE00
2280
2380
ENDCHAR
STARTCHAR u7267.zh_hant
ENCODING 29287
SWIDTH 1000 0
DWIDTH 10 0
BBX 9 9 0 -1
BITMAP
2800
AF80
F900
A100
A500
3500
E200
2600
3980
ENDCHAR
STARTCHAR u7269.zh_hant
ENCODING 29289
SWIDTH 1000 0
DWIDTH 10 0
BBX 9 9 0 -1
BITMAP
A800
AF80
FA80
AA80
AA80
3480
E480
2880
2B00
ENDCHAR
STARTCHAR u726F.zh_hant
ENCODING 29295
SWIDTH 1000 0
DWIDTH 10 0
BBX 9 9 0 -1
BITMAP
A200
F200
AF80
A200
3200
EF80
2880
2880
2F80
ENDCHAR
STARTCHAR u7272.zh_hant
ENCODING 29298
SWIDTH 1000 0
DWIDTH 10 0
BBX 9 9 0 -1
BITMAP
2A00
AA00
FF80
AA00
A200
3F80
E200
2200
3F80
ENDCHAR
STARTCHAR u7275.zh_hant
ENCODING 29301
SWIDTH 1000 0
DWIDTH 10 0
BBX 9 9 0 -1
BITMAP
0800
7F00
1200
FF80
A880
3F00
4800
FF80
0800
ENDCHAR
STARTCHAR u7279.zh_hant
ENCODING 29305
SWIDTH 1000 0
DWIDTH 10 0
BBX 9 9 0 -1
BITMAP
2200
AF80
F200
AF80
A100
2F80
3100
E900
2300
ENDCHAR
STARTCHAR u727A.zh_hant
ENCODING 29306
SWIDTH 1000 0
DWIDTH 10 0
BBX 9 9 0 -1
BITMAP
AF80
A500
FF80
AA80
AA80
3D80
E880
2880
2F80
ENDCHAR
STARTCHAR u727E
ENCODING 29310
SWIDTH 1000 0
DWIDTH 10 0
BBX 9 9 0 -1
BITMAP
2F80
A200
FF00
A500
2F80
F000
2F80
2880
2F80
ENDCHAR
STARTCHAR u7280.zh_hant
ENCODING 29312
SWIDTH 1000 0
DWIDTH 10 0
BBX 9 9 0 -1
BITMAP
FF80
8080
FF80
B580
8400
BF80
C400
BF80
8400
ENDCHAR
STARTCHAR u7281.zh_hant
ENCODING 29313
SWIDTH 1000 0
DWIDTH 10 0
BBX 9 9 0 -1
BITMAP
FA80
2280
FA80
2280
4880
7F00
8800
FF80
0800
ENDCHAR
STARTCHAR u7284.zh_hant
ENCODING 29316
SWIDTH 1000 0
DWIDTH 10 0
BBX 9 9 0 -1
BITMAP
A200
EF80
A200
A500
2880
FF80
2A80
2E80
2180
ENDCHAR
STARTCHAR u728A
ENCODING 29322
SWIDTH 1000 0
DWIDTH 10 0
BBX 9 9 0 -1
BITMAP
2200
AF80
F200
AF80
3480
EA00
3F80
2500
3880
ENDCHAR
STARTCHAR u728D.zh_hant
ENCODING 29325
SWIDTH 1000 0
DWIDTH 10 0
BBX 9 9 0 -1
BITMAP
2200
A780
FA80
AF80
2A80
3780
EA00
2800
3780
ENDCHAR
STARTCHAR u7292.zh_hant
ENCODING 29330
SWIDTH 1000 0
DWIDTH 10 0
BBX 9 9 0 -1
BITMAP
2200
BF80
E900
AF00
2000
3F80
EA80
2E80
2980
ENDCHAR
STARTCHAR u729F.zh_hant
ENCODING 29343
SWIDTH 1000 0
DWIDTH 10 0
BBX 9 9 0 -1
BITMAP
E480
2F80
EA80
8F00
E280
3F80
4800
FF80
0800
ENDCHAR
STARTCHAR u72AC.zh_hant
ENCODING 29356
SWIDTH 1000 0
DWIDTH 10 0
BBX 9 9 0 -1
BITMAP
0880
0800
FF80
0800
0800
0800
1400
2200
C180
ENDCHAR
STARTCHAR u72AF.zh_hant
ENCODING 29359
SWIDTH 1000 0
DWIDTH 10 0
BBX 9 9 0 -1
BITMAP
2F80
A880
4880
A880
2B80
6800
A800
2880
CF80
ENDCHAR
STARTCHAR u72B0.zh_hant
ENCODING 29360
SWIDTH 1000 0
DWIDTH 10 0
BBX 9 9 0 -1
BITMAP
2400
AF00
A500
A500
2500
5500
4500
8900
9180
ENDCHAR
STARTCHAR u72B6.zh_hant
ENCODING 29366
SWIDTH 1000 0
DWIDTH 10 0
BBX 9 9 0 -1
BITMAP
2280
A280
7F80
2200
2200
2200
6500
A880
3080
ENDCHAR
STARTCHAR u72B7
ENCODING 29367
SWIDTH 1000 0
DWIDTH 10 0
BBX 9 9 0 -1
BITMAP
A200
4F80
A800
2800
6800
A800
2800
2800
D000
ENDCHAR
STARTCHAR u72B9.zh_hant
ENCODING 29369
SWIDTH 1000 0
DWIDTH 10 0
BBX 9 9 0 -1
BITMAP
2480
A480
5F80
A400
2600
6A00
AA80
3280
D380
ENDCHAR
STARTCHAR u72C1.zh_hant
ENCODING 29377
SWIDTH 1000 0
DWIDTH 10 0
BBX 9 9 0 -1
BITMAP
2400
A400
4880
BF80
2A00
6A00
AA00
2A80
D180
ENDCHAR
STARTCHAR u72C2.zh_hant
ENCODING 29378
SWIDTH 1000 0
DWIDTH 10 0
BBX 9 9 0 -1
BITMAP
2F80
A200
4200
A200
2F80
6200
A200
2200
CF80
ENDCHAR
STARTCHAR u72C3.zh_hans
ENCODING 29379
SWIDTH 1000 0
DWIDTH 10 0
BBX 9 9 0 -1
BITMAP
AF00
4500
A500
2500
6F00
A500
2500
2500
DF80
ENDCHAR
STARTCHAR u72C4.zh_hant
ENCODING 29380
SWIDTH 1000 0
DWIDTH 10 0
BBX 9 9 0 -1
BITMAP
2200
A280
4A80
AA80
2B00
7200
A200
2500
C880
ENDCHAR
STARTCHAR u72C8.zh_hant
ENCODING 29384
SWIDTH 1000 0
DWIDTH 10 0
BBX 9 9 0 -1
BITMAP
2F80
A880
4A80
AA80
2A80
6A80
AA80
2500
C880
ENDCHAR
STARTCHAR u72CE.zh_hant
ENCODING 29390
SWIDTH 1000 0
DWIDTH 10 0
BBX 9 9 0 -1
BITMAP
2F80
AA80
4A80
AF80
2A80
6A80
AF80
2200
C200
ENDCHAR
STARTCHAR u72D0.zh_hant
ENCODING 29392
SWIDTH 1000 0
DWIDTH 10 0
BBX 9 9 0 -1
BITMAP
3F80
A900
4900
A900
2900
6900
AA80
3E80
C080
ENDCHAR
STARTCHAR u72D2.zh_hant
ENCODING 29394
SWIDTH 1000 0
DWIDTH 10 0
BBX 9 9 0 -1
BITMAP
2A00
BF80
4A80
BF80
2A00
7F80
AA80
2B80
D200
ENDCHAR
STARTCHAR u72D7.zh_hant
ENCODING 29399
SWIDTH 1000 0
DWIDTH 10 0
BBX 9 9 0 -1
BITMAP
2800
AF80
5080
AE80
2A80
6A80
AE80
2080
C300
ENDCHAR
STARTCHAR u72D9.zh_hant
ENCODING 29401
SWIDTH 1000 0
DWIDTH 10 0
BBX 9 9 0 -1
BITMAP
2F80
A880
4F80
A880
2880
6F80
A880
2880
DF80
ENDCHAR
STARTCHAR u72DE
ENCODING 29406
SWIDTH 1000 0
DWIDTH 10 0
BBX 9 9 0 -1
BITMAP
A200
4F80
A880
2000
6F80
A200
2200
2200
C600
ENDCHAR
STARTCHAR u72E0.zh_hant
ENCODING 29408
SWIDTH 1000 0
DWIDTH 10 0
BBX 9 9 0 -1
BITMAP
2F80
A880
4F80
A880
2F80
6A00
AA80
2900
CC80
ENDCHAR
STARTCHAR u72E1
ENCODING 29409
SWIDTH 1000 0
DWIDTH 10 0
BBX 9 9 0 -1
BITMAP
A200
4F80
A500
2880
7500
A500
2200
2500
D880
ENDCHAR
STARTCHAR u72E9.zh_hant
ENCODING 29417
SWIDTH 1000 0
DWIDTH 10 0
BBX 9 9 0 -1
BITMAP
2400
BF80
4080
A100
3F80
6100
B100
2900
C300
ENDCHAR
STARTCHAR u72EC.zh_hant
ENCODING 29420
SWIDTH 1000 0
DWIDTH 10 0
BBX 9 9 0 -1
BITMAP
2200
AF80
4A80
AA80
2A80
6F80
A200
2280
CF80
ENDCHAR
STARTCHAR u72ED.zh_hant
ENCODING 29421
SWIDTH 1000 0
DWIDTH 10 0
BBX 9 9 0 -1
BITMAP
2200
BF80
5280
AB00
2200
7F80
A200
2500
D880
ENDCHAR
STARTCHAR u72EE.zh_hant
ENCODING 29422
SWIDTH 1000 0
DWIDTH 10 0
BBX 9 9 0 -1
BITMAP
2F80
AA00
5B80
AA80
2A80
6A80
AA80
2B80
D200
ENDCHAR
STARTCHAR u72F0.zh_hant
ENCODING 29424
SWIDTH 1000 0
DWIDTH 10 0
BBX 9 9 0 -1
BITMAP
2700
A900
4F80
A280
3F80
6280
AF80
2200
C600
ENDCHAR
STARTCHAR u72F1.zh_hant
ENCODING 29425
SWIDTH 1000 0
DWIDTH 10 0
BBX 9 9 0 -1
BITMAP
2980
A500
4380
B900
2900
6900
AA80
2C80
C880
ENDCHAR
STARTCHAR u72F2.zh_hant
ENCODING 29426
SWIDTH 1000 0
DWIDTH 10 0
BBX 9 9 0 -1
BITMAP
BD00
4500
A500
2B80
6F00
B900
2900
2900
DB00
ENDCHAR
STARTCHAR u72F3.zh_hant
ENCODING 29427
SWIDTH 1000 0
DWIDTH 10 0
BBX 9 9 0 -1
BITMAP
2700
A880
5000
AF80
2200
7F80
A200
2A80
D680
ENDCHAR
STARTCHAR u72F7.zh_hant
ENCODING 29431
SWIDTH 1000 0
DWIDTH 10 0
BBX 9 9 0 -1
BITMAP
2F80
A880
4F80
A000
2F80
6880
AF80
2880
C980
ENDCHAR
STARTCHAR u72F8
ENCODING 29432
SWIDTH 1000 0
DWIDTH 10 0
BBX 9 9 0 -1
BITMAP
AF80
4A80
AF80
2A80
6F80
A200
2F80
2200
DF80
ENDCHAR
STARTCHAR u72FA.zh_hant
ENCODING 29434
SWIDTH 1000 0
DWIDTH 10 0
BBX 9 9 0 -1
BITMAP
2200
AF80
4000
AF80
2000
6F80
A480
2480
C780
ENDCHAR
STARTCHAR u72FC
ENCODING 29436
SWIDTH 1000 0
DWIDTH 10 0
BBX 9 9 0 -1
BITMAP
A200
4F80
A880
2F80
6880
AF80
2A80
2900
CC80
ENDCHAR
STARTCHAR u7301.zh_hant
ENCODING 29441
SWIDTH 1000 0
DWIDTH 10 0
BBX 9 9 0 -1
BITMAP
2280
AC80
4480
BE80
2480
6C80
B680
2480
C480
ENDCHAR
STARTCHAR u730A.zh_hant
ENCODING 29450
SWIDTH 1000 0
DWIDTH 10 0
BBX 9 9 0 -1
BITMAP
2400
A980
4880
AD80
2880
6F80
A600
2A80
D380
ENDCHAR
STARTCHAR u730E.zh_hant
ENCODING 29454
SWIDTH 1000 0
DWIDTH 10 0
BBX 9 9 0 -1
BITMAP
2500
AF80
4500
AF80
2880
6F80
A880
2880
CF80
ENDCHAR
STARTCHAR u7313.zh_hant
ENCODING 29459
SWIDTH 1000 0
DWIDTH 10 0
BBX 9 9 0 -1
BITMAP
2F80
AA80
4F80
AA80
2F80
6200
AF80
2700
CA80
ENDCHAR
STARTCHAR u7315
ENCODING 29461
SWIDTH 1000 0
DWIDTH 10 0
BBX 9 9 0 -1
BITMAP
1A00
AB80
4C80
A900
3300
6B80
AD80
2900
DB00
ENDCHAR
STARTCHAR u7316.zh_hant
ENCODING 29462
SWIDTH 1000 0
DWIDTH 10 0
BBX 9 9 0 -1
BITMAP
2F80
A880
4F80
A000
2F80
6880
AF80
2880
CF80
ENDCHAR
STARTCHAR u7317.zh_hant
ENCODING 29463
SWIDTH 1000 0
DWIDTH 10 0
BBX 9 9 0 -1
BITMAP
2200
BF80
4200
A500
2880
7F80
AA80
2E80
C180
ENDCHAR
STARTCHAR u731B.zh_hant
ENCODING 29467
SWIDTH 1000 0
DWIDTH 10 0
BBX 9 9 0 -1
BITMAP
2F80
A100
4200
AF80
2200
6F80
AA80
2A80
DF80
ENDCHAR
STARTCHAR u731C.zh_hant
ENCODING 29468
SWIDTH 1000 0
DWIDTH 10 0
BBX 9 9 0 -1
BITMAP
2200
BF80
4200
AF80
2200
7F80
A880
2F80
C880
ENDCHAR
STARTCHAR u731D.zh_hant
ENCODING 29469
SWIDTH 1000 0
DWIDTH 10 0
BBX 9 9 0 -1
BITMAP
2200
BF80
4900
A900
3680
6200
BF80
2200
C200
ENDCHAR
STARTCHAR u731E.zh_hant
ENCODING 29470
SWIDTH 1000 0
DWIDTH 10 0
BBX 9 9 0 -1
BITMAP
2700
A880
5780
A200
3F80
6200
AF80
2880
CF80
ENDCHAR
STARTCHAR u7321.zh_hant
ENCODING 29473
SWIDTH 1000 0
DWIDTH 10 0
BBX 9 9 0 -1
BITMAP
3F80
AA80
5F80
A800
2F00
7900
A500
2200
DC00
ENDCHAR
STARTCHAR u7322.zh_hant
ENCODING 29474
SWIDTH 1000 0
DWIDTH 10 0
BBX 9 9 0 -1
BITMAP
2B80
BE80
4B80
AA80
3E80
6380
A280
3C80
C580
ENDCHAR
STARTCHAR u7325.zh_hant
ENCODING 29477
SWIDTH 1000 0
DWIDTH 10 0
BBX 9 9 0 -1
BITMAP
2F80
AA80
4F80
AA80
3F80
6800
AA80
2900
DC80
ENDCHAR
STARTCHAR u7329.zh_hant
ENCODING 29481
SWIDTH 1000 0
DWIDTH 10 0
BBX 9 9 0 -1
BITMAP
2F80
A880
4F80
A880
2F80
7200
AF80
2200
CF80
ENDCHAR
STARTCHAR u732A.zh_hant
ENCODING 29482
SWIDTH 1000 0
DWIDTH 10 0
BBX 9 9 0 -1
BITMAP
2280
AF80
4200
A280
3F80
6480
AF80
3480
C780
ENDCHAR
STARTCHAR u732B.zh_hant
ENCODING 29483
SWIDTH 1000 0
DWIDTH 10 0
BBX 9 9 0 -1
BITMAP
2500
BF80
4500
AF80
2A80
6F80
AA80
2A80
CF80
ENDCHAR
STARTCHAR u732C.zh_hant
ENCODING 29484
SWIDTH 1000 0
DWIDTH 10 0
BBX 9 9 0 -1
BITMAP
2F80
AA80
4F80
AA80
2F80
6880
AF80
2880
C980
ENDCHAR
STARTCHAR u732E.zh_hant
ENCODING 29486
SWIDTH 1000 0
DWIDTH 10 0
BBX 9 9 0 -1
BITMAP
2280
FA80
2780
FA00
AA00
DA00
AA00
FD00
A880
ENDCHAR
STARTCHAR u7334.zh_hant
ENCODING 29492
SWIDTH 1000 0
DWIDTH 10 0
BBX 9 9 0 -1
BITMAP
2B80
A880
4F80
BA00
2F80
6900
AF80
2900
CA80
ENDCHAR
STARTCHAR u7337.zh_hant
ENCODING 29495
SWIDTH 1000 0
DWIDTH 10 0
BBX 9 9 0 -1
BITMAP
5280
FA80
5780
FA00
AA00
AA00
DA00
8D00
F880
ENDCHAR
STARTCHAR u733E.zh_hant
ENCODING 29502
SWIDTH 1000 0
DWIDTH 10 0
BBX 9 9 0 -1
BITMAP
2F00
A900
4B00
BF80
2080
6F00
A900
2F00
C900
ENDCHAR
STARTCHAR u733F.zh_hant
ENCODING 29503
SWIDTH 1000 0
DWIDTH 10 0
BBX 9 9 0 -1
BITMAP
2200
BF80
4200
BF80
2880
6F80
A480
3900
CC80
ENDCHAR
STARTCHAR u734D.zh_hant
ENCODING 29517
SWIDTH 1000 0
DWIDTH 10 0
BBX 9 9 0 -1
BITMAP
2400
BF80
4900
BF80
2900
6F00
AA00
2A80
D380
ENDCHAR
STARTCHAR u7350.zh_hant
ENCODING 29520
SWIDTH 1000 0
DWIDTH 10 0
BBX 9 9 0 -1
BITMAP
2200
AF80
4500
AF80
2880
6F80
A880
3F80
C200
ENDCHAR
STARTCHAR u7352.zh_hant
ENCODING 29522
SWIDTH 1000 0
DWIDTH 10 0
BBX 9 9 0 -1
BITMAP
2200
FF80
2480
F900
2780
4900
FF80
1400
E380
ENDCHAR
STARTCHAR u7357.zh_hant
ENCODING 29527
SWIDTH 1000 0
DWIDTH 10 0
BBX 9 9 0 -1
BITMAP
3F80
A500
4900
BF80
2A80
6D00
BD00
2A80
D480
ENDCHAR
STARTCHAR u7360.zh_hant
ENCODING 29536
SWIDTH 1000 0
DWIDTH 10 0
BBX 9 9 0 -1
BITMAP
2200
BF80
5500
AF80
3880
6F80
A200
2A80
D680
ENDCHAR
STARTCHAR u736D.zh_hant
ENCODING 29549
SWIDTH 1000 0
DWIDTH 10 0
BBX 9 9 0 -1
BITMAP
2980
BE80
4900
BF80
2A80
7E80
A900
3E80
CA80
ENDCHAR
STARTCHAR u736F.zh_hant
ENCODING 29551
SWIDTH 1000 0
DWIDTH 10 0
BBX 9 9 0 -1
BITMAP
2F80
A200
5F80
AA80
2F80
6200
BF80
2000
CA80
ENDCHAR
STARTCHAR u737E.zh_hant
ENCODING 29566
SWIDTH 1000 0
DWIDTH 10 0
BBX 9 9 0 -1
BITMAP
3F80
A500
5F80
A280
3F80
6500
AF80
3900
CF80
ENDCHAR
STARTCHAR u7384.zh_hant
ENCODING 29572
SWIDTH 1000 0
DWIDTH 10 0
BBX 9 9 0 -1
BITMAP
0800
FF80
1000
2200
4400
2900
1100
2280
FC80
ENDCHAR
STARTCHAR u7387.zh_hant
ENCODING 29575
SWIDTH 1000 0
DWIDTH 10 0
BBX 9 9 0 -1
BITMAP
0800
FF80
4900
1000
5D00
8880
FF80
0800
0800
ENDCHAR
STARTCHAR u7389
ENCODING 29577
SWIDTH 1000 0
DWIDTH 10 0
BBX 9 9 0 -1
BITMAP
FF80
0800
0800
0800
7F00
0800
0A00
0900
FF80
ENDCHAR
STARTCHAR u738B
ENCODING 29579
SWIDTH 1000 0
DWIDTH 10 0
BBX 9 9 0 -1
BITMAP
FF80
0800
0800
0800
7F00
0800
0800
0800
FF80
ENDCHAR
STARTCHAR u7396.zh_hant
ENCODING 29590
SWIDTH 1000 0
DWIDTH 10 0
BBX 9 9 0 -1
BITMAP
0400
E780
4880
4880
E100
4100
4200
E500
1880
ENDCHAR
STARTCHAR u739B.zh_hant
ENCODING 29595
SWIDTH 1000 0
DWIDTH 10 0
BBX 9 9 0 -1
BITMAP
0F00
E100
4900
4900
EF80
4080
5E80
E080
0300
ENDCHAR
STARTCHAR u739F.zh_hant
ENCODING 29599
SWIDTH 1000 0
DWIDTH 10 0
BBX 9 9 0 -1
BITMAP
0200
EF80
4100
4900
E500
4200
4200
E500
1880
ENDCHAR
STARTCHAR u73A2.zh_hant
ENCODING 29602
SWIDTH 1000 0
DWIDTH 10 0
BBX 9 9 0 -1
BITMAP
0300
E900
4900
5080
EF80
4480
4480
E880
0980
ENDCHAR
STARTCHAR u73A9.zh_hant
ENCODING 29609
SWIDTH 1000 0
DWIDTH 10 0
BBX 9 9 0 -1
BITMAP
1F80
E000
4000
5F80
E500
4500
4500
E900
3180
ENDCHAR
STARTCHAR u73AB.zh_hant
ENCODING 29611
SWIDTH 1000 0
DWIDTH 10 0
BBX 9 9 0 -1
BITMAP
0400
E780
4800
4100
E500
4200
4200
E500
1880
ENDCHAR
STARTCHAR u73AF.zh_hant
ENCODING 29615
SWIDTH 1000 0
DWIDTH 10 0
BBX 9 9 0 -1
BITMAP
1F80
E100
4200
4600
EB00
5280
4200
E200
0200
ENDCHAR
STARTCHAR u73B0.zh_hant
ENCODING 29616
SWIDTH 1000 0
DWIDTH 10 0
BBX 9 9 0 -1
BITMAP
0F80
E880
4A80
4A80
EA80
4A80
4500
E500
1980
ENDCHAR
STARTCHAR u73B2.zh_hant
ENCODING 29618
SWIDTH 1000 0
DWIDTH 10 0
BBX 9 9 0 -1
BITMAP
0700
E880
5000
5F80
E000
5F80
4480
E480
0580
ENDCHAR
STARTCHAR u73B3.zh_hant
ENCODING 29619
SWIDTH 1000 0
DWIDTH 10 0
BBX 9 9 0 -1
BITMAP
0A80
EA80
4F80
5200
F200
5100
5100
F080
1080
ENDCHAR
STARTCHAR u73B7.zh_hant
ENCODING 29623
SWIDTH 1000 0
DWIDTH 10 0
BBX 9 9 0 -1
BITMAP
0200
E200
4380
4200
E200
4F80
4880
E880
0F80
ENDCHAR
STARTCHAR u73BB.zh_hant
ENCODING 29627
SWIDTH 1000 0
DWIDTH 10 0
BBX 9 9 0 -1
BITMAP
0200
FF80
5280
5200
FF80
5480
5480
E300
1C80
ENDCHAR
STARTCHAR u73C0.zh_hant
ENCODING 29632
SWIDTH 1000 0
DWIDTH 10 0
BBX 9 9 0 -1
BITMAP
0200
F400
4F80
4880
F880
4F80
4880
F880
0F80
ENDCHAR
STARTCHAR u73C2.zh_hant
ENCODING 29634
SWIDTH 1000 0
DWIDTH 10 0
BBX 9 9 0 -1
BITMAP
1F80
E080
4E80
4A80
EA80
4A80
4E80
E080
0380
ENDCHAR
STARTCHAR u73C8.zh_hant
ENCODING 29640
SWIDTH 1000 0
DWIDTH 10 0
BBX 9 9 0 -1
BITMAP
0800
EB80
5E80
4A80
EA80
4A80
5280
F280
0D80
ENDCHAR
STARTCHAR u73C9.zh_hant
ENCODING 29641
SWIDTH 1000 0
DWIDTH 10 0
BBX 9 9 0 -1
BITMAP
0F80
E880
4F80
4900
E900
4F80
4900
E900
1C80
ENDCHAR
STARTCHAR u73CA.zh_hant
ENCODING 29642
SWIDTH 1000 0
DWIDTH 10 0
BBX 9 9 0 -1
BITMAP
0F80
EA80
4A80
4A80
FF80
4A80
4A80
EA80
0980
ENDCHAR
STARTCHAR u73CD.zh_hant
ENCODING 29645
SWIDTH 1000 0
DWIDTH 10 0
BBX 9 9 0 -1
BITMAP
0700
E880
5300
4C00
E180
4E00
4000
E180
0E00
ENDCHAR
STARTCHAR u73CF.zh_hant
ENCODING 29647
SWIDTH 1000 0
DWIDTH 10 0
BBX 9 9 0 -1
BITMAP
1F80
E200
4200
4200
EF80
4200
4280
E200
1F80
ENDCHAR
STARTCHAR u73D0.zh_hant
ENCODING 29648
SWIDTH 1000 0
DWIDTH 10 0
BBX 9 9 0 -1
BITMAP
0200
EF80
4200
4200
EF80
4500
4900
EA80
0C80
ENDCHAR
STARTCHAR u73D1.zh_hant
ENCODING 29649
SWIDTH 1000 0
DWIDTH 10 0
BBX 9 9 0 -1
BITMAP
0480
E480
5F80
4400
EA80
4B00
4A00
F280
1580
ENDCHAR
STARTCHAR u73D9.zh_hant
ENCODING 29657
SWIDTH 1000 0
DWIDTH 10 0
BBX 9 9 0 -1
BITMAP
0900
E900
5F80
4900
E900
5F80
4000
E900
1080
ENDCHAR
STARTCHAR u73DE.zh_hant
ENCODING 29662
SWIDTH 1000 0
DWIDTH 10 0
BBX 9 9 0 -1
BITMAP
0780
E880
5500
4300
E480
4F80
5880
E880
0F80
ENDCHAR
STARTCHAR u73E0.zh_hant
ENCODING 29664
SWIDTH 1000 0
DWIDTH 10 0
BBX 9 9 0 -1
BITMAP
0A00
EF80
4A00
4200
FF80
4200
4700
EA80
1200
ENDCHAR
STARTCHAR u73E5.zh_hant
ENCODING 29669
SWIDTH 1000 0
DWIDTH 10 0
BBX 9 9 0 -1
BITMAP
1F80
E900
4F00
4900
EF00
4900
4980
FF00
0100
ENDCHAR
STARTCHAR u73E9.zh_hant
ENCODING 29673
SWIDTH 1000 0
DWIDTH 10 0
BBX 9 9 0 -1
BITMAP
0B80
F000
4400
4B80
F880
4880
4880
E880
0980
ENDCHAR
STARTCHAR u73ED.zh_hant
ENCODING 29677
SWIDTH 1000 0
DWIDTH 10 0
BBX 9 9 0 -1
BITMAP
E780
5500
5500
5500
F780
5500
4500
4900
EB80
ENDCHAR
STARTCHAR u7403.zh_hant
ENCODING 29699
SWIDTH 1000 0
DWIDTH 10 0
BBX 9 9 0 -1
BITMAP
0280
FF80
4200
5280
EB00
4200
4B00
F280
0600
ENDCHAR
STARTCHAR u7405.zh_hant
ENCODING 29701
SWIDTH 1000 0
DWIDTH 10 0
BBX 9 9 0 -1
BITMAP
0200
EF80
4880
4F80
E880
4F80
4A80
E900
0C80
ENDCHAR
STARTCHAR u7406
ENCODING 29702
SWIDTH 1000 0
DWIDTH 10 0
BBX 9 9 0 -1
BITMAP
0F80
EA80
4F80
4A80
EF80
4200
6F80
C200
1F80
ENDCHAR
STARTCHAR u7409.zh_hant
ENCODING 29705
SWIDTH 1000 0
DWIDTH 10 0
BBX 9 9 0 -1
BITMAP
0400
FF80
4400
4900
FF80
4000
5500
F500
1580
ENDCHAR
STARTCHAR u740A.zh_hant
ENCODING 29706
SWIDTH 1000 0
DWIDTH 10 0
BBX 9 9 0 -1
BITMAP
1F80
EA80
4A80
4B00
FE80
4680
4A80
EB00
1600
ENDCHAR
STARTCHAR u7410.zh_hant
ENCODING 29712
SWIDTH 1000 0
DWIDTH 10 0
BBX 9 9 0 -1
BITMAP
1280
EA00
4F80
4880
EA80
4A80
4A80
E500
1880
ENDCHAR
STARTCHAR u741A.zh_hant
ENCODING 29722
SWIDTH 1000 0
DWIDTH 10 0
BBX 9 9 0 -1
BITMAP
0F80
E880
4F80
4A00
EF80
4A00
5780
F480
1780
ENDCHAR
STARTCHAR u741B.zh_hant
ENCODING 29723
SWIDTH 1000 0
DWIDTH 10 0
BBX 9 9 0 -1
BITMAP
1F80
EA80
4A00
5180
E400
5F80
4400
ED00
1480
ENDCHAR
STARTCHAR u7422.zh_hant
ENCODING 29730
SWIDTH 1000 0
DWIDTH 10 0
BBX 9 9 0 -1
BITMAP
1F80
E400
4A00
5280
E700
4A00
5300
E280
0C00
ENDCHAR
STARTCHAR u7425.zh_hant
ENCODING 29733
SWIDTH 1000 0
DWIDTH 10 0
BBX 9 9 0 -1
BITMAP
0600
FF80
5400
5F00
F480
5780
5500
E500
1980
ENDCHAR
STARTCHAR u7426.zh_hant
ENCODING 29734
SWIDTH 1000 0
DWIDTH 10 0
BBX 9 9 0 -1
BITMAP
0200
EF80
4500
4880
FF80
4A80
4A80
EE80
0180
ENDCHAR
STARTCHAR u7428.zh_hant
ENCODING 29736
SWIDTH 1000 0
DWIDTH 10 0
BBX 9 9 0 -1
BITMAP
0F80
E880
4F80
4880
EF80
4900
4D80
E900
0D80
ENDCHAR
STARTCHAR u742A.zh_hant
ENCODING 29738
SWIDTH 1000 0
DWIDTH 10 0
BBX 9 9 0 -1
BITMAP
0900
FF80
4900
4F00
E900
4900
5F80
E900
1080
ENDCHAR
STARTCHAR u742C.zh_hant
ENCODING 29740
SWIDTH 1000 0
DWIDTH 10 0
BBX 9 9 0 -1
BITMAP
0400
FF80
5080
5B80
EA80
5A80
4B80
EA00
1380
ENDCHAR
STARTCHAR u742E.zh_hant
ENCODING 29742
SWIDTH 1000 0
DWIDTH 10 0
BBX 9 9 0 -1
BITMAP
0200
FF80
5080
4F00
E000
5F80
4200
EA80
1680
ENDCHAR
STARTCHAR u7430.zh_hant
ENCODING 29744
SWIDTH 1000 0
DWIDTH 10 0
BBX 9 9 0 -1
BITMAP
0A80
EA80
4500
5880
E200
4A80
4A80
E500
1880
ENDCHAR
STARTCHAR u7433.zh_hant
ENCODING 29747
SWIDTH 1000 0
DWIDTH 10 0
BBX 9 9 0 -1
BITMAP
0900
E900
5F80
4900
EB00
5D00
4980
E900
0900
ENDCHAR
STARTCHAR u7434.zh_hant
ENCODING 29748
SWIDTH 1000 0
DWIDTH 10 0
BBX 9 9 0 -1
BITMAP
F780
2200
F780
2200
FF80
4100
BE80
0200
1C00
ENDCHAR
STARTCHAR u7435.zh_hant
ENCODING 29749
SWIDTH 1000 0
DWIDTH 10 0
BBX 9 9 0 -1
BITMAP
F780
2200
F780
2200
FF80
4400
7780
4400
F780
ENDCHAR
STARTCHAR u7436.zh_hant
ENCODING 29750
SWIDTH 1000 0
DWIDTH 10 0
BBX 9 9 0 -1
BITMAP
F780
4200
F780
4200
FF80
4900
7F00
4080
7F80
ENDCHAR
STARTCHAR u743C.zh_hant
ENCODING 29756
SWIDTH 1000 0
DWIDTH 10 0
BBX 9 9 0 -1
BITMAP
0200
EF80
4000
4F80
E880
4F80
4200
EA80
1680
ENDCHAR
STARTCHAR u7441.zh_hant
ENCODING 29761
SWIDTH 1000 0
DWIDTH 10 0
BBX 9 9 0 -1
BITMAP
1F80
F080
5680
4000
EF80
4880
4F80
E880
0F80
ENDCHAR
STARTCHAR u7455.zh_hant
ENCODING 29781
SWIDTH 1000 0
DWIDTH 10 0
BBX 9 9 0 -1
BITMAP
1D80
F480
5580
5C00
F380
5C80
5280
F900
1680
ENDCHAR
STARTCHAR u7457.zh_hant
ENCODING 29783
SWIDTH 1000 0
DWIDTH 10 0
BBX 9 9 0 -1
BITMAP
1F80
EA80
4100
5F80
E400
5F80
4900
EE00
1180
ENDCHAR
STARTCHAR u7459.zh_hant
ENCODING 29785
SWIDTH 1000 0
DWIDTH 10 0
BBX 9 9 0 -1
BITMAP
0A80
F500
4A80
4000
FF80
5280
5580
F280
1F80
ENDCHAR
STARTCHAR u745A.zh_hant
ENCODING 29786
SWIDTH 1000 0
DWIDTH 10 0
BBX 9 9 0 -1
BITMAP
0B80
FE80
4B80
4A80
FE80
5380
5280
7E80
C580
ENDCHAR
STARTCHAR u745B.zh_hant
ENCODING 29787
SWIDTH 1000 0
DWIDTH 10 0
BBX 9 9 0 -1
BITMAP
0900
FF80
4900
5F80
F280
5280
5F80
E500
1880
ENDCHAR
STARTCHAR u745C.zh_hant
ENCODING 29788
SWIDTH 1000 0
DWIDTH 10 0
BBX 9 9 0 -1
BITMAP
1F00
E880
5780
4000
FE80
5280
5F00
F280
1680
ENDCHAR
STARTCHAR u745E.zh_hant
ENCODING 29790
SWIDTH 1000 0
DWIDTH 10 0
BBX 9 9 0 -1
BITMAP
1480
F480
5F80
4000
FF80
4400
5F80
F480
1580
ENDCHAR
STARTCHAR u745F.zh_hant
ENCODING 29791
SWIDTH 1000 0
DWIDTH 10 0
BBX 9 9 0 -1
BITMAP
F780
2200
F780
2200
F780
4900
A480
1900
E700
ENDCHAR
STARTCHAR u746D.zh_hant
ENCODING 29805
SWIDTH 1000 0
DWIDTH 10 0
BBX 9 9 0 -1
BITMAP
0200
FF80
5280
5F80
F280
5F80
5480
D480
2780
ENDCHAR
STARTCHAR u7470.zh_hant
ENCODING 29808
SWIDTH 1000 0
DWIDTH 10 0
BBX 9 9 0 -1
BITMAP
0400
FF80
5480
5F80
F480
5F80
4500
EC80
1780
ENDCHAR
STARTCHAR u7476.zh_hant
ENCODING 29814
SWIDTH 1000 0
DWIDTH 10 0
BBX 9 9 0 -1
BITMAP
1F80
EA80
4100
5F80
E200
5F80
4200
F280
1F80
ENDCHAR
STARTCHAR u747E.zh_hant
ENCODING 29822
SWIDTH 1000 0
DWIDTH 10 0
BBX 9 9 0 -1
BITMAP
1F80
E500
5F80
5280
FF80
4200
5F80
E200
1F80
ENDCHAR
STARTCHAR u7480.zh_hant
ENCODING 29824
SWIDTH 1000 0
DWIDTH 10 0
BBX 9 9 0 -1
BITMAP
1480
FF80
4900
5F80
D200
7F80
5200
D200
1F80
ENDCHAR
STARTCHAR u7481.zh_hant
ENCODING 29825
SWIDTH 1000 0
DWIDTH 10 0
BBX 9 9 0 -1
BITMAP
0800
FF80
5280
5D80
F480
5F80
4200
E880
2E80
ENDCHAR
STARTCHAR u7483.zh_hant
ENCODING 29827
SWIDTH 1000 0
DWIDTH 10 0
BBX 9 9 0 -1
BITMAP
0400
FF80
5500
4A80
FF80
4400
5F80
F480
1E80
ENDCHAR
STARTCHAR u7487.zh_hant
ENCODING 29831
SWIDTH 1000 0
DWIDTH 10 0
BBX 9 9 0 -1
BITMAP
0A00
EB80
5C00
4B80
EC80
5500
5580
E500
1A80
ENDCHAR
STARTCHAR u748B.zh_hant
ENCODING 29835
SWIDTH 1000 0
DWIDTH 10 0
BBX 9 9 0 -1
BITMAP
0200
FF80
4900
5F80
E880
4F80
4880
FF80
0200
ENDCHAR
STARTCHAR u7490.zh_hant
ENCODING 29840
SWIDTH 1000 0
DWIDTH 10 0
BBX 9 9 0 -1
BITMAP
3B80
CC80
4A80
7B00
D480
5F80
5480
DC80
3780
ENDCHAR
STARTCHAR u749C.zh_hant
ENCODING 29852
SWIDTH 1000 0
DWIDTH 10 0
BBX 9 9 0 -1
BITMAP
0900
FF80
4900
5F80
F280
5F80
5280
FF80
0900
ENDCHAR
STARTCHAR u749E.zh_hant
ENCODING 29854
SWIDTH 1000 0
DWIDTH 10 0
BBX 9 9 0 -1
BITMAP
2A80
FF80
4900
4900
FF80
4200
5F80
E500
1880
ENDCHAR
STARTCHAR u74A7.zh_hant
ENCODING 29863
SWIDTH 1000 0
DWIDTH 10 0
BBX 9 9 0 -1
BITMAP
F200
9F80
F500
9500
FF80
8800
7F00
0A00
FF80
ENDCHAR
STARTCHAR u74A8.zh_hant
ENCODING 29864
SWIDTH 1000 0
DWIDTH 10 0
BBX 9 9 0 -1
BITMAP
1B80
F080
5E80
5500
EA80
5200
5F80
EA00
1280
ENDCHAR
STARTCHAR u74A9.zh_hant
ENCODING 29865
SWIDTH 1000 0
DWIDTH 10 0
BBX 9 9 0 -1
BITMAP
0700
E400
5F80
5480
F700
5A80
4700
DA80
0680
ENDCHAR
STARTCHAR u74BA.zh_hant
ENCODING 29882
SWIDTH 1000 0
DWIDTH 10 0
BBX 9 9 0 -1
BITMAP
DD80
9480
DD80
9480
FF80
8880
7F00
0A00
FF80
ENDCHAR
STARTCHAR u74DC.zh_hant
ENCODING 29916
SWIDTH 1000 0
DWIDTH 10 0
BBX 9 9 0 -1
BITMAP
7F80
4900
4900
4900
4900
4900
4A80
BE80
8080
ENDCHAR
STARTCHAR u74DE.zh_hant
ENCODING 29918
SWIDTH 1000 0
DWIDTH 10 0
BBX 9 9 0 -1
BITMAP
F500
A780
A900
AF80
A900
A900
AA80
A400
B380
ENDCHAR
STARTCHAR u74E0.zh_hant
ENCODING 29920
SWIDTH 1000 0
DWIDTH 10 0
BBX 9 9 0 -1
BITMAP
2F80
F500
5500
8500
F500
4500
F580
9E80
3080
ENDCHAR
STARTCHAR u74E2.zh_hant
ENCODING 29922
SWIDTH 1000 0
DWIDTH 10 0
BBX 9 9 0 -1
BITMAP
FF80
4A80
FA80
AA80
FA80
0A80
FA80
2F80
B080
ENDCHAR
STARTCHAR u74E3.zh_hant
ENCODING 29923
SWIDTH 1000 0
DWIDTH 10 0
BBX 9 9 0 -1
BITMAP
5D00
EB80
AA80
4900
EB80
2A00
EB80
3D00
4100
ENDCHAR
STARTCHAR u74E4.zh_hant
ENCODING 29924
SWIDTH 1000 0
DWIDTH 10 0
BBX 9 9 0 -1
BITMAP
2180
FE80
AA80
FA80
5280
FA80
4A80
D380
6C80
ENDCHAR
STARTCHAR u74E6.zh_hant
ENCODING 29926
SWIDTH 1000 0
DWIDTH 10 0
BBX 9 9 0 -1
BITMAP
FF80
2000
3E00
2200
3200
2A00
2280
3E80
C380
ENDCHAR
STARTCHAR u74EE.zh_hant
ENCODING 29934
SWIDTH 1000 0
DWIDTH 10 0
BBX 9 9 0 -1
BITMAP
2600
5100
A280
7F00
0000
FF80
2200
4E80
F380
ENDCHAR
STARTCHAR u74EF.zh_hant
ENCODING 29935
SWIDTH 1000 0
DWIDTH 10 0
BBX 9 9 0 -1
BITMAP
F780
8400
D780
A480
A680
D580
8480
F680
0C80
ENDCHAR
STARTCHAR u74F4.zh_hant
ENCODING 29940
SWIDTH 1000 0
DWIDTH 10 0
BBX 9 9 0 -1
BITMAP
2F80
5400
8700
2500
F700
1500
5500
2700
2980
ENDCHAR
STARTCHAR u74F6.zh_hant
ENCODING 29942
SWIDTH 1000 0
DWIDTH 10 0
BBX 9 9 0 -1
BITMAP
9F80
2400
FF80
5480
5680
FD80
5480
9680
9880
ENDCHAR
STARTCHAR u74F7.zh_hant
ENCODING 29943
SWIDTH 1000 0
DWIDTH 10 0
BBX 9 9 0 -1
BITMAP
0800
DF80
0480
4A00
9100
FF80
2200
4E80
F380
ENDCHAR
STARTCHAR u7504.zh_hant
ENCODING 29956
SWIDTH 1000 0
DWIDTH 10 0
BBX 9 9 0 -1
BITMAP
FF80
2200
FB80
AA80
FA80
2580
FC80
2580
FE80
ENDCHAR
STARTCHAR u750D.zh_hant
ENCODING 29965
SWIDTH 1000 0
DWIDTH 10 0
BBX 9 9 0 -1
BITMAP
2200
FF80
5500
FF80
8080
7F00
2200
4E80
F380
ENDCHAR
STARTCHAR u7511.zh_hant
ENCODING 29969
SWIDTH 1000 0
DWIDTH 10 0
BBX 9 9 0 -1
BITMAP
AF80
0400
FF00
A900
FD00
AB00
F900
8E80
F880
ENDCHAR
STARTCHAR u7513.zh_hant
ENCODING 29971
SWIDTH 1000 0
DWIDTH 10 0
BBX 9 9 0 -1
BITMAP
F200
9F80
F500
9200
FF80
A000
3E00
4280
FB80
ENDCHAR
STARTCHAR u7518.zh_hant
ENCODING 29976
SWIDTH 1000 0
DWIDTH 10 0
BBX 9 9 0 -1
BITMAP
2100
2100
FF80
2100
2100
3F00
2100
2100
3F00
ENDCHAR
STARTCHAR u751A.zh_hant
ENCODING 29978
SWIDTH 1000 0
DWIDTH 10 0
BBX 9 9 0 -1
BITMAP
2100
7F80
2100
3F00
2180
FE00
4B80
5000
7F80
ENDCHAR
STARTCHAR u751C.zh_hant
ENCODING 29980
SWIDTH 1000 0
DWIDTH 10 0
BBX 9 9 0 -1
BITMAP
1C80
E480
2780
FC80
2480
2780
F480
9480
F780
ENDCHAR
STARTCHAR u751F
ENCODING 29983
SWIDTH 1000 0
DWIDTH 10 0
BBX 9 9 0 -1
BITMAP
4800
4800
7F00
8800
0800
7F00
0800
0800
FF80
ENDCHAR
STARTCHAR u7525.zh_hant
ENCODING 29989
SWIDTH 1000 0
DWIDTH 10 0
BBX 9 9 0 -1
BITMAP
2F80
AA80
FF80
2A80
FF80
2200
3F80
E480
1980
ENDCHAR
STARTCHAR u7528
ENCODING 29992
SWIDTH 1000 0
DWIDTH 10 0
BBX 9 9 0 -1
BITMAP
7F80
4880
7F80
4880
4880
7F80
4880
4880
8980
ENDCHAR
STARTCHAR u7529.zh_hant
ENCODING 29993
SWIDTH 1000 0
DWIDTH 10 0
BBX 9 9 0 -1
BITMAP
7F80
4880
7F80
4880
7F80
4880
4980
8800
8F80
ENDCHAR
STARTCHAR u752B
ENCODING 29995
SWIDTH 1000 0
DWIDTH 10 0
BBX 9 9 0 -1
BITMAP
0900
FF80
0800
7F00
4900
7F00
4900
7F00
4900
ENDCHAR
STARTCHAR u752C.zh_hant
ENCODING 29996
SWIDTH 1000 0
DWIDTH 10 0
BBX 8 9 1 -1
BITMAP
7E
04
FF
91
FF
91
FF
91
93
ENDCHAR
STARTCHAR u752D.zh_hant
ENCODING 29997
SWIDTH 1000 0
DWIDTH 10 0
BBX 9 9 0 -1
BITMAP
FF80
2900
4880
FF80
4880
7F80
4880
7F80
8880
ENDCHAR
STARTCHAR u752F.zh_hant
ENCODING 29999
SWIDTH 1000 0
DWIDTH 10 0
BBX 9 9 0 -1
BITMAP
0800
FF80
8880
5500
FF80
4900
7F00
4900
8B00
ENDCHAR
STARTCHAR u7530
ENCODING 30000
SWIDTH 1000 0
DWIDTH 10 0
BBX 9 9 0 -1
BITMAP
FF80
8880
8880
8880
FF80
8880
8880
8880
FF80
ENDCHAR
STARTCHAR u7531
ENCODING 30001
SWIDTH 1000 0
DWIDTH 10 0
BBX 9 9 0 -1
BITMAP
0800
0800
FF80
8880
8880
FF80
8880
8880
FF80
ENDCHAR
STARTCHAR u7532
ENCODING 30002
SWIDTH 1000 0
DWIDTH 10 0
BBX 9 9 0 -1
BITMAP
FF80
8880
8880
FF80
8880
8880
FF80
0800
0800
ENDCHAR
STARTCHAR u7533
ENCODING 30003
SWIDTH 1000 0
DWIDTH 10 0
BBX 9 9 0 -1
BITMAP
0800
FF80
8880
FF80
8880
8880
FF80
0800
0800
ENDCHAR
STARTCHAR u7535
ENCODING 30005
SWIDTH 1000 0
DWIDTH 10 0
BBX 9 9 0 -1
BITMAP
1000
FF00
9100
FF00
9100
9100
FF00
1080
0F80
ENDCHAR
STARTCHAR u7537.zh_hant
ENCODING 30007
SWIDTH 1000 0
DWIDTH 10 0
BBX 9 9 0 -1
BITMAP
7F00
4900
7F00
4900
4900
FF80
0880
3080
C300
ENDCHAR
STARTCHAR u7538.zh_hant
ENCODING 30008
SWIDTH 1000 0
DWIDTH 10 0
BBX 9 9 0 -1
BITMAP
2000
3F80
4080
FC80
5480
7C80
5480
7C80
0300
ENDCHAR
STARTCHAR u753A.zh_hant
ENCODING 30010
SWIDTH 1000 0
DWIDTH 10 0
BBX 9 9 0 -1
BITMAP
0780
F900
A900
A900
F900
A900
A900
F900
0300
ENDCHAR
STARTCHAR u753B
ENCODING 30011
SWIDTH 1000 0
DWIDTH 10 0
BBX 9 9 0 -1
BITMAP
FF80
0000
3E00
AA80
BE80
AA80
BE80
8080
FF80
ENDCHAR
STARTCHAR u753E.zh_hant
ENCODING 30014
SWIDTH 1000 0
DWIDTH 10 0
BBX 9 9 0 -1
BITMAP
4480
8900
4480
0000
7F00
4900
7F00
4900
7F00
ENDCHAR
STARTCHAR u7540
ENCODING 30016
SWIDTH 1000 0
DWIDTH 10 0
BBX 9 9 0 -1
BITMAP
7F00
4900
7F00
4900
7F00
0000
FF80
2200
4200
ENDCHAR
STARTCHAR u7545.zh_hant
ENCODING 30021
SWIDTH 1000 0
DWIDTH 10 0
BBX 9 9 0 -1
BITMAP
2F00
F100
A200
FF80
AA80
AA80
FA80
2480
2500
ENDCHAR
STARTCHAR u754B.zh_hant
ENCODING 30027
SWIDTH 1000 0
DWIDTH 10 0
BBX 9 9 0 -1
BITMAP
0200
FB80
AC80
AA80
FA80
A900
A900
FA80
0C80
ENDCHAR
STARTCHAR u754C
ENCODING 30028
SWIDTH 1000 0
DWIDTH 10 0
BBX 9 9 0 -1
BITMAP
7F00
4900
7F00
4900
3E00
6300
A280
2200
4200
ENDCHAR
STARTCHAR u754E.zh_hant
ENCODING 30030
SWIDTH 1000 0
DWIDTH 10 0
BBX 9 9 0 -1
BITMAP
0280
F280
AF80
A200
F200
A500
A500
F880
0880
ENDCHAR
STARTCHAR u754F.zh_hant
ENCODING 30031
SWIDTH 1000 0
DWIDTH 10 0
BBX 9 9 0 -1
BITMAP
7F00
4900
7F00
4900
7F00
0000
FF80
2200
F980
ENDCHAR
STARTCHAR u7554.zh_hant
ENCODING 30036
SWIDTH 1000 0
DWIDTH 10 0
BBX 9 9 0 -1
BITMAP
FA00
AA80
AB00
A200
FF80
AA00
AF80
AA00
FA00
ENDCHAR
STARTCHAR u7559.zh_hant
ENCODING 30041
SWIDTH 1000 0
DWIDTH 10 0
BBX 9 9 0 -1
BITMAP
EF80
8280
9280
A480
FF80
4900
7F00
4900
7F00
ENDCHAR
STARTCHAR u755A.zh_hant
ENCODING 30042
SWIDTH 1000 0
DWIDTH 10 0
BBX 9 9 0 -1
BITMAP
2200
7F00
0800
FF80
2A00
C980
7F00
4900
7F00
ENDCHAR
STARTCHAR u755B.zh_hant
ENCODING 30043
SWIDTH 1000 0
DWIDTH 10 0
BBX 9 9 0 -1
BITMAP
0700
F880
A300
AC00
F180
AE00
A000
F180
0E00
ENDCHAR
STARTCHAR u755C.zh_hant
ENCODING 30044
SWIDTH 1000 0
DWIDTH 10 0
BBX 9 9 0 -1
BITMAP
0800
FF80
2400
4900
FF80
4900
7F00
4900
7F00
ENDCHAR
STARTCHAR u7565.zh_hant
ENCODING 30053
SWIDTH 1000 0
DWIDTH 10 0
BBX 9 9 0 -1
BITMAP
0400
FF80
A880
AD00
FB00
A480
AF80
F880
0F80
ENDCHAR
STARTCHAR u7566.zh_hant
ENCODING 30054
SWIDTH 1000 0
DWIDTH 10 0
BBX 9 9 0 -1
BITMAP
0200
FF80
A200
AF80
F200
AF80
A200
F200
0F80
ENDCHAR
STARTCHAR u756A.zh_hant
ENCODING 30058
SWIDTH 1000 0
DWIDTH 10 0
BBX 9 9 0 -1
BITMAP
7F00
4900
2A00
FF80
2A00
C900
7F80
4900
7F00
ENDCHAR
STARTCHAR u7572.zh_hant
ENCODING 30066
SWIDTH 1000 0
DWIDTH 10 0
BBX 9 9 0 -1
BITMAP
3E00
4100
FE80
2500
4C80
C900
7F00
4900
7F00
ENDCHAR
STARTCHAR u7574.zh_hant
ENCODING 30068
SWIDTH 1000 0
DWIDTH 10 0
BBX 9 9 0 -1
BITMAP
0200
FF80
A200
AF80
F200
AF80
A480
FA80
1180
ENDCHAR
STARTCHAR u7578.zh_hant
ENCODING 30072
SWIDTH 1000 0
DWIDTH 10 0
BBX 9 9 0 -1
BITMAP
0200
FF80
AA00
AD00
F880
AF80
AA80
FE80
0180
ENDCHAR
STARTCHAR u757F.zh_hant
ENCODING 30079
SWIDTH 1000 0
DWIDTH 10 0
BBX 9 9 0 -1
BITMAP
4900
8A00
FB80
4900
FF80
AA00
FA80
A900
FE80
ENDCHAR
STARTCHAR u7586.zh_hant
ENCODING 30086
SWIDTH 1000 0
DWIDTH 10 0
BBX 9 9 0 -1
BITMAP
FF80
2A80
EF80
8000
FF80
2A80
EF80
2A80
DF80
ENDCHAR
STARTCHAR u758B.zh_hant
ENCODING 30091
SWIDTH 1000 0
DWIDTH 10 0
BBX 9 9 0 -1
BITMAP
FF80
0880
0900
4800
4F00
4800
6800
9800
8780
ENDCHAR
STARTCHAR u758F.zh_hant
ENCODING 30095
SWIDTH 1000 0
DWIDTH 10 0
BBX 9 9 0 -1
BITMAP
F200
1F80
2200
2480
BF80
A000
AA80
AA80
F280
ENDCHAR
STARTCHAR u7591.zh_hant
ENCODING 30097
SWIDTH 1000 0
DWIDTH 10 0
BBX 9 9 0 -1
BITMAP
8F80
F100
8200
FF80
A280
FA00
2B80
6A00
9F80
ENDCHAR
STARTCHAR u7592
ENCODING 30098
SWIDTH 1000 0
DWIDTH 10 0
BBX 9 9 0 -1
BITMAP
0400
7F80
C000
4000
4000
C000
4000
4000
8000
ENDCHAR
STARTCHAR u7594.zh_hant
ENCODING 30100
SWIDTH 1000 0
DWIDTH 10 0
BBX 9 9 0 -1
BITMAP
0400
7F80
C000
4000
FF80
4200
4200
8200
8E00
ENDCHAR
STARTCHAR u7596.zh_hant
ENCODING 30102
SWIDTH 1000 0
DWIDTH 10 0
BBX 9 9 0 -1
BITMAP
0400
7F80
C000
5F00
C900
4900
4900
8B00
8800
ENDCHAR
STARTCHAR u7597.zh_hant
ENCODING 30103
SWIDTH 1000 0
DWIDTH 10 0
BBX 9 9 0 -1
BITMAP
0400
7F80
C000
5F80
C100
4200
4200
8200
8E00
ENDCHAR
STARTCHAR u7599.zh_hant
ENCODING 30105
SWIDTH 1000 0
DWIDTH 10 0
BBX 9 9 0 -1
BITMAP
0400
7F80
D000
5F80
E000
5F00
4800
9080
9F00
ENDCHAR
STARTCHAR u759A.zh_hant
ENCODING 30106
SWIDTH 1000 0
DWIDTH 10 0
BBX 9 9 0 -1
BITMAP
0400
7F80
C800
4F00
C900
5100
4200
8D00
B080
ENDCHAR
STARTCHAR u759D.zh_hant
ENCODING 30109
SWIDTH 1000 0
DWIDTH 10 0
BBX 9 9 0 -1
BITMAP
0400
7F80
C200
4200
D280
5280
5280
9280
9F80
ENDCHAR
STARTCHAR u759F.zh_hant
ENCODING 30111
SWIDTH 1000 0
DWIDTH 10 0
BBX 9 9 0 -1
BITMAP
0400
7F80
C000
5F80
D000
7F80
5000
9000
9F80
ENDCHAR
STARTCHAR u75A1.zh_hant
ENCODING 30113
SWIDTH 1000 0
DWIDTH 10 0
BBX 9 9 0 -1
BITMAP
0400
7F80
C000
5F00
C200
7F80
5480
9480
AB00
ENDCHAR
STARTCHAR u75A3.zh_hant
ENCODING 30115
SWIDTH 1000 0
DWIDTH 10 0
BBX 9 9 0 -1
BITMAP
0400
7F80
C400
4480
FF80
4A00
4A00
9280
9380
ENDCHAR
STARTCHAR u75A4.zh_hant
ENCODING 30116
SWIDTH 1000 0
DWIDTH 10 0
BBX 9 9 0 -1
BITMAP
0400
7F80
C000
5F80
D280
5F80
5000
9080
8F80
ENDCHAR
STARTCHAR u75A5.zh_hant
ENCODING 30117
SWIDTH 1000 0
DWIDTH 10 0
BBX 9 9 0 -1
BITMAP
0400
7F80
CA00
5100
E080
4900
4900
9100
9100
ENDCHAR
STARTCHAR u75AB.zh_hant
ENCODING 30123
SWIDTH 1000 0
DWIDTH 10 0
BBX 9 9 0 -1
BITMAP
0400
7F80
CA00
4A00
D180
7F00
5100
8E00
B180
ENDCHAR
STARTCHAR u75AE.zh_hant
ENCODING 30126
SWIDTH 1000 0
DWIDTH 10 0
BBX 9 9 0 -1
BITMAP
0400
7F80
CA00
5100
EE80
5200
5600
9080
8F80
ENDCHAR
STARTCHAR u75AF.zh_hant
ENCODING 30127
SWIDTH 1000 0
DWIDTH 10 0
BBX 9 9 0 -1
BITMAP
0400
7F80
C000
5F00
D100
5B00
5500
AB00
A180
ENDCHAR
STARTCHAR u75B1.zh_hant
ENCODING 30129
SWIDTH 1000 0
DWIDTH 10 0
BBX 9 9 0 -1
BITMAP
0400
7F80
C800
5F80
F280
5E80
5180
9000
9F80
ENDCHAR
STARTCHAR u75B2.zh_hant
ENCODING 30130
SWIDTH 1000 0
DWIDTH 10 0
BBX 9 9 0 -1
BITMAP
0400
7F80
C200
5F80
D200
5F80
5480
A300
AC80
ENDCHAR
STARTCHAR u75B3
ENCODING 30131
SWIDTH 1000 0
DWIDTH 10 0
BBX 9 9 0 -1
BITMAP
0400
7F80
C000
5100
7F80
D100
5F00
5100
9F00
ENDCHAR
STARTCHAR u75B4.zh_hant
ENCODING 30132
SWIDTH 1000 0
DWIDTH 10 0
BBX 9 9 0 -1
BITMAP
0400
7F80
C000
5F80
C100
5D00
5500
9D00
8300
ENDCHAR
STARTCHAR u75B5.zh_hant
ENCODING 30133
SWIDTH 1000 0
DWIDTH 10 0
BBX 9 9 0 -1
BITMAP
0400
7F80
C900
4900
CD80
6900
6900
AF00
B180
ENDCHAR
STARTCHAR u75B8
ENCODING 30136
SWIDTH 1000 0
DWIDTH 10 0
BBX 9 9 0 -1
BITMAP
0400
7F80
D100
5100
5F00
D100
5F00
4000
BF80
ENDCHAR
STARTCHAR u75B9.zh_hant
ENCODING 30137
SWIDTH 1000 0
DWIDTH 10 0
BBX 9 9 0 -1
BITMAP
0400
7F80
CA00
5100
E280
4C00
7080
8300
9C00
ENDCHAR
STARTCHAR u75BC.zh_hant
ENCODING 30140
SWIDTH 1000 0
DWIDTH 10 0
BBX 9 9 0 -1
BITMAP
0400
7F80
C880
5500
C600
5900
4680
9800
8700
ENDCHAR
STARTCHAR u75BD.zh_hant
ENCODING 30141
SWIDTH 1000 0
DWIDTH 10 0
BBX 9 9 0 -1
BITMAP
0400
7F80
C000
4F80
C880
4F80
4880
8880
9F80
ENDCHAR
STARTCHAR u75BE.zh_hant
ENCODING 30142
SWIDTH 1000 0
DWIDTH 10 0
BBX 9 9 0 -1
BITMAP
0400
7F80
C800
4F80
D200
5F80
4200
8500
9880
ENDCHAR
STARTCHAR u75C2.zh_hant
ENCODING 30146
SWIDTH 1000 0
DWIDTH 10 0
BBX 9 9 0 -1
BITMAP
0400
7F80
C800
4B80
FE80
4A80
4A80
9280
A780
ENDCHAR
STARTCHAR u75C3.zh_hant
ENCODING 30147
SWIDTH 1000 0
DWIDTH 10 0
BBX 9 9 0 -1
BITMAP
0400
7F80
C400
7F80
C800
5100
4A00
8480
BF80
ENDCHAR
STARTCHAR u75C5.zh_hant
ENCODING 30149
SWIDTH 1000 0
DWIDTH 10 0
BBX 9 9 0 -1
BITMAP
0400
7F80
C000
7F80
C200
5F80
5280
9580
9880
ENDCHAR
STARTCHAR u75C7.zh_hant
ENCODING 30151
SWIDTH 1000 0
DWIDTH 10 0
BBX 9 9 0 -1
BITMAP
0400
7F80
C000
7F80
C400
5780
5400
9400
BF80
ENDCHAR
STARTCHAR u75C8.zh_hant
ENCODING 30152
SWIDTH 1000 0
DWIDTH 10 0
BBX 9 9 0 -1
BITMAP
0400
7F80
C000
5F80
D280
5F80
5280
9F80
9280
ENDCHAR
STARTCHAR u75C9.zh_hant
ENCODING 30153
SWIDTH 1000 0
DWIDTH 10 0
BBX 9 9 0 -1
BITMAP
0400
7F80
C000
5E00
C400
4A00
5F00
8400
BF80
ENDCHAR
STARTCHAR u75CA.zh_hant
ENCODING 30154
SWIDTH 1000 0
DWIDTH 10 0
BBX 9 9 0 -1
BITMAP
0400
7F80
CA00
5100
EE80
4400
5F00
8400
BF80
ENDCHAR
STARTCHAR u75CD.zh_hant
ENCODING 30157
SWIDTH 1000 0
DWIDTH 10 0
BBX 9 9 0 -1
BITMAP
0400
7F80
C280
5F80
D200
5F80
5280
8500
9880
ENDCHAR
STARTCHAR u75D2.zh_hant
ENCODING 30162
SWIDTH 1000 0
DWIDTH 10 0
BBX 9 9 0 -1
BITMAP
0400
7F80
C900
4A00
DF80
4200
5F80
8200
8200
ENDCHAR
STARTCHAR u75D4.zh_hant
ENCODING 30164
SWIDTH 1000 0
DWIDTH 10 0
BBX 9 9 0 -1
BITMAP
0400
7F80
C200
5F80
C200
7F80
5100
8900
8300
ENDCHAR
STARTCHAR u75D5.zh_hant
ENCODING 30165
SWIDTH 1000 0
DWIDTH 10 0
BBX 9 9 0 -1
BITMAP
0400
7F80
D080
5F80
D080
5F80
5280
9100
9C80
ENDCHAR
STARTCHAR u75D8.zh_hant
ENCODING 30168
SWIDTH 1000 0
DWIDTH 10 0
BBX 9 9 0 -1
BITMAP
0400
7F80
C000
5F80
D080
5F80
4900
8900
BF80
ENDCHAR
STARTCHAR u75DB.zh_hant
ENCODING 30171
SWIDTH 1000 0
DWIDTH 10 0
BBX 9 9 0 -1
BITMAP
0400
7F80
C100
5F80
D280
5F80
5280
9F80
9280
ENDCHAR
STARTCHAR u75DE.zh_hant
ENCODING 30174
SWIDTH 1000 0
DWIDTH 10 0
BBX 9 9 0 -1
BITMAP
0400
7F80
C000
7F80
CA80
5200
7F80
9080
9F80
ENDCHAR
STARTCHAR u75E2.zh_hant
ENCODING 30178
SWIDTH 1000 0
DWIDTH 10 0
BBX 9 9 0 -1
BITMAP
0400
7F80
C000
7A80
D280
7E80
5280
B880
9580
ENDCHAR
STARTCHAR u75E3.zh_hant
ENCODING 30179
SWIDTH 1000 0
DWIDTH 10 0
BBX 9 9 0 -1
BITMAP
0400
7F80
C400
7F80
C400
5F80
4200
9080
9E80
ENDCHAR
STARTCHAR u75E4.zh_hant
ENCODING 30180
SWIDTH 1000 0
DWIDTH 10 0
BBX 9 9 0 -1
BITMAP
0400
7F80
D500
5500
EE80
4400
5F00
8400
BF80
ENDCHAR
STARTCHAR u75E7.zh_hant
ENCODING 30183
SWIDTH 1000 0
DWIDTH 10 0
BBX 9 9 0 -1
BITMAP
0400
7F80
E200
5A80
EA80
5200
4680
9100
AE00
ENDCHAR
STARTCHAR u75E8.zh_hant
ENCODING 30184
SWIDTH 1000 0
DWIDTH 10 0
BBX 9 9 0 -1
BITMAP
0400
7F80
C900
5F80
C900
5480
5F80
8880
B300
ENDCHAR
STARTCHAR u75EA.zh_hant
ENCODING 30186
SWIDTH 1000 0
DWIDTH 10 0
BBX 9 9 0 -1
BITMAP
0400
7F80
CE00
7200
DF00
5500
7F80
8A00
B100
ENDCHAR
STARTCHAR u75F0.zh_hant
ENCODING 30192
SWIDTH 1000 0
DWIDTH 10 0
BBX 9 9 0 -1
BITMAP
0400
7F80
CA80
5280
C500
5A80
4A80
8500
9880
ENDCHAR
STARTCHAR u75F1.zh_hant
ENCODING 30193
SWIDTH 1000 0
DWIDTH 10 0
BBX 9 9 0 -1
BITMAP
0400
7F80
CA00
7B80
CA00
7B80
4A00
BB80
8A00
ENDCHAR
STARTCHAR u75F4.zh_hant
ENCODING 30196
SWIDTH 1000 0
DWIDTH 10 0
BBX 9 9 0 -1
BITMAP
0800
7F80
C000
7B80
D280
7E80
9280
AA80
4780
ENDCHAR
STARTCHAR u75F9.zh_hant
ENCODING 30201
SWIDTH 1000 0
DWIDTH 10 0
BBX 9 9 0 -1
BITMAP
0400
7F80
D500
5F00
D500
5500
7F80
8A00
B200
ENDCHAR
STARTCHAR u75FC.zh_hant
ENCODING 30204
SWIDTH 1000 0
DWIDTH 10 0
BBX 9 9 0 -1
BITMAP
0400
7F80
D280
5F80
D280
5780
5480
9480
9F80
ENDCHAR
STARTCHAR u75FF.zh_hant
ENCODING 30207
SWIDTH 1000 0
DWIDTH 10 0
BBX 9 9 0 -1
BITMAP
0400
7F80
C400
7F80
CD00
5480
7380
8E00
B180
ENDCHAR
STARTCHAR u7600.zh_hant
ENCODING 30208
SWIDTH 1000 0
DWIDTH 10 0
BBX 9 9 0 -1
BITMAP
0400
7F80
C900
7E80
D200
5D00
5400
9480
AD00
ENDCHAR
STARTCHAR u7601.zh_hant
ENCODING 30209
SWIDTH 1000 0
DWIDTH 10 0
BBX 9 9 0 -1
BITMAP
0400
7F80
C200
7F80
C900
5480
4200
BF80
8200
ENDCHAR
STARTCHAR u7610.zh_hant
ENCODING 30224
SWIDTH 1000 0
DWIDTH 10 0
BBX 9 9 0 -1
BITMAP
0400
7F80
C900
5480
DD80
5480
5F80
8A00
B180
ENDCHAR
STARTCHAR u7619.zh_hant
ENCODING 30233
SWIDTH 1000 0
DWIDTH 10 0
BBX 9 9 0 -1
BITMAP
0400
7F80
CA00
5500
FF80
5500
5F00
8480
BF80
ENDCHAR
STARTCHAR u761F.zh_hant
ENCODING 30239
SWIDTH 1000 0
DWIDTH 10 0
BBX 9 9 0 -1
BITMAP
0400
7F80
D500
5B00
D100
7F80
6A80
AA80
BF80
ENDCHAR
STARTCHAR u7620.zh_hant
ENCODING 30240
SWIDTH 1000 0
DWIDTH 10 0
BBX 9 9 0 -1
BITMAP
0400
7F80
C400
7580
CA00
7F80
5080
9F80
9080
ENDCHAR
STARTCHAR u7622.zh_hant
ENCODING 30242
SWIDTH 1000 0
DWIDTH 10 0
BBX 9 9 0 -1
BITMAP
0400
7F80
CA80
5E80
D400
7F80
5480
9D00
9680
ENDCHAR
STARTCHAR u7624.zh_hant
ENCODING 30244
SWIDTH 1000 0
DWIDTH 10 0
BBX 9 9 0 -1
BITMAP
0400
7F80
D280
5480
DF80
5280
5F80
9280
9F80
ENDCHAR
STARTCHAR u7626.zh_hant
ENCODING 30246
SWIDTH 1000 0
DWIDTH 10 0
BBX 9 9 0 -1
BITMAP
0400
7F80
D500
5F00
D500
7F00
5100
8E00
B180
ENDCHAR
STARTCHAR u7629.zh_hant
ENCODING 30249
SWIDTH 1000 0
DWIDTH 10 0
BBX 9 9 0 -1
BITMAP
0400
7F80
D100
7F80
CA00
5500
7F80
9100
9F00
ENDCHAR
STARTCHAR u762A.zh_hant
ENCODING 30250
SWIDTH 1000 0
DWIDTH 10 0
BBX 9 9 0 -1
BITMAP
0400
7F80
D100
5F00
CA00
5900
6E00
8880
8780
ENDCHAR
STARTCHAR u762B.zh_hant
ENCODING 30251
SWIDTH 1000 0
DWIDTH 10 0
BBX 9 9 0 -1
BITMAP
0400
7F80
C500
7780
D500
5780
6500
9500
8780
ENDCHAR
STARTCHAR u7630.zh_hant
ENCODING 30256
SWIDTH 1000 0
DWIDTH 10 0
BBX 9 9 0 -1
BITMAP
0400
7F80
D280
5F80
CA00
5480
7F80
8A00
9280
ENDCHAR
STARTCHAR u7634.zh_hant
ENCODING 30260
SWIDTH 1000 0
DWIDTH 10 0
BBX 9 9 0 -1
BITMAP
0400
7F80
C900
5F80
C880
4F80
4880
BF80
8200
ENDCHAR
STARTCHAR u7638.zh_hant
ENCODING 30264
SWIDTH 1000 0
DWIDTH 10 0
BBX 9 9 0 -1
BITMAP
0400
7F80
D000
7F80
D480
5780
6A00
B580
AA80
ENDCHAR
STARTCHAR u763C.zh_hant
ENCODING 30268
SWIDTH 1000 0
DWIDTH 10 0
BBX 9 9 0 -1
BITMAP
0400
7F80
CA00
7F80
D100
5100
7F80
8A00
B180
ENDCHAR
STARTCHAR u763E.zh_hant
ENCODING 30270
SWIDTH 1000 0
DWIDTH 10 0
BBX 9 9 0 -1
BITMAP
0400
7F80
D500
5780
E080
5F80
5200
A880
AE80
ENDCHAR
STARTCHAR u7640.zh_hant
ENCODING 30272
SWIDTH 1000 0
DWIDTH 10 0
BBX 9 9 0 -1
BITMAP
0400
7F80
C900
7F80
C900
7F80
9500
9F00
6080
ENDCHAR
STARTCHAR u764C.zh_hant
ENCODING 30284
SWIDTH 1000 0
DWIDTH 10 0
BBX 9 9 0 -1
BITMAP
0400
7F80
CA00
7F80
4A80
FB80
4400
A480
BF80
ENDCHAR
STARTCHAR u7656.zh_hant
ENCODING 30294
SWIDTH 1000 0
DWIDTH 10 0
BBX 9 9 0 -1
BITMAP
0400
7F80
5200
DF80
7500
4F80
F200
5F80
7200
ENDCHAR
STARTCHAR u765C.zh_hant
ENCODING 30300
SWIDTH 1000 0
DWIDTH 10 0
BBX 9 9 0 -1
BITMAP
0400
7F80
CA80
7A80
D400
7F80
5280
FB00
9480
ENDCHAR
STARTCHAR u765E.zh_hant
ENCODING 30302
SWIDTH 1000 0
DWIDTH 10 0
BBX 9 9 0 -1
BITMAP
0400
7F80
D280
7C80
D780
7C80
5580
BA00
D480
ENDCHAR
STARTCHAR u7663.zh_hant
ENCODING 30307
SWIDTH 1000 0
DWIDTH 10 0
BBX 9 9 0 -1
BITMAP
0400
7F80
CA80
7D00
D780
7D00
5780
8100
BD00
ENDCHAR
STARTCHAR u766B.zh_hant
ENCODING 30315
SWIDTH 1000 0
DWIDTH 10 0
BBX 9 9 0 -1
BITMAP
0400
7F80
D100
7B80
CA80
7A80
4A80
7D00
AA80
ENDCHAR
STARTCHAR u7678.zh_hant
ENCODING 30328
SWIDTH 1000 0
DWIDTH 10 0
BBX 9 9 0 -1
BITMAP
FD00
9500
5280
2280
7F00
8880
7F00
2200
C180
ENDCHAR
STARTCHAR u767B
ENCODING 30331
SWIDTH 1000 0
DWIDTH 10 0
BBX 9 9 0 -1
BITMAP
F500
1280
BF00
4100
BE80
2200
3E00
1400
FF80
ENDCHAR
STARTCHAR u767D
ENCODING 30333
SWIDTH 1000 0
DWIDTH 10 0
BBX 7 9 1 -1
BITMAP
10
20
FE
82
82
FE
82
82
FE
ENDCHAR
STARTCHAR u767E
ENCODING 30334
SWIDTH 1000 0
DWIDTH 10 0
BBX 9 9 0 -1
BITMAP
FF80
1000
7F00
4100
4100
7F00
4100
4100
7F00
ENDCHAR
STARTCHAR u7682.zh_hant
ENCODING 30338
SWIDTH 1000 0
DWIDTH 10 0
BBX 9 9 0 -1
BITMAP
1000
7F00
4100
4100
7F00
2000
FF80
2000
3F00
ENDCHAR
STARTCHAR u7684
ENCODING 30340
SWIDTH 1000 0
DWIDTH 10 0
BBX 9 9 0 -1
BITMAP
2400
4780
F880
9080
9480
F280
9080
9080
F300
ENDCHAR
STARTCHAR u7686.zh_hant
ENCODING 30342
SWIDTH 1000 0
DWIDTH 10 0
BBX 9 9 0 -1
BITMAP
4400
7780
4400
4480
FF80
4100
7F00
4100
7F00
ENDCHAR
STARTCHAR u7687.zh_hant
ENCODING 30343
SWIDTH 1000 0
DWIDTH 10 0
BBX 9 9 0 -1
BITMAP
2000
7F00
5D00
4100
7F00
0800
7F00
0800
FF80
ENDCHAR
STARTCHAR u7688.zh_hant
ENCODING 30344
SWIDTH 1000 0
DWIDTH 10 0
BBX 9 9 0 -1
BITMAP
4F80
4800
F800
9F80
F080
9480
9500
F300
0C80
ENDCHAR
STARTCHAR u768B.zh_hant
ENCODING 30347
SWIDTH 1000 0
DWIDTH 10 0
BBX 9 9 0 -1
BITMAP
1000
7F00
4100
7F00
4100
FF80
4900
BE80
0800
ENDCHAR
STARTCHAR u768E.zh_hant
ENCODING 30350
SWIDTH 1000 0
DWIDTH 10 0
BBX 9 9 0 -1
BITMAP
4400
5F80
E500
A880
F000
A900
A500
E600
1980
ENDCHAR
STARTCHAR u7691.zh_hant
ENCODING 30353
SWIDTH 1000 0
DWIDTH 10 0
BBX 9 9 0 -1
BITMAP
4A80
4F80
E000
AF80
E080
AF80
A800
E880
0780
ENDCHAR
STARTCHAR u7693.zh_hant
ENCODING 30355
SWIDTH 1000 0
DWIDTH 10 0
BBX 9 9 0 -1
BITMAP
4A00
4F80
F200
AF80
E000
AF80
A880
E880
0F80
ENDCHAR
STARTCHAR u7696.zh_hant
ENCODING 30358
SWIDTH 1000 0
DWIDTH 10 0
BBX 9 9 0 -1
BITMAP
4400
5F80
F080
AF80
E000
BF80
AA00
EA80
3380
ENDCHAR
STARTCHAR u7699.zh_hant
ENCODING 30361
SWIDTH 1000 0
DWIDTH 10 0
BBX 9 9 0 -1
BITMAP
2F80
F800
6F80
A900
7F00
4100
7F00
4100
7F00
ENDCHAR
STARTCHAR u76A4.zh_hant
ENCODING 30372
SWIDTH 1000 0
DWIDTH 10 0
BBX 9 9 0 -1
BITMAP
5F80
4A80
E200
9F80
EB00
9280
9F80
F280
1F80
ENDCHAR
STARTCHAR u76AE.zh_hant
ENCODING 30382
SWIDTH 1000 0
DWIDTH 10 0
BBX 9 9 0 -1
BITMAP
0400
7F80
4480
4400
7F00
5100
9200
8E00
3180
ENDCHAR
STARTCHAR u76B1.zh_hant
ENCODING 30385
SWIDTH 1000 0
DWIDTH 10 0
BBX 9 9 0 -1
BITMAP
4200
6F80
AA80
4A00
EF80
2880
EA80
3100
E680
ENDCHAR
STARTCHAR u76B4.zh_hant
ENCODING 30388
SWIDTH 1000 0
DWIDTH 10 0
BBX 9 9 0 -1
BITMAP
2100
4780
FD00
5500
9F80
7480
CA80
3100
CE80
ENDCHAR
STARTCHAR u76BF
ENCODING 30399
SWIDTH 1000 0
DWIDTH 10 0
BBX 9 8 0 -1
BITMAP
7F00
5500
5500
5500
5500
5500
5500
FF80
ENDCHAR
STARTCHAR u76C2
ENCODING 30402
SWIDTH 1000 0
DWIDTH 10 0
BBX 9 9 0 -1
BITMAP
7F00
0800
FF80
0800
1800
0000
7F00
5500
FF80
ENDCHAR
STARTCHAR u76C5
ENCODING 30405
SWIDTH 1000 0
DWIDTH 10 0
BBX 9 9 0 -1
BITMAP
0800
7F00
4900
7F00
0800
7F00
5500
5500
FF80
ENDCHAR
STARTCHAR u76C6.zh_hant
ENCODING 30406
SWIDTH 1000 0
DWIDTH 10 0
BBX 9 9 0 -1
BITMAP
2E00
4100
BE80
1200
2200
7F00
5500
5500
FF80
ENDCHAR
STARTCHAR u76C8.zh_hant
ENCODING 30408
SWIDTH 1000 0
DWIDTH 10 0
BBX 9 9 0 -1
BITMAP
FF00
4200
7B80
A880
9580
7F00
5500
5500
FF80
ENDCHAR
STARTCHAR u76CA.zh_hant
ENCODING 30410
SWIDTH 1000 0
DWIDTH 10 0
BBX 9 9 0 -1
BITMAP
2200
1400
FF80
2200
4100
FF80
5500
5500
FF80
ENDCHAR
STARTCHAR u76CD.zh_hant
ENCODING 30413
SWIDTH 1000 0
DWIDTH 10 0
BBX 9 9 0 -1
BITMAP
0800
7F00
0800
FF80
1200
2100
7F80
5500
FF80
ENDCHAR
STARTCHAR u76CE.zh_hant
ENCODING 30414
SWIDTH 1000 0
DWIDTH 10 0
BBX 9 9 0 -1
BITMAP
0800
7F00
4900
FF80
2200
C180
7F00
5500
FF80
ENDCHAR
STARTCHAR u76CF.zh_hant
ENCODING 30415
SWIDTH 1000 0
DWIDTH 10 0
BBX 9 9 0 -1
BITMAP
2D00
7080
0E00
F880
1780
2000
7F00
5500
FF80
ENDCHAR
STARTCHAR u76D0.zh_hant
ENCODING 30416
SWIDTH 1000 0
DWIDTH 10 0
BBX 9 9 0 -1
BITMAP
2400
F600
2580
3400
C400
7F00
5500
5500
FF80
ENDCHAR
STARTCHAR u76D1.zh_hant
ENCODING 30417
SWIDTH 1000 0
DWIDTH 10 0
BBX 9 9 0 -1
BITMAP
A400
A780
AA00
A900
0000
7F00
5500
5500
FF80
ENDCHAR
STARTCHAR u76D2.zh_hant
ENCODING 30418
SWIDTH 1000 0
DWIDTH 10 0
BBX 9 9 0 -1
BITMAP
3E00
4100
BE80
0000
3E00
2200
7F00
5500
FF80
ENDCHAR
STARTCHAR u76D4.zh_hant
ENCODING 30420
SWIDTH 1000 0
DWIDTH 10 0
BBX 9 9 0 -1
BITMAP
2000
FF80
5480
6500
8A00
B180
7F00
5500
FF80
ENDCHAR
STARTCHAR u76D6.zh_hant
ENCODING 30422
SWIDTH 1000 0
DWIDTH 10 0
BBX 9 9 0 -1
BITMAP
2400
FF80
0800
7F00
0800
FF80
5500
5500
FF80
ENDCHAR
STARTCHAR u76D7.zh_hant
ENCODING 30423
SWIDTH 1000 0
DWIDTH 10 0
BBX 9 9 0 -1
BITMAP
8800
5F80
2480
4A00
9100
7F80
5500
5500
FF80
ENDCHAR
STARTCHAR u76D8.zh_hant
ENCODING 30424
SWIDTH 1000 0
DWIDTH 10 0
BBX 9 9 0 -1
BITMAP
1000
3E00
2A00
FF80
2A00
4200
7F00
5500
FF80
ENDCHAR
STARTCHAR u76DB.zh_hant
ENCODING 30427
SWIDTH 1000 0
DWIDTH 10 0
BBX 9 9 0 -1
BITMAP
0480
FF80
8500
F200
9500
8880
7F00
5500
FF80
ENDCHAR
STARTCHAR u76DF.zh_hant
ENCODING 30431
SWIDTH 1000 0
DWIDTH 10 0
BBX 9 9 0 -1
BITMAP
F780
9480
F780
9480
F780
0880
7F00
5500
FF80
ENDCHAR
STARTCHAR u76E5.zh_hant
ENCODING 30437
SWIDTH 1000 0
DWIDTH 10 0
BBX 9 9 0 -1
BITMAP
C980
BA80
CD80
9880
ED80
8A80
7F00
5500
FF80
ENDCHAR
STARTCHAR u76EE
ENCODING 30446
SWIDTH 1000 0
DWIDTH 10 0
BBX 7 9 1 -1
BITMAP
FE
82
82
FE
82
FE
82
82
FE
ENDCHAR
STARTCHAR u76EF.zh_hant
ENCODING 30447
SWIDTH 1000 0
DWIDTH 10 0
BBX 9 9 0 -1
BITMAP
EF80
A200
E200
A200
A200
E200
A200
A200
E600
ENDCHAR
STARTCHAR u76F1.zh_hant
ENCODING 30449
SWIDTH 1000 0
DWIDTH 10 0
BBX 9 9 0 -1
BITMAP
EF80
A200
E200
A200
AF80
E200
A200
A200
E600
ENDCHAR
STARTCHAR u76F2
ENCODING 30450
SWIDTH 1000 0
DWIDTH 10 0
BBX 9 9 0 -1
BITMAP
0800
FF80
4000
4000
7F80
4100
7F00
4100
7F00
ENDCHAR
STARTCHAR u76F4
ENCODING 30452
SWIDTH 1000 0
DWIDTH 10 0
BBX 9 9 0 -1
BITMAP
0800
FF80
0800
7F00
4100
7F00
4100
4100
FF80
ENDCHAR
STARTCHAR u76F8
ENCODING 30456
SWIDTH 1000 0
DWIDTH 10 0
BBX 9 9 0 -1
BITMAP
2F80
2880
F880
2F80
6880
7F80
A880
2880
2F80
ENDCHAR
STARTCHAR u76F9.zh_hant
ENCODING 30457
SWIDTH 1000 0
DWIDTH 10 0
BBX 9 9 0 -1
BITMAP
E200
AF80
E200
AA80
AA80
EF80
A200
A280
E380
ENDCHAR
STARTCHAR u76FC.zh_hant
ENCODING 30460
SWIDTH 1000 0
DWIDTH 10 0
BBX 9 9 0 -1
BITMAP
E300
A900
E900
B080
AF80
E480
A480
A880
F100
ENDCHAR
STARTCHAR u76FE
ENCODING 30462
SWIDTH 1000 0
DWIDTH 10 0
BBX 9 9 0 -1
BITMAP
7F80
4400
7F80
4400
5F00
5100
5F00
5100
9F00
ENDCHAR
STARTCHAR u7701.zh_hant
ENCODING 30465
SWIDTH 1000 0
DWIDTH 10 0
BBX 9 9 0 -1
BITMAP
0800
4900
9A80
0400
1F00
E100
3F00
2100
3F00
ENDCHAR
STARTCHAR u7704.zh_hant
ENCODING 30468
SWIDTH 1000 0
DWIDTH 10 0
BBX 9 9 0 -1
BITMAP
FF80
A200
EB80
AA80
AA80
EF80
A880
A080
E300
ENDCHAR
STARTCHAR u7707.zh_hant
ENCODING 30471
SWIDTH 1000 0
DWIDTH 10 0
BBX 9 9 0 -1
BITMAP
E200
A200
EB00
B280
A200
E600
A080
A300
EC00
ENDCHAR
STARTCHAR u7708.zh_hant
ENCODING 30472
SWIDTH 1000 0
DWIDTH 10 0
BBX 9 9 0 -1
BITMAP
E400
BF80
E480
A480
A600
EA00
AA00
B280
E380
ENDCHAR
STARTCHAR u7709.zh_hant
ENCODING 30473
SWIDTH 1000 0
DWIDTH 10 0
BBX 9 9 0 -1
BITMAP
7F80
4480
7F80
4000
5F80
5080
9F80
9080
1F80
ENDCHAR
STARTCHAR u770B.zh_hant
ENCODING 30475
SWIDTH 1000 0
DWIDTH 10 0
BBX 9 9 0 -1
BITMAP
FF80
0800
7F00
1000
FF80
2100
7F00
A100
3F00
ENDCHAR
STARTCHAR u7719.zh_hant
ENCODING 30489
SWIDTH 1000 0
DWIDTH 10 0
BBX 9 9 0 -1
BITMAP
E400
A400
E880
BF80
A000
EF00
A900
A900
EF00
ENDCHAR
STARTCHAR u771A.zh_hant
ENCODING 30490
SWIDTH 1000 0
DWIDTH 10 0
BBX 9 9 0 -1
BITMAP
7F80
4800
BF00
0800
FF80
4100
7F00
4100
7F00
ENDCHAR
STARTCHAR u771F.zh_hant
ENCODING 30495
SWIDTH 1000 0
DWIDTH 10 0
BBX 9 9 0 -1
BITMAP
FF80
0800
3E00
2200
3E00
2200
FF80
2200
C180
ENDCHAR
STARTCHAR u7720.zh_hant
ENCODING 30496
SWIDTH 1000 0
DWIDTH 10 0
BBX 9 9 0 -1
BITMAP
EF80
A880
E880
AF80
A900
EF80
A900
A880
EE80
ENDCHAR
STARTCHAR u7726.zh_hant
ENCODING 30502
SWIDTH 1000 0
DWIDTH 10 0
BBX 9 9 0 -1
BITMAP
EA00
AA00
EA80
AF00
AA00
EA00
AA80
AE80
F380
ENDCHAR
STARTCHAR u7728.zh_hant
ENCODING 30504
SWIDTH 1000 0
DWIDTH 10 0
BBX 9 9 0 -1
BITMAP
E080
AF00
E200
AF80
A080
E100
AA00
AC00
F380
ENDCHAR
STARTCHAR u7729.zh_hant
ENCODING 30505
SWIDTH 1000 0
DWIDTH 10 0
BBX 9 9 0 -1
BITMAP
E200
BF80
E400
A880
A500
E200
A480
A880
EF80
ENDCHAR
STARTCHAR u772D.zh_hant
ENCODING 30509
SWIDTH 1000 0
DWIDTH 10 0
BBX 9 9 0 -1
BITMAP
E200
AF80
E200
AF80
A000
E200
AF80
A200
EF80
ENDCHAR
STARTCHAR u772F.zh_hant
ENCODING 30511
SWIDTH 1000 0
DWIDTH 10 0
BBX 9 9 0 -1
BITMAP
E480
B500
E400
BF80
A400
ED00
B480
A480
E400
ENDCHAR
STARTCHAR u7736.zh_hant
ENCODING 30518
SWIDTH 1000 0
DWIDTH 10 0
BBX 9 9 0 -1
BITMAP
EF80
A800
EF80
A900
AB80
E900
AF80
A800
EF80
ENDCHAR
STARTCHAR u7737.zh_hant
ENCODING 30519
SWIDTH 1000 0
DWIDTH 10 0
BBX 9 9 0 -1
BITMAP
4900
BE80
1400
FF80
2200
7F00
A280
2200
3E00
ENDCHAR
STARTCHAR u7738.zh_hant
ENCODING 30520
SWIDTH 1000 0
DWIDTH 10 0
BBX 9 9 0 -1
BITMAP
E400
A880
FF80
A280
AA00
EF80
B200
AF80
E200
ENDCHAR
STARTCHAR u773A.zh_hant
ENCODING 30522
SWIDTH 1000 0
DWIDTH 10 0
BBX 9 9 0 -1
BITMAP
EA00
BA80
EB00
AA00
BB00
EA80
AA00
AA80
F380
ENDCHAR
STARTCHAR u773C.zh_hant
ENCODING 30524
SWIDTH 1000 0
DWIDTH 10 0
BBX 9 9 0 -1
BITMAP
EF80
A880
EF80
A880
AF80
EA00
AA80
A900
EC80
ENDCHAR
STARTCHAR u7740.zh_hant
ENCODING 30528
SWIDTH 1000 0
DWIDTH 10 0
BBX 9 9 0 -1
BITMAP
1200
FF80
0800
7F00
1000
FF80
2900
E500
3F00
ENDCHAR
STARTCHAR u7741.zh_hant
ENCODING 30529
SWIDTH 1000 0
DWIDTH 10 0
BBX 9 9 0 -1
BITMAP
E700
A900
FF80
A280
BF80
E280
BF80
A200
E600
ENDCHAR
STARTCHAR u7747.zh_hant
ENCODING 30535
SWIDTH 1000 0
DWIDTH 10 0
BBX 9 9 0 -1
BITMAP
E900
AA00
FF80
A480
BF80
E400
BF80
AC80
F580
ENDCHAR
STARTCHAR u7750.zh_hant
ENCODING 30544
SWIDTH 1000 0
DWIDTH 10 0
BBX 9 9 0 -1
BITMAP
0400
FF80
A400
F500
A600
FF80
A400
D500
2480
ENDCHAR
STARTCHAR u7751.zh_hant
ENCODING 30545
SWIDTH 1000 0
DWIDTH 10 0
BBX 9 9 0 -1
BITMAP
0600
E900
B080
EF00
A000
EA80
AA80
E100
1F80
ENDCHAR
STARTCHAR u775A.zh_hant
ENCODING 30554
SWIDTH 1000 0
DWIDTH 10 0
BBX 9 9 0 -1
BITMAP
EF80
A900
EB80
A900
AF80
E900
AB80
A100
EF80
ENDCHAR
STARTCHAR u775B.zh_hant
ENCODING 30555
SWIDTH 1000 0
DWIDTH 10 0
BBX 9 9 0 -1
BITMAP
E200
BF80
E200
AF80
A200
FF80
A880
AF80
E880
ENDCHAR
STARTCHAR u7761.zh_hant
ENCODING 30561
SWIDTH 1000 0
DWIDTH 10 0
BBX 9 9 0 -1
BITMAP
FF80
A200
FF80
AA80
BF80
EA80
BF80
A200
FF80
ENDCHAR
STARTCHAR u7762.zh_hant
ENCODING 30562
SWIDTH 1000 0
DWIDTH 10 0
BBX 9 9 0 -1
BITMAP
E500
AF80
F900
AF80
A900
EF80
A900
A900
EF80
ENDCHAR
STARTCHAR u7763.zh_hant
ENCODING 30563
SWIDTH 1000 0
DWIDTH 10 0
BBX 9 9 0 -1
BITMAP
3780
2080
FA80
A100
7F80
4100
7F00
4100
7F00
ENDCHAR
STARTCHAR u7765.zh_hant
ENCODING 30565
SWIDTH 1000 0
DWIDTH 10 0
BBX 9 9 0 -1
BITMAP
E400
AF80
EA80
AF80
AA80
EF80
AA00
BF80
E200
ENDCHAR
STARTCHAR u7766.zh_hant
ENCODING 30566
SWIDTH 1000 0
DWIDTH 10 0
BBX 9 9 0 -1
BITMAP
E200
BF80
E200
BF80
A900
F280
AF00
A200
FF80
ENDCHAR
STARTCHAR u7768.zh_hant
ENCODING 30568
SWIDTH 1000 0
DWIDTH 10 0
BBX 9 9 0 -1
BITMAP
E400
A980
E880
AD80
A880
EF80
A600
AA80
F380
ENDCHAR
STARTCHAR u776B.zh_hant
ENCODING 30571
SWIDTH 1000 0
DWIDTH 10 0
BBX 9 9 0 -1
BITMAP
E200
BF80
E280
BF80
A280
EA00
AB80
AE00
F180
ENDCHAR
STARTCHAR u776C.zh_hant
ENCODING 30572
SWIDTH 1000 0
DWIDTH 10 0
BBX 9 9 0 -1
BITMAP
FF80
A880
E500
B000
A200
FF80
A600
AA80
F280
ENDCHAR
STARTCHAR u7779.zh_hant
ENCODING 30585
SWIDTH 1000 0
DWIDTH 10 0
BBX 9 9 0 -1
BITMAP
E400
AF80
E480
A500
BF80
E880
AF80
B880
EF80
ENDCHAR
STARTCHAR u777D.zh_hant
ENCODING 30589
SWIDTH 1000 0
DWIDTH 10 0
BBX 9 9 0 -1
BITMAP
FD00
A580
F700
A880
BF80
E200
BF80
A500
F880
ENDCHAR
STARTCHAR u777E.zh_hant
ENCODING 30590
SWIDTH 1000 0
DWIDTH 10 0
BBX 9 9 0 -1
BITMAP
1000
7F00
5500
FF80
2200
FF80
0800
FF80
0800
ENDCHAR
STARTCHAR u777F.zh_hant
ENCODING 30591
SWIDTH 1000 0
DWIDTH 10 0
BBX 9 9 0 -1
BITMAP
0E00
FF80
9C80
4100
9C80
2200
7F00
A280
3E00
ENDCHAR
STARTCHAR u7784.zh_hant
ENCODING 30596
SWIDTH 1000 0
DWIDTH 10 0
BBX 9 9 0 -1
BITMAP
E900
BF80
E900
BF80
A480
FF80
A480
A480
FF80
ENDCHAR
STARTCHAR u7785.zh_hant
ENCODING 30597
SWIDTH 1000 0
DWIDTH 10 0
BBX 9 9 0 -1
BITMAP
E500
B900
ED80
BB00
A900
ED00
BA80
AA80
EA80
ENDCHAR
STARTCHAR u778C.zh_hant
ENCODING 30604
SWIDTH 1000 0
DWIDTH 10 0
BBX 9 9 0 -1
BITMAP
E200
BF80
E200
BF80
A400
E880
BF80
AA80
FF80
ENDCHAR
STARTCHAR u778D.zh_hant
ENCODING 30605
SWIDTH 1000 0
DWIDTH 10 0
BBX 9 9 0 -1
BITMAP
E200
BB80
E280
BB80
A280
FF80
A900
A600
F980
ENDCHAR
STARTCHAR u778E.zh_hant
ENCODING 30606
SWIDTH 1000 0
DWIDTH 10 0
BBX 9 9 0 -1
BITMAP
E200
BF80
E280
AF80
A200
FF80
A880
A880
EF80
ENDCHAR
STARTCHAR u7791.zh_hant
ENCODING 30609
SWIDTH 1000 0
DWIDTH 10 0
BBX 9 9 0 -1
BITMAP
FF80
A080
EF80
A880
AF80
E880
BF80
A500
E880
ENDCHAR
STARTCHAR u7792.zh_hant
ENCODING 30610
SWIDTH 1000 0
DWIDTH 10 0
BBX 9 9 0 -1
BITMAP
0900
FF80
A900
FF80
AA00
FF80
AA80
F580
2080
ENDCHAR
STARTCHAR u779F.zh_hant
ENCODING 30623
SWIDTH 1000 0
DWIDTH 10 0
BBX 9 9 0 -1
BITMAP
FF80
A500
FF80
AA80
BF80
E000
BF80
AA00
F280
ENDCHAR
STARTCHAR u77A0.zh_hant
ENCODING 30624
SWIDTH 1000 0
DWIDTH 10 0
BBX 9 9 0 -1
BITMAP
EA80
BF80
E880
AF00
A200
EF80
A200
A200
FF80
ENDCHAR
STARTCHAR u77A5.zh_hant
ENCODING 30629
SWIDTH 1000 0
DWIDTH 10 0
BBX 9 9 0 -1
BITMAP
B400
2780
FA80
AA80
FF00
4180
7F00
4100
7F00
ENDCHAR
STARTCHAR u77A7.zh_hant
ENCODING 30631
SWIDTH 1000 0
DWIDTH 10 0
BBX 9 9 0 -1
BITMAP
E500
AF80
F900
AF80
A900
EF80
A000
AA80
EA80
ENDCHAR
STARTCHAR u77A9.zh_hant
ENCODING 30633
SWIDTH 1000 0
DWIDTH 10 0
BBX 9 9 0 -1
BITMAP
3F80
E080
BF80
E500
BF00
E400
BF80
E480
2680
ENDCHAR
STARTCHAR u77AA.zh_hant
ENCODING 30634
SWIDTH 1000 0
DWIDTH 10 0
BBX 9 9 0 -1
BITMAP
FD00
A580
F700
A880
BF80
E880
AF80
A500
FF80
ENDCHAR
STARTCHAR u77AC.zh_hant
ENCODING 30636
SWIDTH 1000 0
DWIDTH 10 0
BBX 9 9 0 -1
BITMAP
FF80
AA80
E100
BF80
AC80
F780
AD00
A780
F900
ENDCHAR
STARTCHAR u77B0.zh_hant
ENCODING 30640
SWIDTH 1000 0
DWIDTH 10 0
BBX 9 9 0 -1
BITMAP
FE00
AB80
FE80
A480
BC80
E500
BD00
A680
E480
ENDCHAR
STARTCHAR u77B3.zh_hant
ENCODING 30643
SWIDTH 1000 0
DWIDTH 10 0
BBX 9 9 0 -1
BITMAP
E200
BF80
E900
A900
BF80
EA80
AF80
A200
FF80
ENDCHAR
STARTCHAR u77BB.zh_hant
ENCODING 30651
SWIDTH 1000 0
DWIDTH 10 0
BBX 9 9 0 -1
BITMAP
E700
A900
FF80
A900
B780
E000
AF80
A880
EF80
ENDCHAR
STARTCHAR u77BD.zh_hant
ENCODING 30653
SWIDTH 1000 0
DWIDTH 10 0
BBX 9 9 0 -1
BITMAP
2200
F780
2200
FF80
9480
4300
FC80
4100
7F00
ENDCHAR
STARTCHAR u77BF.zh_hant
ENCODING 30655
SWIDTH 1000 0
DWIDTH 10 0
BBX 9 9 0 -1
BITMAP
F780
9480
F780
9480
FF80
4400
FF80
4400
7F80
ENDCHAR
STARTCHAR u77CD.zh_hant
ENCODING 30669
SWIDTH 1000 0
DWIDTH 10 0
BBX 9 9 0 -1
BITMAP
F780
9480
FF80
4400
FF80
4400
F380
1C00
E380
ENDCHAR
STARTCHAR u77D7.zh_hant
ENCODING 30679
SWIDTH 1000 0
DWIDTH 10 0
BBX 9 9 0 -1
BITMAP
0400
FF80
0400
5F00
5100
FF80
2A80
AA80
FF80
ENDCHAR
STARTCHAR u77DB.zh_hant
ENCODING 30683
SWIDTH 1000 0
DWIDTH 10 0
BBX 9 9 0 -1
BITMAP
7E00
0400
0800
FF80
0880
1900
2A00
C800
1800
ENDCHAR
STARTCHAR u77DC.zh_hant
ENCODING 30684
SWIDTH 1000 0
DWIDTH 10 0
BBX 9 9 0 -1
BITMAP
F700
1880
2000
EF80
3000
6F80
A080
2100
6600
ENDCHAR
STARTCHAR u77E2.zh_hant
ENCODING 30690
SWIDTH 1000 0
DWIDTH 10 0
BBX 9 9 0 -1
BITMAP
2000
3F00
4800
8800
FF80
0800
1400
2200
C180
ENDCHAR
STARTCHAR u77E3.zh_hant
ENCODING 30691
SWIDTH 1000 0
DWIDTH 10 0
BBX 9 9 0 -1
BITMAP
1000
2100
FF80
4000
7F80
8800
FF80
2200
C180
ENDCHAR
STARTCHAR u77E5.zh_hant
ENCODING 30693
SWIDTH 1000 0
DWIDTH 10 0
BBX 9 9 0 -1
BITMAP
4000
7F80
A480
A480
FC80
2480
2480
5480
8F80
ENDCHAR
STARTCHAR u77E7.zh_hant
ENCODING 30695
SWIDTH 1000 0
DWIDTH 10 0
BBX 9 9 0 -1
BITMAP
8E80
F280
AE80
2880
F880
2E80
2280
5280
8C80
ENDCHAR
STARTCHAR u77E9.zh_hant
ENCODING 30697
SWIDTH 1000 0
DWIDTH 10 0
BBX 9 9 0 -1
BITMAP
8F80
F800
AF80
2880
F880
2F80
2800
5800
8F80
ENDCHAR
STARTCHAR u77EB.zh_hant
ENCODING 30699
SWIDTH 1000 0
DWIDTH 10 0
BBX 9 9 0 -1
BITMAP
8F80
E200
5F80
E500
4880
5500
A500
8900
0900
ENDCHAR
STARTCHAR u77EC.zh_hant
ENCODING 30700
SWIDTH 1000 0
DWIDTH 10 0
BBX 9 9 0 -1
BITMAP
8200
FA80
AA80
2A80
F700
2200
2F80
5200
8F80
ENDCHAR
STARTCHAR u77ED.zh_hant
ENCODING 30701
SWIDTH 1000 0
DWIDTH 10 0
BBX 9 9 0 -1
BITMAP
8F80
F000
AF80
2880
F880
2F80
2500
5500
8F80
ENDCHAR
STARTCHAR u77EE.zh_hant
ENCODING 30702
SWIDTH 1000 0
DWIDTH 10 0
BBX 9 9 0 -1
BITMAP
9F80
E200
BF80
2A80
F200
2F80
2480
5700
9880
ENDCHAR
STARTCHAR u77F3.zh_hant
ENCODING 30707
SWIDTH 1000 0
DWIDTH 10 0
BBX 9 9 0 -1
BITMAP
FF80
0800
0800
1000
3F00
6100
A100
2100
3F00
ENDCHAR
STARTCHAR u77F6.zh_hant
ENCODING 30710
SWIDTH 1000 0
DWIDTH 10 0
BBX 9 9 0 -1
BITMAP
EF00
4900
4900
8900
E900
A900
A900
B100
E180
ENDCHAR
STARTCHAR u77F8.zh_hant
ENCODING 30712
SWIDTH 1000 0
DWIDTH 10 0
BBX 9 9 0 -1
BITMAP
EF80
4200
4200
8200
EF80
A200
A200
A200
E200
ENDCHAR
STARTCHAR u77FD.zh_hant
ENCODING 30717
SWIDTH 1000 0
DWIDTH 10 0
BBX 9 9 0 -1
BITMAP
E400
4780
4880
9480
E280
A100
A100
A200
EC00
ENDCHAR
STARTCHAR u77FE.zh_hant
ENCODING 30718
SWIDTH 1000 0
DWIDTH 10 0
BBX 9 9 0 -1
BITMAP
EF00
4900
4900
8D00
EB00
A900
A900
B100
E180
ENDCHAR
STARTCHAR u77FF
ENCODING 30719
SWIDTH 1000 0
DWIDTH 10 0
BBX 9 9 0 -1
BITMAP
E200
4F80
8800
E800
A800
A800
A800
E800
1000
ENDCHAR
STARTCHAR u7801
ENCODING 30721
SWIDTH 1000 0
DWIDTH 10 0
BBX 9 9 0 -1
BITMAP
EF00
4100
8900
E900
AF80
A080
BE80
E080
0300
ENDCHAR
STARTCHAR u7802.zh_hant
ENCODING 30722
SWIDTH 1000 0
DWIDTH 10 0
BBX 9 9 0 -1
BITMAP
E400
4400
5500
9480
E400
AC00
A080
A300
FC00
ENDCHAR
STARTCHAR u780C.zh_hant
ENCODING 30732
SWIDTH 1000 0
DWIDTH 10 0
BBX 9 9 0 -1
BITMAP
EF80
4A80
4A80
9E80
EA80
AA80
AA80
AC80
E300
ENDCHAR
STARTCHAR u780D.zh_hant
ENCODING 30733
SWIDTH 1000 0
DWIDTH 10 0
BBX 9 9 0 -1
BITMAP
E800
4F80
4880
9280
E200
A200
A200
A500
E880
ENDCHAR
STARTCHAR u7812.zh_hant
ENCODING 30738
SWIDTH 1000 0
DWIDTH 10 0
BBX 9 9 0 -1
BITMAP
EA00
4A00
4A80
8F00
EA00
AA00
AA80
AE80
FB80
ENDCHAR
STARTCHAR u7814.zh_hant
ENCODING 30740
SWIDTH 1000 0
DWIDTH 10 0
BBX 9 9 0 -1
BITMAP
FF80
4900
4900
8900
FF80
A900
A900
A900
F100
ENDCHAR
STARTCHAR u7816.zh_hant
ENCODING 30742
SWIDTH 1000 0
DWIDTH 10 0
BBX 9 9 0 -1
BITMAP
0200
EF80
4200
4F80
7200
D780
5080
5480
7300
ENDCHAR
STARTCHAR u7817.zh_hant
ENCODING 30743
SWIDTH 1000 0
DWIDTH 10 0
BBX 9 9 0 -1
BITMAP
E200
4F80
4400
8A00
EF80
A200
AF80
A200
E200
ENDCHAR
STARTCHAR u781A.zh_hant
ENCODING 30746
SWIDTH 1000 0
DWIDTH 10 0
BBX 9 9 0 -1
BITMAP
EF80
4880
4A80
8A80
EA80
AA80
A600
AA80
F180
ENDCHAR
STARTCHAR u781D.zh_hant
ENCODING 30749
SWIDTH 1000 0
DWIDTH 10 0
BBX 9 9 0 -1
BITMAP
E200
4F80
4200
8200
EF80
A200
A400
A880
EF80
ENDCHAR
STARTCHAR u781F.zh_hant
ENCODING 30751
SWIDTH 1000 0
DWIDTH 10 0
BBX 9 9 0 -1
BITMAP
E800
4F80
5400
8780
E400
A780
A400
A400
E400
ENDCHAR
STARTCHAR u7823.zh_hant
ENCODING 30755
SWIDTH 1000 0
DWIDTH 10 0
BBX 9 9 0 -1
BITMAP
E200
5F80
5080
8800
E900
AE00
A800
A880
E780
ENDCHAR
STARTCHAR u7825.zh_hant
ENCODING 30757
SWIDTH 1000 0
DWIDTH 10 0
BBX 9 9 0 -1
BITMAP
EF80
4900
4900
8F80
E900
A880
AC80
A000
EF80
ENDCHAR
STARTCHAR u7826.zh_hant
ENCODING 30758
SWIDTH 1000 0
DWIDTH 10 0
BBX 9 9 0 -1
BITMAP
2400
B780
A400
BC80
E780
0000
FF80
6100
BF00
ENDCHAR
STARTCHAR u7827.zh_hant
ENCODING 30759
SWIDTH 1000 0
DWIDTH 10 0
BBX 9 9 0 -1
BITMAP
E400
4780
4400
8400
EF80
A880
A880
A880
EF80
ENDCHAR
STARTCHAR u782D.zh_hant
ENCODING 30765
SWIDTH 1000 0
DWIDTH 10 0
BBX 9 9 0 -1
BITMAP
E180
4E00
4200
8F80
E080
A100
AA00
AC00
F380
ENDCHAR
STARTCHAR u7830.zh_hant
ENCODING 30768
SWIDTH 1000 0
DWIDTH 10 0
BBX 9 9 0 -1
BITMAP
EF80
4200
4A80
8B00
E200
BF80
A200
A200
E200
ENDCHAR
STARTCHAR u7834.zh_hant
ENCODING 30772
SWIDTH 1000 0
DWIDTH 10 0
BBX 9 9 0 -1
BITMAP
E200
5F80
5280
9200
FF80
A480
A500
A300
EC80
ENDCHAR
STARTCHAR u7837.zh_hant
ENCODING 30775
SWIDTH 1000 0
DWIDTH 10 0
BBX 9 9 0 -1
BITMAP
E200
4F80
4A80
8F80
EA80
AA80
AF80
A200
E200
ENDCHAR
STARTCHAR u7838.zh_hant
ENCODING 30776
SWIDTH 1000 0
DWIDTH 10 0
BBX 9 9 0 -1
BITMAP
EF80
4A00
4F80
8A80
EA80
AA80
AA80
AA00
EF80
ENDCHAR
STARTCHAR u7839.zh_hant
ENCODING 30777
SWIDTH 1000 0
DWIDTH 10 0
BBX 9 9 0 -1
BITMAP
E900
5F80
4900
8000
E900
A500
A200
A500
F880
ENDCHAR
STARTCHAR u783A.zh_hant
ENCODING 30778
SWIDTH 1000 0
DWIDTH 10 0
BBX 9 9 0 -1
BITMAP
FF80
4800
4F80
8A00
F200
A780
A480
A880
EB00
ENDCHAR
STARTCHAR u783E.zh_hant
ENCODING 30782
SWIDTH 1000 0
DWIDTH 10 0
BBX 9 9 0 -1
BITMAP
EF80
4A00
4A00
8A00
EF80
A200
AB00
B280
E600
ENDCHAR
STARTCHAR u7840.zh_hant
ENCODING 30784
SWIDTH 1000 0
DWIDTH 10 0
BBX 9 9 0 -1
BITMAP
E200
4A80
4A80
8F80
E200
AA80
AA80
AA80
EF80
ENDCHAR
STARTCHAR u7845.zh_hant
ENCODING 30789
SWIDTH 1000 0
DWIDTH 10 0
BBX 9 9 0 -1
BITMAP
E200
4F80
4200
9F80
E200
AF80
A200
A200
FF80
ENDCHAR
STARTCHAR u784C.zh_hant
ENCODING 30796
SWIDTH 1000 0
DWIDTH 10 0
BBX 9 9 0 -1
BITMAP
EF80
4880
5500
8300
E480
AF80
B880
A880
EF80
ENDCHAR
STARTCHAR u784E.zh_hant
ENCODING 30798
SWIDTH 1000 0
DWIDTH 10 0
BBX 9 9 0 -1
BITMAP
DE80
4A80
4A80
8A80
FF80
AA80
AA80
AA80
F280
ENDCHAR
STARTCHAR u7850.zh_hant
ENCODING 30800
SWIDTH 1000 0
DWIDTH 10 0
BBX 9 9 0 -1
BITMAP
EF80
4880
4F80
8880
EE80
AA80
AA80
AE80
E880
ENDCHAR
STARTCHAR u7852.zh_hant
ENCODING 30802
SWIDTH 1000 0
DWIDTH 10 0
BBX 9 9 0 -1
BITMAP
EF80
4500
4F80
8A80
EA80
AD80
A880
A880
EF80
ENDCHAR
STARTCHAR u7855.zh_hant
ENCODING 30805
SWIDTH 1000 0
DWIDTH 10 0
BBX 9 9 0 -1
BITMAP
EF80
4400
4F80
8880
EA80
AA80
AA80
A500
E880
ENDCHAR
STARTCHAR u785D.zh_hant
ENCODING 30813
SWIDTH 1000 0
DWIDTH 10 0
BBX 9 9 0 -1
BITMAP
E200
4A80
4B00
8200
EF80
A880
AF80
A880
E980
ENDCHAR
STARTCHAR u786A
ENCODING 30826
SWIDTH 1000 0
DWIDTH 10 0
BBX 9 9 0 -1
BITMAP
E700
5A80
8A00
FF80
AA00
AA80
BD00
E900
1A80
ENDCHAR
STARTCHAR u786B.zh_hant
ENCODING 30827
SWIDTH 1000 0
DWIDTH 10 0
BBX 9 9 0 -1
BITMAP
E200
5F80
4400
8880
FF80
A000
AA80
AA80
F280
ENDCHAR
STARTCHAR u786C
ENCODING 30828
SWIDTH 1000 0
DWIDTH 10 0
BBX 9 9 0 -1
BITMAP
EF80
4200
8F80
EA80
AF80
AA80
AF80
E400
1B80
ENDCHAR
STARTCHAR u786E
ENCODING 30830
SWIDTH 1000 0
DWIDTH 10 0
BBX 9 9 0 -1
BITMAP
E700
5900
4F80
8A80
EF80
AA80
AF80
AA80
F280
ENDCHAR
STARTCHAR u7877.zh_hant
ENCODING 30839
SWIDTH 1000 0
DWIDTH 10 0
BBX 9 9 0 -1
BITMAP
E600
4900
5080
8F00
E000
AA80
AA80
A100
FF80
ENDCHAR
STARTCHAR u787C.zh_hant
ENCODING 30844
SWIDTH 1000 0
DWIDTH 10 0
BBX 9 9 0 -1
BITMAP
FB80
4A80
5B80
8A80
EA80
BB80
AA80
AA80
EA80
ENDCHAR
STARTCHAR u7887.zh_hant
ENCODING 30855
SWIDTH 1000 0
DWIDTH 10 0
BBX 9 9 0 -1
BITMAP
E200
5F80
5080
8F80
E200
AB80
AA00
AE00
F180
ENDCHAR
STARTCHAR u7889.zh_hant
ENCODING 30857
SWIDTH 1000 0
DWIDTH 10 0
BBX 9 9 0 -1
BITMAP
FF80
5480
5F80
9480
EF80
A480
AE80
AA80
EE80
ENDCHAR
STARTCHAR u788C.zh_hant
ENCODING 30860
SWIDTH 1000 0
DWIDTH 10 0
BBX 9 9 0 -1
BITMAP
F780
4480
4F80
8100
FF80
AA80
A700
AA80
F680
ENDCHAR
STARTCHAR u788D.zh_hant
ENCODING 30861
SWIDTH 1000 0
DWIDTH 10 0
BBX 9 9 0 -1
BITMAP
EF00
4900
4F00
8900
EF80
A100
BF80
A900
E300
ENDCHAR
STARTCHAR u788E.zh_hant
ENCODING 30862
SWIDTH 1000 0
DWIDTH 10 0
BBX 9 9 0 -1
BITMAP
E200
5F80
4900
8900
F680
A200
BF80
A200
E200
ENDCHAR
STARTCHAR u7891.zh_hant
ENCODING 30865
SWIDTH 1000 0
DWIDTH 10 0
BBX 9 9 0 -1
BITMAP
E400
5F80
5280
9F80
F280
BF80
A900
BF80
E100
ENDCHAR
STARTCHAR u7893.zh_hant
ENCODING 30867
SWIDTH 1000 0
DWIDTH 10 0
BBX 9 9 0 -1
BITMAP
E500
4F80
4900
9F80
E900
AF80
A900
A900
EF80
ENDCHAR
STARTCHAR u7897.zh_hant
ENCODING 30871
SWIDTH 1000 0
DWIDTH 10 0
BBX 9 9 0 -1
BITMAP
E400
5F80
5080
9B80
EA80
BA80
AB80
AA00
F380
ENDCHAR
STARTCHAR u7898.zh_hant
ENCODING 30872
SWIDTH 1000 0
DWIDTH 10 0
BBX 9 9 0 -1
BITMAP
EA00
5F80
4A80
9F80
EA80
BF80
A000
A900
F080
ENDCHAR
STARTCHAR u789A.zh_hant
ENCODING 30874
SWIDTH 1000 0
DWIDTH 10 0
BBX 9 9 0 -1
BITMAP
E200
5F80
4900
8900
FF80
A000
AF80
A880
EF80
ENDCHAR
STARTCHAR u789B
ENCODING 30875
SWIDTH 1000 0
DWIDTH 10 0
BBX 9 9 0 -1
BITMAP
E200
4F80
8200
EF80
A200
BF80
A880
E200
1D80
ENDCHAR
STARTCHAR u789C.zh_hant
ENCODING 30876
SWIDTH 1000 0
DWIDTH 10 0
BBX 9 9 0 -1
BITMAP
E900
5F80
4400
9F80
E900
B280
AC00
A180
EE00
ENDCHAR
STARTCHAR u789F.zh_hant
ENCODING 30879
SWIDTH 1000 0
DWIDTH 10 0
BBX 9 9 0 -1
BITMAP
EA80
5F80
4A80
8B80
E800
AF80
A600
AA80
F280
ENDCHAR
STARTCHAR u78A3.zh_hant
ENCODING 30883
SWIDTH 1000 0
DWIDTH 10 0
BBX 9 9 0 -1
BITMAP
EF00
4900
4F00
8900
FF80
A880
AA80
AC80
E300
ENDCHAR
STARTCHAR u78A7.zh_hant
ENCODING 30887
SWIDTH 1000 0
DWIDTH 10 0
BBX 9 9 0 -1
BITMAP
F400
4F80
F880
4F80
F880
0880
FF80
6100
BF00
ENDCHAR
STARTCHAR u78B0.zh_hant
ENCODING 30896
SWIDTH 1000 0
DWIDTH 10 0
BBX 9 9 0 -1
BITMAP
E900
5F80
4A00
8A80
EB00
BA00
AA00
AA00
FF80
ENDCHAR
STARTCHAR u78B1.zh_hant
ENCODING 30897
SWIDTH 1000 0
DWIDTH 10 0
BBX 9 9 0 -1
BITMAP
E280
5F80
5200
9E80
E280
BD00
A500
BE80
E280
ENDCHAR
STARTCHAR u78B2.zh_hant
ENCODING 30898
SWIDTH 1000 0
DWIDTH 10 0
BBX 9 9 0 -1
BITMAP
E200
5F80
4900
8900
FF80
A280
AF80
AA80
EA80
ENDCHAR
STARTCHAR u78B3.zh_hant
ENCODING 30899
SWIDTH 1000 0
DWIDTH 10 0
BBX 9 9 0 -1
BITMAP
EA80
4F80
4000
8F80
EA00
AE80
AB00
EA00
1580
ENDCHAR
STARTCHAR u78B4.zh_hant
ENCODING 30900
SWIDTH 1000 0
DWIDTH 10 0
BBX 9 9 0 -1
BITMAP
E200
5F80
4B00
9280
EF80
A880
AF80
A880
FF80
ENDCHAR
STARTCHAR u78BE.zh_hant
ENCODING 30910
SWIDTH 1000 0
DWIDTH 10 0
BBX 9 9 0 -1
BITMAP
FF80
5080
5F80
9500
FF80
A500
BF80
A900
EC80
ENDCHAR
STARTCHAR u78C1.zh_hant
ENCODING 30913
SWIDTH 1000 0
DWIDTH 10 0
BBX 9 9 0 -1
BITMAP
E880
4900
5F80
8480
E900
AF80
A480
A900
FF80
ENDCHAR
STARTCHAR u78C5.zh_hant
ENCODING 30917
SWIDTH 1000 0
DWIDTH 10 0
BBX 9 9 0 -1
BITMAP
E400
5F80
4900
8900
FF80
A480
BF80
A880
F300
ENDCHAR
STARTCHAR u78CA.zh_hant
ENCODING 30922
SWIDTH 1000 0
DWIDTH 10 0
BBX 9 9 0 -1
BITMAP
FF80
1000
3F00
E100
2100
FF80
5280
D680
7380
ENDCHAR
STARTCHAR u78CB.zh_hant
ENCODING 30923
SWIDTH 1000 0
DWIDTH 10 0
BBX 9 9 0 -1
BITMAP
E900
5F80
4200
8F80
E200
BF80
A500
A900
F780
ENDCHAR
STARTCHAR u78D0.zh_hant
ENCODING 30928
SWIDTH 1000 0
DWIDTH 10 0
BBX 9 9 0 -1
BITMAP
4780
F480
DF80
9480
FB00
9480
FF80
6100
BF00
ENDCHAR
STARTCHAR u78D4.zh_hant
ENCODING 30932
SWIDTH 1000 0
DWIDTH 10 0
BBX 9 9 0 -1
BITMAP
FD00
5780
5D00
9780
E500
AA00
BF80
AA00
F280
ENDCHAR
STARTCHAR u78D5.zh_hant
ENCODING 30933
SWIDTH 1000 0
DWIDTH 10 0
BBX 9 9 0 -1
BITMAP
E200
5F80
4200
9F80
E400
A880
BF80
AA80
FF80
ENDCHAR
STARTCHAR u78D9.zh_hant
ENCODING 30937
SWIDTH 1000 0
DWIDTH 10 0
BBX 9 9 0 -1
BITMAP
E400
5F80
4900
9480
EF00
A480
AA80
B900
EC80
ENDCHAR
STARTCHAR u78E8.zh_hant
ENCODING 30952
SWIDTH 1000 0
DWIDTH 10 0
BBX 9 9 0 -1
BITMAP
0400
FF80
9100
FF80
B500
DA80
3F80
6080
BF80
ENDCHAR
STARTCHAR u78EC.zh_hant
ENCODING 30956
SWIDTH 1000 0
DWIDTH 10 0
BBX 9 9 0 -1
BITMAP
FF80
2480
FF80
AA80
FB00
8480
FF80
6100
BF00
ENDCHAR
STARTCHAR u78F4.zh_hant
ENCODING 30964
SWIDTH 1000 0
DWIDTH 10 0
BBX 9 9 0 -1
BITMAP
ED00
4580
5700
8880
EF80
B880
AF80
A500
FF80
ENDCHAR
STARTCHAR u78F7.zh_hant
ENCODING 30967
SWIDTH 1000 0
DWIDTH 10 0
BBX 9 9 0 -1
BITMAP
EA80
4B00
5F80
8200
EE80
AB80
BA80
A780
F880
ENDCHAR
STARTCHAR u78FA.zh_hant
ENCODING 30970
SWIDTH 1000 0
DWIDTH 10 0
BBX 9 9 0 -1
BITMAP
E500
4F80
4500
8F80
EA80
AF80
AA80
AF80
E500
ENDCHAR
STARTCHAR u7901.zh_hant
ENCODING 30977
SWIDTH 1000 0
DWIDTH 10 0
BBX 9 9 0 -1
BITMAP
E500
4F80
5900
8F80
E900
AF80
A000
AA80
EA80
ENDCHAR
STARTCHAR u7924.zh_hant
ENCODING 31012
SWIDTH 1000 0
DWIDTH 10 0
BBX 9 9 0 -1
BITMAP
E900
5F80
5500
8980
F700
A080
BF80
A200
F680
ENDCHAR
STARTCHAR u7934.zh_hant
ENCODING 31028
SWIDTH 1000 0
DWIDTH 10 0
BBX 9 9 0 -1
BITMAP
E500
5F80
4500
9F80
EA80
BA80
AF80
A880
F580
ENDCHAR
STARTCHAR u793A.zh_hant
ENCODING 31034
SWIDTH 1000 0
DWIDTH 10 0
BBX 9 9 0 -1
BITMAP
7F00
0000
0000
FF80
0800
0800
4900
8880
1800
ENDCHAR
STARTCHAR u793C.zh_hant
ENCODING 31036
SWIDTH 1000 0
DWIDTH 10 0
BBX 9 9 0 -1
BITMAP
2200
2200
FA00
1200
2200
7200
AA80
2280
2380
ENDCHAR
STARTCHAR u793E
ENCODING 31038
SWIDTH 1000 0
DWIDTH 10 0
BBX 9 9 0 -1
BITMAP
4200
E200
2200
4F80
6200
D200
4200
4200
5F80
ENDCHAR
STARTCHAR u7940.zh_hant
ENCODING 31040
SWIDTH 1000 0
DWIDTH 10 0
BBX 9 9 0 -1
BITMAP
2780
2480
F480
1480
2780
7400
AC00
2480
2780
ENDCHAR
STARTCHAR u7941.zh_hant
ENCODING 31041
SWIDTH 1000 0
DWIDTH 10 0
BBX 9 9 0 -1
BITMAP
4780
F480
1500
2600
4500
C480
6480
5700
4400
ENDCHAR
STARTCHAR u7946.zh_hant
ENCODING 31046
SWIDTH 1000 0
DWIDTH 10 0
BBX 9 9 0 -1
BITMAP
2080
2700
F200
1200
2F80
6200
B500
2500
2880
ENDCHAR
STARTCHAR u7948.zh_hant
ENCODING 31048
SWIDTH 1000 0
DWIDTH 10 0
BBX 9 9 0 -1
BITMAP
2180
2600
FC00
1780
2480
6480
B480
2880
2880
ENDCHAR
STARTCHAR u7949.zh_hant
ENCODING 31049
SWIDTH 1000 0
DWIDTH 10 0
BBX 9 9 0 -1
BITMAP
4200
4200
F200
1B80
2A00
4A00
CA00
6A00
5F80
ENDCHAR
STARTCHAR u7953.zh_hant
ENCODING 31059
SWIDTH 1000 0
DWIDTH 10 0
BBX 9 9 0 -1
BITMAP
F280
0280
0F80
F200
2280
A500
A900
B280
2480
ENDCHAR
STARTCHAR u7956.zh_hant
ENCODING 31062
SWIDTH 1000 0
DWIDTH 10 0
BBX 9 9 0 -1
BITMAP
4F80
4880
EF80
2880
2880
4F80
E880
4880
5F80
ENDCHAR
STARTCHAR u7957.zh_hant
ENCODING 31063
SWIDTH 1000 0
DWIDTH 10 0
BBX 9 9 0 -1
BITMAP
4F80
4900
E900
2F80
4900
E880
5C80
4000
4F80
ENDCHAR
STARTCHAR u795A.zh_hant
ENCODING 31066
SWIDTH 1000 0
DWIDTH 10 0
BBX 9 9 0 -1
BITMAP
2400
2780
FA00
1380
2200
7200
AB80
2200
2200
ENDCHAR
STARTCHAR u795B.zh_hant
ENCODING 31067
SWIDTH 1000 0
DWIDTH 10 0
BBX 9 9 0 -1
BITMAP
4200
4200
EF80
2200
4200
EF80
4400
4880
4F80
ENDCHAR
STARTCHAR u795C.zh_hant
ENCODING 31068
SWIDTH 1000 0
DWIDTH 10 0
BBX 9 9 0 -1
BITMAP
2200
2F80
F200
1200
2F80
7880
A880
2880
2F80
ENDCHAR
STARTCHAR u795D.zh_hant
ENCODING 31069
SWIDTH 1000 0
DWIDTH 10 0
BBX 9 9 0 -1
BITMAP
4F80
4880
E880
2880
2F80
4200
C600
6A80
5380
ENDCHAR
STARTCHAR u795E.zh_hant
ENCODING 31070
SWIDTH 1000 0
DWIDTH 10 0
BBX 9 9 0 -1
BITMAP
4200
5F80
F280
1F80
3280
5280
DF80
6200
4200
ENDCHAR
STARTCHAR u795F.zh_hant
ENCODING 31071
SWIDTH 1000 0
DWIDTH 10 0
BBX 9 9 0 -1
BITMAP
4900
7F00
8880
FF80
3E00
0000
FF80
4900
9880
ENDCHAR
STARTCHAR u7960.zh_hant
ENCODING 31072
SWIDTH 1000 0
DWIDTH 10 0
BBX 9 9 0 -1
BITMAP
4F80
4080
EE80
2080
4E80
EA80
5A80
4E80
4180
ENDCHAR
STARTCHAR u7962.zh_hant
ENCODING 31074
SWIDTH 1000 0
DWIDTH 10 0
BBX 9 9 0 -1
BITMAP
4400
4400
EF80
3200
2200
4B00
D280
4200
4600
ENDCHAR
STARTCHAR u7965.zh_hant
ENCODING 31077
SWIDTH 1000 0
DWIDTH 10 0
BBX 9 9 0 -1
BITMAP
4900
4A00
FF80
2200
2F80
4200
E200
5F80
4200
ENDCHAR
STARTCHAR u7968.zh_hant
ENCODING 31080
SWIDTH 1000 0
DWIDTH 10 0
BBX 9 9 0 -1
BITMAP
FF80
1400
7F00
5500
7F00
0000
FF80
4900
9880
ENDCHAR
STARTCHAR u796D.zh_hant
ENCODING 31085
SWIDTH 1000 0
DWIDTH 10 0
BBX 9 9 0 -1
BITMAP
7780
9080
5500
2200
5D00
8080
7F00
4900
9880
ENDCHAR
STARTCHAR u796F.zh_hant
ENCODING 31087
SWIDTH 1000 0
DWIDTH 10 0
BBX 9 9 0 -1
BITMAP
4200
4380
F200
1F80
2880
4A80
EA80
4500
4880
ENDCHAR
STARTCHAR u7977.zh_hant
ENCODING 31095
SWIDTH 1000 0
DWIDTH 10 0
BBX 9 9 0 -1
BITMAP
4400
5F80
E400
3F80
2500
7F80
C900
5500
4300
ENDCHAR
STARTCHAR u7978.zh_hant
ENCODING 31096
SWIDTH 1000 0
DWIDTH 10 0
BBX 9 9 0 -1
BITMAP
4F80
4880
EF80
2200
5F80
F280
5580
5880
5180
ENDCHAR
STARTCHAR u797A.zh_hant
ENCODING 31098
SWIDTH 1000 0
DWIDTH 10 0
BBX 9 9 0 -1
BITMAP
4900
5F80
E900
2F00
4900
DF80
6000
4900
5080
ENDCHAR
STARTCHAR u7980.zh_hant
ENCODING 31104
SWIDTH 1000 0
DWIDTH 10 0
BBX 9 9 0 -1
BITMAP
0800
FF80
5D00
4100
7F00
0000
FF80
4900
9880
ENDCHAR
STARTCHAR u7981.zh_hant
ENCODING 31105
SWIDTH 1000 0
DWIDTH 10 0
BBX 9 9 0 -1
BITMAP
2200
FF80
2600
6B00
BE80
0000
FF80
4900
9880
ENDCHAR
STARTCHAR u7984.zh_hant
ENCODING 31108
SWIDTH 1000 0
DWIDTH 10 0
BBX 9 9 0 -1
BITMAP
4F00
4100
EF00
2100
3F80
5280
CB00
5280
6680
ENDCHAR
STARTCHAR u7985.zh_hant
ENCODING 31109
SWIDTH 1000 0
DWIDTH 10 0
BBX 9 9 0 -1
BITMAP
5280
4900
FF80
1A80
2F80
4A80
EA80
5F80
4200
ENDCHAR
STARTCHAR u798A.zh_hant
ENCODING 31114
SWIDTH 1000 0
DWIDTH 10 0
BBX 9 9 0 -1
BITMAP
EB80
1E80
0A80
FC80
2A00
BF80
A200
A500
3880
ENDCHAR
STARTCHAR u798F.zh_hant
ENCODING 31119
SWIDTH 1000 0
DWIDTH 10 0
BBX 9 9 0 -1
BITMAP
5F80
4000
EF00
2900
3F80
5280
DF80
7280
5F80
ENDCHAR
STARTCHAR u799A.zh_hant
ENCODING 31130
SWIDTH 1000 0
DWIDTH 10 0
BBX 9 9 0 -1
BITMAP
F480
0500
0F80
F200
2700
B200
AF80
A000
2A80
ENDCHAR
STARTCHAR u79A7.zh_hant
ENCODING 31143
SWIDTH 1000 0
DWIDTH 10 0
BBX 9 9 0 -1
BITMAP
4200
4F80
E200
2F80
4880
E500
5F80
4880
4F80
ENDCHAR
STARTCHAR u79B3.zh_hant
ENCODING 31155
SWIDTH 1000 0
DWIDTH 10 0
BBX 9 9 0 -1
BITMAP
4200
5F80
E500
1F80
2500
5F80
EA80
5900
4E80
ENDCHAR
STARTCHAR u79B9.zh_hant
ENCODING 31161
SWIDTH 1000 0
DWIDTH 10 0
BBX 9 9 0 -1
BITMAP
FF80
0800
7F00
4900
7F00
0800
FF80
8A80
BE80
ENDCHAR
STARTCHAR u79BA.zh_hant
ENCODING 31162
SWIDTH 1000 0
DWIDTH 10 0
BBX 9 9 0 -1
BITMAP
7F00
4900
7F00
4900
7F00
0800
FF80
8A80
BE80
ENDCHAR
STARTCHAR u79BB.zh_hant
ENCODING 31163
SWIDTH 1000 0
DWIDTH 10 0
BBX 9 9 0 -1
BITMAP
0800
FF80
1400
4900
5500
FF80
9080
A480
BA80
ENDCHAR
STARTCHAR u79BD.zh_hant
ENCODING 31165
SWIDTH 1000 0
DWIDTH 10 0
BBX 9 9 0 -1
BITMAP
3E00
4900
FF80
1400
4900
5500
FF80
9280
BD80
ENDCHAR
STARTCHAR u79BE.zh_hant
ENCODING 31166
SWIDTH 1000 0
DWIDTH 10 0
BBX 9 9 0 -1
BITMAP
0700
7800
0800
0800
FF80
0800
1A00
2900
C880
ENDCHAR
STARTCHAR u79C0.zh_hant
ENCODING 31168
SWIDTH 1000 0
DWIDTH 10 0
BBX 9 9 0 -1
BITMAP
7F00
0800
FF80
2A00
4980
BE00
0B80
1080
6300
ENDCHAR
STARTCHAR u79C1
ENCODING 31169
SWIDTH 1000 0
DWIDTH 10 0
BBX 9 9 0 -1
BITMAP
2400
C400
4400
E400
4800
C900
E900
5280
5C80
ENDCHAR
STARTCHAR u79C3.zh_hant
ENCODING 31171
SWIDTH 1000 0
DWIDTH 10 0
BBX 9 9 0 -1
BITMAP
7F00
0800
FF80
1A00
2900
C880
3C00
2480
C780
ENDCHAR
STARTCHAR u79C6.zh_hant
ENCODING 31174
SWIDTH 1000 0
DWIDTH 10 0
BBX 9 9 0 -1
BITMAP
1F80
E200
2200
FA00
2780
3200
6A00
A200
2200
ENDCHAR
STARTCHAR u79C9.zh_hant
ENCODING 31177
SWIDTH 1000 0
DWIDTH 10 0
BBX 9 9 0 -1
BITMAP
7F00
0800
FF80
0900
FF80
0900
7F00
2A00
C980
ENDCHAR
STARTCHAR u79CB.zh_hant
ENCODING 31179
SWIDTH 1000 0
DWIDTH 10 0
BBX 9 9 0 -1
BITMAP
1A00
E280
2A80
FA80
2B00
3200
6200
A500
3880
ENDCHAR
STARTCHAR u79CD.zh_hant
ENCODING 31181
SWIDTH 1000 0
DWIDTH 10 0
BBX 9 9 0 -1
BITMAP
1A00
E200
2F80
FA80
2A80
6F80
B200
2200
2200
ENDCHAR
STARTCHAR u79D1.zh_hant
ENCODING 31185
SWIDTH 1000 0
DWIDTH 10 0
BBX 9 9 0 -1
BITMAP
3500
C300
4900
F500
4100
6180
C700
5900
4100
ENDCHAR
STARTCHAR u79D2.zh_hant
ENCODING 31186
SWIDTH 1000 0
DWIDTH 10 0
BBX 9 9 0 -1
BITMAP
1A00
E200
2A80
FA80
2200
6600
B080
2300
2C00
ENDCHAR
STARTCHAR u79D5.zh_hant
ENCODING 31189
SWIDTH 1000 0
DWIDTH 10 0
BBX 9 9 0 -1
BITMAP
1A00
EA00
2A80
FF00
2A00
3A00
6A80
AE80
3380
ENDCHAR
STARTCHAR u79D8.zh_hant
ENCODING 31192
SWIDTH 1000 0
DWIDTH 10 0
BBX 9 9 0 -1
BITMAP
1200
E080
2480
FD00
2680
2480
6C00
B480
2780
ENDCHAR
STARTCHAR u79DF.zh_hant
ENCODING 31199
SWIDTH 1000 0
DWIDTH 10 0
BBX 9 9 0 -1
BITMAP
1F80
E480
2780
FC80
2480
6780
B480
2480
2F80
ENDCHAR
STARTCHAR u79E3.zh_hant
ENCODING 31203
SWIDTH 1000 0
DWIDTH 10 0
BBX 9 9 0 -1
BITMAP
3200
DF80
4200
F200
4F80
4200
6700
CA80
5200
ENDCHAR
STARTCHAR u79E4.zh_hant
ENCODING 31204
SWIDTH 1000 0
DWIDTH 10 0
BBX 9 9 0 -1
BITMAP
3F80
C200
4A80
EB00
4200
4200
DF80
6200
4200
ENDCHAR
STARTCHAR u79E6.zh_hant
ENCODING 31206
SWIDTH 1000 0
DWIDTH 10 0
BBX 9 9 0 -1
BITMAP
0800
FF80
0800
7F00
2200
CD00
7880
2E00
C980
ENDCHAR
STARTCHAR u79E7.zh_hant
ENCODING 31207
SWIDTH 1000 0
DWIDTH 10 0
BBX 9 9 0 -1
BITMAP
1A00
EF80
2A80
FA80
2A80
3F80
6200
A500
3880
ENDCHAR
STARTCHAR u79E9.zh_hant
ENCODING 31209
SWIDTH 1000 0
DWIDTH 10 0
BBX 9 9 0 -1
BITMAP
1A00
EF80
2A00
F200
2F80
2200
7200
A500
3880
ENDCHAR
STARTCHAR u79EB.zh_hant
ENCODING 31211
SWIDTH 1000 0
DWIDTH 10 0
BBX 9 9 0 -1
BITMAP
F280
2280
EF80
2200
6A80
6A80
BA80
AA80
2200
ENDCHAR
STARTCHAR u79ED.zh_hant
ENCODING 31213
SWIDTH 1000 0
DWIDTH 10 0
BBX 9 9 0 -1
BITMAP
1200
EF80
2A00
FA00
2F80
6280
A680
3B00
2200
ENDCHAR
STARTCHAR u79EF
ENCODING 31215
SWIDTH 1000 0
DWIDTH 10 0
BBX 9 9 0 -1
BITMAP
1780
E480
2480
F480
2780
6000
B500
2480
2880
ENDCHAR
STARTCHAR u79F0.zh_hans
ENCODING 31216
SWIDTH 1000 0
DWIDTH 10 0
BBX 9 9 0 -1
BITMAP
1400
E780
2880
F200
2200
6B00
6A80
B280
2600
ENDCHAR
STARTCHAR u79F8.zh_hant
ENCODING 31224
SWIDTH 1000 0
DWIDTH 10 0
BBX 9 9 0 -1
BITMAP
1200
EF80
2200
F700
2000
6F80
B880
2880
2F80
ENDCHAR
STARTCHAR u79FB.zh_hant
ENCODING 31227
SWIDTH 1000 0
DWIDTH 10 0
BBX 9 9 0 -1
BITMAP
3780
C880
4500
F200
4780
D880
6500
4600
5800
ENDCHAR
STARTCHAR u79FD.zh_hant
ENCODING 31229
SWIDTH 1000 0
DWIDTH 10 0
BBX 9 9 0 -1
BITMAP
3A80
CA80
4F80
F400
4780
6880
C280
4100
5E00
ENDCHAR
STARTCHAR u7A00.zh_hant
ENCODING 31232
SWIDTH 1000 0
DWIDTH 10 0
BBX 9 9 0 -1
BITMAP
1980
E600
2900
FF80
2400
6F80
BA80
2A80
2200
ENDCHAR
STARTCHAR u7A02.zh_hant
ENCODING 31234
SWIDTH 1000 0
DWIDTH 10 0
BBX 9 9 0 -1
BITMAP
1200
EF80
2880
FF80
2880
3F80
6A80
A900
2C80
ENDCHAR
STARTCHAR u7A03.zh_hant
ENCODING 31235
SWIDTH 1000 0
DWIDTH 10 0
BBX 9 9 0 -1
BITMAP
1F80
EA80
2100
F000
2700
2100
6F80
B200
2600
ENDCHAR
STARTCHAR u7A0B.zh_hant
ENCODING 31243
SWIDTH 1000 0
DWIDTH 10 0
BBX 9 9 0 -1
BITMAP
1780
E480
2780
F000
2F80
2200
7780
A200
2F80
ENDCHAR
STARTCHAR u7A0D.zh_hant
ENCODING 31245
SWIDTH 1000 0
DWIDTH 10 0
BBX 9 9 0 -1
BITMAP
1A00
E300
2A80
F200
2F80
2880
6F80
B880
2980
ENDCHAR
STARTCHAR u7A0E.zh_hant
ENCODING 31246
SWIDTH 1000 0
DWIDTH 10 0
BBX 9 9 0 -1
BITMAP
0480
F500
2F80
F880
2880
2F80
6500
A900
3180
ENDCHAR
STARTCHAR u7A14.zh_hant
ENCODING 31252
SWIDTH 1000 0
DWIDTH 10 0
BBX 9 9 0 -1
BITMAP
1700
E880
2F80
F000
2F80
6100
B200
2880
2E80
ENDCHAR
STARTCHAR u7A17.zh_hant
ENCODING 31255
SWIDTH 1000 0
DWIDTH 10 0
BBX 9 9 0 -1
BITMAP
1400
EF80
2A80
FF80
2A80
6F80
A500
3F80
2100
ENDCHAR
STARTCHAR u7A1A.zh_hant
ENCODING 31258
SWIDTH 1000 0
DWIDTH 10 0
BBX 9 9 0 -1
BITMAP
1500
EF80
2900
FF80
2900
2F80
7900
A900
2F80
ENDCHAR
STARTCHAR u7A1E.zh_hant
ENCODING 31262
SWIDTH 1000 0
DWIDTH 10 0
BBX 9 9 0 -1
BITMAP
1F80
EA80
2F80
FA80
2F80
3200
6F80
A700
2A80
ENDCHAR
STARTCHAR u7A20.zh_hant
ENCODING 31264
SWIDTH 1000 0
DWIDTH 10 0
BBX 9 9 0 -1
BITMAP
3F80
D480
5F80
F480
5F80
D080
7E80
5280
5E80
ENDCHAR
STARTCHAR u7A23.zh_hant
ENCODING 31267
SWIDTH 1000 0
DWIDTH 10 0
BBX 9 9 0 -1
BITMAP
7180
9600
FA00
AF80
FA00
AB00
FE80
0200
FA00
ENDCHAR
STARTCHAR u7A33.zh_hant
ENCODING 31283
SWIDTH 1000 0
DWIDTH 10 0
BBX 9 9 0 -1
BITMAP
1700
E900
2F80
F080
2F80
3080
6F80
A900
2E80
ENDCHAR
STARTCHAR u7A37.zh_hant
ENCODING 31287
SWIDTH 1000 0
DWIDTH 10 0
BBX 9 9 0 -1
BITMAP
1F80
EA80
2F80
FA80
2F80
2500
7980
A700
3880
ENDCHAR
STARTCHAR u7A39.zh_hant
ENCODING 31289
SWIDTH 1000 0
DWIDTH 10 0
BBX 9 9 0 -1
BITMAP
1200
EF80
2500
F700
2500
3500
6F80
A500
2880
ENDCHAR
STARTCHAR u7A3B.zh_hant
ENCODING 31291
SWIDTH 1000 0
DWIDTH 10 0
BBX 9 9 0 -1
BITMAP
1F80
EA80
2100
F200
2D80
2880
6D80
B880
2F80
ENDCHAR
STARTCHAR u7A3C.zh_hant
ENCODING 31292
SWIDTH 1000 0
DWIDTH 10 0
BBX 9 9 0 -1
BITMAP
3200
DF80
5080
FF00
4480
6A80
C500
5900
4680
ENDCHAR
STARTCHAR u7A3D.zh_hant
ENCODING 31293
SWIDTH 1000 0
DWIDTH 10 0
BBX 9 9 0 -1
BITMAP
3280
DF80
4500
E880
5F00
C880
7F80
5080
5F80
ENDCHAR
STARTCHAR u7A3F.zh_hant
ENCODING 31295
SWIDTH 1000 0
DWIDTH 10 0
BBX 9 9 0 -1
BITMAP
3400
DF80
4900
EF00
4000
7F80
D280
5E80
5180
ENDCHAR
STARTCHAR u7A46.zh_hant
ENCODING 31302
SWIDTH 1000 0
DWIDTH 10 0
BBX 9 9 0 -1
BITMAP
1A00
EF80
2880
FF80
2A80
7300
AC00
3180
2E00
ENDCHAR
STARTCHAR u7A51.zh_hant
ENCODING 31313
SWIDTH 1000 0
DWIDTH 10 0
BBX 9 9 0 -1
BITMAP
2200
DF80
4500
EA80
5F80
D480
7780
5080
5F80
ENDCHAR
STARTCHAR u7A57.zh_hant
ENCODING 31319
SWIDTH 1000 0
DWIDTH 10 0
BBX 9 9 0 -1
BITMAP
3200
DF80
4A80
FF80
4280
6F80
D200
4880
6E80
ENDCHAR
STARTCHAR u7A70.zh_hant
ENCODING 31344
SWIDTH 1000 0
DWIDTH 10 0
BBX 9 9 0 -1
BITMAP
1A00
EF80
2500
FF80
2500
3F80
6A80
B900
2E80
ENDCHAR
STARTCHAR u7A74.zh_hant
ENCODING 31348
SWIDTH 1000 0
DWIDTH 10 0
BBX 9 9 0 -1
BITMAP
0800
FF80
8080
8080
2E00
2200
2200
4100
8080
ENDCHAR
STARTCHAR u7A76.zh_hant
ENCODING 31350
SWIDTH 1000 0
DWIDTH 10 0
BBX 9 9 0 -1
BITMAP
0800
FF80
9480
1400
6700
0800
7E00
1280
E380
ENDCHAR
STARTCHAR u7A77.zh_hant
ENCODING 31351
SWIDTH 1000 0
DWIDTH 10 0
BBX 9 9 0 -1
BITMAP
0800
FF80
9480
6700
0800
FF80
1080
2080
C300
ENDCHAR
STARTCHAR u7A79.zh_hant
ENCODING 31353
SWIDTH 1000 0
DWIDTH 10 0
BBX 9 9 0 -1
BITMAP
0800
FF80
9480
2400
FF80
4000
7F00
0100
0E00
ENDCHAR
STARTCHAR u7A7A.zh_hans
ENCODING 31354
SWIDTH 1000 0
DWIDTH 10 0
BBX 9 9 0 -1
BITMAP
0800
FF80
8080
2200
C180
7F00
0800
0800
FF80
ENDCHAR
STARTCHAR u7A7F.zh_hant
ENCODING 31359
SWIDTH 1000 0
DWIDTH 10 0
BBX 9 9 0 -1
BITMAP
0800
FF80
9480
2400
7F80
2100
FF80
1100
6300
ENDCHAR
STARTCHAR u7A81.zh_hant
ENCODING 31361
SWIDTH 1000 0
DWIDTH 10 0
BBX 9 9 0 -1
BITMAP
0800
FF80
9480
2400
4380
0880
FF80
2200
C180
ENDCHAR
STARTCHAR u7A83.zh_hant
ENCODING 31363
SWIDTH 1000 0
DWIDTH 10 0
BBX 9 9 0 -1
BITMAP
0800
FF80
9480
2400
4F80
F480
4480
4880
7300
ENDCHAR
STARTCHAR u7A84.zh_hant
ENCODING 31364
SWIDTH 1000 0
DWIDTH 10 0
BBX 9 9 0 -1
BITMAP
0800
FF80
9480
6700
1000
3F80
4800
8F80
0800
ENDCHAR
STARTCHAR u7A88.zh_hant
ENCODING 31368
SWIDTH 1000 0
DWIDTH 10 0
BBX 9 9 0 -1
BITMAP
0800
FF80
9480
2400
CF80
5480
A480
4880
F300
ENDCHAR
STARTCHAR u7A8D.zh_hant
ENCODING 31373
SWIDTH 1000 0
DWIDTH 10 0
BBX 9 9 0 -1
BITMAP
0800
FF80
9480
2200
F780
2200
2780
3080
C300
ENDCHAR
STARTCHAR u7A91.zh_hant
ENCODING 31377
SWIDTH 1000 0
DWIDTH 10 0
BBX 9 9 0 -1
BITMAP
0800
FF80
A280
5100
1E00
2800
FF80
4900
7F00
ENDCHAR
STARTCHAR u7A92.zh_hant
ENCODING 31378
SWIDTH 1000 0
DWIDTH 10 0
BBX 9 9 0 -1
BITMAP
0800
FF80
9480
2400
FF80
2100
7E80
0800
FF80
ENDCHAR
STARTCHAR u7A95.zh_hant
ENCODING 31381
SWIDTH 1000 0
DWIDTH 10 0
BBX 9 9 0 -1
BITMAP
0800
FF80
9480
6700
1400
B680
5500
9480
E780
ENDCHAR
STARTCHAR u7A96.zh_hant
ENCODING 31382
SWIDTH 1000 0
DWIDTH 10 0
BBX 9 9 0 -1
BITMAP
0800
FF80
9480
2400
7F00
8800
FF80
4100
7F00
ENDCHAR
STARTCHAR u7A97.zh_hant
ENCODING 31383
SWIDTH 1000 0
DWIDTH 10 0
BBX 9 9 0 -1
BITMAP
0800
FF80
9480
2400
FF80
9280
EC80
8A80
FF80
ENDCHAR
STARTCHAR u7A98.zh_hant
ENCODING 31384
SWIDTH 1000 0
DWIDTH 10 0
BBX 9 9 0 -1
BITMAP
0800
FF80
9480
2400
FF80
1100
7F80
3080
DF80
ENDCHAR
STARTCHAR u7A9C.zh_hant
ENCODING 31388
SWIDTH 1000 0
DWIDTH 10 0
BBX 9 9 0 -1
BITMAP
0800
FF80
A280
5D00
2A00
7F00
4900
7F00
0800
ENDCHAR
STARTCHAR u7A9D.zh_hant
ENCODING 31389
SWIDTH 1000 0
DWIDTH 10 0
BBX 9 9 0 -1
BITMAP
0800
FF80
A280
4100
3E00
2200
7F00
4900
5500
ENDCHAR
STARTCHAR u7A9F.zh_hant
ENCODING 31391
SWIDTH 1000 0
DWIDTH 10 0
BBX 9 9 0 -1
BITMAP
0800
FF80
9480
A500
7F80
5500
9F00
A480
3F80
ENDCHAR
STARTCHAR u7AA0.zh_hant
ENCODING 31392
SWIDTH 1000 0
DWIDTH 10 0
BBX 9 9 0 -1
BITMAP
0800
FF80
9480
7F00
4900
4900
FF80
2A00
C980
ENDCHAR
STARTCHAR u7AA5.zh_hant
ENCODING 31397
SWIDTH 1000 0
DWIDTH 10 0
BBX 9 9 0 -1
BITMAP
0800
FF80
9480
2200
F780
2480
F200
2280
D580
ENDCHAR
STARTCHAR u7AA6
ENCODING 31398
SWIDTH 1000 0
DWIDTH 10 0
BBX 9 9 0 -1
BITMAP
0800
FF80
AA80
7F00
A500
5400
FF80
0A00
F180
ENDCHAR
STARTCHAR u7AB3.zh_hant
ENCODING 31411
SWIDTH 1000 0
DWIDTH 10 0
BBX 9 9 0 -1
BITMAP
0800
FF80
9480
2700
3980
EE80
AA80
FA80
8B80
ENDCHAR
STARTCHAR u7ABF.zh_hant
ENCODING 31423
SWIDTH 1000 0
DWIDTH 10 0
BBX 9 9 0 -1
BITMAP
0800
FF80
9480
6F80
B900
C600
BB80
E200
9F80
ENDCHAR
STARTCHAR u7ACB.zh_hant
ENCODING 31435
SWIDTH 1000 0
DWIDTH 10 0
BBX 9 9 0 -1
BITMAP
0800
FF80
0000
2200
2200
2200
2400
0400
FF80
ENDCHAR
STARTCHAR u7AD6.zh_hant
ENCODING 31446
SWIDTH 1000 0
DWIDTH 10 0
BBX 9 9 0 -1
BITMAP
AF80
A480
A300
AC80
0800
7F80
1200
1400
FF80
ENDCHAR
STARTCHAR u7AD9
ENCODING 31449
SWIDTH 1000 0
DWIDTH 10 0
BBX 9 9 0 -1
BITMAP
4200
2200
FB80
1200
5200
5F80
2880
3880
CF80
ENDCHAR
STARTCHAR u7ADE
ENCODING 31454
SWIDTH 1000 0
DWIDTH 10 0
BBX 9 9 0 -1
BITMAP
0800
7F00
1400
FF80
2200
3E00
1400
2480
C780
ENDCHAR
STARTCHAR u7ADF
ENCODING 31455
SWIDTH 1000 0
DWIDTH 10 0
BBX 9 9 0 -1
BITMAP
0800
7F00
1400
FF80
2200
3E00
2200
3E80
E380
ENDCHAR
STARTCHAR u7AE0.zh_hant
ENCODING 31456
SWIDTH 1000 0
DWIDTH 10 0
BBX 9 9 0 -1
BITMAP
0800
FF80
1200
FF80
2200
3E00
2200
FF80
0800
ENDCHAR
STARTCHAR u7AE3.zh_hant
ENCODING 31459
SWIDTH 1000 0
DWIDTH 10 0
BBX 9 9 0 -1
BITMAP
4400
4880
FF80
2500
B980
A700
3900
E600
3980
ENDCHAR
STARTCHAR u7AE5
ENCODING 31461
SWIDTH 1000 0
DWIDTH 10 0
BBX 9 9 0 -1
BITMAP
0800
7F00
2200
FF80
7F00
4900
7F00
0800
FF80
ENDCHAR
STARTCHAR u7AE6.zh_hant
ENCODING 31462
SWIDTH 1000 0
DWIDTH 10 0
BBX 9 9 0 -1
BITMAP
4200
5F80
E200
2F80
AA80
AF80
A600
2A80
F280
ENDCHAR
STARTCHAR u7AED.zh_hant
ENCODING 31469
SWIDTH 1000 0
DWIDTH 10 0
BBX 9 9 0 -1
BITMAP
4F00
4900
FF00
2900
AF80
A880
B280
1C80
E300
ENDCHAR
STARTCHAR u7AEF.zh_hant
ENCODING 31471
SWIDTH 1000 0
DWIDTH 10 0
BBX 9 9 0 -1
BITMAP
4A80
4A80
FF80
2000
BF80
A400
3F80
EA80
2A80
ENDCHAR
STARTCHAR u7AF9.zh_hant
ENCODING 31481
SWIDTH 1000 0
DWIDTH 10 0
BBX 9 9 0 -1
BITMAP
4400
4400
7780
A900
A900
2100
2100
2100
2700
ENDCHAR
STARTCHAR u7AFA.zh_hant
ENCODING 31482
SWIDTH 1000 0
DWIDTH 10 0
BBX 9 9 0 -1
BITMAP
4200
7780
A900
2100
0000
7F00
0000
0000
FF80
ENDCHAR
STARTCHAR u7AFD.zh_hant
ENCODING 31485
SWIDTH 1000 0
DWIDTH 10 0
BBX 9 9 0 -1
BITMAP
4400
7780
A900
0000
3E00
0800
FF80
0800
1800
ENDCHAR
STARTCHAR u7AFF.zh_hant
ENCODING 31487
SWIDTH 1000 0
DWIDTH 10 0
BBX 9 9 0 -1
BITMAP
4400
7780
A900
0000
7F00
0800
FF80
0800
0800
ENDCHAR
STARTCHAR u7B03.zh_hant
ENCODING 31491
SWIDTH 1000 0
DWIDTH 10 0
BBX 9 9 0 -1
BITMAP
4400
7780
AA00
7F00
2100
3F80
0080
FE80
0180
ENDCHAR
STARTCHAR u7B04.zh_hant
ENCODING 31492
SWIDTH 1000 0
DWIDTH 10 0
BBX 9 9 0 -1
BITMAP
4400
7780
A900
0000
7F00
1200
FF80
2200
C200
ENDCHAR
STARTCHAR u7B06.zh_hant
ENCODING 31494
SWIDTH 1000 0
DWIDTH 10 0
BBX 9 9 0 -1
BITMAP
4400
7780
A900
7F00
4900
4900
7F00
4080
7F80
ENDCHAR
STARTCHAR u7B08.zh_hant
ENCODING 31496
SWIDTH 1000 0
DWIDTH 10 0
BBX 9 9 0 -1
BITMAP
4400
7780
A900
7F80
2200
3F80
5100
8E00
B180
ENDCHAR
STARTCHAR u7B0A.zh_hant
ENCODING 31498
SWIDTH 1000 0
DWIDTH 10 0
BBX 9 9 0 -1
BITMAP
4400
7780
A900
0000
7F80
4900
4900
8880
8880
ENDCHAR
STARTCHAR u7B0B.zh_hant
ENCODING 31499
SWIDTH 1000 0
DWIDTH 10 0
BBX 9 9 0 -1
BITMAP
4400
7780
A900
7F00
0900
FF80
0900
7F00
1000
ENDCHAR
STARTCHAR u7B0F.zh_hant
ENCODING 31503
SWIDTH 1000 0
DWIDTH 10 0
BBX 9 9 0 -1
BITMAP
4400
7780
AA00
2100
7F80
9480
2480
4880
9300
ENDCHAR
STARTCHAR u7B11.zh_hant
ENCODING 31505
SWIDTH 1000 0
DWIDTH 10 0
BBX 9 9 0 -1
BITMAP
4400
7780
AA00
1000
7F00
0800
FF80
2200
C180
ENDCHAR
STARTCHAR u7B14.zh_hant
ENCODING 31508
SWIDTH 1000 0
DWIDTH 10 0
BBX 9 9 0 -1
BITMAP
4400
7780
A900
7000
1E00
7000
1F00
F080
0F80
ENDCHAR
STARTCHAR u7B19.zh_hant
ENCODING 31513
SWIDTH 1000 0
DWIDTH 10 0
BBX 9 9 0 -1
BITMAP
4400
7780
AA00
4900
7F00
8800
7F00
0800
FF80
ENDCHAR
STARTCHAR u7B1B.zh_hant
ENCODING 31515
SWIDTH 1000 0
DWIDTH 10 0
BBX 9 9 0 -1
BITMAP
4400
7780
A900
0800
7F80
4880
7F80
4880
7F80
ENDCHAR
STARTCHAR u7B1E.zh_hant
ENCODING 31518
SWIDTH 1000 0
DWIDTH 10 0
BBX 9 9 0 -1
BITMAP
4400
7780
AA00
1080
FF80
0000
7F00
4100
7F00
ENDCHAR
STARTCHAR u7B20.zh_hant
ENCODING 31520
SWIDTH 1000 0
DWIDTH 10 0
BBX 9 9 0 -1
BITMAP
4400
7780
A900
0800
7F00
2200
2200
0400
FF80
ENDCHAR
STARTCHAR u7B24.zh_hant
ENCODING 31524
SWIDTH 1000 0
DWIDTH 10 0
BBX 9 9 0 -1
BITMAP
4400
7780
A900
7F00
1100
2100
FF00
4100
7F00
ENDCHAR
STARTCHAR u7B25.zh_hant
ENCODING 31525
SWIDTH 1000 0
DWIDTH 10 0
BBX 9 9 0 -1
BITMAP
4400
7780
A900
0000
FF80
0080
FC80
4880
7980
ENDCHAR
STARTCHAR u7B26.zh_hant
ENCODING 31526
SWIDTH 1000 0
DWIDTH 10 0
BBX 9 9 0 -1
BITMAP
4400
7780
A900
2100
5F80
C100
5100
4900
4300
ENDCHAR
STARTCHAR u7B28.zh_hant
ENCODING 31528
SWIDTH 1000 0
DWIDTH 10 0
BBX 9 9 0 -1
BITMAP
4400
7780
A900
0800
FF80
2A00
4900
BE80
0800
ENDCHAR
STARTCHAR u7B2A.zh_hant
ENCODING 31530
SWIDTH 1000 0
DWIDTH 10 0
BBX 9 9 0 -1
BITMAP
4400
7780
A900
0000
7F00
4100
7F00
4100
FF80
ENDCHAR
STARTCHAR u7B2B.zh_hant
ENCODING 31531
SWIDTH 1000 0
DWIDTH 10 0
BBX 9 9 0 -1
BITMAP
4400
7780
A900
7E00
4800
7F80
1880
EB00
0800
ENDCHAR
STARTCHAR u7B2C.zh_hant
ENCODING 31532
SWIDTH 1000 0
DWIDTH 10 0
BBX 9 9 0 -1
BITMAP
4400
7780
A900
7F00
4800
7F80
1880
2880
CB00
ENDCHAR
STARTCHAR u7B2E.zh_hant
ENCODING 31534
SWIDTH 1000 0
DWIDTH 10 0
BBX 9 9 0 -1
BITMAP
4400
7780
A900
7F80
5000
9F00
9000
1F00
1000
ENDCHAR
STARTCHAR u7B33.zh_hant
ENCODING 31539
SWIDTH 1000 0
DWIDTH 10 0
BBX 9 9 0 -1
BITMAP
4400
7780
A900
4000
F780
5480
5480
9480
B780
ENDCHAR
STARTCHAR u7B3A.zh_hant
ENCODING 31546
SWIDTH 1000 0
DWIDTH 10 0
BBX 9 9 0 -1
BITMAP
4400
7780
A900
2700
F880
2700
FA00
0C80
7780
ENDCHAR
STARTCHAR u7B3C.zh_hant
ENCODING 31548
SWIDTH 1000 0
DWIDTH 10 0
BBX 9 9 0 -1
BITMAP
4400
7780
A900
1200
FF80
1200
2C00
4880
9780
ENDCHAR
STARTCHAR u7B45.zh_hant
ENCODING 31557
SWIDTH 1000 0
DWIDTH 10 0
BBX 9 9 0 -1
BITMAP
4400
7780
A900
7F00
4800
FF80
1400
2480
C780
ENDCHAR
STARTCHAR u7B49
ENCODING 31561
SWIDTH 1000 0
DWIDTH 10 0
BBX 9 9 0 -1
BITMAP
4400
7780
A900
0800
7F00
0200
FF80
2200
1600
ENDCHAR
STARTCHAR u7B4B.zh_hant
ENCODING 31563
SWIDTH 1000 0
DWIDTH 10 0
BBX 9 9 0 -1
BITMAP
4400
7780
A900
F400
9F80
F480
9480
F880
9300
ENDCHAR
STARTCHAR u7B4C.zh_hant
ENCODING 31564
SWIDTH 1000 0
DWIDTH 10 0
BBX 9 9 0 -1
BITMAP
4400
7780
AA00
1100
FE00
4900
BE80
0800
FF80
ENDCHAR
STARTCHAR u7B4F.zh_hant
ENCODING 31567
SWIDTH 1000 0
DWIDTH 10 0
BBX 9 9 0 -1
BITMAP
4400
7780
A900
2280
5F80
C200
4280
4300
5C80
ENDCHAR
STARTCHAR u7B50.zh_hant
ENCODING 31568
SWIDTH 1000 0
DWIDTH 10 0
BBX 9 9 0 -1
BITMAP
4400
7780
AA00
1100
FF80
8400
BF80
8400
FF80
ENDCHAR
STARTCHAR u7B51.zh_hant
ENCODING 31569
SWIDTH 1000 0
DWIDTH 10 0
BBX 9 9 0 -1
BITMAP
4400
7780
A900
0000
EF00
4900
4D00
5300
F180
ENDCHAR
STARTCHAR u7B52.zh_hant
ENCODING 31570
SWIDTH 1000 0
DWIDTH 10 0
BBX 9 9 0 -1
BITMAP
4400
7780
A900
0000
FF80
8080
FE80
A480
BD80
ENDCHAR
STARTCHAR u7B54.zh_hant
ENCODING 31572
SWIDTH 1000 0
DWIDTH 10 0
BBX 9 9 0 -1
BITMAP
4400
7780
A900
1200
3D00
4080
BF00
2100
3F00
ENDCHAR
STARTCHAR u7B56.zh_hant
ENCODING 31574
SWIDTH 1000 0
DWIDTH 10 0
BBX 9 9 0 -1
BITMAP
4400
7780
A900
0800
FF80
4900
5D00
2A00
C980
ENDCHAR
STARTCHAR u7B5A.zh_hant
ENCODING 31578
SWIDTH 1000 0
DWIDTH 10 0
BBX 9 9 0 -1
BITMAP
7780
AA00
4500
7600
4480
7780
0800
FF80
0800
ENDCHAR
STARTCHAR u7B5B.zh_hant
ENCODING 31579
SWIDTH 1000 0
DWIDTH 10 0
BBX 9 9 0 -1
BITMAP
4400
7780
A900
0F80
A200
AF80
AA80
2A80
C200
ENDCHAR
STARTCHAR u7B5D.zh_hant
ENCODING 31581
SWIDTH 1000 0
DWIDTH 10 0
BBX 9 9 0 -1
BITMAP
4400
7780
A900
3F00
4200
FF80
0900
7F00
0800
ENDCHAR
STARTCHAR u7B60.zh_hant
ENCODING 31584
SWIDTH 1000 0
DWIDTH 10 0
BBX 9 9 0 -1
BITMAP
4400
7780
A900
4800
4F80
E880
5680
4080
E680
ENDCHAR
STARTCHAR u7B6E.zh_hant
ENCODING 31598
SWIDTH 1000 0
DWIDTH 10 0
BBX 9 9 0 -1
BITMAP
4400
7780
AA00
1100
7F00
4900
AA80
0800
FF80
ENDCHAR
STARTCHAR u7B71.zh_hant
ENCODING 31601
SWIDTH 1000 0
DWIDTH 10 0
BBX 9 9 0 -1
BITMAP
4400
7780
A900
2400
5780
D480
5A80
5300
5C80
ENDCHAR
STARTCHAR u7B72.zh_hant
ENCODING 31602
SWIDTH 1000 0
DWIDTH 10 0
BBX 9 9 0 -1
BITMAP
4400
7780
AA00
4900
FF80
4100
7F00
4100
4300
ENDCHAR
STARTCHAR u7B75.zh_hant
ENCODING 31605
SWIDTH 1000 0
DWIDTH 10 0
BBX 9 9 0 -1
BITMAP
4400
7780
AA00
F180
2E00
4380
EA00
3A00
CF80
ENDCHAR
STARTCHAR u7B77.zh_hant
ENCODING 31607
SWIDTH 1000 0
DWIDTH 10 0
BBX 9 9 0 -1
BITMAP
4400
7780
A900
2400
AF00
A500
BF80
2200
2D80
ENDCHAR
STARTCHAR u7B79.zh_hant
ENCODING 31609
SWIDTH 1000 0
DWIDTH 10 0
BBX 9 9 0 -1
BITMAP
4400
7780
A900
1000
FF80
2100
DF80
1100
0B00
ENDCHAR
STARTCHAR u7B7B
ENCODING 31611
SWIDTH 1000 0
DWIDTH 10 0
BBX 9 9 0 -1
BITMAP
7780
AA00
FF80
4900
7F00
4900
7F00
2800
F780
ENDCHAR
STARTCHAR u7B7E.zh_hant
ENCODING 31614
SWIDTH 1000 0
DWIDTH 10 0
BBX 9 9 0 -1
BITMAP
4400
7780
A900
1C00
E380
1000
4900
2200
FF80
ENDCHAR
STARTCHAR u7B80
ENCODING 31616
SWIDTH 1000 0
DWIDTH 10 0
BBX 9 9 0 -1
BITMAP
4400
7780
A900
0000
5F00
5500
5D00
5500
5D00
ENDCHAR
STARTCHAR u7B8D.zh_hant
ENCODING 31629
SWIDTH 1000 0
DWIDTH 10 0
BBX 9 9 0 -1
BITMAP
4400
7780
A900
4F80
FA00
4F80
EA80
4A00
CF80
ENDCHAR
STARTCHAR u7B90.zh_hant
ENCODING 31632
SWIDTH 1000 0
DWIDTH 10 0
BBX 9 9 0 -1
BITMAP
4400
7780
A900
7F00
0800
FF80
4100
7F00
4100
ENDCHAR
STARTCHAR u7B94.zh_hant
ENCODING 31636
SWIDTH 1000 0
DWIDTH 10 0
BBX 9 9 0 -1
BITMAP
4400
7780
A900
0200
9F80
5080
1F80
5080
9F80
ENDCHAR
STARTCHAR u7B95.zh_hant
ENCODING 31637
SWIDTH 1000 0
DWIDTH 10 0
BBX 9 9 0 -1
BITMAP
4400
7780
AD00
E380
3E00
2200
FF80
2200
C180
ENDCHAR
STARTCHAR u7B97.zh_hant
ENCODING 31639
SWIDTH 1000 0
DWIDTH 10 0
BBX 9 9 0 -1
BITMAP
4400
7780
A900
7F00
4100
7F00
2200
FF80
4200
ENDCHAR
STARTCHAR u7B9C.zh_hant
ENCODING 31644
SWIDTH 1000 0
DWIDTH 10 0
BBX 9 9 0 -1
BITMAP
4400
7780
A900
FF80
9480
2400
5F00
0800
FF80
ENDCHAR
STARTCHAR u7B9D.zh_hant
ENCODING 31645
SWIDTH 1000 0
DWIDTH 10 0
BBX 9 9 0 -1
BITMAP
4400
7780
A900
4880
FF80
4880
EF80
4880
CF80
ENDCHAR
STARTCHAR u7BA1.zh_hant
ENCODING 31649
SWIDTH 1000 0
DWIDTH 10 0
BBX 9 9 0 -1
BITMAP
4400
7780
A900
0800
FF80
A480
BE80
2200
3E00
ENDCHAR
STARTCHAR u7BA6
ENCODING 31654
SWIDTH 1000 0
DWIDTH 10 0
BBX 9 9 0 -1
BITMAP
7780
AA00
7F00
0800
FF80
4100
4900
1400
E380
ENDCHAR
STARTCHAR u7BA9.zh_hant
ENCODING 31657
SWIDTH 1000 0
DWIDTH 10 0
BBX 9 9 0 -1
BITMAP
7780
A900
5500
7F00
2000
3F00
C900
0600
3800
ENDCHAR
STARTCHAR u7BAA.zh_hant
ENCODING 31658
SWIDTH 1000 0
DWIDTH 10 0
BBX 9 9 0 -1
BITMAP
4400
7780
A900
7F00
4900
7F00
4900
FF80
0800
ENDCHAR
STARTCHAR u7BAB.zh_hant
ENCODING 31659
SWIDTH 1000 0
DWIDTH 10 0
BBX 9 9 0 -1
BITMAP
4400
7780
A900
FF80
0900
7F00
4880
9A80
AA80
ENDCHAR
STARTCHAR u7BAC.zh_hant
ENCODING 31660
SWIDTH 1000 0
DWIDTH 10 0
BBX 9 9 0 -1
BITMAP
7780
A900
2200
FF80
1000
FF80
2100
6100
BF00
ENDCHAR
STARTCHAR u7BAD.zh_hant
ENCODING 31661
SWIDTH 1000 0
DWIDTH 10 0
BBX 9 9 0 -1
BITMAP
4400
7780
A900
FF80
0000
F480
9480
F480
9180
ENDCHAR
STARTCHAR u7BB1.zh_hant
ENCODING 31665
SWIDTH 1000 0
DWIDTH 10 0
BBX 9 9 0 -1
BITMAP
4400
7780
A900
2F80
F880
2F80
6880
B880
2F80
ENDCHAR
STARTCHAR u7BB4.zh_hant
ENCODING 31668
SWIDTH 1000 0
DWIDTH 10 0
BBX 9 9 0 -1
BITMAP
4400
7780
AA00
0900
FF80
8480
F500
A300
EC80
ENDCHAR
STARTCHAR u7BB8.zh_hant
ENCODING 31672
SWIDTH 1000 0
DWIDTH 10 0
BBX 9 9 0 -1
BITMAP
4400
7780
AA00
0900
FF80
1200
FF80
5100
9F00
ENDCHAR
STARTCHAR u7BC1.zh_hant
ENCODING 31681
SWIDTH 1000 0
DWIDTH 10 0
BBX 9 9 0 -1
BITMAP
4400
7780
AA00
1000
7F00
4100
FF80
0800
FF80
ENDCHAR
STARTCHAR u7BC6.zh_hant
ENCODING 31686
SWIDTH 1000 0
DWIDTH 10 0
BBX 9 9 0 -1
BITMAP
4400
7780
A900
3F00
4200
FF80
5500
A600
5980
ENDCHAR
STARTCHAR u7BC7.zh_hant
ENCODING 31687
SWIDTH 1000 0
DWIDTH 10 0
BBX 9 9 0 -1
BITMAP
4400
7780
A900
7F80
4100
7F80
D280
7F80
5280
ENDCHAR
STARTCHAR u7BCC.zh_hant
ENCODING 31692
SWIDTH 1000 0
DWIDTH 10 0
BBX 9 9 0 -1
BITMAP
4400
7780
A900
2480
4F80
D200
5F80
4500
5880
ENDCHAR
STARTCHAR u7BD1.zh_hant
ENCODING 31697
SWIDTH 1000 0
DWIDTH 10 0
BBX 9 9 0 -1
BITMAP
7780
A900
7F00
4900
FF80
4100
4900
1200
E180
ENDCHAR
STARTCHAR u7BD3.zh_hant
ENCODING 31699
SWIDTH 1000 0
DWIDTH 10 0
BBX 9 9 0 -1
BITMAP
7780
A900
4A00
FF80
2900
FF80
2100
3E00
C180
ENDCHAR
STARTCHAR u7BD9.zh_hant
ENCODING 31705
SWIDTH 1000 0
DWIDTH 10 0
BBX 9 9 0 -1
BITMAP
4400
7780
A900
7F00
2200
FF80
A280
BE80
8180
ENDCHAR
STARTCHAR u7BDD.zh_hant
ENCODING 31709
SWIDTH 1000 0
DWIDTH 10 0
BBX 9 9 0 -1
BITMAP
4400
7780
AA00
FF80
2200
FF80
4900
FF80
4100
ENDCHAR
STARTCHAR u7BE1.zh_hant
ENCODING 31713
SWIDTH 1000 0
DWIDTH 10 0
BBX 9 9 0 -1
BITMAP
7780
A900
7F00
4100
7F00
4100
FF80
5500
BA80
ENDCHAR
STARTCHAR u7BE5.zh_hant
ENCODING 31717
SWIDTH 1000 0
DWIDTH 10 0
BBX 9 9 0 -1
BITMAP
4400
7780
A900
FF80
5500
5500
FF80
2A00
C980
ENDCHAR
STARTCHAR u7BE6.zh_hant
ENCODING 31718
SWIDTH 1000 0
DWIDTH 10 0
BBX 9 9 0 -1
BITMAP
4400
7780
A900
7F00
4900
5500
7F00
4480
F780
ENDCHAR
STARTCHAR u7BEA.zh_hant
ENCODING 31722
SWIDTH 1000 0
DWIDTH 10 0
BBX 9 9 0 -1
BITMAP
7780
A900
7F80
4400
5F00
9400
A780
A500
2980
ENDCHAR
STARTCHAR u7BEE.zh_hant
ENCODING 31726
SWIDTH 1000 0
DWIDTH 10 0
BBX 9 9 0 -1
BITMAP
7780
A900
0400
A780
AA00
A900
7F00
5500
FF80
ENDCHAR
STARTCHAR u7BF1.zh_hant
ENCODING 31729
SWIDTH 1000 0
DWIDTH 10 0
BBX 9 9 0 -1
BITMAP
7780
A900
FF80
1400
4900
5500
FF80
9080
9C80
ENDCHAR
STARTCHAR u7BF7.zh_hant
ENCODING 31735
SWIDTH 1000 0
DWIDTH 10 0
BBX 9 9 0 -1
BITMAP
4400
7780
A900
0480
CF00
7280
4F80
A200
9F80
ENDCHAR
STARTCHAR u7BFE.zh_hant
ENCODING 31742
SWIDTH 1000 0
DWIDTH 10 0
BBX 9 9 0 -1
BITMAP
7780
A900
7F00
5500
7F80
4400
7480
8300
9C80
ENDCHAR
STARTCHAR u7C07.zh_hant
ENCODING 31751
SWIDTH 1000 0
DWIDTH 10 0
BBX 9 9 0 -1
BITMAP
4400
7780
A800
F780
4A00
7F80
9200
1500
6880
ENDCHAR
STARTCHAR u7C0B.zh_hant
ENCODING 31755
SWIDTH 1000 0
DWIDTH 10 0
BBX 9 9 0 -1
BITMAP
7780
A900
7F00
4100
7F80
4400
FB80
5500
FF80
ENDCHAR
STARTCHAR u7C0C.zh_hant
ENCODING 31756
SWIDTH 1000 0
DWIDTH 10 0
BBX 9 9 0 -1
BITMAP
7780
A900
2200
FB80
AC80
F900
2100
7280
AC80
ENDCHAR
STARTCHAR u7C1F.zh_hant
ENCODING 31775
SWIDTH 1000 0
DWIDTH 10 0
BBX 9 9 0 -1
BITMAP
4400
7780
A900
FF80
9480
FF80
2200
FF80
0800
ENDCHAR
STARTCHAR u7C27.zh_hant
ENCODING 31783
SWIDTH 1000 0
DWIDTH 10 0
BBX 9 9 0 -1
BITMAP
4400
7780
AA00
7F00
1400
FF80
2A00
3E00
C180
ENDCHAR
STARTCHAR u7C2A.zh_hant
ENCODING 31786
SWIDTH 1000 0
DWIDTH 10 0
BBX 9 9 0 -1
BITMAP
4400
7780
AA00
FF80
5500
8980
7F00
4100
7F00
ENDCHAR
STARTCHAR u7C38.zh_hant
ENCODING 31800
SWIDTH 1000 0
DWIDTH 10 0
BBX 9 9 0 -1
BITMAP
4400
7780
A900
FF80
5500
7780
5C80
F300
8C80
ENDCHAR
STARTCHAR u7C3F.zh_hant
ENCODING 31807
SWIDTH 1000 0
DWIDTH 10 0
BBX 9 9 0 -1
BITMAP
4400
7780
AD00
5280
9F80
5280
3F80
5100
8B00
ENDCHAR
STARTCHAR u7C40.zh_hant
ENCODING 31808
SWIDTH 1000 0
DWIDTH 10 0
BBX 9 9 0 -1
BITMAP
4400
7780
A900
5B80
F280
5480
FF80
5280
DF80
ENDCHAR
STARTCHAR u7C41.zh_hant
ENCODING 31809
SWIDTH 1000 0
DWIDTH 10 0
BBX 9 9 0 -1
BITMAP
4400
7780
AA80
FF80
A480
FE80
2680
7300
AC80
ENDCHAR
STARTCHAR u7C4D.zh_hant
ENCODING 31821
SWIDTH 1000 0
DWIDTH 10 0
BBX 9 9 0 -1
BITMAP
4400
7F80
A500
FF80
2500
FF80
2880
7880
AF80
ENDCHAR
STARTCHAR u7C73
ENCODING 31859
SWIDTH 1000 0
DWIDTH 10 0
BBX 9 9 0 -1
BITMAP
0800
4900
2A00
0800
FF80
1C00
2A00
C980
0800
ENDCHAR
STARTCHAR u7C7B.zh_hant
ENCODING 31867
SWIDTH 1000 0
DWIDTH 10 0
BBX 9 9 0 -1
BITMAP
4900
2A00
FF80
2A00
4900
0800
FF80
1400
E380
ENDCHAR
STARTCHAR u7C7D.zh_hant
ENCODING 31869
SWIDTH 1000 0
DWIDTH 10 0
BBX 9 9 0 -1
BITMAP
2F80
B100
A200
2200
EF80
2200
7200
A200
2600
ENDCHAR
STARTCHAR u7C89.zh_hant
ENCODING 31881
SWIDTH 1000 0
DWIDTH 10 0
BBX 9 9 0 -1
BITMAP
2700
A100
A880
2880
FF80
2480
7480
A880
2B00
ENDCHAR
STARTCHAR u7C91
ENCODING 31889
SWIDTH 1000 0
DWIDTH 10 0
BBX 9 9 0 -1
BITMAP
2F80
BA80
6A80
FA80
2F80
6800
7800
A880
2780
ENDCHAR
STARTCHAR u7C92.zh_hant
ENCODING 31890
SWIDTH 1000 0
DWIDTH 10 0
BBX 9 9 0 -1
BITMAP
2400
BF80
A000
2900
F900
2900
6A00
A200
3F80
ENDCHAR
STARTCHAR u7C95.zh_hant
ENCODING 31893
SWIDTH 1000 0
DWIDTH 10 0
BBX 9 9 0 -1
BITMAP
2200
B400
AF80
2880
F880
2F80
6880
A880
2F80
ENDCHAR
STARTCHAR u7C97.zh_hant
ENCODING 31895
SWIDTH 1000 0
DWIDTH 10 0
BBX 9 9 0 -1
BITMAP
2780
B480
A780
2480
FC80
2780
7480
A480
2F80
ENDCHAR
STARTCHAR u7C98.zh_hant
ENCODING 31896
SWIDTH 1000 0
DWIDTH 10 0
BBX 9 9 0 -1
BITMAP
2200
AA00
B380
2200
F200
2F80
6880
A880
2F80
ENDCHAR
STARTCHAR u7C9D.zh_hant
ENCODING 31901
SWIDTH 1000 0
DWIDTH 10 0
BBX 9 9 0 -1
BITMAP
2F80
A800
AF80
2A00
FB80
2A80
6A80
AA80
3580
ENDCHAR
STARTCHAR u7C9F.zh_hant
ENCODING 31903
SWIDTH 1000 0
DWIDTH 10 0
BBX 9 9 0 -1
BITMAP
FF80
1400
7F00
5500
7F00
2A00
FF80
2A00
C980
ENDCHAR
STARTCHAR u7CA2.zh_hant
ENCODING 31906
SWIDTH 1000 0
DWIDTH 10 0
BBX 9 9 0 -1
BITMAP
8800
4F80
1280
4500
9880
4900
FF80
2A00
C980
ENDCHAR
STARTCHAR u7CA4.zh_hant
ENCODING 31908
SWIDTH 1000 0
DWIDTH 10 0
BBX 9 9 0 -1
BITMAP
1000
7F00
5500
4900
FF80
2000
7F00
4100
0600
ENDCHAR
STARTCHAR u7CA5.zh_hant
ENCODING 31909
SWIDTH 1000 0
DWIDTH 10 0
BBX 9 9 0 -1
BITMAP
C980
6A80
DD80
8900
BF00
C980
5C80
6A80
C980
ENDCHAR
STARTCHAR u7CAA
ENCODING 31914
SWIDTH 1000 0
DWIDTH 10 0
BBX 9 9 0 -1
BITMAP
4900
2A00
FF80
2A00
7F00
2200
FF80
2200
C180
ENDCHAR
STARTCHAR u7CAE.zh_hant
ENCODING 31918
SWIDTH 1000 0
DWIDTH 10 0
BBX 9 9 0 -1
BITMAP
2200
AF80
A880
2F80
F880
2F80
6A80
A900
2C80
ENDCHAR
STARTCHAR u7CB1.zh_hant
ENCODING 31921
SWIDTH 1000 0
DWIDTH 10 0
BBX 9 9 0 -1
BITMAP
9F00
4500
1580
4900
9280
4900
FF80
2A00
C980
ENDCHAR
STARTCHAR u7CB2.zh_hant
ENCODING 31922
SWIDTH 1000 0
DWIDTH 10 0
BBX 9 9 0 -1
BITMAP
7780
4080
F500
5300
EC80
4900
FF80
2A00
C980
ENDCHAR
STARTCHAR u7CB3
ENCODING 31923
SWIDTH 1000 0
DWIDTH 10 0
BBX 9 9 0 -1
BITMAP
2F80
B200
6F80
FA80
2F80
6A80
6F80
B400
2B80
ENDCHAR
STARTCHAR u7CB9.zh_hant
ENCODING 31929
SWIDTH 1000 0
DWIDTH 10 0
BBX 9 9 0 -1
BITMAP
2200
BF80
A900
2900
F680
2200
7F80
A200
2200
ENDCHAR
STARTCHAR u7CBC.zh_hant
ENCODING 31932
SWIDTH 1000 0
DWIDTH 10 0
BBX 9 9 0 -1
BITMAP
AA80
B280
FD00
2500
ED00
BA80
AA80
7E80
4A80
ENDCHAR
STARTCHAR u7CBD.zh_hant
ENCODING 31933
SWIDTH 1000 0
DWIDTH 10 0
BBX 9 9 0 -1
BITMAP
2200
BF80
A080
2F00
E000
3F80
6200
AA80
3680
ENDCHAR
STARTCHAR u7CBE.zh_hant
ENCODING 31934
SWIDTH 1000 0
DWIDTH 10 0
BBX 9 9 0 -1
BITMAP
2200
BF80
A200
2F80
F200
2F80
7880
AF80
2880
ENDCHAR
STARTCHAR u7CC5.zh_hant
ENCODING 31941
SWIDTH 1000 0
DWIDTH 10 0
BBX 9 9 0 -1
BITMAP
2F00
A100
A200
3F80
E680
2A00
7F80
AA00
3280
ENDCHAR
STARTCHAR u7CC8.zh_hant
ENCODING 31944
SWIDTH 1000 0
DWIDTH 10 0
BBX 9 9 0 -1
BITMAP
2F80
A280
AB00
2E00
F180
2F00
6900
AF00
2900
ENDCHAR
STARTCHAR u7CCA.zh_hant
ENCODING 31946
SWIDTH 1000 0
DWIDTH 10 0
BBX 9 9 0 -1
BITMAP
2B80
BE80
AB80
2A80
FE80
2380
6280
BE80
2580
ENDCHAR
STARTCHAR u7CCC.zh_hant
ENCODING 31948
SWIDTH 1000 0
DWIDTH 10 0
BBX 9 9 0 -1
BITMAP
2D00
B580
A500
2900
F780
2900
6F00
A900
2F00
ENDCHAR
STARTCHAR u7CCD.zh_hant
ENCODING 31949
SWIDTH 1000 0
DWIDTH 10 0
BBX 9 9 0 -1
BITMAP
2480
A500
BF80
2480
E900
2F80
6480
A900
3F80
ENDCHAR
STARTCHAR u7CD5.zh_hant
ENCODING 31957
SWIDTH 1000 0
DWIDTH 10 0
BBX 9 9 0 -1
BITMAP
2480
A500
AF80
2200
F700
2200
6F80
A000
2A80
ENDCHAR
STARTCHAR u7CD6.zh_hant
ENCODING 31958
SWIDTH 1000 0
DWIDTH 10 0
BBX 9 9 0 -1
BITMAP
2200
AF80
AA00
2F80
FA80
2F80
6D00
B500
2700
ENDCHAR
STARTCHAR u7CD7.zh_hant
ENCODING 31959
SWIDTH 1000 0
DWIDTH 10 0
BBX 9 9 0 -1
BITMAP
2400
AF80
A880
2F80
E880
3F80
6200
A500
3880
ENDCHAR
STARTCHAR u7CD9
ENCODING 31961
SWIDTH 1000 0
DWIDTH 10 0
BBX 9 9 0 -1
BITMAP
2500
B780
A900
2780
F900
2B80
6A80
AA80
3780
ENDCHAR
STARTCHAR u7CDC.zh_hant
ENCODING 31964
SWIDTH 1000 0
DWIDTH 10 0
BBX 9 9 0 -1
BITMAP
0400
FF80
9100
FF80
A900
D480
BF80
9500
A480
ENDCHAR
STARTCHAR u7CDF.zh_hant
ENCODING 31967
SWIDTH 1000 0
DWIDTH 10 0
BBX 9 9 0 -1
BITMAP
2A00
BF80
AA80
3F80
EA80
3F80
6880
A880
2F80
ENDCHAR
STARTCHAR u7CE0.zh_hant
ENCODING 31968
SWIDTH 1000 0
DWIDTH 10 0
BBX 9 9 0 -1
BITMAP
2200
BF80
AA80
2F80
FA80
2F80
7280
AB00
3680
ENDCHAR
STARTCHAR u7CEF.zh_hant
ENCODING 31983
SWIDTH 1000 0
DWIDTH 10 0
BBX 9 9 0 -1
BITMAP
2F80
B200
AF80
2A80
FB80
2200
6F80
BA80
2A80
ENDCHAR
STARTCHAR u7CF8.zh_hant
ENCODING 31992
SWIDTH 1000 0
DWIDTH 10 0
BBX 9 9 0 -1
BITMAP
1000
2200
4400
2800
1100
7F00
0800
4900
8880
ENDCHAR
STARTCHAR u7CFB
ENCODING 31995
SWIDTH 1000 0
DWIDTH 10 0
BBX 9 9 0 -1
BITMAP
7F00
1000
2200
1400
0900
FE80
0800
4900
8880
ENDCHAR
STARTCHAR u7D0A.zh_hant
ENCODING 32010
SWIDTH 1000 0
DWIDTH 10 0
BBX 9 9 0 -1
BITMAP
0800
FF80
4100
3E00
D580
2A00
FF80
2900
C880
ENDCHAR
STARTCHAR u7D20
ENCODING 32032
SWIDTH 1000 0
DWIDTH 10 0
BBX 9 9 0 -1
BITMAP
0800
7F00
0800
FF80
2400
4900
FE80
2A00
D980
ENDCHAR
STARTCHAR u7D22.zh_hant
ENCODING 32034
SWIDTH 1000 0
DWIDTH 10 0
BBX 9 9 0 -1
BITMAP
0800
7F00
0800
FF80
9480
2900
FF80
2900
C880
ENDCHAR
STARTCHAR u7D27.zh_hant
ENCODING 32039
SWIDTH 1000 0
DWIDTH 10 0
BBX 9 9 0 -1
BITMAP
AF80
A480
A700
A880
1200
2480
FF80
4900
9880
ENDCHAR
STARTCHAR u7D2B.zh_hant
ENCODING 32043
SWIDTH 1000 0
DWIDTH 10 0
BBX 9 9 0 -1
BITMAP
2400
B780
A400
FC80
1380
2400
FF80
2900
C880
ENDCHAR
STARTCHAR u7D2F
ENCODING 32047
SWIDTH 1000 0
DWIDTH 10 0
BBX 9 9 0 -1
BITMAP
7F00
4900
7F00
4900
7F00
2900
FE80
2A00
D980
ENDCHAR
STARTCHAR u7D6E.zh_hant
ENCODING 32110
SWIDTH 1000 0
DWIDTH 10 0
BBX 9 9 0 -1
BITMAP
2780
FC80
4880
3780
D200
2480
FF80
2900
C880
ENDCHAR
STARTCHAR u7DA6.zh_hant
ENCODING 32166
SWIDTH 1000 0
DWIDTH 10 0
BBX 9 9 0 -1
BITMAP
2200
FF80
2200
FF80
5500
AA80
7F80
2900
C880
ENDCHAR
STARTCHAR u7DAE.zh_hant
ENCODING 32174
SWIDTH 1000 0
DWIDTH 10 0
BBX 9 9 0 -1
BITMAP
F400
0780
F900
9600
E980
9200
FF80
2900
C880
ENDCHAR
STARTCHAR u7E3B.zh_hant
ENCODING 32315
SWIDTH 1000 0
DWIDTH 10 0
BBX 9 9 0 -1
BITMAP
0400
FF80
9100
FF80
AA80
D500
BF80
1500
6480
ENDCHAR
STARTCHAR u7E41.zh_hant
ENCODING 32321
SWIDTH 1000 0
DWIDTH 10 0
BBX 9 9 0 -1
BITMAP
4400
7F80
D500
7D00
5700
FC80
2A00
FF80
4900
ENDCHAR
STARTCHAR u7E47.zh_hant
ENCODING 32327
SWIDTH 1000 0
DWIDTH 10 0
BBX 9 9 0 -1
BITMAP
FF80
A900
5280
7D00
9280
FF80
1100
9780
FD00
ENDCHAR
STARTCHAR u7E82.zh_hant
ENCODING 32386
SWIDTH 1000 0
DWIDTH 10 0
BBX 9 9 0 -1
BITMAP
4400
7780
AA00
7F00
4100
FF80
5500
BE80
4900
ENDCHAR
STARTCHAR u7E9B.zh_hant
ENCODING 32411
SWIDTH 1000 0
DWIDTH 10 0
BBX 9 9 0 -1
BITMAP
FF80
2900
FF80
4A80
BD00
AA80
FF80
5200
9680
ENDCHAR
STARTCHAR u7EA0.zh_hant
ENCODING 32416
SWIDTH 1000 0
DWIDTH 10 0
BBX 9 9 0 -1
BITMAP
2880
4880
8880
E880
4F80
8880
E080
0080
E080
ENDCHAR
STARTCHAR u7EA2.zh_hant
ENCODING 32418
SWIDTH 1000 0
DWIDTH 10 0
BBX 9 9 0 -1
BITMAP
2000
4F80
8200
E200
4200
8200
E200
0200
EF80
ENDCHAR
STARTCHAR u7EA3
ENCODING 32419
SWIDTH 1000 0
DWIDTH 10 0
BBX 9 9 0 -1
BITMAP
2100
4100
8F80
E100
4900
8500
E100
0100
E300
ENDCHAR
STARTCHAR u7EA4.zh_hant
ENCODING 32420
SWIDTH 1000 0
DWIDTH 10 0
BBX 9 9 0 -1
BITMAP
2180
4E00
8200
E200
5F80
8200
E200
0200
E200
ENDCHAR
STARTCHAR u7EA6.zh_hant
ENCODING 32422
SWIDTH 1000 0
DWIDTH 10 0
BBX 9 9 0 -1
BITMAP
2800
4F80
9080
E080
4480
8280
E080
0080
E300
ENDCHAR
STARTCHAR u7EA7.zh_hant
ENCODING 32423
SWIDTH 1000 0
DWIDTH 10 0
BBX 9 9 0 -1
BITMAP
5F00
8900
EA00
2B80
4880
9480
E300
0500
E880
ENDCHAR
STARTCHAR u7EA8.zh_hant
ENCODING 32424
SWIDTH 1000 0
DWIDTH 10 0
BBX 9 9 0 -1
BITMAP
4400
8F00
E500
2500
4D00
8500
EB00
0900
F180
ENDCHAR
STARTCHAR u7EA9
ENCODING 32425
SWIDTH 1000 0
DWIDTH 10 0
BBX 9 9 0 -1
BITMAP
4200
4F80
8800
E800
4800
E800
0800
2800
D000
ENDCHAR
STARTCHAR u7EAA.zh_hant
ENCODING 32426
SWIDTH 1000 0
DWIDTH 10 0
BBX 9 9 0 -1
BITMAP
2F80
4080
8080
EF80
4800
8800
E800
0880
EF80
ENDCHAR
STARTCHAR u7EAB.zh_hant
ENCODING 32427
SWIDTH 1000 0
DWIDTH 10 0
BBX 9 9 0 -1
BITMAP
2F80
4280
8A80
EA80
4A80
8480
E480
0880
EB00
ENDCHAR
STARTCHAR u7EAC.zh_hant
ENCODING 32428
SWIDTH 1000 0
DWIDTH 10 0
BBX 9 9 0 -1
BITMAP
2400
5F80
8400
DF80
4400
9F80
E480
0580
E400
ENDCHAR
STARTCHAR u7EAD.zh_hant
ENCODING 32429
SWIDTH 1000 0
DWIDTH 10 0
BBX 9 9 0 -1
BITMAP
2F80
4000
8000
EF80
4200
8400
E480
0880
EF80
ENDCHAR
STARTCHAR u7EAF.zh_hant
ENCODING 32431
SWIDTH 1000 0
DWIDTH 10 0
BBX 9 9 0 -1
BITMAP
2200
5F80
8200
EA80
4A80
8F80
E200
0280
E380
ENDCHAR
STARTCHAR u7EB1.zh_hant
ENCODING 32433
SWIDTH 1000 0
DWIDTH 10 0
BBX 9 9 0 -1
BITMAP
2200
4A80
8A80
D200
4200
8600
E080
0300
EC00
ENDCHAR
STARTCHAR u7EB2.zh_hant
ENCODING 32434
SWIDTH 1000 0
DWIDTH 10 0
BBX 9 9 0 -1
BITMAP
2F80
4880
8D80
EA80
4A80
8D80
E880
0880
E980
ENDCHAR
STARTCHAR u7EB3.zh_hant
ENCODING 32435
SWIDTH 1000 0
DWIDTH 10 0
BBX 9 9 0 -1
BITMAP
2200
4200
8F80
EA80
4A80
8D80
E880
0880
E980
ENDCHAR
STARTCHAR u7EB5.zh_hant
ENCODING 32437
SWIDTH 1000 0
DWIDTH 10 0
BBX 9 9 0 -1
BITMAP
2900
4900
8900
E900
4900
9500
E280
0480
E880
ENDCHAR
STARTCHAR u7EB6.zh_hant
ENCODING 32438
SWIDTH 1000 0
DWIDTH 10 0
BBX 9 9 0 -1
BITMAP
2600
4900
9080
E800
4980
8E00
E800
0880
E780
ENDCHAR
STARTCHAR u7EB7.zh_hant
ENCODING 32439
SWIDTH 1000 0
DWIDTH 10 0
BBX 9 9 0 -1
BITMAP
2500
4500
8880
F080
4F80
8480
E480
0880
E980
ENDCHAR
STARTCHAR u7EB8.zh_hant
ENCODING 32440
SWIDTH 1000 0
DWIDTH 10 0
BBX 9 9 0 -1
BITMAP
2180
4E00
8A00
EA00
4F80
8A00
EA00
0A80
ED80
ENDCHAR
STARTCHAR u7EB9.zh_hant
ENCODING 32441
SWIDTH 1000 0
DWIDTH 10 0
BBX 9 9 0 -1
BITMAP
2200
4F80
8100
E500
4500
8500
E200
0500
E880
ENDCHAR
STARTCHAR u7EBA.zh_hant
ENCODING 32442
SWIDTH 1000 0
DWIDTH 10 0
BBX 9 9 0 -1
BITMAP
2200
4F80
8400
E780
4480
8480
E880
0880
EB00
ENDCHAR
STARTCHAR u7EBD
ENCODING 32445
SWIDTH 1000 0
DWIDTH 10 0
BBX 9 9 0 -1
BITMAP
5F00
4500
8500
E500
5F00
E900
0900
2900
DF80
ENDCHAR
STARTCHAR u7EBF.zh_hant
ENCODING 32447
SWIDTH 1000 0
DWIDTH 10 0
BBX 9 9 0 -1
BITMAP
2500
4F80
8400
EF80
4400
8500
E200
0680
E980
ENDCHAR
STARTCHAR u7EC3.zh_hant
ENCODING 32451
SWIDTH 1000 0
DWIDTH 10 0
BBX 9 9 0 -1
BITMAP
2200
4F80
8400
EA00
4F80
8200
EA80
1280
E600
ENDCHAR
STARTCHAR u7EC4
ENCODING 32452
SWIDTH 1000 0
DWIDTH 10 0
BBX 9 9 0 -1
BITMAP
4F00
4900
8F00
E900
4900
EF00
0900
2900
DF80
ENDCHAR
STARTCHAR u7EC5
ENCODING 32453
SWIDTH 1000 0
DWIDTH 10 0
BBX 9 9 0 -1
BITMAP
4200
4F80
8A80
EF80
4A80
EA80
0F80
2200
C200
ENDCHAR
STARTCHAR u7EC6
ENCODING 32454
SWIDTH 1000 0
DWIDTH 10 0
BBX 9 9 0 -1
BITMAP
4F80
4A80
8A80
EA80
4F80
EA80
0A80
2A80
CF80
ENDCHAR
STARTCHAR u7EC7
ENCODING 32455
SWIDTH 1000 0
DWIDTH 10 0
BBX 9 9 0 -1
BITMAP
4F80
4880
8880
E880
4F80
E000
0500
2480
C880
ENDCHAR
STARTCHAR u7EC8.zh_hant
ENCODING 32456
SWIDTH 1000 0
DWIDTH 10 0
BBX 9 9 0 -1
BITMAP
2400
4780
9880
E500
4600
9980
E200
0C00
E380
ENDCHAR
STARTCHAR u7EC9.zh_hant
ENCODING 32457
SWIDTH 1000 0
DWIDTH 10 0
BBX 9 9 0 -1
BITMAP
2400
4700
8900
EF80
4080
8F80
E080
0080
EF80
ENDCHAR
STARTCHAR u7ECA.zh_hant
ENCODING 32458
SWIDTH 1000 0
DWIDTH 10 0
BBX 9 9 0 -1
BITMAP
2200
4A80
8A80
E200
4F80
8200
EF80
0200
E200
ENDCHAR
STARTCHAR u7ECC.zh_hant
ENCODING 32460
SWIDTH 1000 0
DWIDTH 10 0
BBX 9 9 0 -1
BITMAP
2200
4A80
8A80
EF80
4200
8A80
EA80
0A80
EF80
ENDCHAR
STARTCHAR u7ECD.zh_hant
ENCODING 32461
SWIDTH 1000 0
DWIDTH 10 0
BBX 9 9 0 -1
BITMAP
2F80
4480
8480
E980
4000
8F80
E880
0880
EF80
ENDCHAR
STARTCHAR u7ECE.zh_hant
ENCODING 32462
SWIDTH 1000 0
DWIDTH 10 0
BBX 9 9 0 -1
BITMAP
2F80
4880
8700
E880
4200
8F80
E200
0F80
E200
ENDCHAR
STARTCHAR u7ECF.zh_hant
ENCODING 32463
SWIDTH 1000 0
DWIDTH 10 0
BBX 9 9 0 -1
BITMAP
2F80
4100
8200
E500
4880
8F80
E200
0200
EF80
ENDCHAR
STARTCHAR u7ED1.zh_hant
ENCODING 32465
SWIDTH 1000 0
DWIDTH 10 0
BBX 9 9 0 -1
BITMAP
4B80
8E80
FA80
4F00
BA80
CE80
3A80
4B00
8A00
ENDCHAR
STARTCHAR u7ED2.zh_hant
ENCODING 32466
SWIDTH 1000 0
DWIDTH 10 0
BBX 9 9 0 -1
BITMAP
2280
4280
9F80
E200
4A80
9D00
E900
0A80
E480
ENDCHAR
STARTCHAR u7ED3.zh_hant
ENCODING 32467
SWIDTH 1000 0
DWIDTH 10 0
BBX 9 9 0 -1
BITMAP
2200
5F80
8200
E200
5F80
8000
EF80
0880
EF80
ENDCHAR
STARTCHAR u7ED4.zh_hant
ENCODING 32468
SWIDTH 1000 0
DWIDTH 10 0
BBX 9 9 0 -1
BITMAP
4200
8F80
E500
2880
5F80
8400
E780
0080
E300
ENDCHAR
STARTCHAR u7ED5.zh_hant
ENCODING 32469
SWIDTH 1000 0
DWIDTH 10 0
BBX 9 9 0 -1
BITMAP
2800
5F80
8900
E680
5980
8000
DF80
0A00
D380
ENDCHAR
STARTCHAR u7ED8.zh_hant
ENCODING 32472
SWIDTH 1000 0
DWIDTH 10 0
BBX 9 9 0 -1
BITMAP
2600
4900
9080
EF00
4000
9F80
E500
0900
EE80
ENDCHAR
STARTCHAR u7ED9.zh_hant
ENCODING 32473
SWIDTH 1000 0
DWIDTH 10 0
BBX 9 9 0 -1
BITMAP
2700
4880
9000
EF80
4000
8F80
E880
0880
EF80
ENDCHAR
STARTCHAR u7EDA.zh_hant
ENCODING 32474
SWIDTH 1000 0
DWIDTH 10 0
BBX 9 9 0 -1
BITMAP
2400
4780
8880
EE80
4A80
8E80
EA80
0E80
E180
ENDCHAR
STARTCHAR u7EDB
ENCODING 32475
SWIDTH 1000 0
DWIDTH 10 0
BBX 9 9 0 -1
BITMAP
2400
4780
8880
E700
4880
8700
EA00
0F80
E200
ENDCHAR
STARTCHAR u7EDC.zh_hant
ENCODING 32476
SWIDTH 1000 0
DWIDTH 10 0
BBX 9 9 0 -1
BITMAP
2F80
4880
8500
E300
4480
9F80
E880
0880
EF80
ENDCHAR
STARTCHAR u7EDD.zh_hant
ENCODING 32477
SWIDTH 1000 0
DWIDTH 10 0
BBX 9 9 0 -1
BITMAP
2700
4900
8200
EF80
4A80
8F80
E800
0880
EF80
ENDCHAR
STARTCHAR u7EDE.zh_hant
ENCODING 32478
SWIDTH 1000 0
DWIDTH 10 0
BBX 9 9 0 -1
BITMAP
2200
5F80
8500
E880
4100
8500
E200
0500
E880
ENDCHAR
STARTCHAR u7EDF
ENCODING 32479
SWIDTH 1000 0
DWIDTH 10 0
BBX 9 9 0 -1
BITMAP
4400
5F80
8400
E900
5F80
EA00
0A00
2A80
D380
ENDCHAR
STARTCHAR u7EE0
ENCODING 32480
SWIDTH 1000 0
DWIDTH 10 0
BBX 9 9 0 -1
BITMAP
4F80
4200
8F80
EA80
4F80
EA80
0F80
2400
DB80
ENDCHAR
STARTCHAR u7EE2.zh_hant
ENCODING 32482
SWIDTH 1000 0
DWIDTH 10 0
BBX 9 9 0 -1
BITMAP
2F80
4880
8F80
E000
4F80
8880
EF80
0880
E980
ENDCHAR
STARTCHAR u7EE3.zh_hant
ENCODING 32483
SWIDTH 1000 0
DWIDTH 10 0
BBX 9 9 0 -1
BITMAP
2F80
4200
9F80
EA00
5280
8F00
E580
0480
E980
ENDCHAR
STARTCHAR u7EE5.zh_hant
ENCODING 32485
SWIDTH 1000 0
DWIDTH 10 0
BBX 9 9 0 -1
BITMAP
2380
5C80
9280
E800
4400
9F80
E900
0E00
D180
ENDCHAR
STARTCHAR u7EE6.zh_hant
ENCODING 32486
SWIDTH 1000 0
DWIDTH 10 0
BBX 9 9 0 -1
BITMAP
2780
5880
8500
E200
5D80
8200
DF80
0A00
D280
ENDCHAR
STARTCHAR u7EE7.zh_hant
ENCODING 32487
SWIDTH 1000 0
DWIDTH 10 0
BBX 9 9 0 -1
BITMAP
5A80
5700
9200
FF80
5200
9700
FA80
1200
FF80
ENDCHAR
STARTCHAR u7EE9
ENCODING 32489
SWIDTH 1000 0
DWIDTH 10 0
BBX 9 9 0 -1
BITMAP
4200
4F80
8200
EF80
4200
EF80
0880
2200
DD80
ENDCHAR
STARTCHAR u7EEA.zh_hant
ENCODING 32490
SWIDTH 1000 0
DWIDTH 10 0
BBX 9 9 0 -1
BITMAP
2480
5F80
8480
E500
5F80
8880
DF80
0880
EF80
ENDCHAR
STARTCHAR u7EEB.zh_hant
ENCODING 32491
SWIDTH 1000 0
DWIDTH 10 0
BBX 9 9 0 -1
BITMAP
2200
5F80
8200
DF80
4900
9680
E900
0600
D980
ENDCHAR
STARTCHAR u7EED
ENCODING 32493
SWIDTH 1000 0
DWIDTH 10 0
BBX 9 9 0 -1
BITMAP
4200
4F80
8200
EF80
4480
EA00
1F80
2500
D880
ENDCHAR
STARTCHAR u7EEE.zh_hant
ENCODING 32494
SWIDTH 1000 0
DWIDTH 10 0
BBX 9 9 0 -1
BITMAP
2200
4F80
8200
E500
4880
9F80
EA80
0E80
E180
ENDCHAR
STARTCHAR u7EEF.zh_hant
ENCODING 32495
SWIDTH 1000 0
DWIDTH 10 0
BBX 9 9 0 -1
BITMAP
2A00
5B80
8A00
EB80
5A00
8A00
EB80
1A00
EA00
ENDCHAR
STARTCHAR u7EF0.zh_hant
ENCODING 32496
SWIDTH 1000 0
DWIDTH 10 0
BBX 9 9 0 -1
BITMAP
2400
4780
8400
EF80
4880
8F80
E200
1F80
E200
ENDCHAR
STARTCHAR u7EF3.zh_hant
ENCODING 32499
SWIDTH 1000 0
DWIDTH 10 0
BBX 9 9 0 -1
BITMAP
2F00
4900
8F80
EA80
4F80
8A80
EF80
0200
E380
ENDCHAR
STARTCHAR u7EF4.zh_hant
ENCODING 32500
SWIDTH 1000 0
DWIDTH 10 0
BBX 9 9 0 -1
BITMAP
2500
4F80
9900
EF80
4900
8F80
E900
0900
EF80
ENDCHAR
STARTCHAR u7EF5.zh_hant
ENCODING 32501
SWIDTH 1000 0
DWIDTH 10 0
BBX 9 9 0 -1
BITMAP
2400
4F80
8880
EF80
4880
8F80
EA80
0B80
E200
ENDCHAR
STARTCHAR u7EF7.zh_hant
ENCODING 32503
SWIDTH 1000 0
DWIDTH 10 0
BBX 9 9 0 -1
BITMAP
2F80
4A80
8F80
EA80
4A80
8F80
EA80
0A80
D580
ENDCHAR
STARTCHAR u7EF8.zh_hant
ENCODING 32504
SWIDTH 1000 0
DWIDTH 10 0
BBX 9 9 0 -1
BITMAP
5F80
5480
9F80
F480
5F80
9080
FE80
1280
FE80
ENDCHAR
STARTCHAR u7EFC.zh_hant
ENCODING 32508
SWIDTH 1000 0
DWIDTH 10 0
BBX 9 9 0 -1
BITMAP
2200
5F80
9080
EF00
4000
9F80
EA00
1300
E680
ENDCHAR
STARTCHAR u7EFD.zh_hant
ENCODING 32509
SWIDTH 1000 0
DWIDTH 10 0
BBX 9 9 0 -1
BITMAP
2400
5F80
9080
EF00
4200
8B80
EA00
0A00
F780
ENDCHAR
STARTCHAR u7EFF.zh_hant
ENCODING 32511
SWIDTH 1000 0
DWIDTH 10 0
BBX 9 9 0 -1
BITMAP
2F00
4100
9F80
E200
5A80
8700
EA80
1280
E600
ENDCHAR
STARTCHAR u7F00.zh_hant
ENCODING 32512
SWIDTH 1000 0
DWIDTH 10 0
BBX 9 9 0 -1
BITMAP
3B80
4A80
9100
EA80
4000
BB80
EA80
1100
EA80
ENDCHAR
STARTCHAR u7F03.zh_hant
ENCODING 32515
SWIDTH 1000 0
DWIDTH 10 0
BBX 9 9 0 -1
BITMAP
2B80
4A80
9F80
EA80
4A80
9B80
EE80
0A80
EB80
ENDCHAR
STARTCHAR u7F04.zh_hant
ENCODING 32516
SWIDTH 1000 0
DWIDTH 10 0
BBX 9 9 0 -1
BITMAP
2280
5F80
9200
FE80
5680
9500
FD00
1280
E480
ENDCHAR
STARTCHAR u7F05.zh_hant
ENCODING 32517
SWIDTH 1000 0
DWIDTH 10 0
BBX 9 9 0 -1
BITMAP
2F80
4400
8F80
EA80
4A80
8E80
EA80
0A80
EF80
ENDCHAR
STARTCHAR u7F06.zh_hant
ENCODING 32518
SWIDTH 1000 0
DWIDTH 10 0
BBX 9 9 0 -1
BITMAP
5500
5580
9600
F580
4F00
8900
EB00
0280
ED80
ENDCHAR
STARTCHAR u7F07.zh_hant
ENCODING 32519
SWIDTH 1000 0
DWIDTH 10 0
BBX 9 9 0 -1
BITMAP
2F80
4880
8F80
E880
5F80
8200
EB80
0E00
F180
ENDCHAR
STARTCHAR u7F08.zh_hant
ENCODING 32520
SWIDTH 1000 0
DWIDTH 10 0
BBX 9 9 0 -1
BITMAP
2100
5D00
9580
FD00
5500
9F00
F480
1D00
E200
ENDCHAR
STARTCHAR u7F09.zh_hant
ENCODING 32521
SWIDTH 1000 0
DWIDTH 10 0
BBX 9 9 0 -1
BITMAP
2F80
4880
8F80
E000
5F80
8880
EF80
1880
E080
ENDCHAR
STARTCHAR u7F0E.zh_hant
ENCODING 32526
SWIDTH 1000 0
DWIDTH 10 0
BBX 9 9 0 -1
BITMAP
5F80
5280
9E80
F280
5C00
9380
FE80
1100
F680
ENDCHAR
STARTCHAR u7F0F.zh_hant
ENCODING 32527
SWIDTH 1000 0
DWIDTH 10 0
BBX 9 9 0 -1
BITMAP
2F80
4A00
9780
EA80
4F80
8A80
EF80
0A00
ED80
ENDCHAR
STARTCHAR u7F13.zh_hant
ENCODING 32531
SWIDTH 1000 0
DWIDTH 10 0
BBX 9 9 0 -1
BITMAP
5F80
4A80
8100
EF80
4400
9F80
E900
0E00
D180
ENDCHAR
STARTCHAR u7F14.zh_hant
ENCODING 32532
SWIDTH 1000 0
DWIDTH 10 0
BBX 9 9 0 -1
BITMAP
2200
5F80
8900
FF80
5280
8F80
EA80
0B80
E200
ENDCHAR
STARTCHAR u7F15.zh_hant
ENCODING 32533
SWIDTH 1000 0
DWIDTH 10 0
BBX 9 9 0 -1
BITMAP
2A80
4A00
9F80
E600
4A80
9F80
E900
0700
D880
ENDCHAR
STARTCHAR u7F16.zh_hant
ENCODING 32534
SWIDTH 1000 0
DWIDTH 10 0
BBX 9 9 0 -1
BITMAP
2200
4F80
8880
EF80
4800
8F80
EA80
0F80
EA80
ENDCHAR
STARTCHAR u7F18.zh_hant
ENCODING 32536
SWIDTH 1000 0
DWIDTH 10 0
BBX 9 9 0 -1
BITMAP
2780
4900
8F80
E200
4D00
8380
ED00
0380
ED00
ENDCHAR
STARTCHAR u7F19.zh_hant
ENCODING 32537
SWIDTH 1000 0
DWIDTH 10 0
BBX 9 9 0 -1
BITMAP
2F80
4500
8D80
E500
5F80
8880
EF80
0880
EF80
ENDCHAR
STARTCHAR u7F1A.zh_hant
ENCODING 32538
SWIDTH 1000 0
DWIDTH 10 0
BBX 9 9 0 -1
BITMAP
2280
5F80
8A80
EF80
4A80
9F80
E080
0880
E580
ENDCHAR
STARTCHAR u7F1C
ENCODING 32540
SWIDTH 1000 0
DWIDTH 10 0
BBX 9 9 0 -1
BITMAP
4F00
8200
EF00
4900
8F00
E900
1F80
6900
9080
ENDCHAR
STARTCHAR u7F1D.zh_hant
ENCODING 32541
SWIDTH 1000 0
DWIDTH 10 0
BBX 9 9 0 -1
BITMAP
5780
4880
8500
E780
5900
8F80
E900
1400
F380
ENDCHAR
STARTCHAR u7F20.zh_hant
ENCODING 32544
SWIDTH 1000 0
DWIDTH 10 0
BBX 9 9 0 -1
BITMAP
4200
5F80
9000
FF80
4A80
9A80
EF80
1200
EF80
ENDCHAR
STARTCHAR u7F21.zh_hant
ENCODING 32545
SWIDTH 1000 0
DWIDTH 10 0
BBX 9 9 0 -1
BITMAP
2200
4F80
8500
EA80
4F80
8400
DF80
1480
D680
ENDCHAR
STARTCHAR u7F24.zh_hant
ENCODING 32548
SWIDTH 1000 0
DWIDTH 10 0
BBX 9 9 0 -1
BITMAP
2200
5F80
9080
EF00
4800
8F00
E900
1F80
E900
ENDCHAR
STARTCHAR u7F26.zh_hant
ENCODING 32550
SWIDTH 1000 0
DWIDTH 10 0
BBX 9 9 0 -1
BITMAP
4F00
8900
E900
3F80
4A80
FF80
0900
6600
9980
ENDCHAR
STARTCHAR u7F28.zh_hant
ENCODING 32552
SWIDTH 1000 0
DWIDTH 10 0
BBX 9 9 0 -1
BITMAP
3B80
4A80
9980
EA80
4400
9F80
E900
0600
D980
ENDCHAR
STARTCHAR u7F29.zh_hant
ENCODING 32553
SWIDTH 1000 0
DWIDTH 10 0
BBX 9 9 0 -1
BITMAP
2400
5F80
8A80
EA00
5780
9480
F780
1480
F780
ENDCHAR
STARTCHAR u7F2A.zh_hant
ENCODING 32554
SWIDTH 1000 0
DWIDTH 10 0
BBX 9 9 0 -1
BITMAP
2D80
5680
8D80
F680
4900
9280
EC00
0180
EE00
ENDCHAR
STARTCHAR u7F2B.zh_hant
ENCODING 32555
SWIDTH 1000 0
DWIDTH 10 0
BBX 9 9 0 -1
BITMAP
2A80
5500
8F80
EA80
4F80
8A80
DF80
0200
EA80
ENDCHAR
STARTCHAR u7F2C.zh_hant
ENCODING 32556
SWIDTH 1000 0
DWIDTH 10 0
BBX 9 9 0 -1
BITMAP
2B80
5D00
8B80
FC80
4280
9E80
D280
1300
DE80
ENDCHAR
STARTCHAR u7F2D.zh_hant
ENCODING 32557
SWIDTH 1000 0
DWIDTH 10 0
BBX 9 9 0 -1
BITMAP
2200
5F80
8500
EF80
5880
8F80
E200
0A80
D680
ENDCHAR
STARTCHAR u7F2E.zh_hant
ENCODING 32558
SWIDTH 1000 0
DWIDTH 10 0
BBX 9 9 0 -1
BITMAP
4900
5F80
8200
DF80
4A80
9F80
E880
0880
EF80
ENDCHAR
STARTCHAR u7F30.zh_hant
ENCODING 32560
SWIDTH 1000 0
DWIDTH 10 0
BBX 9 9 0 -1
BITMAP
5F80
5280
9F80
E000
5F80
8A80
EF80
0A80
DF80
ENDCHAR
STARTCHAR u7F34.zh_hant
ENCODING 32564
SWIDTH 1000 0
DWIDTH 10 0
BBX 9 9 0 -1
BITMAP
2A00
5F80
9480
FE80
5280
9D00
F500
1680
EC80
ENDCHAR
STARTCHAR u7F36.zh_hant
ENCODING 32566
SWIDTH 1000 0
DWIDTH 10 0
BBX 9 9 0 -1
BITMAP
2000
3F00
4800
8800
FF80
0800
4900
4900
7F00
ENDCHAR
STARTCHAR u7F38.zh_hant
ENCODING 32568
SWIDTH 1000 0
DWIDTH 10 0
BBX 9 9 0 -1
BITMAP
4780
7900
A100
A100
F900
2100
A900
A900
FF80
ENDCHAR
STARTCHAR u7F3A.zh_hant
ENCODING 32570
SWIDTH 1000 0
DWIDTH 10 0
BBX 9 9 0 -1
BITMAP
4200
7F80
A280
A280
FF80
2200
A200
A500
F880
ENDCHAR
STARTCHAR u7F44.zh_hant
ENCODING 32580
SWIDTH 1000 0
DWIDTH 10 0
BBX 9 9 0 -1
BITMAP
FF00
2980
F600
A980
FF00
A800
FF80
4900
7F00
ENDCHAR
STARTCHAR u7F45.zh_hant
ENCODING 32581
SWIDTH 1000 0
DWIDTH 10 0
BBX 9 9 0 -1
BITMAP
4780
7400
AF80
AA00
FF80
2A80
A200
AF80
F200
ENDCHAR
STARTCHAR u7F50.zh_hant
ENCODING 32592
SWIDTH 1000 0
DWIDTH 10 0
BBX 9 9 0 -1
BITMAP
4F80
7500
AF80
AA80
FF80
2500
AF80
A900
FF80
ENDCHAR
STARTCHAR u7F51
ENCODING 32593
SWIDTH 1000 0
DWIDTH 10 0
BBX 9 9 0 -1
BITMAP
FF80
8080
D580
A280
A280
D580
D580
8080
8180
ENDCHAR
STARTCHAR u7F54.zh_hant
ENCODING 32596
SWIDTH 1000 0
DWIDTH 10 0
BBX 9 9 0 -1
BITMAP
FF80
9280
9480
FF80
8880
BE80
A080
BE80
8180
ENDCHAR
STARTCHAR u7F55.zh_hant
ENCODING 32597
SWIDTH 1000 0
DWIDTH 10 0
BBX 9 9 0 -1
BITMAP
FF80
9480
1400
6700
0000
7F00
0800
FF80
0800
ENDCHAR
STARTCHAR u7F57.zh_hant
ENCODING 32599
SWIDTH 1000 0
DWIDTH 10 0
BBX 8 9 0 -1
BITMAP
7F
55
7F
20
3F
D1
09
06
F8
ENDCHAR
STARTCHAR u7F58.zh_hant
ENCODING 32600
SWIDTH 1000 0
DWIDTH 10 0
BBX 9 9 0 -1
BITMAP
FF80
9480
FF80
0000
FF80
0400
1A00
E980
0800
ENDCHAR
STARTCHAR u7F5A.zh_hant
ENCODING 32602
SWIDTH 1000 0
DWIDTH 10 0
BBX 9 9 0 -1
BITMAP
7F00
5500
7F00
2080
1280
E280
2280
3880
2180
ENDCHAR
STARTCHAR u7F5F.zh_hant
ENCODING 32607
SWIDTH 1000 0
DWIDTH 10 0
BBX 9 9 0 -1
BITMAP
FF80
9480
FF80
0800
FF80
0800
7F00
4100
7F00
ENDCHAR
STARTCHAR u7F61.zh_hant
ENCODING 32609
SWIDTH 1000 0
DWIDTH 10 0
BBX 9 9 0 -1
BITMAP
7F00
5500
7F00
0000
FF80
0800
2F00
2800
FF80
ENDCHAR
STARTCHAR u7F62.zh_hant
ENCODING 32610
SWIDTH 1000 0
DWIDTH 10 0
BBX 9 9 0 -1
BITMAP
FF80
9480
FF80
0800
7F00
0800
FF80
2200
7D00
ENDCHAR
STARTCHAR u7F68.zh_hant
ENCODING 32616
SWIDTH 1000 0
DWIDTH 10 0
BBX 9 9 0 -1
BITMAP
FF80
9480
FF80
2900
7F80
C900
7F00
4880
0F80
ENDCHAR
STARTCHAR u7F69.zh_hant
ENCODING 32617
SWIDTH 1000 0
DWIDTH 10 0
BBX 9 9 0 -1
BITMAP
FF80
9480
FF80
0800
0F80
7C00
4100
FF80
0800
ENDCHAR
STARTCHAR u7F6A.zh_hant
ENCODING 32618
SWIDTH 1000 0
DWIDTH 10 0
BBX 9 9 0 -1
BITMAP
FF80
9480
FF80
1400
F780
1400
F780
1400
6400
ENDCHAR
STARTCHAR u7F6E
ENCODING 32622
SWIDTH 1000 0
DWIDTH 10 0
BBX 9 9 0 -1
BITMAP
7F00
5500
FF80
0800
7F00
4100
7F00
4100
FF80
ENDCHAR
STARTCHAR u7F72.zh_hant
ENCODING 32626
SWIDTH 1000 0
DWIDTH 10 0
BBX 9 9 0 -1
BITMAP
FF80
9480
FF80
1200
FF80
2100
7F00
A100
3F00
ENDCHAR
STARTCHAR u7F79.zh_hant
ENCODING 32633
SWIDTH 1000 0
DWIDTH 10 0
BBX 9 9 0 -1
BITMAP
FF80
9480
FF80
2500
AF80
B900
AF80
A900
2F80
ENDCHAR
STARTCHAR u7F81.zh_hant
ENCODING 32641
SWIDTH 1000 0
DWIDTH 10 0
BBX 9 9 0 -1
BITMAP
FF80
9480
FF80
5500
FF80
5080
2680
F880
2180
ENDCHAR
STARTCHAR u7F8A.zh_hant
ENCODING 32650
SWIDTH 1000 0
DWIDTH 10 0
BBX 9 9 0 -1
BITMAP
2100
2200
FF80
0800
7F00
0800
0800
FF80
0800
ENDCHAR
STARTCHAR u7F8C.zh_hant
ENCODING 32652
SWIDTH 1000 0
DWIDTH 10 0
BBX 9 9 0 -1
BITMAP
2200
FF80
0800
7F00
0800
FF80
1400
2480
C780
ENDCHAR
STARTCHAR u7F8E
ENCODING 32654
SWIDTH 1000 0
DWIDTH 10 0
BBX 9 9 0 -1
BITMAP
2200
FF80
0800
7F00
0800
FF80
0800
1400
E380
ENDCHAR
STARTCHAR u7F94.zh_hant
ENCODING 32660
SWIDTH 1000 0
DWIDTH 10 0
BBX 9 9 0 -1
BITMAP
2200
FF80
0800
7F00
0800
FF80
0000
5500
8A80
ENDCHAR
STARTCHAR u7F9A.zh_hant
ENCODING 32666
SWIDTH 1000 0
DWIDTH 10 0
BBX 9 9 0 -1
BITMAP
A700
F880
4000
EF80
4000
FF80
4480
8580
8400
ENDCHAR
STARTCHAR u7F9D.zh_hant
ENCODING 32669
SWIDTH 1000 0
DWIDTH 10 0
BBX 9 9 0 -1
BITMAP
AF80
F900
4900
EF80
4900
F880
4C80
8000
9F80
ENDCHAR
STARTCHAR u7F9E.zh_hant
ENCODING 32670
SWIDTH 1000 0
DWIDTH 10 0
BBX 9 9 0 -1
BITMAP
2200
FF80
0800
7F80
2500
FF80
4900
8900
3F80
ENDCHAR
STARTCHAR u7FA1.zh_hant
ENCODING 32673
SWIDTH 1000 0
DWIDTH 10 0
BBX 9 9 0 -1
BITMAP
2200
FF80
0800
FF80
0800
EF80
1280
2600
C980
ENDCHAR
STARTCHAR u7FA4.zh_hant
ENCODING 32676
SWIDTH 1000 0
DWIDTH 10 0
BBX 9 9 0 -1
BITMAP
F480
5500
FF80
5200
F780
4200
7F80
D200
7200
ENDCHAR
STARTCHAR u7FA7.zh_hant
ENCODING 32679
SWIDTH 1000 0
DWIDTH 10 0
BBX 9 9 0 -1
BITMAP
A400
E880
4F80
E500
5980
E700
5900
8600
9980
ENDCHAR
STARTCHAR u7FAF.zh_hant
ENCODING 32687
SWIDTH 1000 0
DWIDTH 10 0
BBX 9 9 0 -1
BITMAP
AF00
F900
4F00
E900
5F80
F480
5280
9C80
8300
ENDCHAR
STARTCHAR u7FB0.zh_hant
ENCODING 32688
SWIDTH 1000 0
DWIDTH 10 0
BBX 9 9 0 -1
BITMAP
AA80
EF80
4000
EF80
4A00
EE80
4B00
9200
A580
ENDCHAR
STARTCHAR u7FB2.zh_hant
ENCODING 32690
SWIDTH 1000 0
DWIDTH 10 0
BBX 9 9 0 -1
BITMAP
2200
FF80
0800
FF80
6A00
A780
FA80
9100
3680
ENDCHAR
STARTCHAR u7FB8.zh_hant
ENCODING 32696
SWIDTH 1000 0
DWIDTH 10 0
BBX 9 9 0 -1
BITMAP
FF80
4000
7F00
2200
F780
AA80
FE80
AA80
AA80
ENDCHAR
STARTCHAR u7FB9
ENCODING 32697
SWIDTH 1000 0
DWIDTH 10 0
BBX 9 9 0 -1
BITMAP
2200
7F00
0800
FF80
5500
2200
FF80
1400
E380
ENDCHAR
STARTCHAR u7FBC.zh_hant
ENCODING 32700
SWIDTH 1000 0
DWIDTH 10 0
BBX 9 9 0 -1
BITMAP
7F80
4080
7F80
4A00
7F80
8400
AA80
7F80
1100
ENDCHAR
STARTCHAR u7FBD.zh_hant
ENCODING 32701
SWIDTH 1000 0
DWIDTH 10 0
BBX 9 9 0 -1
BITMAP
F780
1080
9480
5280
1080
3180
5280
9480
3180
ENDCHAR
STARTCHAR u7FBF.zh_hant
ENCODING 32703
SWIDTH 1000 0
DWIDTH 10 0
BBX 9 9 0 -1
BITMAP
F780
5280
B580
5280
B580
2200
FF80
2200
C200
ENDCHAR
STARTCHAR u7FC1.zh_hant
ENCODING 32705
SWIDTH 1000 0
DWIDTH 10 0
BBX 9 9 0 -1
BITMAP
2600
5100
BE80
0000
F780
5280
B580
5280
B580
ENDCHAR
STARTCHAR u7FC5.zh_hant
ENCODING 32709
SWIDTH 1000 0
DWIDTH 10 0
BBX 9 9 0 -1
BITMAP
5F80
E480
4D80
F680
2480
AD80
5680
A000
9F80
ENDCHAR
STARTCHAR u7FCA.zh_hant
ENCODING 32714
SWIDTH 1000 0
DWIDTH 10 0
BBX 9 9 0 -1
BITMAP
5F80
4480
ED80
3680
A480
AD80
B680
2480
ED80
ENDCHAR
STARTCHAR u7FCC.zh_hant
ENCODING 32716
SWIDTH 1000 0
DWIDTH 10 0
BBX 9 9 0 -1
BITMAP
F780
5280
B580
5280
B580
0800
7F00
2200
FF80
ENDCHAR
STARTCHAR u7FCE.zh_hant
ENCODING 32718
SWIDTH 1000 0
DWIDTH 10 0
BBX 9 9 0 -1
BITMAP
6F80
9480
0D80
F680
0D80
F680
5480
5480
4D80
ENDCHAR
STARTCHAR u7FD4.zh_hant
ENCODING 32724
SWIDTH 1000 0
DWIDTH 10 0
BBX 9 9 0 -1
BITMAP
AF80
E480
4D80
F680
4480
ED80
5680
8480
8D80
ENDCHAR
STARTCHAR u7FD5.zh_hant
ENCODING 32725
SWIDTH 1000 0
DWIDTH 10 0
BBX 9 9 0 -1
BITMAP
3E00
4100
BE80
2200
FF80
5280
B580
5280
B580
ENDCHAR
STARTCHAR u7FD8.zh_hant
ENCODING 32728
SWIDTH 1000 0
DWIDTH 10 0
BBX 9 9 0 -1
BITMAP
4D80
F680
5D80
B680
5C80
F580
5400
5080
8F80
ENDCHAR
STARTCHAR u7FDF.zh_hant
ENCODING 32735
SWIDTH 1000 0
DWIDTH 10 0
BBX 9 9 0 -1
BITMAP
F780
5280
9480
2400
7F80
C400
7F80
4400
7F80
ENDCHAR
STARTCHAR u7FE0.zh_hant
ENCODING 32736
SWIDTH 1000 0
DWIDTH 10 0
BBX 9 9 0 -1
BITMAP
F780
5280
B580
5280
7F00
2200
5500
FF80
0800
ENDCHAR
STARTCHAR u7FE1.zh_hant
ENCODING 32737
SWIDTH 1000 0
DWIDTH 10 0
BBX 9 9 0 -1
BITMAP
1400
F780
1400
F780
2400
F780
5280
B580
5A80
ENDCHAR
STARTCHAR u7FE5.zh_hant
ENCODING 32741
SWIDTH 1000 0
DWIDTH 10 0
BBX 9 9 0 -1
BITMAP
1080
7F00
1200
FF80
5100
FF80
B580
5280
B580
ENDCHAR
STARTCHAR u7FE6.zh_hant
ENCODING 32742
SWIDTH 1000 0
DWIDTH 10 0
BBX 9 9 0 -1
BITMAP
2400
FF80
4900
6900
5900
F780
5280
B580
5A80
ENDCHAR
STARTCHAR u7FE9.zh_hant
ENCODING 32745
SWIDTH 1000 0
DWIDTH 10 0
BBX 9 9 0 -1
BITMAP
FF80
0480
FD80
9680
F480
AD80
F680
A480
AD80
ENDCHAR
STARTCHAR u7FEE.zh_hant
ENCODING 32750
SWIDTH 1000 0
DWIDTH 10 0
BBX 9 9 0 -1
BITMAP
FF80
0280
FA80
8F80
FA80
AA80
DF80
AA80
AA80
ENDCHAR
STARTCHAR u7FF0.zh_hant
ENCODING 32752
SWIDTH 1000 0
DWIDTH 10 0
BBX 9 9 0 -1
BITMAP
4F00
F080
5F80
E480
AD80
F680
AD80
F680
4D80
ENDCHAR
STARTCHAR u7FF1.zh_hant
ENCODING 32753
SWIDTH 1000 0
DWIDTH 10 0
BBX 9 9 0 -1
BITMAP
4780
FA80
8A80
FF80
8A80
FA80
5780
AA80
2280
ENDCHAR
STARTCHAR u7FF3.zh_hant
ENCODING 32755
SWIDTH 1000 0
DWIDTH 10 0
BBX 9 9 0 -1
BITMAP
F780
A480
BA80
D300
AC80
F780
5280
B580
5A80
ENDCHAR
STARTCHAR u7FFB
ENCODING 32763
SWIDTH 1000 0
DWIDTH 10 0
BBX 9 9 0 -1
BITMAP
F780
AA80
FE80
6B80
FA80
AB80
FE80
AA80
FA80
ENDCHAR
STARTCHAR u7FFC.zh_hant
ENCODING 32764
SWIDTH 1000 0
DWIDTH 10 0
BBX 9 9 0 -1
BITMAP
F780
5280
9480
7F00
4900
FF80
2200
FF80
4100
ENDCHAR
STARTCHAR u8000.zh_hant
ENCODING 32768
SWIDTH 1000 0
DWIDTH 10 0
BBX 9 9 0 -1
BITMAP
2D80
B680
AD80
2480
FF80
5200
5F80
9200
9F80
ENDCHAR
STARTCHAR u8001.zh_hant
ENCODING 32769
SWIDTH 1000 0
DWIDTH 10 0
BBX 9 9 0 -1
BITMAP
0800
7F80
0900
0A00
FF80
1000
3F00
5080
1F80
ENDCHAR
STARTCHAR u8003.zh_hant
ENCODING 32771
SWIDTH 1000 0
DWIDTH 10 0
BBX 9 9 0 -1
BITMAP
0800
7F80
0900
0A00
FF80
3000
5F00
8100
0E00
ENDCHAR
STARTCHAR u8004.zh_hant
ENCODING 32772
SWIDTH 1000 0
DWIDTH 10 0
BBX 9 9 0 -1
BITMAP
1000
7F00
1200
FF80
5200
F480
1F80
F000
1F80
ENDCHAR
STARTCHAR u8005
ENCODING 32773
SWIDTH 1000 0
DWIDTH 10 0
BBX 9 9 0 -1
BITMAP
1000
7D00
1200
1400
FF80
2100
7F00
A100
3F00
ENDCHAR
STARTCHAR u8006.zh_hant
ENCODING 32774
SWIDTH 1000 0
DWIDTH 10 0
BBX 9 9 0 -1
BITMAP
1000
7F00
1200
FF80
5200
9480
7F80
4100
7F00
ENDCHAR
STARTCHAR u800B.zh_hant
ENCODING 32779
SWIDTH 1000 0
DWIDTH 10 0
BBX 9 9 0 -1
BITMAP
1000
7F00
1200
FF80
5400
9380
7E00
0800
FF80
ENDCHAR
STARTCHAR u800C
ENCODING 32780
SWIDTH 1000 0
DWIDTH 10 0
BBX 9 9 0 -1
BITMAP
FF80
0800
1000
FF80
9480
9480
9480
9480
9580
ENDCHAR
STARTCHAR u800D.zh_hant
ENCODING 32781
SWIDTH 1000 0
DWIDTH 10 0
BBX 9 9 0 -1
BITMAP
FF80
0800
FF80
9280
2000
FF80
2200
1C00
E380
ENDCHAR
STARTCHAR u8010.zh_hant
ENCODING 32784
SWIDTH 1000 0
DWIDTH 10 0
BBX 9 9 0 -1
BITMAP
FC80
2080
FF80
A880
AC80
AA80
A880
A880
A980
ENDCHAR
STARTCHAR u8012.zh_hant
ENCODING 32786
SWIDTH 1000 0
DWIDTH 10 0
BBX 9 9 0 -1
BITMAP
0F00
7800
0800
7F00
0800
FF80
1800
2A00
C980
ENDCHAR
STARTCHAR u8014.zh_hant
ENCODING 32788
SWIDTH 1000 0
DWIDTH 10 0
BBX 9 9 0 -1
BITMAP
2F80
F080
2100
F200
2F80
F200
2200
7200
A600
ENDCHAR
STARTCHAR u8015.zh_hant
ENCODING 32789
SWIDTH 1000 0
DWIDTH 10 0
BBX 9 9 0 -1
BITMAP
2500
F500
2F80
F500
2500
FF80
2500
6900
B100
ENDCHAR
STARTCHAR u8016.zh_hant
ENCODING 32790
SWIDTH 1000 0
DWIDTH 10 0
BBX 9 9 0 -1
BITMAP
2200
F280
2A80
FA80
2200
F600
2080
7300
AC00
ENDCHAR
STARTCHAR u8017.zh_hant
ENCODING 32791
SWIDTH 1000 0
DWIDTH 10 0
BBX 9 9 0 -1
BITMAP
2180
FE00
2200
F380
2E00
F380
2E00
7280
A380
ENDCHAR
STARTCHAR u8018.zh_hant
ENCODING 32792
SWIDTH 1000 0
DWIDTH 10 0
BBX 9 9 0 -1
BITMAP
3780
E000
2000
FF80
2200
F200
2480
7480
AF80
ENDCHAR
STARTCHAR u8019.zh_hant
ENCODING 32793
SWIDTH 1000 0
DWIDTH 10 0
BBX 9 9 0 -1
BITMAP
3F80
EA80
2A80
FA80
2F80
F800
2800
7880
AF80
ENDCHAR
STARTCHAR u801C.zh_hant
ENCODING 32796
SWIDTH 1000 0
DWIDTH 10 0
BBX 9 9 0 -1
BITMAP
3780
E480
2480
F780
2400
FF80
2480
7480
A780
ENDCHAR
STARTCHAR u8020.zh_hant
ENCODING 32800
SWIDTH 1000 0
DWIDTH 10 0
BBX 9 9 0 -1
BITMAP
2700
F880
2000
F780
2000
F780
2480
7480
A780
ENDCHAR
STARTCHAR u8022.zh_hant
ENCODING 32802
SWIDTH 1000 0
DWIDTH 10 0
BBX 9 9 0 -1
BITMAP
2500
FF80
2500
FF80
2A80
F780
2280
7480
AB00
ENDCHAR
STARTCHAR u8025.zh_hant
ENCODING 32805
SWIDTH 1000 0
DWIDTH 10 0
BBX 9 9 0 -1
BITMAP
1200
EA80
2680
7200
2F80
FA80
2E80
7880
A980
ENDCHAR
STARTCHAR u8026.zh_hant
ENCODING 32806
SWIDTH 1000 0
DWIDTH 10 0
BBX 9 9 0 -1
BITMAP
3F80
EA80
2F80
FA80
2F80
F400
2F80
7480
A680
ENDCHAR
STARTCHAR u8027.zh_hant
ENCODING 32807
SWIDTH 1000 0
DWIDTH 10 0
BBX 9 9 0 -1
BITMAP
2A80
FA00
2F80
F600
2A80
FF80
2500
7600
A980
ENDCHAR
STARTCHAR u8028.zh_hant
ENCODING 32808
SWIDTH 1000 0
DWIDTH 10 0
BBX 9 9 0 -1
BITMAP
3F80
E800
2F80
F500
2680
F900
2F80
7100
AB00
ENDCHAR
STARTCHAR u8029.zh_hant
ENCODING 32809
SWIDTH 1000 0
DWIDTH 10 0
BBX 9 9 0 -1
BITMAP
2500
EF80
2500
FF80
2A80
FF80
2A80
7F80
A880
ENDCHAR
STARTCHAR u802A.zh_hant
ENCODING 32810
SWIDTH 1000 0
DWIDTH 10 0
BBX 9 9 0 -1
BITMAP
2400
FF80
2900
E900
3F80
E480
3F80
6880
B300
ENDCHAR
STARTCHAR u8033.zh_hant
ENCODING 32819
SWIDTH 1000 0
DWIDTH 10 0
BBX 9 9 0 -1
BITMAP
FF80
2100
3F00
2100
3F00
2180
3F00
C100
0100
ENDCHAR
STARTCHAR u8036.zh_hant
ENCODING 32822
SWIDTH 1000 0
DWIDTH 10 0
BBX 9 9 0 -1
BITMAP
FF80
9480
F500
9600
F500
9480
9480
F700
1400
ENDCHAR
STARTCHAR u8037.zh_hant
ENCODING 32823
SWIDTH 1000 0
DWIDTH 10 0
BBX 9 9 0 -1
BITMAP
0800
FF80
1400
2200
FF80
2200
2200
FF80
0200
ENDCHAR
STARTCHAR u8038.zh_hant
ENCODING 32824
SWIDTH 1000 0
DWIDTH 10 0
BBX 9 9 0 -1
BITMAP
2200
2200
5500
FF80
2200
3E00
2200
FF80
0200
ENDCHAR
STARTCHAR u803B.zh_hant
ENCODING 32827
SWIDTH 1000 0
DWIDTH 10 0
BBX 9 9 0 -1
BITMAP
F200
A200
AA00
EB80
AA00
AA00
EA00
AA00
3F80
ENDCHAR
STARTCHAR u803D.zh_hant
ENCODING 32829
SWIDTH 1000 0
DWIDTH 10 0
BBX 9 9 0 -1
BITMAP
F200
AF80
AA80
EA80
A300
A500
E500
A900
2980
ENDCHAR
STARTCHAR u803F.zh_hant
ENCODING 32831
SWIDTH 1000 0
DWIDTH 10 0
BBX 9 9 0 -1
BITMAP
F200
A280
AA80
EA80
AB00
A200
E200
A500
3880
ENDCHAR
STARTCHAR u8042.zh_hant
ENCODING 32834
SWIDTH 1000 0
DWIDTH 10 0
BBX 9 9 0 -1
BITMAP
FF80
2900
2500
FF80
0100
F780
5280
2100
D680
ENDCHAR
STARTCHAR u8043.zh_hant
ENCODING 32835
SWIDTH 1000 0
DWIDTH 10 0
BBX 9 9 0 -1
BITMAP
F200
AF80
EA80
AF80
EA80
AA80
BF80
E880
2980
ENDCHAR
STARTCHAR u8046.zh_hant
ENCODING 32838
SWIDTH 1000 0
DWIDTH 10 0
BBX 9 9 0 -1
BITMAP
F700
A880
A000
EF80
A000
AF80
E480
A580
2400
ENDCHAR
STARTCHAR u804A.zh_hant
ENCODING 32842
SWIDTH 1000 0
DWIDTH 10 0
BBX 9 9 0 -1
BITMAP
FB80
A280
AA80
EA80
AA80
AA80
FA80
AB80
2A00
ENDCHAR
STARTCHAR u804B.zh_hant
ENCODING 32843
SWIDTH 1000 0
DWIDTH 10 0
BBX 9 9 0 -1
BITMAP
1100
FF80
2200
7E80
A380
3E00
2200
FF80
0200
ENDCHAR
STARTCHAR u804C
ENCODING 32844
SWIDTH 1000 0
DWIDTH 10 0
BBX 9 9 0 -1
BITMAP
FF80
5480
7480
5480
7780
5000
7D00
D480
1880
ENDCHAR
STARTCHAR u804D.zh_hant
ENCODING 32845
SWIDTH 1000 0
DWIDTH 10 0
BBX 9 9 0 -1
BITMAP
F200
AF80
E880
A000
EF80
A200
A200
E200
2600
ENDCHAR
STARTCHAR u8052.zh_hant
ENCODING 32850
SWIDTH 1000 0
DWIDTH 10 0
BBX 9 9 0 -1
BITMAP
F180
AE00
A200
FF80
A200
AF80
E880
A880
2F80
ENDCHAR
STARTCHAR u8054.zh_hant
ENCODING 32852
SWIDTH 1000 0
DWIDTH 10 0
BBX 9 9 0 -1
BITMAP
F480
5500
7F80
5200
7F80
5200
7500
D500
1880
ENDCHAR
STARTCHAR u8058.zh_hant
ENCODING 32856
SWIDTH 1000 0
DWIDTH 10 0
BBX 9 9 0 -1
BITMAP
F200
AF80
AA80
EA80
BF80
A400
EF80
A880
2300
ENDCHAR
STARTCHAR u805A.zh_hant
ENCODING 32858
SWIDTH 1000 0
DWIDTH 10 0
BBX 9 9 0 -1
BITMAP
FF80
5080
5500
F600
1980
4C00
9A80
2900
C880
ENDCHAR
STARTCHAR u806A.zh_hant
ENCODING 32874
SWIDTH 1000 0
DWIDTH 10 0
BBX 9 9 0 -1
BITMAP
E500
AF80
E880
A880
EF80
A200
A900
F480
2380
ENDCHAR
STARTCHAR u8071.zh_hant
ENCODING 32881
SWIDTH 1000 0
DWIDTH 10 0
BBX 9 9 0 -1
BITMAP
2400
F780
2900
FF00
5280
FF80
2100
3F80
C100
ENDCHAR
STARTCHAR u807F.zh_hant
ENCODING 32895
SWIDTH 1000 0
DWIDTH 10 0
BBX 9 9 0 -1
BITMAP
0800
7F00
0900
FF80
0900
7F00
0800
FF80
0800
ENDCHAR
STARTCHAR u8083.zh_hant
ENCODING 32899
SWIDTH 1000 0
DWIDTH 10 0
BBX 9 9 0 -1
BITMAP
0800
7F00
0980
7F00
0800
4880
5A80
A980
8880
ENDCHAR
STARTCHAR u8084.zh_hant
ENCODING 32900
SWIDTH 1000 0
DWIDTH 10 0
BBX 9 9 0 -1
BITMAP
8200
EF80
8280
FF80
A280
FF80
A200
5F80
9200
ENDCHAR
STARTCHAR u8086.zh_hant
ENCODING 32902
SWIDTH 1000 0
DWIDTH 10 0
BBX 9 9 0 -1
BITMAP
F200
8F80
E280
8F80
F280
8F80
A200
9F80
F200
ENDCHAR
STARTCHAR u8087.zh_hant
ENCODING 32903
SWIDTH 1000 0
DWIDTH 10 0
BBX 9 9 0 -1
BITMAP
F780
5C80
5300
7E80
8A00
BF80
0A00
FF80
0800
ENDCHAR
STARTCHAR u8089.zh_hant
ENCODING 32905
SWIDTH 1000 0
DWIDTH 10 0
BBX 9 9 0 -1
BITMAP
0800
FF80
9480
A280
C980
8880
9480
A280
8180
ENDCHAR
STARTCHAR u808B.zh_hant
ENCODING 32907
SWIDTH 1000 0
DWIDTH 10 0
BBX 9 9 0 -1
BITMAP
F200
9200
FF80
9280
9280
F480
9480
9080
B300
ENDCHAR
STARTCHAR u808C.zh_hant
ENCODING 32908
SWIDTH 1000 0
DWIDTH 10 0
BBX 9 9 0 -1
BITMAP
EF00
A900
E900
A900
A900
E900
A900
A900
A980
ENDCHAR
STARTCHAR u8093.zh_hant
ENCODING 32915
SWIDTH 1000 0
DWIDTH 10 0
BBX 9 9 0 -1
BITMAP
0800
FF80
8000
FF80
4100
7F00
4100
7F00
4100
ENDCHAR
STARTCHAR u8096.zh_hant
ENCODING 32918
SWIDTH 1000 0
DWIDTH 10 0
BBX 8 9 1 -1
BITMAP
10
91
52
14
FF
81
FF
81
83
ENDCHAR
STARTCHAR u8098.zh_hant
ENCODING 32920
SWIDTH 1000 0
DWIDTH 10 0
BBX 9 9 0 -1
BITMAP
E100
A100
FF80
A100
A900
E500
A100
A100
A300
ENDCHAR
STARTCHAR u809A.zh_hant
ENCODING 32922
SWIDTH 1000 0
DWIDTH 10 0
BBX 9 9 0 -1
BITMAP
F200
9200
F200
9F80
9200
F200
9200
9200
BF80
ENDCHAR
STARTCHAR u809B.zh_hant
ENCODING 32923
SWIDTH 1000 0
DWIDTH 10 0
BBX 9 9 0 -1
BITMAP
FF80
9200
F200
9200
9200
F200
9200
9200
BF80
ENDCHAR
STARTCHAR u809D.zh_hant
ENCODING 32925
SWIDTH 1000 0
DWIDTH 10 0
BBX 9 9 0 -1
BITMAP
FF80
9200
F200
9200
9F80
F200
9200
9200
B200
ENDCHAR
STARTCHAR u80A0.zh_hant
ENCODING 32928
SWIDTH 1000 0
DWIDTH 10 0
BBX 9 9 0 -1
BITMAP
EF00
A100
E200
BF80
AA80
EA80
AA80
B480
A500
ENDCHAR
STARTCHAR u80A1.zh_hant
ENCODING 32929
SWIDTH 1000 0
DWIDTH 10 0
BBX 9 9 0 -1
BITMAP
EF00
A900
E900
A980
B000
EF80
A900
A600
B980
ENDCHAR
STARTCHAR u80A2.zh_hant
ENCODING 32930
SWIDTH 1000 0
DWIDTH 10 0
BBX 9 9 0 -1
BITMAP
E200
BF80
E200
A200
BF80
E880
A900
A600
B980
ENDCHAR
STARTCHAR u80A4.zh_hant
ENCODING 32932
SWIDTH 1000 0
DWIDTH 10 0
BBX 9 9 0 -1
BITMAP
E200
AF80
E200
A200
BF80
E200
A500
A880
B080
ENDCHAR
STARTCHAR u80A5
ENCODING 32933
SWIDTH 1000 0
DWIDTH 10 0
BBX 9 9 0 -1
BITMAP
EF80
AA80
EA80
AA80
AF80
E800
A800
A880
A780
ENDCHAR
STARTCHAR u80A9.zh_hans
ENCODING 32937
SWIDTH 1000 0
DWIDTH 10 0
BBX 9 9 0 -1
BITMAP
0800
7F80
4080
7F80
4000
7F80
6080
BF80
2080
ENDCHAR
STARTCHAR u80AA.zh_hant
ENCODING 32938
SWIDTH 1000 0
DWIDTH 10 0
BBX 9 9 0 -1
BITMAP
E200
BF80
E400
A400
A780
E480
A880
A880
A300
ENDCHAR
STARTCHAR u80AB.zh_hant
ENCODING 32939
SWIDTH 1000 0
DWIDTH 10 0
BBX 9 9 0 -1
BITMAP
E200
AF80
E200
AA80
AA80
EF80
A200
A280
A380
ENDCHAR
STARTCHAR u80AD.zh_hant
ENCODING 32941
SWIDTH 1000 0
DWIDTH 10 0
BBX 9 9 0 -1
BITMAP
E200
AF80
EA80
AA80
AA80
ED80
A880
A880
A980
ENDCHAR
STARTCHAR u80AE.zh_hant
ENCODING 32942
SWIDTH 1000 0
DWIDTH 10 0
BBX 9 9 0 -1
BITMAP
E200
AF80
E000
A700
A500
E500
A500
A900
A980
ENDCHAR
STARTCHAR u80AF
ENCODING 32943
SWIDTH 1000 0
DWIDTH 10 0
BBX 9 9 0 -1
BITMAP
0800
4F00
4800
FF80
4100
7F00
4100
7F00
4100
ENDCHAR
STARTCHAR u80B1.zh_hant
ENCODING 32945
SWIDTH 1000 0
DWIDTH 10 0
BBX 9 9 0 -1
BITMAP
E200
BF80
E400
A500
A900
EA00
B280
A480
A780
ENDCHAR
STARTCHAR u80B2.zh_hant
ENCODING 32946
SWIDTH 1000 0
DWIDTH 10 0
BBX 9 9 0 -1
BITMAP
0800
FF80
2200
FF00
4180
7F00
4100
7F00
4100
ENDCHAR
STARTCHAR u80B4.zh_hant
ENCODING 32948
SWIDTH 1000 0
DWIDTH 10 0
BBX 9 9 0 -1
BITMAP
6300
1C00
2200
FF80
2100
7F00
A100
3F00
2100
ENDCHAR
STARTCHAR u80BA.zh_hant
ENCODING 32954
SWIDTH 1000 0
DWIDTH 10 0
BBX 9 9 0 -1
BITMAP
E400
BF80
E400
BF80
A480
E480
A480
A580
A400
ENDCHAR
STARTCHAR u80BD.zh_hant
ENCODING 32957
SWIDTH 1000 0
DWIDTH 10 0
BBX 9 9 0 -1
BITMAP
E200
A200
EF80
A200
A500
E500
A880
AA80
B280
ENDCHAR
STARTCHAR u80BE.zh_hant
ENCODING 32958
SWIDTH 1000 0
DWIDTH 10 0
BBX 9 9 0 -1
BITMAP
9780
9480
9300
9480
7F00
4100
7F00
4100
4300
ENDCHAR
STARTCHAR u80BF.zh_hant
ENCODING 32959
SWIDTH 1000 0
DWIDTH 10 0
BBX 9 9 0 -1
BITMAP
E200
A200
EF80
AA80
AA80
EA80
AF80
A200
A200
ENDCHAR
STARTCHAR u80C0.zh_hant
ENCODING 32960
SWIDTH 1000 0
DWIDTH 10 0
BBX 9 9 0 -1
BITMAP
E480
A500
E600
A400
AF80
E500
A500
A480
AE80
ENDCHAR
STARTCHAR u80C1.zh_hant
ENCODING 32961
SWIDTH 1000 0
DWIDTH 10 0
BBX 9 9 0 -1
BITMAP
E400
A400
FF00
A500
A500
F580
A900
A900
AB00
ENDCHAR
STARTCHAR u80C3.zh_hant
ENCODING 32963
SWIDTH 1000 0
DWIDTH 10 0
BBX 8 9 1 -1
BITMAP
FF
91
FF
91
FF
42
7E
42
46
ENDCHAR
STARTCHAR u80C4.zh_hant
ENCODING 32964
SWIDTH 1000 0
DWIDTH 10 0
BBX 8 9 1 -1
BITMAP
10
FF
91
FF
91
FF
42
7E
42
ENDCHAR
STARTCHAR u80C6.zh_hant
ENCODING 32966
SWIDTH 1000 0
DWIDTH 10 0
BBX 9 9 0 -1
BITMAP
EF80
A880
E880
AF80
A880
E880
AF80
A000
AF80
ENDCHAR
STARTCHAR u80CC.zh_hant
ENCODING 32972
SWIDTH 1000 0
DWIDTH 10 0
BBX 9 9 0 -1
BITMAP
2480
E700
2400
3F80
C100
7F00
4100
7F00
4100
ENDCHAR
STARTCHAR u80CE.zh_hant
ENCODING 32974
SWIDTH 1000 0
DWIDTH 10 0
BBX 9 9 0 -1
BITMAP
E400
A880
E880
AF80
A000
EF80
A880
A880
AF80
ENDCHAR
STARTCHAR u80D6.zh_hant
ENCODING 32982
SWIDTH 1000 0
DWIDTH 10 0
BBX 9 9 0 -1
BITMAP
E200
AB00
F280
A200
AF80
E200
AF80
A200
A200
ENDCHAR
STARTCHAR u80D7.zh_hant
ENCODING 32983
SWIDTH 1000 0
DWIDTH 10 0
BBX 9 9 0 -1
BITMAP
E700
A880
F300
AC00
A300
EC00
A080
A300
AC00
ENDCHAR
STARTCHAR u80D9.zh_hant
ENCODING 32985
SWIDTH 1000 0
DWIDTH 10 0
BBX 9 9 0 -1
BITMAP
E800
AF80
F400
A780
A400
E400
A780
A400
A400
ENDCHAR
STARTCHAR u80DA.zh_hant
ENCODING 32986
SWIDTH 1000 0
DWIDTH 10 0
BBX 9 9 0 -1
BITMAP
EF80
A100
E200
A700
AA80
F200
A200
A000
AF80
ENDCHAR
STARTCHAR u80DB.zh_hant
ENCODING 32987
SWIDTH 1000 0
DWIDTH 10 0
BBX 9 9 0 -1
BITMAP
EF80
AA80
EA80
AF80
AA80
EA80
AF80
A200
A200
ENDCHAR
STARTCHAR u80DC.zh_hant
ENCODING 32988
SWIDTH 1000 0
DWIDTH 10 0
BBX 9 9 0 -1
BITMAP
EA00
AA00
EF80
AA00
A200
EF80
A200
A200
AF80
ENDCHAR
STARTCHAR u80DD.zh_hant
ENCODING 32989
SWIDTH 1000 0
DWIDTH 10 0
BBX 9 9 0 -1
BITMAP
EF80
A900
E900
AF80
A900
E880
AE80
A000
AF80
ENDCHAR
STARTCHAR u80DE.zh_hant
ENCODING 32990
SWIDTH 1000 0
DWIDTH 10 0
BBX 9 9 0 -1
BITMAP
E800
AF80
F080
AE80
AA80
EE80
A800
A880
AF80
ENDCHAR
STARTCHAR u80E1.zh_hant
ENCODING 32993
SWIDTH 1000 0
DWIDTH 10 0
BBX 9 9 0 -1
BITMAP
2780
2480
FF80
2480
2480
F780
9480
9880
F180
ENDCHAR
STARTCHAR u80E4.zh_hant
ENCODING 32996
SWIDTH 1000 0
DWIDTH 10 0
BBX 9 9 0 -1
BITMAP
A500
BD00
9900
A500
BD00
A500
BD00
A480
AC80
ENDCHAR
STARTCHAR u80E5.zh_hant
ENCODING 32997
SWIDTH 1000 0
DWIDTH 10 0
BBX 9 9 0 -1
BITMAP
FF80
0880
2F00
3800
C180
7F00
4100
7F00
4100
ENDCHAR
STARTCHAR u80E7.zh_hant
ENCODING 32999
SWIDTH 1000 0
DWIDTH 10 0
BBX 9 9 0 -1
BITMAP
E480
A480
FF80
AA00
AA80
EB00
AA00
B280
A580
ENDCHAR
STARTCHAR u80ED.zh_hant
ENCODING 33005
SWIDTH 1000 0
DWIDTH 10 0
BBX 9 9 0 -1
BITMAP
EF80
AA80
EA80
AF80
AA80
EA80
AD80
A880
AF80
ENDCHAR
STARTCHAR u80EF.zh_hant
ENCODING 33007
SWIDTH 1000 0
DWIDTH 10 0
BBX 9 9 0 -1
BITMAP
E200
BF80
E500
A880
BF80
E400
AF80
A880
A300
ENDCHAR
STARTCHAR u80F0.zh_hant
ENCODING 33008
SWIDTH 1000 0
DWIDTH 10 0
BBX 9 9 0 -1
BITMAP
E200
AF80
E200
AF80
AA00
EF80
A280
A500
B880
ENDCHAR
STARTCHAR u80F1.zh_hant
ENCODING 33009
SWIDTH 1000 0
DWIDTH 10 0
BBX 9 9 0 -1
BITMAP
E200
AA80
EB00
A200
BF80
E500
A500
A900
B180
ENDCHAR
STARTCHAR u80F3.zh_hant
ENCODING 33011
SWIDTH 1000 0
DWIDTH 10 0
BBX 9 9 0 -1
BITMAP
EF80
A880
E500
A300
A480
FF80
A880
A880
AF80
ENDCHAR
STARTCHAR u80F4.zh_hant
ENCODING 33012
SWIDTH 1000 0
DWIDTH 10 0
BBX 9 9 0 -1
BITMAP
FF80
A080
EE80
A080
AE80
EA80
AA80
AE80
A180
ENDCHAR
STARTCHAR u80F6.zh_hant
ENCODING 33014
SWIDTH 1000 0
DWIDTH 10 0
BBX 9 9 0 -1
BITMAP
E400
BF80
E500
A880
B000
E900
A500
A600
B980
ENDCHAR
STARTCHAR u80F8.zh_hant
ENCODING 33016
SWIDTH 1000 0
DWIDTH 10 0
BBX 9 9 0 -1
BITMAP
E800
AF80
F480
A880
AA80
F680
A280
BE80
A180
ENDCHAR
STARTCHAR u80FA.zh_hant
ENCODING 33018
SWIDTH 1000 0
DWIDTH 10 0
BBX 9 9 0 -1
BITMAP
E200
BF80
E080
A400
BF80
E900
A900
A600
B980
ENDCHAR
STARTCHAR u80FC.zh_hant
ENCODING 33020
SWIDTH 1000 0
DWIDTH 10 0
BBX 9 9 0 -1
BITMAP
E900
AA00
FF80
A500
A500
FF80
A500
A900
A900
ENDCHAR
STARTCHAR u80FD.zh_hant
ENCODING 33021
SWIDTH 1000 0
DWIDTH 10 0
BBX 9 9 0 -1
BITMAP
4480
9700
F400
0780
F400
9780
F400
9480
B780
ENDCHAR
STARTCHAR u8102.zh_hant
ENCODING 33026
SWIDTH 1000 0
DWIDTH 10 0
BBX 9 9 0 -1
BITMAP
E980
AE00
E880
AF80
A880
EF80
A880
A880
AF80
ENDCHAR
STARTCHAR u8106.zh_hant
ENCODING 33030
SWIDTH 1000 0
DWIDTH 10 0
BBX 9 9 0 -1
BITMAP
E700
A900
FF80
A000
AF00
E900
AB00
A880
AF80
ENDCHAR
STARTCHAR u8109.zh_hant
ENCODING 33033
SWIDTH 1000 0
DWIDTH 10 0
BBX 9 9 0 -1
BITMAP
E300
A000
EE00
A280
BB00
EA00
AB00
B280
A600
ENDCHAR
STARTCHAR u810A.zh_hant
ENCODING 33034
SWIDTH 1000 0
DWIDTH 10 0
BBX 9 9 0 -1
BITMAP
0800
EB80
0800
F780
2200
7F00
A280
3E00
2200
ENDCHAR
STARTCHAR u810D.zh_hant
ENCODING 33037
SWIDTH 1000 0
DWIDTH 10 0
BBX 9 9 0 -1
BITMAP
E600
A900
B080
EF00
A000
BF80
E400
A900
BE80
ENDCHAR
STARTCHAR u810E.zh_hant
ENCODING 33038
SWIDTH 1000 0
DWIDTH 10 0
BBX 9 9 0 -1
BITMAP
ED00
A200
E500
B880
A200
FF80
A200
AA80
B680
ENDCHAR
STARTCHAR u810F
ENCODING 33039
SWIDTH 1000 0
DWIDTH 10 0
BBX 9 9 0 -1
BITMAP
E100
AF80
E800
A900
A900
EB80
A900
A900
B780
ENDCHAR
STARTCHAR u8110.zh_hant
ENCODING 33040
SWIDTH 1000 0
DWIDTH 10 0
BBX 9 9 0 -1
BITMAP
E200
BF80
E900
A600
B980
E500
A500
A900
A900
ENDCHAR
STARTCHAR u8111.zh_hant
ENCODING 33041
SWIDTH 1000 0
DWIDTH 10 0
BBX 9 9 0 -1
BITMAP
E200
BF80
E000
AD80
AA80
EA80
AD80
A880
AF80
ENDCHAR
STARTCHAR u8113.zh_hant
ENCODING 33043
SWIDTH 1000 0
DWIDTH 10 0
BBX 9 9 0 -1
BITMAP
E200
AF80
EA80
A400
AA80
FA80
A900
AE80
A880
ENDCHAR
STARTCHAR u8114.zh_hant
ENCODING 33044
SWIDTH 1000 0
DWIDTH 10 0
BBX 9 9 0 -1
BITMAP
0800
FF80
5500
9480
7F00
5500
6B00
5500
6300
ENDCHAR
STARTCHAR u8116.zh_hant
ENCODING 33046
SWIDTH 1000 0
DWIDTH 10 0
BBX 9 9 0 -1
BITMAP
E200
AF80
E200
AF80
A900
E200
AF80
A200
A600
ENDCHAR
STARTCHAR u8118.zh_hant
ENCODING 33048
SWIDTH 1000 0
DWIDTH 10 0
BBX 9 9 0 -1
BITMAP
E200
AF80
E880
A700
A000
EF80
A500
A500
A980
ENDCHAR
STARTCHAR u811A.zh_hant
ENCODING 33050
SWIDTH 1000 0
DWIDTH 10 0
BBX 9 9 0 -1
BITMAP
EB80
BE80
EA80
AA80
BE80
EA80
B280
BF80
A200
ENDCHAR
STARTCHAR u812F
ENCODING 33071
SWIDTH 1000 0
DWIDTH 10 0
BBX 9 9 0 -1
BITMAP
E280
AF80
E200
AF80
AA80
EF80
AA80
AF80
AA80
ENDCHAR
STARTCHAR u8131.zh_hant
ENCODING 33073
SWIDTH 1000 0
DWIDTH 10 0
BBX 9 9 0 -1
BITMAP
E480
A500
EF80
A880
A880
EF80
A500
A900
B180
ENDCHAR
STARTCHAR u8136.zh_hant
ENCODING 33078
SWIDTH 1000 0
DWIDTH 10 0
BBX 9 9 0 -1
BITMAP
EF80
A880
EF80
A200
AF80
EA80
AD80
A880
A980
ENDCHAR
STARTCHAR u8138.zh_hant
ENCODING 33080
SWIDTH 1000 0
DWIDTH 10 0
BBX 9 9 0 -1
BITMAP
EF00
B080
AF80
E000
AA80
EA80
AA80
A100
BF80
ENDCHAR
STARTCHAR u813E.zh_hant
ENCODING 33086
SWIDTH 1000 0
DWIDTH 10 0
BBX 9 9 0 -1
BITMAP
E400
AF80
EA80
AF80
AA80
EF80
A500
BF80
A100
ENDCHAR
STARTCHAR u8146.zh_hant
ENCODING 33094
SWIDTH 1000 0
DWIDTH 10 0
BBX 9 9 0 -1
BITMAP
EA00
BF80
EA80
BF80
AA80
FF80
A000
A900
B080
ENDCHAR
STARTCHAR u8148.zh_hant
ENCODING 33096
SWIDTH 1000 0
DWIDTH 10 0
BBX 9 9 0 -1
BITMAP
E200
BF80
E200
AF80
A200
FF80
A880
AF80
A880
ENDCHAR
STARTCHAR u814A.zh_hant
ENCODING 33098
SWIDTH 1000 0
DWIDTH 10 0
BBX 9 9 0 -1
BITMAP
E500
AF80
E500
A500
BF80
E880
AF80
A880
AF80
ENDCHAR
STARTCHAR u814B.zh_hant
ENCODING 33099
SWIDTH 1000 0
DWIDTH 10 0
BBX 9 9 0 -1
BITMAP
E200
BF80
EA00
AB80
BA80
EE80
A900
AB00
AC80
ENDCHAR
STARTCHAR u814C.zh_hant
ENCODING 33100
SWIDTH 1000 0
DWIDTH 10 0
BBX 9 9 0 -1
BITMAP
E400
BF80
ED00
B480
BF80
E480
BF80
A400
A780
ENDCHAR
STARTCHAR u8150.zh_hant
ENCODING 33104
SWIDTH 1000 0
DWIDTH 10 0
BBX 9 9 0 -1
BITMAP
0400
FF80
9100
FF80
A500
BF80
AA80
B580
2A80
ENDCHAR
STARTCHAR u8151.zh_hant
ENCODING 33105
SWIDTH 1000 0
DWIDTH 10 0
BBX 9 9 0 -1
BITMAP
E200
BF80
E480
AF80
B880
EC80
AA80
A880
A980
ENDCHAR
STARTCHAR u8153.zh_hant
ENCODING 33107
SWIDTH 1000 0
DWIDTH 10 0
BBX 9 9 0 -1
BITMAP
E500
BD80
E500
BD80
A500
E500
BD80
A500
A900
ENDCHAR
STARTCHAR u8154.zh_hant
ENCODING 33108
SWIDTH 1000 0
DWIDTH 10 0
BBX 9 9 0 -1
BITMAP
E200
BF80
EA80
AA00
B380
E000
BF80
A200
BF80
ENDCHAR
STARTCHAR u8155.zh_hant
ENCODING 33109
SWIDTH 1000 0
DWIDTH 10 0
BBX 9 9 0 -1
BITMAP
E400
BF80
E080
BB80
AA80
FA80
AB80
AA00
B380
ENDCHAR
STARTCHAR u8159.zh_hant
ENCODING 33113
SWIDTH 1000 0
DWIDTH 10 0
BBX 9 9 0 -1
BITMAP
E200
AF80
E880
A700
A000
EF80
A200
AA80
B680
ENDCHAR
STARTCHAR u815A.zh_hant
ENCODING 33114
SWIDTH 1000 0
DWIDTH 10 0
BBX 9 9 0 -1
BITMAP
E200
BF80
E080
BF80
A200
E380
AA00
AE00
B380
ENDCHAR
STARTCHAR u8165.zh_hant
ENCODING 33125
SWIDTH 1000 0
DWIDTH 10 0
BBX 9 9 0 -1
BITMAP
EF80
A880
EF80
A880
AF80
F200
AF80
A200
AF80
ENDCHAR
STARTCHAR u8169.zh_hant
ENCODING 33129
SWIDTH 1000 0
DWIDTH 10 0
BBX 9 9 0 -1
BITMAP
E400
BF80
E400
BF80
AA80
FF80
A480
BF80
A480
ENDCHAR
STARTCHAR u816D.zh_hant
ENCODING 33133
SWIDTH 1000 0
DWIDTH 10 0
BBX 9 9 0 -1
BITMAP
FB80
AA80
FF80
A000
BF80
E400
A700
A100
A600
ENDCHAR
STARTCHAR u816E.zh_hant
ENCODING 33134
SWIDTH 1000 0
DWIDTH 10 0
BBX 9 9 0 -1
BITMAP
EF80
AA80
EF80
AA80
AF80
E400
A200
A880
AE80
ENDCHAR
STARTCHAR u8170.zh_hant
ENCODING 33136
SWIDTH 1000 0
DWIDTH 10 0
BBX 9 9 0 -1
BITMAP
FF80
A500
FF80
AA80
AA80
FF80
A900
AE00
B180
ENDCHAR
STARTCHAR u8171.zh_hant
ENCODING 33137
SWIDTH 1000 0
DWIDTH 10 0
BBX 9 9 0 -1
BITMAP
E200
BF80
EA80
AF80
B280
EF80
AA00
B800
A780
ENDCHAR
STARTCHAR u8174.zh_hant
ENCODING 33140
SWIDTH 1000 0
DWIDTH 10 0
BBX 9 9 0 -1
BITMAP
F200
9B80
F280
9B80
9280
FF80
9200
9500
B880
ENDCHAR
STARTCHAR u8179.zh_hant
ENCODING 33145
SWIDTH 1000 0
DWIDTH 10 0
BBX 9 9 0 -1
BITMAP
E400
AF80
F880
AF80
A880
EF80
B900
A600
B980
ENDCHAR
STARTCHAR u817A.zh_hant
ENCODING 33146
SWIDTH 1000 0
DWIDTH 10 0
BBX 9 9 0 -1
BITMAP
E400
AF80
E880
AF80
A880
EF80
B280
AB00
B680
ENDCHAR
STARTCHAR u817B.zh_hant
ENCODING 33147
SWIDTH 1000 0
DWIDTH 10 0
BBX 9 9 0 -1
BITMAP
E280
BF80
E200
BE00
A500
ED00
A900
B480
A280
ENDCHAR
STARTCHAR u817C.zh_hant
ENCODING 33148
SWIDTH 1000 0
DWIDTH 10 0
BBX 9 9 0 -1
BITMAP
EF80
A400
FF80
AA80
AE80
EA80
AE80
AA80
BF80
ENDCHAR
STARTCHAR u817E.zh_hant
ENCODING 33150
SWIDTH 1000 0
DWIDTH 10 0
BBX 9 9 0 -1
BITMAP
EA80
BF80
E500
BA80
AF00
E900
AF80
A080
AE80
ENDCHAR
STARTCHAR u817F.zh_hant
ENCODING 33151
SWIDTH 1000 0
DWIDTH 10 0
BBX 9 9 0 -1
BITMAP
F380
AA80
F380
AA80
A380
FA00
AB80
AC00
B380
ENDCHAR
STARTCHAR u8180.zh_hant
ENCODING 33152
SWIDTH 1000 0
DWIDTH 10 0
BBX 9 9 0 -1
BITMAP
E400
BF80
E900
A900
BF80
E480
BF80
A880
B300
ENDCHAR
STARTCHAR u8182.zh_hant
ENCODING 33154
SWIDTH 1000 0
DWIDTH 10 0
BBX 9 9 0 -1
BITMAP
4400
FF80
4A80
F500
9480
7F00
4100
7F00
4100
ENDCHAR
STARTCHAR u8188.zh_hant
ENCODING 33160
SWIDTH 1000 0
DWIDTH 10 0
BBX 9 9 0 -1
BITMAP
FF80
A900
EF00
A000
BF80
EA80
B180
AE80
A480
ENDCHAR
STARTCHAR u818A.zh_hant
ENCODING 33162
SWIDTH 1000 0
DWIDTH 10 0
BBX 9 9 0 -1
BITMAP
E280
BF80
EA80
AF80
AA80
E080
BF80
A880
A580
ENDCHAR
STARTCHAR u818F.zh_hant
ENCODING 33167
SWIDTH 1000 0
DWIDTH 10 0
BBX 9 9 0 -1
BITMAP
0800
FF80
2200
FF80
A280
BE80
2200
3E00
2200
ENDCHAR
STARTCHAR u8198.zh_hant
ENCODING 33176
SWIDTH 1000 0
DWIDTH 10 0
BBX 9 9 0 -1
BITMAP
FF80
A500
FF80
AA80
BF80
E000
BF80
AA00
B280
ENDCHAR
STARTCHAR u819B.zh_hant
ENCODING 33179
SWIDTH 1000 0
DWIDTH 10 0
BBX 9 9 0 -1
BITMAP
EA80
BF80
E880
AF00
A200
EF80
A200
A200
BF80
ENDCHAR
STARTCHAR u819C.zh_hant
ENCODING 33180
SWIDTH 1000 0
DWIDTH 10 0
BBX 9 9 0 -1
BITMAP
FF80
A500
EF80
A880
AF80
E880
BF80
A500
B880
ENDCHAR
STARTCHAR u819D.zh_hant
ENCODING 33181
SWIDTH 1000 0
DWIDTH 10 0
BBX 9 9 0 -1
BITMAP
E200
BF80
EA80
B300
A680
EA00
B300
AA80
B680
ENDCHAR
STARTCHAR u81A3.zh_hant
ENCODING 33187
SWIDTH 1000 0
DWIDTH 10 0
BBX 9 9 0 -1
BITMAP
E400
BF80
EA80
A200
BF80
E900
BF80
A400
BF80
ENDCHAR
STARTCHAR u81A8.zh_hant
ENCODING 33192
SWIDTH 1000 0
DWIDTH 10 0
BBX 9 9 0 -1
BITMAP
E880
BF00
E800
BE80
A300
FE00
A400
A480
BF00
ENDCHAR
STARTCHAR u81B3.zh_hant
ENCODING 33203
SWIDTH 1000 0
DWIDTH 10 0
BBX 9 9 0 -1
BITMAP
E900
BF80
E200
BF80
AA80
FF80
A880
A880
AF80
ENDCHAR
STARTCHAR u81BA.zh_hant
ENCODING 33210
SWIDTH 1000 0
DWIDTH 10 0
BBX 9 9 0 -1
BITMAP
0800
FF80
9500
AF80
E500
BF80
A100
BF00
A100
ENDCHAR
STARTCHAR u81BB.zh_hant
ENCODING 33211
SWIDTH 1000 0
DWIDTH 10 0
BBX 9 9 0 -1
BITMAP
E400
BF80
EA80
AE80
A080
FF80
A900
A900
BF80
ENDCHAR
STARTCHAR u81C0.zh_hant
ENCODING 33216
SWIDTH 1000 0
DWIDTH 10 0
BBX 9 9 0 -1
BITMAP
F780
9480
FA80
A300
F480
AF00
4100
7F00
4100
ENDCHAR
STARTCHAR u81C2.zh_hant
ENCODING 33218
SWIDTH 1000 0
DWIDTH 10 0
BBX 9 9 0 -1
BITMAP
F200
9F80
F500
9F80
F200
9F00
4100
7F00
4100
ENDCHAR
STARTCHAR u81C3.zh_hant
ENCODING 33219
SWIDTH 1000 0
DWIDTH 10 0
BBX 9 9 0 -1
BITMAP
E400
BF80
F200
AF80
B500
E780
BD00
AD00
B780
ENDCHAR
STARTCHAR u81C6.zh_hant
ENCODING 33222
SWIDTH 1000 0
DWIDTH 10 0
BBX 9 9 0 -1
BITMAP
E200
BF80
A900
FF80
A880
AF80
E200
A880
AE80
ENDCHAR
STARTCHAR u81CA.zh_hant
ENCODING 33226
SWIDTH 1000 0
DWIDTH 10 0
BBX 9 9 0 -1
BITMAP
EF00
A900
FF80
B280
BF80
E200
BF80
AA00
B280
ENDCHAR
STARTCHAR u81E3.zh_hant
ENCODING 33251
SWIDTH 1000 0
DWIDTH 10 0
BBX 9 9 0 -1
BITMAP
FF80
8800
FF00
8100
8100
FF00
8800
8800
FF80
ENDCHAR
STARTCHAR u81E7.zh_hant
ENCODING 33255
SWIDTH 1000 0
DWIDTH 10 0
BBX 9 9 0 -1
BITMAP
8280
BF80
AA00
FE80
2680
FD00
A900
BE80
A480
ENDCHAR
STARTCHAR u81EA
ENCODING 33258
SWIDTH 1000 0
DWIDTH 10 0
BBX 7 9 1 -1
BITMAP
10
20
FE
82
FE
82
FE
82
FE
ENDCHAR
STARTCHAR u81EC.zh_hant
ENCODING 33260
SWIDTH 1000 0
DWIDTH 10 0
BBX 9 9 0 -1
BITMAP
1000
7F00
4100
4100
7F00
0800
FF80
2A00
C980
ENDCHAR
STARTCHAR u81ED.zh_hant
ENCODING 33261
SWIDTH 1000 0
DWIDTH 10 0
BBX 9 9 0 -1
BITMAP
1000
7F00
4100
7F00
4100
FF80
1400
2200
C180
ENDCHAR
STARTCHAR u81F3
ENCODING 33267
SWIDTH 1000 0
DWIDTH 10 0
BBX 9 9 0 -1
BITMAP
FF80
1000
2200
7D00
0800
7F00
0800
0800
FF80
ENDCHAR
STARTCHAR u81F4.zh_hant
ENCODING 33268
SWIDTH 1000 0
DWIDTH 10 0
BBX 9 9 0 -1
BITMAP
F400
2780
4900
F900
2500
F500
2200
2600
F980
ENDCHAR
STARTCHAR u81FB.zh_hant
ENCODING 33275
SWIDTH 1000 0
DWIDTH 10 0
BBX 9 9 0 -1
BITMAP
F200
5F80
8200
FF80
4900
F380
5E00
4B00
F280
ENDCHAR
STARTCHAR u81FC.zh_hant
ENCODING 33276
SWIDTH 1000 0
DWIDTH 10 0
BBX 8 9 1 -1
BITMAP
20
CF
81
81
EF
81
81
81
FF
ENDCHAR
STARTCHAR u81FE.zh_hant
ENCODING 33278
SWIDTH 1000 0
DWIDTH 10 0
BBX 9 9 0 -1
BITMAP
0800
EB80
8880
EB80
8880
EB80
1400
2200
C180
ENDCHAR
STARTCHAR u8200.zh_hant
ENCODING 33280
SWIDTH 1000 0
DWIDTH 10 0
BBX 9 9 0 -1
BITMAP
0180
7E00
4900
8080
7700
4100
7700
4100
7F00
ENDCHAR
STARTCHAR u8201.zh_hant
ENCODING 33281
SWIDTH 1000 0
DWIDTH 10 0
BBX 9 9 0 -1
BITMAP
6700
4100
7700
4100
7F00
2200
FF80
2200
C200
ENDCHAR
STARTCHAR u8202.zh_hant
ENCODING 33282
SWIDTH 1000 0
DWIDTH 10 0
BBX 9 9 0 -1
BITMAP
0800
FF80
0800
7F00
2200
F780
6300
A280
3E00
ENDCHAR
STARTCHAR u8204.zh_hant
ENCODING 33284
SWIDTH 1000 0
DWIDTH 10 0
BBX 9 9 0 -1
BITMAP
3700
4100
7700
4100
7F80
4080
AA80
2A80
0180
ENDCHAR
STARTCHAR u8205.zh_hant
ENCODING 33285
SWIDTH 1000 0
DWIDTH 10 0
BBX 9 9 0 -1
BITMAP
E780
8080
F780
8080
7F00
4900
FF80
1080
E300
ENDCHAR
STARTCHAR u8206.zh_hant
ENCODING 33286
SWIDTH 1000 0
DWIDTH 10 0
BBX 9 9 0 -1
BITMAP
C980
BE80
C980
9480
FF80
8480
FF80
4100
8080
ENDCHAR
STARTCHAR u820C.zh_hant
ENCODING 33292
SWIDTH 1000 0
DWIDTH 10 0
BBX 9 9 0 -1
BITMAP
7F00
0800
0800
FF80
0800
7F00
4100
4100
7F00
ENDCHAR
STARTCHAR u820D.zh_hant
ENCODING 33293
SWIDTH 1000 0
DWIDTH 10 0
BBX 9 9 0 -1
BITMAP
3E00
4100
BE80
0800
FF80
0800
7F00
4100
7F00
ENDCHAR
STARTCHAR u8210.zh_hant
ENCODING 33296
SWIDTH 1000 0
DWIDTH 10 0
BBX 9 9 0 -1
BITMAP
3180
CF00
4900
F900
4F80
E900
A900
A880
EE80
ENDCHAR
STARTCHAR u8212.zh_hant
ENCODING 33298
SWIDTH 1000 0
DWIDTH 10 0
BBX 9 9 0 -1
BITMAP
7780
8080
F900
2780
FA80
2280
F300
9200
F600
ENDCHAR
STARTCHAR u8214.zh_hant
ENCODING 33300
SWIDTH 1000 0
DWIDTH 10 0
BBX 9 9 0 -1
BITMAP
3180
CE00
4200
FF80
4500
E880
A200
AA80
EA80
ENDCHAR
STARTCHAR u821B.zh_hant
ENCODING 33307
SWIDTH 1000 0
DWIDTH 10 0
BBX 9 9 0 -1
BITMAP
4100
7F80
5100
5500
B500
9500
1F80
2100
C100
ENDCHAR
STARTCHAR u821C.zh_hant
ENCODING 33308
SWIDTH 1000 0
DWIDTH 10 0
BBX 9 9 0 -1
BITMAP
7F00
2500
1200
FF80
A900
4F80
B500
1F80
E100
ENDCHAR
STARTCHAR u821E.zh_hant
ENCODING 33310
SWIDTH 1000 0
DWIDTH 10 0
BBX 9 9 0 -1
BITMAP
2000
7F80
D500
7F80
5500
FF80
A900
3F80
C100
ENDCHAR
STARTCHAR u821F
ENCODING 33311
SWIDTH 1000 0
DWIDTH 10 0
BBX 9 9 0 -1
BITMAP
0800
7F00
4100
5100
4900
FF80
5100
4900
8300
ENDCHAR
STARTCHAR u8222.zh_hant
ENCODING 33314
SWIDTH 1000 0
DWIDTH 10 0
BBX 9 9 0 -1
BITMAP
4200
F200
9280
D280
9280
F280
9280
D280
BF80
ENDCHAR
STARTCHAR u8223.zh_hant
ENCODING 33315
SWIDTH 1000 0
DWIDTH 10 0
BBX 9 9 0 -1
BITMAP
4400
F280
9080
D900
9500
F200
9200
D500
B880
ENDCHAR
STARTCHAR u8228.zh_hant
ENCODING 33320
SWIDTH 1000 0
DWIDTH 10 0
BBX 9 9 0 -1
BITMAP
4780
F400
9400
D780
9480
F880
9500
D300
9C80
ENDCHAR
STARTCHAR u822A.zh_hant
ENCODING 33322
SWIDTH 1000 0
DWIDTH 10 0
BBX 9 9 0 -1
BITMAP
4200
FF80
9000
D700
9500
F500
9500
D900
B180
ENDCHAR
STARTCHAR u822B.zh_hant
ENCODING 33323
SWIDTH 1000 0
DWIDTH 10 0
BBX 9 9 0 -1
BITMAP
4200
FF80
9400
D400
9780
F480
9880
D080
B300
ENDCHAR
STARTCHAR u822C.zh_hant
ENCODING 33324
SWIDTH 1000 0
DWIDTH 10 0
BBX 9 9 0 -1
BITMAP
4700
F500
9500
D980
9000
FF80
9480
D300
BC80
ENDCHAR
STARTCHAR u8230.zh_hant
ENCODING 33328
SWIDTH 1000 0
DWIDTH 10 0
BBX 9 9 0 -1
BITMAP
4F80
E880
AA80
EA80
AA80
EA80
A600
EA80
A980
ENDCHAR
STARTCHAR u8231.zh_hant
ENCODING 33329
SWIDTH 1000 0
DWIDTH 10 0
BBX 9 9 0 -1
BITMAP
4600
F900
9080
D700
9500
F500
9400
D480
B380
ENDCHAR
STARTCHAR u8233.zh_hant
ENCODING 33331
SWIDTH 1000 0
DWIDTH 10 0
BBX 9 9 0 -1
BITMAP
4200
F200
9F80
D280
9280
FF80
9280
D280
BF80
ENDCHAR
STARTCHAR u8235.zh_hant
ENCODING 33333
SWIDTH 1000 0
DWIDTH 10 0
BBX 9 9 0 -1
BITMAP
4200
FF80
9080
D400
9580
F600
9C00
D480
9780
ENDCHAR
STARTCHAR u8236.zh_hant
ENCODING 33334
SWIDTH 1000 0
DWIDTH 10 0
BBX 9 9 0 -1
BITMAP
4200
E400
AF80
E880
A880
FF80
A880
A880
AF80
ENDCHAR
STARTCHAR u8237.zh_hant
ENCODING 33335
SWIDTH 1000 0
DWIDTH 10 0
BBX 9 9 0 -1
BITMAP
4200
FF80
A400
E880
A500
F200
A480
A880
AF80
ENDCHAR
STARTCHAR u8238.zh_hant
ENCODING 33336
SWIDTH 1000 0
DWIDTH 10 0
BBX 9 9 0 -1
BITMAP
5F80
F080
9680
D280
9280
FA80
9680
D080
B180
ENDCHAR
STARTCHAR u8239.zh_hant
ENCODING 33337
SWIDTH 1000 0
DWIDTH 10 0
BBX 9 9 0 -1
BITMAP
4300
F100
9480
D880
9000
F780
9480
D480
B780
ENDCHAR
STARTCHAR u8247.zh_hant
ENCODING 33351
SWIDTH 1000 0
DWIDTH 10 0
BBX 9 9 0 -1
BITMAP
5F80
E500
A900
FF80
A500
B500
EB80
AC00
B380
ENDCHAR
STARTCHAR u8249.zh_hant
ENCODING 33353
SWIDTH 1000 0
DWIDTH 10 0
BBX 9 9 0 -1
BITMAP
4F80
E880
AF80
EA00
AF80
AA00
EF80
AA00
B380
ENDCHAR
STARTCHAR u824B.zh_hant
ENCODING 33355
SWIDTH 1000 0
DWIDTH 10 0
BBX 9 9 0 -1
BITMAP
4F80
E100
A200
EF80
A200
AF80
EA80
AA80
BF80
ENDCHAR
STARTCHAR u824F.zh_hant
ENCODING 33359
SWIDTH 1000 0
DWIDTH 10 0
BBX 9 9 0 -1
BITMAP
4480
E500
BF80
E200
AF80
A880
EF80
A880
AF80
ENDCHAR
STARTCHAR u8258.zh_hant
ENCODING 33368
SWIDTH 1000 0
DWIDTH 10 0
BBX 9 9 0 -1
BITMAP
4200
FB80
A280
FB80
A280
BF80
E900
A600
B980
ENDCHAR
STARTCHAR u825A.zh_hant
ENCODING 33370
SWIDTH 1000 0
DWIDTH 10 0
BBX 9 9 0 -1
BITMAP
4A00
FF80
AA80
FF80
AA80
BF80
E900
A900
AF00
ENDCHAR
STARTCHAR u825F.zh_hant
ENCODING 33375
SWIDTH 1000 0
DWIDTH 10 0
BBX 9 9 0 -1
BITMAP
4200
FF80
A900
E900
BF80
AA80
EF80
A200
BF80
ENDCHAR
STARTCHAR u8268.zh_hant
ENCODING 33384
SWIDTH 1000 0
DWIDTH 10 0
BBX 9 9 0 -1
BITMAP
4500
FF80
A500
FF80
A480
AB00
F680
AB00
B680
ENDCHAR
STARTCHAR u826E.zh_hant
ENCODING 33390
SWIDTH 1000 0
DWIDTH 10 0
BBX 9 9 0 -1
BITMAP
7F00
4100
7F00
4100
7F00
4880
4500
4200
F980
ENDCHAR
STARTCHAR u826F.zh_hant
ENCODING 33391
SWIDTH 1000 0
DWIDTH 10 0
BBX 9 9 0 -1
BITMAP
0800
7F00
4100
7F00
4100
7F00
4900
4600
F180
ENDCHAR
STARTCHAR u8270.zh_hant
ENCODING 33392
SWIDTH 1000 0
DWIDTH 10 0
BBX 9 9 0 -1
BITMAP
0F80
E880
2F80
A880
4F80
4800
AA80
9900
0C80
ENDCHAR
STARTCHAR u8272.zh_hant
ENCODING 33394
SWIDTH 1000 0
DWIDTH 10 0
BBX 9 9 0 -1
BITMAP
3E00
4400
FF00
4900
4900
7F00
4000
4080
7F80
ENDCHAR
STARTCHAR u8273.zh_hant
ENCODING 33395
SWIDTH 1000 0
DWIDTH 10 0
BBX 9 9 0 -1
BITMAP
4700
E900
4F80
EA80
4A80
4F80
E800
4880
4780
ENDCHAR
STARTCHAR u8279.zh_hant
ENCODING 33401
SWIDTH 1000 0
DWIDTH 10 0
BBX 9 5 0 3
BITMAP
2200
2200
FF80
2200
2200
ENDCHAR
STARTCHAR u827A
ENCODING 33402
SWIDTH 1000 0
DWIDTH 10 0
BBX 9 9 0 -1
BITMAP
2200
FF80
2200
7F00
0200
0C00
7000
8080
7F80
ENDCHAR
STARTCHAR u827E.zh_hant
ENCODING 33406
SWIDTH 1000 0
DWIDTH 10 0
BBX 9 9 0 -1
BITMAP
2200
FF80
2200
0000
2200
1400
0800
3600
C180
ENDCHAR
STARTCHAR u8282.zh_hant
ENCODING 33410
SWIDTH 1000 0
DWIDTH 10 0
BBX 9 9 0 -1
BITMAP
2200
FF80
2200
0000
7F00
1100
1100
1300
1000
ENDCHAR
STARTCHAR u828A.zh_hant
ENCODING 33418
SWIDTH 1000 0
DWIDTH 10 0
BBX 9 9 0 -1
BITMAP
2200
FF80
2200
0300
7C00
0800
FF80
0800
0800
ENDCHAR
STARTCHAR u828B.zh_hant
ENCODING 33419
SWIDTH 1000 0
DWIDTH 10 0
BBX 9 9 0 -1
BITMAP
2200
FF80
2200
0000
7F00
0800
FF80
0800
1800
ENDCHAR
STARTCHAR u828D.zh_hant
ENCODING 33421
SWIDTH 1000 0
DWIDTH 10 0
BBX 9 9 0 -1
BITMAP
2200
FF80
2200
3F80
4080
9080
0880
0100
0600
ENDCHAR
STARTCHAR u828E.zh_hant
ENCODING 33422
SWIDTH 1000 0
DWIDTH 10 0
BBX 9 9 0 -1
BITMAP
2200
FF80
2200
0100
7F00
4000
7F80
8080
0300
ENDCHAR
STARTCHAR u8292.zh_hant
ENCODING 33426
SWIDTH 1000 0
DWIDTH 10 0
BBX 9 9 0 -1
BITMAP
2200
FF80
2200
0800
FF80
4000
4000
4000
3F80
ENDCHAR
STARTCHAR u8297.zh_hant
ENCODING 33431
SWIDTH 1000 0
DWIDTH 10 0
BBX 9 9 0 -1
BITMAP
2200
FF80
1200
2400
2900
7100
1200
0C00
F000
ENDCHAR
STARTCHAR u8299.zh_hant
ENCODING 33433
SWIDTH 1000 0
DWIDTH 10 0
BBX 9 9 0 -1
BITMAP
2200
FF80
2200
0800
7F00
0800
FF80
1400
E380
ENDCHAR
STARTCHAR u829C.zh_hant
ENCODING 33436
SWIDTH 1000 0
DWIDTH 10 0
BBX 9 9 0 -1
BITMAP
2200
FF80
2200
7F00
0800
FF80
1400
2480
C380
ENDCHAR
STARTCHAR u829D.zh_hant
ENCODING 33437
SWIDTH 1000 0
DWIDTH 10 0
BBX 9 9 0 -1
BITMAP
2200
FF80
2200
0800
7F00
0200
2400
3800
C780
ENDCHAR
STARTCHAR u829F.zh_hant
ENCODING 33439
SWIDTH 1000 0
DWIDTH 10 0
BBX 9 9 0 -1
BITMAP
2200
FF80
2200
3E80
C180
3E00
2200
1C00
E380
ENDCHAR
STARTCHAR u82A1.zh_hant
ENCODING 33441
SWIDTH 1000 0
DWIDTH 10 0
BBX 9 9 0 -1
BITMAP
2200
FF80
2200
4000
7F80
8880
0800
1400
E380
ENDCHAR
STARTCHAR u82A5.zh_hant
ENCODING 33445
SWIDTH 1000 0
DWIDTH 10 0
BBX 9 9 0 -1
BITMAP
2200
FF80
2200
1C00
2200
C180
2200
2200
C200
ENDCHAR
STARTCHAR u82A6.zh_hant
ENCODING 33446
SWIDTH 1000 0
DWIDTH 10 0
BBX 9 9 0 -1
BITMAP
2200
FF80
2200
FF80
2100
2100
3F00
4000
4000
ENDCHAR
STARTCHAR u82A9.zh_hant
ENCODING 33449
SWIDTH 1000 0
DWIDTH 10 0
BBX 9 9 0 -1
BITMAP
2200
FF80
2200
5D00
8080
3F00
0100
0200
1C00
ENDCHAR
STARTCHAR u82AA.zh_hant
ENCODING 33450
SWIDTH 1000 0
DWIDTH 10 0
BBX 9 9 0 -1
BITMAP
2200
FF80
2200
7F00
4400
7F80
4400
4280
F180
ENDCHAR
STARTCHAR u82AB.zh_hant
ENCODING 33451
SWIDTH 1000 0
DWIDTH 10 0
BBX 9 9 0 -1
BITMAP
2200
FF80
2200
7F00
0000
FF80
1400
2480
C780
ENDCHAR
STARTCHAR u82AC.zh_hant
ENCODING 33452
SWIDTH 1000 0
DWIDTH 10 0
BBX 9 9 0 -1
BITMAP
2200
FF80
2200
2E00
4100
FF80
1100
2100
C600
ENDCHAR
STARTCHAR u82AD.zh_hant
ENCODING 33453
SWIDTH 1000 0
DWIDTH 10 0
BBX 9 9 0 -1
BITMAP
2200
FF80
2200
7F00
4900
7F00
4000
4080
7F80
ENDCHAR
STARTCHAR u82AE.zh_hant
ENCODING 33454
SWIDTH 1000 0
DWIDTH 10 0
BBX 9 9 0 -1
BITMAP
2200
FF80
2200
0800
FF80
8880
9480
E280
8180
ENDCHAR
STARTCHAR u82AF.zh_hant
ENCODING 33455
SWIDTH 1000 0
DWIDTH 10 0
BBX 9 9 0 -1
BITMAP
2200
FF80
2200
0800
0500
1080
5000
9100
1F00
ENDCHAR
STARTCHAR u82B0.zh_hant
ENCODING 33456
SWIDTH 1000 0
DWIDTH 10 0
BBX 9 9 0 -1
BITMAP
2200
FF80
2A00
7F00
0800
7F00
2200
1C00
E380
ENDCHAR
STARTCHAR u82B1.zh_hant
ENCODING 33457
SWIDTH 1000 0
DWIDTH 10 0
BBX 9 9 0 -1
BITMAP
2200
FF80
2200
2800
4980
CE00
4800
4880
4F80
ENDCHAR
STARTCHAR u82B3.zh_hant
ENCODING 33459
SWIDTH 1000 0
DWIDTH 10 0
BBX 9 9 0 -1
BITMAP
2200
FF80
2200
1000
FF80
2000
3F80
4080
8300
ENDCHAR
STARTCHAR u82B7.zh_hant
ENCODING 33463
SWIDTH 1000 0
DWIDTH 10 0
BBX 9 9 0 -1
BITMAP
2200
FF80
2200
0800
4800
4F00
4800
4800
FF80
ENDCHAR
STARTCHAR u82B8.zh_hant
ENCODING 33464
SWIDTH 1000 0
DWIDTH 10 0
BBX 9 9 0 -1
BITMAP
2200
FF80
2200
7F00
0000
FF80
2200
4500
7900
ENDCHAR
STARTCHAR u82B9.zh_hant
ENCODING 33465
SWIDTH 1000 0
DWIDTH 10 0
BBX 9 9 0 -1
BITMAP
2200
FF80
2200
7F00
4000
7F80
4400
8400
8400
ENDCHAR
STARTCHAR u82BD
ENCODING 33469
SWIDTH 1000 0
DWIDTH 10 0
BBX 9 9 0 -1
BITMAP
2200
FF80
2200
FF80
4200
FF80
0A00
3200
C600
ENDCHAR
STARTCHAR u82BE.zh_hant
ENCODING 33470
SWIDTH 1000 0
DWIDTH 10 0
BBX 9 9 0 -1
BITMAP
2200
FF80
2A00
FF80
0800
7F00
4900
4B00
0800
ENDCHAR
STARTCHAR u82C7.zh_hant
ENCODING 33479
SWIDTH 1000 0
DWIDTH 10 0
BBX 9 9 0 -1
BITMAP
2200
FF80
2200
FF80
0800
7F00
0800
FF80
0880
ENDCHAR
STARTCHAR u82C8.zh_hant
ENCODING 33480
SWIDTH 1000 0
DWIDTH 10 0
BBX 9 9 0 -1
BITMAP
2200
FF80
2200
7F80
4400
5F80
4480
8880
B300
ENDCHAR
STARTCHAR u82CB.zh_hant
ENCODING 33483
SWIDTH 1000 0
DWIDTH 10 0
BBX 9 9 0 -1
BITMAP
2200
FF80
2200
7F00
4100
4900
4900
1480
E380
ENDCHAR
STARTCHAR u82CD.zh_hant
ENCODING 33485
SWIDTH 1000 0
DWIDTH 10 0
BBX 9 9 0 -1
BITMAP
2200
FF80
2200
1C00
2200
7D00
A480
2100
1F00
ENDCHAR
STARTCHAR u82CE
ENCODING 33486
SWIDTH 1000 0
DWIDTH 10 0
BBX 9 9 0 -1
BITMAP
2200
FF80
2200
0800
FF80
8080
0000
0000
FF80
ENDCHAR
STARTCHAR u82CF.zh_hant
ENCODING 33487
SWIDTH 1000 0
DWIDTH 10 0
BBX 9 9 0 -1
BITMAP
2200
FF80
2200
0800
7F00
0900
5180
9100
2600
ENDCHAR
STARTCHAR u82D1.zh_hant
ENCODING 33489
SWIDTH 1000 0
DWIDTH 10 0
BBX 9 9 0 -1
BITMAP
2200
FF80
2200
F780
9480
F780
9400
2480
C780
ENDCHAR
STARTCHAR u82D2.zh_hant
ENCODING 33490
SWIDTH 1000 0
DWIDTH 10 0
BBX 9 9 0 -1
BITMAP
2200
FF80
2200
7F00
4900
7F00
4900
FF80
4100
ENDCHAR
STARTCHAR u82D3.zh_hant
ENCODING 33491
SWIDTH 1000 0
DWIDTH 10 0
BBX 9 9 0 -1
BITMAP
2200
FF80
2200
1E00
2100
7F80
9100
1700
1000
ENDCHAR
STARTCHAR u82D4.zh_hant
ENCODING 33492
SWIDTH 1000 0
DWIDTH 10 0
BBX 9 9 0 -1
BITMAP
2200
FF80
1000
2200
FF00
0080
7F00
4100
7F00
ENDCHAR
STARTCHAR u82D5.zh_hant
ENCODING 33493
SWIDTH 1000 0
DWIDTH 10 0
BBX 9 9 0 -1
BITMAP
2200
FF80
2200
7F00
1100
2100
FF00
4100
7F00
ENDCHAR
STARTCHAR u82D7
ENCODING 33495
SWIDTH 1000 0
DWIDTH 10 0
BBX 9 9 0 -1
BITMAP
2200
FF80
2200
7F00
4900
7F00
4900
4900
7F00
ENDCHAR
STARTCHAR u82D8
ENCODING 33496
SWIDTH 1000 0
DWIDTH 10 0
BBX 9 9 0 -1
BITMAP
2200
FF80
2200
7F00
4100
5D00
5500
5D00
4300
ENDCHAR
STARTCHAR u82DB.zh_hant
ENCODING 33499
SWIDTH 1000 0
DWIDTH 10 0
BBX 9 9 0 -1
BITMAP
2200
FF80
2200
FF80
0100
7900
4900
7900
0700
ENDCHAR
STARTCHAR u82DC.zh_hant
ENCODING 33500
SWIDTH 1000 0
DWIDTH 10 0
BBX 9 9 0 -1
BITMAP
2200
FF80
2200
7F00
4100
7F00
4100
4100
7F00
ENDCHAR
STARTCHAR u82DE.zh_hant
ENCODING 33502
SWIDTH 1000 0
DWIDTH 10 0
BBX 9 9 0 -1
BITMAP
2200
FF80
2200
3F00
4900
C900
7B00
4080
7F80
ENDCHAR
STARTCHAR u82DF.zh_hant
ENCODING 33503
SWIDTH 1000 0
DWIDTH 10 0
BBX 9 9 0 -1
BITMAP
2200
FF80
2200
7F80
8080
7880
4880
7900
0600
ENDCHAR
STARTCHAR u82E1.zh_hant
ENCODING 33505
SWIDTH 1000 0
DWIDTH 10 0
BBX 9 9 0 -1
BITMAP
2200
FF80
2200
5100
4900
4100
E200
0D00
7080
ENDCHAR
STARTCHAR u82E3.zh_hant
ENCODING 33507
SWIDTH 1000 0
DWIDTH 10 0
BBX 9 9 0 -1
BITMAP
2200
FF80
4000
7F00
4100
7F00
4000
4000
7F80
ENDCHAR
STARTCHAR u82E5.zh_hant
ENCODING 33509
SWIDTH 1000 0
DWIDTH 10 0
BBX 9 9 0 -1
BITMAP
2200
FF80
2200
0800
FF80
1000
3F00
E100
3F00
ENDCHAR
STARTCHAR u82E6.zh_hant
ENCODING 33510
SWIDTH 1000 0
DWIDTH 10 0
BBX 9 9 0 -1
BITMAP
2200
FF80
2200
0800
FF80
0800
7F00
4100
7F00
ENDCHAR
STARTCHAR u82EB.zh_hant
ENCODING 33515
SWIDTH 1000 0
DWIDTH 10 0
BBX 9 9 0 -1
BITMAP
2200
FF80
2200
0800
0F00
0800
7F00
4100
7F00
ENDCHAR
STARTCHAR u82EF.zh_hant
ENCODING 33519
SWIDTH 1000 0
DWIDTH 10 0
BBX 9 9 0 -1
BITMAP
2200
FF80
2200
0800
FF80
2A00
4900
BE80
0800
ENDCHAR
STARTCHAR u82F1
ENCODING 33521
SWIDTH 1000 0
DWIDTH 10 0
BBX 9 9 0 -1
BITMAP
2200
FF80
2200
0800
7F00
4900
FF80
1400
E380
ENDCHAR
STARTCHAR u82F4
ENCODING 33524
SWIDTH 1000 0
DWIDTH 10 0
BBX 9 9 0 -1
BITMAP
2200
FF80
2200
0000
7F00
4100
7F00
4100
FF80
ENDCHAR
STARTCHAR u82F7.zh_hant
ENCODING 33527
SWIDTH 1000 0
DWIDTH 10 0
BBX 9 9 0 -1
BITMAP
2200
FF80
2200
4100
FF80
4100
7F00
4100
7F00
ENDCHAR
STARTCHAR u82F9.zh_hant
ENCODING 33529
SWIDTH 1000 0
DWIDTH 10 0
BBX 9 9 0 -1
BITMAP
2200
FF80
2200
FF80
2A00
4900
0800
FF80
0800
ENDCHAR
STARTCHAR u82FB.zh_hant
ENCODING 33531
SWIDTH 1000 0
DWIDTH 10 0
BBX 9 9 0 -1
BITMAP
2200
FF80
2200
2100
5F80
C100
5100
4900
4300
ENDCHAR
STARTCHAR u8301
ENCODING 33537
SWIDTH 1000 0
DWIDTH 10 0
BBX 9 9 0 -1
BITMAP
2200
FF80
2200
4900
4900
7F00
8880
8880
FF80
ENDCHAR
STARTCHAR u8302.zh_hant
ENCODING 33538
SWIDTH 1000 0
DWIDTH 10 0
BBX 9 9 0 -1
BITMAP
2200
FF80
2A00
0900
7F80
4400
4500
8600
9980
ENDCHAR
STARTCHAR u8303.zh_hant
ENCODING 33539
SWIDTH 1000 0
DWIDTH 10 0
BBX 9 9 0 -1
BITMAP
2200
FF80
4200
2F80
8880
4B80
0800
4880
8F80
ENDCHAR
STARTCHAR u8304.zh_hant
ENCODING 33540
SWIDTH 1000 0
DWIDTH 10 0
BBX 9 9 0 -1
BITMAP
2200
FF80
2200
4000
FB80
4A80
4A80
8A80
B380
ENDCHAR
STARTCHAR u8305.zh_hant
ENCODING 33541
SWIDTH 1000 0
DWIDTH 10 0
BBX 9 9 0 -1
BITMAP
2200
FF80
2200
7F00
0200
FF80
1480
2500
CC00
ENDCHAR
STARTCHAR u8306.zh_hant
ENCODING 33542
SWIDTH 1000 0
DWIDTH 10 0
BBX 9 9 0 -1
BITMAP
2200
FF80
2200
C780
9480
9480
9480
E580
2400
ENDCHAR
STARTCHAR u8309.zh_hant
ENCODING 33545
SWIDTH 1000 0
DWIDTH 10 0
BBX 9 9 0 -1
BITMAP
2200
FF80
0800
FF80
0800
7F00
1A00
2900
C880
ENDCHAR
STARTCHAR u830C.zh_hant
ENCODING 33548
SWIDTH 1000 0
DWIDTH 10 0
BBX 9 9 0 -1
BITMAP
2200
FF80
2200
2000
4200
DF80
4200
4200
4F80
ENDCHAR
STARTCHAR u830E.zh_hant
ENCODING 33550
SWIDTH 1000 0
DWIDTH 10 0
BBX 9 9 0 -1
BITMAP
2200
FF80
2200
1C00
E380
0800
7F00
0800
FF80
ENDCHAR
STARTCHAR u8311.zh_hant
ENCODING 33553
SWIDTH 1000 0
DWIDTH 10 0
BBX 9 9 0 -1
BITMAP
2200
FF80
2200
7F00
C100
7F80
0080
FC80
0180
ENDCHAR
STARTCHAR u8315.zh_hant
ENCODING 33557
SWIDTH 1000 0
DWIDTH 10 0
BBX 9 9 0 -1
BITMAP
2200
FF80
2200
FF80
8080
7F00
1100
FD00
2080
ENDCHAR
STARTCHAR u8317.zh_hant
ENCODING 33559
SWIDTH 1000 0
DWIDTH 10 0
BBX 9 9 0 -1
BITMAP
2200
FF80
2200
5400
0800
1F00
E100
2100
3F00
ENDCHAR
STARTCHAR u831B.zh_hant
ENCODING 33563
SWIDTH 1000 0
DWIDTH 10 0
BBX 9 9 0 -1
BITMAP
2200
FF80
4100
7F00
4100
7F00
4900
4600
F180
ENDCHAR
STARTCHAR u831C.zh_hant
ENCODING 33564
SWIDTH 1000 0
DWIDTH 10 0
BBX 9 9 0 -1
BITMAP
2200
FF80
1400
FF80
5500
5500
6700
4100
7F00
ENDCHAR
STARTCHAR u8327.zh_hant
ENCODING 33575
SWIDTH 1000 0
DWIDTH 10 0
BBX 9 9 0 -1
BITMAP
2200
FF80
2200
0800
7F00
4900
7F00
0880
FF80
ENDCHAR
STARTCHAR u8328.zh_hant
ENCODING 33576
SWIDTH 1000 0
DWIDTH 10 0
BBX 9 9 0 -1
BITMAP
2200
FF80
2200
8800
4F80
1280
0200
4500
9880
ENDCHAR
STARTCHAR u832B.zh_hant
ENCODING 33579
SWIDTH 1000 0
DWIDTH 10 0
BBX 9 9 0 -1
BITMAP
2200
FF80
2200
9200
4F80
0800
2800
4800
8780
ENDCHAR
STARTCHAR u832C.zh_hant
ENCODING 33580
SWIDTH 1000 0
DWIDTH 10 0
BBX 9 9 0 -1
BITMAP
2200
FF80
2200
FF80
1000
2200
EF80
2200
2F80
ENDCHAR
STARTCHAR u832D.zh_hant
ENCODING 33581
SWIDTH 1000 0
DWIDTH 10 0
BBX 9 9 0 -1
BITMAP
2200
FF80
0800
FF80
4100
B680
0800
3600
C180
ENDCHAR
STARTCHAR u832F.zh_hant
ENCODING 33583
SWIDTH 1000 0
DWIDTH 10 0
BBX 9 9 0 -1
BITMAP
2200
FF80
2200
2280
5F80
C200
4200
4500
5880
ENDCHAR
STARTCHAR u8331.zh_hant
ENCODING 33585
SWIDTH 1000 0
DWIDTH 10 0
BBX 9 9 0 -1
BITMAP
2200
FF80
2200
7F00
8800
FF80
1A00
2900
C880
ENDCHAR
STARTCHAR u8334.zh_hant
ENCODING 33588
SWIDTH 1000 0
DWIDTH 10 0
BBX 9 9 0 -1
BITMAP
2200
FF80
2200
FF80
8080
BE80
A280
A280
FF80
ENDCHAR
STARTCHAR u8335.zh_hant
ENCODING 33589
SWIDTH 1000 0
DWIDTH 10 0
BBX 9 9 0 -1
BITMAP
2200
FF80
2200
FF80
8880
BE80
9480
A280
FF80
ENDCHAR
STARTCHAR u8336.zh_hant
ENCODING 33590
SWIDTH 1000 0
DWIDTH 10 0
BBX 9 9 0 -1
BITMAP
2200
FF80
2200
1C00
2200
4900
BE80
0800
4900
ENDCHAR
STARTCHAR u8338.zh_hant
ENCODING 33592
SWIDTH 1000 0
DWIDTH 10 0
BBX 9 9 0 -1
BITMAP
2200
FF80
2200
FF80
2200
3E00
2380
3E00
E200
ENDCHAR
STARTCHAR u8339.zh_hant
ENCODING 33593
SWIDTH 1000 0
DWIDTH 10 0
BBX 9 9 0 -1
BITMAP
2200
FF80
2200
2000
FB80
4A80
4A80
3280
CF80
ENDCHAR
STARTCHAR u833A.zh_hant
ENCODING 33594
SWIDTH 1000 0
DWIDTH 10 0
BBX 9 9 0 -1
BITMAP
2200
FF80
0800
FF80
2200
7D00
1400
2480
C780
ENDCHAR
STARTCHAR u833C.zh_hant
ENCODING 33596
SWIDTH 1000 0
DWIDTH 10 0
BBX 9 9 0 -1
BITMAP
2200
FF80
2200
FF80
8080
FE80
A480
BC80
8180
ENDCHAR
STARTCHAR u8340.zh_hant
ENCODING 33600
SWIDTH 1000 0
DWIDTH 10 0
BBX 9 9 0 -1
BITMAP
2200
FF80
2200
7F80
C880
7880
4880
7900
0600
ENDCHAR
STARTCHAR u8343.zh_hant
ENCODING 33603
SWIDTH 1000 0
DWIDTH 10 0
BBX 9 9 0 -1
BITMAP
2200
FF80
2200
0800
3600
C980
3E00
0800
FF80
ENDCHAR
STARTCHAR u8346.zh_hant
ENCODING 33606
SWIDTH 1000 0
DWIDTH 10 0
BBX 9 9 0 -1
BITMAP
5080
FA80
5280
0280
FA80
5280
FA80
5080
9180
ENDCHAR
STARTCHAR u8347.zh_hant
ENCODING 33607
SWIDTH 1000 0
DWIDTH 10 0
BBX 9 9 0 -1
BITMAP
2200
FF80
2200
4F80
A000
5F80
C100
4100
4700
ENDCHAR
STARTCHAR u8349
ENCODING 33609
SWIDTH 1000 0
DWIDTH 10 0
BBX 9 9 0 -1
BITMAP
2200
FF80
2200
7F00
4100
7F00
4100
FF80
0800
ENDCHAR
STARTCHAR u834F.zh_hant
ENCODING 33615
SWIDTH 1000 0
DWIDTH 10 0
BBX 9 9 0 -1
BITMAP
2200
FF80
2000
2F80
4200
DF80
4200
4200
5F80
ENDCHAR
STARTCHAR u8350.zh_hant
ENCODING 33616
SWIDTH 1000 0
DWIDTH 10 0
BBX 9 9 0 -1
BITMAP
2200
FF80
2200
FF80
2100
4200
DF80
4200
4600
ENDCHAR
STARTCHAR u8352.zh_hant
ENCODING 33618
SWIDTH 1000 0
DWIDTH 10 0
BBX 9 9 0 -1
BITMAP
2200
FF80
0800
FF80
2000
3F00
0000
2A00
CB80
ENDCHAR
STARTCHAR u8354.zh_hant
ENCODING 33620
SWIDTH 1000 0
DWIDTH 10 0
BBX 9 9 0 -1
BITMAP
2200
FF80
0800
7F00
1100
2200
F780
5280
B580
ENDCHAR
STARTCHAR u835A.zh_hant
ENCODING 33626
SWIDTH 1000 0
DWIDTH 10 0
BBX 9 9 0 -1
BITMAP
2200
FF80
2200
7F80
2900
2A00
FF80
1200
E180
ENDCHAR
STARTCHAR u835B.zh_hant
ENCODING 33627
SWIDTH 1000 0
DWIDTH 10 0
BBX 9 9 0 -1
BITMAP
2200
FF80
0200
2F80
F400
2A00
FF80
1400
E780
ENDCHAR
STARTCHAR u835E.zh_hant
ENCODING 33630
SWIDTH 1000 0
DWIDTH 10 0
BBX 9 9 0 -1
BITMAP
2200
FF80
2200
7F00
0800
FF80
4100
9280
1200
ENDCHAR
STARTCHAR u835F.zh_hant
ENCODING 33631
SWIDTH 1000 0
DWIDTH 10 0
BBX 9 9 0 -1
BITMAP
2200
FF80
1400
2200
DD80
0000
FF80
2200
7D00
ENDCHAR
STARTCHAR u8360.zh_hant
ENCODING 33632
SWIDTH 1000 0
DWIDTH 10 0
BBX 9 9 0 -1
BITMAP
2200
FF80
2200
FF80
4100
3E00
C180
1200
1200
ENDCHAR
STARTCHAR u8361.zh_hant
ENCODING 33633
SWIDTH 1000 0
DWIDTH 10 0
BBX 9 9 0 -1
BITMAP
2200
FF80
2200
0F00
C200
1F80
CA80
0A80
D580
ENDCHAR
STARTCHAR u8363.zh_hant
ENCODING 33635
SWIDTH 1000 0
DWIDTH 10 0
BBX 9 9 0 -1
BITMAP
2200
FF80
2200
FF80
8880
7F00
1A00
2900
C880
ENDCHAR
STARTCHAR u8364.zh_hant
ENCODING 33636
SWIDTH 1000 0
DWIDTH 10 0
BBX 9 9 0 -1
BITMAP
2200
FF80
2200
FF80
8880
7F00
2400
FF80
0400
ENDCHAR
STARTCHAR u8367.zh_hant
ENCODING 33639
SWIDTH 1000 0
DWIDTH 10 0
BBX 9 9 0 -1
BITMAP
2200
FF80
2200
FF80
8880
2900
4A00
1400
E380
ENDCHAR
STARTCHAR u836A.zh_hant
ENCODING 33642
SWIDTH 1000 0
DWIDTH 10 0
BBX 9 9 0 -1
BITMAP
2200
FF80
2200
F000
1200
2A80
FA80
2200
6600
ENDCHAR
STARTCHAR u836B.zh_hant
ENCODING 33643
SWIDTH 1000 0
DWIDTH 10 0
BBX 9 9 0 -1
BITMAP
2200
FF80
2200
F780
9480
A780
9480
E780
8480
ENDCHAR
STARTCHAR u836C
ENCODING 33644
SWIDTH 1000 0
DWIDTH 10 0
BBX 9 9 0 -1
BITMAP
2200
FF80
2200
FF80
5480
2400
FF80
0A00
F180
ENDCHAR
STARTCHAR u836F.zh_hant
ENCODING 33647
SWIDTH 1000 0
DWIDTH 10 0
BBX 9 9 0 -1
BITMAP
2200
FF80
2200
4400
A780
C880
7680
0080
F300
ENDCHAR
STARTCHAR u8377.zh_hant
ENCODING 33655
SWIDTH 1000 0
DWIDTH 10 0
BBX 9 9 0 -1
BITMAP
2200
FF80
2200
3F80
4080
DE80
5280
5E80
4180
ENDCHAR
STARTCHAR u8378.zh_hant
ENCODING 33656
SWIDTH 1000 0
DWIDTH 10 0
BBX 9 9 0 -1
BITMAP
2200
FF80
0800
FF80
8080
7F00
0200
FF80
0800
ENDCHAR
STARTCHAR u837B.zh_hant
ENCODING 33659
SWIDTH 1000 0
DWIDTH 10 0
BBX 9 9 0 -1
BITMAP
2200
FF80
A200
4A80
AB00
6200
A200
2500
D880
ENDCHAR
STARTCHAR u837C.zh_hant
ENCODING 33660
SWIDTH 1000 0
DWIDTH 10 0
BBX 9 9 0 -1
BITMAP
2200
FF80
2200
7F00
8880
7F00
0800
4900
9880
ENDCHAR
STARTCHAR u837D.zh_hant
ENCODING 33661
SWIDTH 1000 0
DWIDTH 10 0
BBX 9 9 0 -1
BITMAP
2200
FF80
4880
2500
1000
FF80
2100
3E00
C180
ENDCHAR
STARTCHAR u8385.zh_hant
ENCODING 33669
SWIDTH 1000 0
DWIDTH 10 0
BBX 9 9 0 -1
BITMAP
2200
FF80
2200
2400
7F80
C900
4900
4200
5F80
ENDCHAR
STARTCHAR u8386.zh_hant
ENCODING 33670
SWIDTH 1000 0
DWIDTH 10 0
BBX 9 9 0 -1
BITMAP
2200
FF80
2200
FF80
0800
FF80
8880
FF80
8880
ENDCHAR
STARTCHAR u8389.zh_hant
ENCODING 33673
SWIDTH 1000 0
DWIDTH 10 0
BBX 9 9 0 -1
BITMAP
2200
FF80
0200
F880
2280
FE80
3280
6880
A580
ENDCHAR
STARTCHAR u838E.zh_hant
ENCODING 33678
SWIDTH 1000 0
DWIDTH 10 0
BBX 9 9 0 -1
BITMAP
2200
FF80
2400
9500
4480
0C00
2080
4300
9C00
ENDCHAR
STARTCHAR u8392.zh_hant
ENCODING 33682
SWIDTH 1000 0
DWIDTH 10 0
BBX 9 9 0 -1
BITMAP
2200
FF80
2200
7F00
4100
FF80
8080
8080
FF80
ENDCHAR
STARTCHAR u8393.zh_hant
ENCODING 33683
SWIDTH 1000 0
DWIDTH 10 0
BBX 9 9 0 -1
BITMAP
2200
FF80
2200
7F80
A900
7F80
5100
7F80
0200
ENDCHAR
STARTCHAR u8398.zh_hant
ENCODING 33688
SWIDTH 1000 0
DWIDTH 10 0
BBX 9 9 0 -1
BITMAP
2200
FF80
2200
FF80
1400
FF80
0800
7F00
0800
ENDCHAR
STARTCHAR u839B.zh_hant
ENCODING 33691
SWIDTH 1000 0
DWIDTH 10 0
BBX 9 9 0 -1
BITMAP
2200
FF80
2000
EF80
2200
5F80
E200
3200
CF80
ENDCHAR
STARTCHAR u839C.zh_hant
ENCODING 33692
SWIDTH 1000 0
DWIDTH 10 0
BBX 9 9 0 -1
BITMAP
2200
FF80
2200
5780
D900
5500
5200
5500
4880
ENDCHAR
STARTCHAR u839E.zh_hant
ENCODING 33694
SWIDTH 1000 0
DWIDTH 10 0
BBX 9 9 0 -1
BITMAP
2200
FF80
2200
FF80
8080
7F00
1400
2480
C780
ENDCHAR
STARTCHAR u83A0.zh_hant
ENCODING 33696
SWIDTH 1000 0
DWIDTH 10 0
BBX 9 9 0 -1
BITMAP
2200
FF80
0800
FF80
2900
7E80
8B00
1100
6600
ENDCHAR
STARTCHAR u83A8.zh_hant
ENCODING 33704
SWIDTH 1000 0
DWIDTH 10 0
BBX 9 9 0 -1
BITMAP
2200
FF80
2200
7F00
4100
7F00
4900
4600
F180
ENDCHAR
STARTCHAR u83A9.zh_hant
ENCODING 33705
SWIDTH 1000 0
DWIDTH 10 0
BBX 9 9 0 -1
BITMAP
2200
FF80
0100
7E00
4900
BE80
0200
FF80
0800
ENDCHAR
STARTCHAR u83AA
ENCODING 33706
SWIDTH 1000 0
DWIDTH 10 0
BBX 9 9 0 -1
BITMAP
2200
FF80
2200
F500
2480
FF80
2500
F200
2D80
ENDCHAR
STARTCHAR u83AB.zh_hant
ENCODING 33707
SWIDTH 1000 0
DWIDTH 10 0
BBX 9 9 0 -1
BITMAP
FF80
1400
3E00
2200
3E00
2200
FF80
2200
C180
ENDCHAR
STARTCHAR u83B1.zh_hant
ENCODING 33713
SWIDTH 1000 0
DWIDTH 10 0
BBX 9 9 0 -1
BITMAP
2200
FF80
0800
FF80
4900
2A00
FF80
2900
C880
ENDCHAR
STARTCHAR u83B2.zh_hant
ENCODING 33714
SWIDTH 1000 0
DWIDTH 10 0
BBX 9 9 0 -1
BITMAP
2200
FF80
2200
9F80
4400
0A00
DF80
4200
BF80
ENDCHAR
STARTCHAR u83B7.zh_hant
ENCODING 33719
SWIDTH 1000 0
DWIDTH 10 0
BBX 9 9 0 -1
BITMAP
2200
FF80
2200
A480
5F80
A400
6400
AA00
5180
ENDCHAR
STARTCHAR u83B9.zh_hant
ENCODING 33721
SWIDTH 1000 0
DWIDTH 10 0
BBX 9 9 0 -1
BITMAP
2200
FF80
2200
FF80
8080
7F00
0A00
0900
FF80
ENDCHAR
STARTCHAR u83BA.zh_hant
ENCODING 33722
SWIDTH 1000 0
DWIDTH 10 0
BBX 9 9 0 -1
BITMAP
2200
FF80
2200
FF80
AA80
2400
3F80
0080
FB00
ENDCHAR
STARTCHAR u83BD.zh_hant
ENCODING 33725
SWIDTH 1000 0
DWIDTH 10 0
BBX 9 9 0 -1
BITMAP
2200
FF80
0800
FF80
1200
E180
2200
FF80
4200
ENDCHAR
STARTCHAR u83C0.zh_hant
ENCODING 33728
SWIDTH 1000 0
DWIDTH 10 0
BBX 9 9 0 -1
BITMAP
2200
FF80
0800
FF80
8080
7700
D500
2400
C780
ENDCHAR
STARTCHAR u83C1.zh_hant
ENCODING 33729
SWIDTH 1000 0
DWIDTH 10 0
BBX 9 9 0 -1
BITMAP
2200
FF80
0800
7F00
0800
FF80
4100
7F00
4100
ENDCHAR
STARTCHAR u83C5.zh_hant
ENCODING 33733
SWIDTH 1000 0
DWIDTH 10 0
BBX 9 9 0 -1
BITMAP
2200
FF80
0800
FF80
A480
A480
3E00
2200
3E00
ENDCHAR
STARTCHAR u83C7.zh_hant
ENCODING 33735
SWIDTH 1000 0
DWIDTH 10 0
BBX 9 9 0 -1
BITMAP
2200
FF80
2200
4100
F780
5100
5780
2480
D780
ENDCHAR
STARTCHAR u83CA.zh_hant
ENCODING 33738
SWIDTH 1000 0
DWIDTH 10 0
BBX 9 9 0 -1
BITMAP
2200
FF80
2200
7F80
9480
1080
FE80
5480
9300
ENDCHAR
STARTCHAR u83CC.zh_hant
ENCODING 33740
SWIDTH 1000 0
DWIDTH 10 0
BBX 9 9 0 -1
BITMAP
2200
FF80
2200
FF80
8880
BE80
9880
AA80
FF80
ENDCHAR
STARTCHAR u83CF.zh_hant
ENCODING 33743
SWIDTH 1000 0
DWIDTH 10 0
BBX 9 9 0 -1
BITMAP
2200
FF80
2200
DF80
0100
DD00
1500
5D00
8300
ENDCHAR
STARTCHAR u83D4.zh_hant
ENCODING 33748
SWIDTH 1000 0
DWIDTH 10 0
BBX 9 9 0 -1
BITMAP
2200
FF80
2200
F780
9400
F780
9C80
F300
9C80
ENDCHAR
STARTCHAR u83D6.zh_hant
ENCODING 33750
SWIDTH 1000 0
DWIDTH 10 0
BBX 9 9 0 -1
BITMAP
2200
FF80
2200
4100
7F00
4100
FF80
8080
FF80
ENDCHAR
STARTCHAR u83D8.zh_hant
ENCODING 33752
SWIDTH 1000 0
DWIDTH 10 0
BBX 9 9 0 -1
BITMAP
2200
FF80
2100
2900
F880
2480
7400
A880
2F80
ENDCHAR
STARTCHAR u83DC.zh_hant
ENCODING 33756
SWIDTH 1000 0
DWIDTH 10 0
BBX 9 9 0 -1
BITMAP
2200
FF80
2200
7F00
2900
1200
FF80
2A00
C980
ENDCHAR
STARTCHAR u83DF.zh_hant
ENCODING 33759
SWIDTH 1000 0
DWIDTH 10 0
BBX 9 9 0 -1
BITMAP
2200
FF80
2400
FF00
4900
7F00
1500
2480
C780
ENDCHAR
STARTCHAR u83E0.zh_hant
ENCODING 33760
SWIDTH 1000 0
DWIDTH 10 0
BBX 9 9 0 -1
BITMAP
2200
FF80
4200
3F80
9200
5F80
1480
A300
AC80
ENDCHAR
STARTCHAR u83E1.zh_hant
ENCODING 33761
SWIDTH 1000 0
DWIDTH 10 0
BBX 9 9 0 -1
BITMAP
2200
FF80
2200
7F00
0400
AA80
9C80
AA80
FF80
ENDCHAR
STARTCHAR u83E9.zh_hant
ENCODING 33769
SWIDTH 1000 0
DWIDTH 10 0
BBX 9 9 0 -1
BITMAP
2200
FF80
2200
0800
FF80
2200
FF80
4100
7F00
ENDCHAR
STARTCHAR u83EA.zh_hant
ENCODING 33770
SWIDTH 1000 0
DWIDTH 10 0
BBX 9 9 0 -1
BITMAP
FF80
2200
FF80
8080
7F00
1000
3F00
E100
3F00
ENDCHAR
STARTCHAR u83F0.zh_hant
ENCODING 33776
SWIDTH 1000 0
DWIDTH 10 0
BBX 9 9 0 -1
BITMAP
2200
FF80
2200
FF80
3500
5500
D580
5E80
E080
ENDCHAR
STARTCHAR u83F1.zh_hant
ENCODING 33777
SWIDTH 1000 0
DWIDTH 10 0
BBX 9 9 0 -1
BITMAP
2200
FF80
0800
FF80
2200
DF80
3200
1C00
E380
ENDCHAR
STARTCHAR u83F2.zh_hant
ENCODING 33778
SWIDTH 1000 0
DWIDTH 10 0
BBX 9 9 0 -1
BITMAP
2200
FF80
1400
7700
1400
1400
F780
1400
6400
ENDCHAR
STARTCHAR u83F8.zh_hant
ENCODING 33784
SWIDTH 1000 0
DWIDTH 10 0
BBX 9 9 0 -1
BITMAP
2200
FF80
2200
4200
F500
4C80
7200
9180
A600
ENDCHAR
STARTCHAR u83FD.zh_hant
ENCODING 33789
SWIDTH 1000 0
DWIDTH 10 0
BBX 9 9 0 -1
BITMAP
2200
FF80
4200
7780
4080
FA80
2280
AB00
AC80
ENDCHAR
STARTCHAR u8401.zh_hant
ENCODING 33793
SWIDTH 1000 0
DWIDTH 10 0
BBX 9 9 0 -1
BITMAP
FF80
2200
FF80
4100
7F00
4100
FF80
2200
C180
ENDCHAR
STARTCHAR u8403.zh_hant
ENCODING 33795
SWIDTH 1000 0
DWIDTH 10 0
BBX 9 9 0 -1
BITMAP
2200
FF80
0800
FF80
2200
5500
8880
FF80
0800
ENDCHAR
STARTCHAR u8404.zh_hant
ENCODING 33796
SWIDTH 1000 0
DWIDTH 10 0
BBX 9 9 0 -1
BITMAP
2200
FF80
2200
7F80
9080
7E80
1080
5480
7F00
ENDCHAR
STARTCHAR u840B.zh_hant
ENCODING 33803
SWIDTH 1000 0
DWIDTH 10 0
BBX 9 9 0 -1
BITMAP
2200
FF80
0900
7F80
1100
FF80
2200
3C00
C380
ENDCHAR
STARTCHAR u840C.zh_hant
ENCODING 33804
SWIDTH 1000 0
DWIDTH 10 0
BBX 9 9 0 -1
BITMAP
2200
FF80
2200
F780
9480
F780
9480
FF80
0880
ENDCHAR
STARTCHAR u840D.zh_hant
ENCODING 33805
SWIDTH 1000 0
DWIDTH 10 0
BBX 9 9 0 -1
BITMAP
2200
FF80
2200
1F80
8A00
5280
0200
5F80
8200
ENDCHAR
STARTCHAR u840E.zh_hant
ENCODING 33806
SWIDTH 1000 0
DWIDTH 10 0
BBX 9 9 0 -1
BITMAP
2200
FF80
0800
FF80
1A00
E980
2200
1C00
E380
ENDCHAR
STARTCHAR u840F.zh_hant
ENCODING 33807
SWIDTH 1000 0
DWIDTH 10 0
BBX 9 9 0 -1
BITMAP
2200
FF80
0800
1E00
E380
8080
F780
8080
FF80
ENDCHAR
STARTCHAR u841D.zh_hant
ENCODING 33821
SWIDTH 1000 0
DWIDTH 10 0
BBX 9 9 0 -1
BITMAP
FF80
2A00
5500
7F00
2000
3F00
D100
0A00
FC00
ENDCHAR
STARTCHAR u8424.zh_hant
ENCODING 33828
SWIDTH 1000 0
DWIDTH 10 0
BBX 9 9 0 -1
BITMAP
FF80
2200
FF80
8880
7F00
4900
7F00
0880
FF80
ENDCHAR
STARTCHAR u8425
ENCODING 33829
SWIDTH 1000 0
DWIDTH 10 0
BBX 9 9 0 -1
BITMAP
2200
FF80
2200
FF80
BE80
2200
7F00
4100
7F00
ENDCHAR
STARTCHAR u8426
ENCODING 33830
SWIDTH 1000 0
DWIDTH 10 0
BBX 9 9 0 -1
BITMAP
2200
FF80
2200
FF80
A480
1900
FE80
2A00
D980
ENDCHAR
STARTCHAR u8427.zh_hant
ENCODING 33831
SWIDTH 1000 0
DWIDTH 10 0
BBX 9 9 0 -1
BITMAP
FF80
2200
7F00
0980
7F00
8880
9A80
A980
8880
ENDCHAR
STARTCHAR u8428.zh_hant
ENCODING 33832
SWIDTH 1000 0
DWIDTH 10 0
BBX 9 9 0 -1
BITMAP
FF80
2200
FF80
9500
E200
9780
9400
E400
8800
ENDCHAR
STARTCHAR u8431.zh_hant
ENCODING 33841
SWIDTH 1000 0
DWIDTH 10 0
BBX 9 9 0 -1
BITMAP
2200
FF80
0800
FF80
A280
BE80
2200
2200
FF80
ENDCHAR
STARTCHAR u8438.zh_hant
ENCODING 33848
SWIDTH 1000 0
DWIDTH 10 0
BBX 9 9 0 -1
BITMAP
2200
FF80
8880
EB80
8880
EB80
1400
2200
C180
ENDCHAR
STARTCHAR u843C.zh_hant
ENCODING 33852
SWIDTH 1000 0
DWIDTH 10 0
BBX 9 9 0 -1
BITMAP
FF80
2200
7700
5500
FF80
2000
7F00
4100
0600
ENDCHAR
STARTCHAR u843D.zh_hant
ENCODING 33853
SWIDTH 1000 0
DWIDTH 10 0
BBX 9 9 0 -1
BITMAP
2200
FF80
4200
2F00
9100
4A00
1F00
5180
9F00
ENDCHAR
STARTCHAR u8446.zh_hant
ENCODING 33862
SWIDTH 1000 0
DWIDTH 10 0
BBX 9 9 0 -1
BITMAP
2200
FF80
2880
2F80
4200
DF80
4600
4A80
5280
ENDCHAR
STARTCHAR u8457.zh_hant
ENCODING 33879
SWIDTH 1000 0
DWIDTH 10 0
BBX 9 9 0 -1
BITMAP
2200
FF80
1100
7F80
1200
FF80
3100
D100
1F00
ENDCHAR
STARTCHAR u8459.zh_hant
ENCODING 33881
SWIDTH 1000 0
DWIDTH 10 0
BBX 9 9 0 -1
BITMAP
2200
FF80
2200
2F80
F880
2F80
6880
B880
2F80
ENDCHAR
STARTCHAR u845A.zh_hant
ENCODING 33882
SWIDTH 1000 0
DWIDTH 10 0
BBX 9 9 0 -1
BITMAP
FF80
2200
FF80
4100
4100
FE00
4B80
5000
7F80
ENDCHAR
STARTCHAR u845B.zh_hant
ENCODING 33883
SWIDTH 1000 0
DWIDTH 10 0
BBX 9 9 0 -1
BITMAP
1400
FF80
2200
3E00
2200
3F80
5080
A480
3B00
ENDCHAR
STARTCHAR u8461.zh_hant
ENCODING 33889
SWIDTH 1000 0
DWIDTH 10 0
BBX 9 9 0 -1
BITMAP
2200
FF80
2200
7F80
9480
FE80
5480
7C80
5700
ENDCHAR
STARTCHAR u8463.zh_hant
ENCODING 33891
SWIDTH 1000 0
DWIDTH 10 0
BBX 9 9 0 -1
BITMAP
2200
FF80
0800
FF80
2A00
2A00
7F00
0800
FF80
ENDCHAR
STARTCHAR u8469.zh_hant
ENCODING 33897
SWIDTH 1000 0
DWIDTH 10 0
BBX 9 9 0 -1
BITMAP
2200
FF80
4200
EF80
AA80
EA80
AF80
A800
EF80
ENDCHAR
STARTCHAR u846B.zh_hant
ENCODING 33899
SWIDTH 1000 0
DWIDTH 10 0
BBX 9 9 0 -1
BITMAP
2200
FF80
2200
2780
FC80
2780
F480
9780
F880
ENDCHAR
STARTCHAR u846C.zh_hant
ENCODING 33900
SWIDTH 1000 0
DWIDTH 10 0
BBX 9 9 0 -1
BITMAP
2200
FF80
2400
FF80
5400
E780
1200
FF80
2200
ENDCHAR
STARTCHAR u846D.zh_hant
ENCODING 33901
SWIDTH 1000 0
DWIDTH 10 0
BBX 9 9 0 -1
BITMAP
2200
FF80
2200
F780
9080
F780
8480
F300
8C80
ENDCHAR
STARTCHAR u8471.zh_hant
ENCODING 33905
SWIDTH 1000 0
DWIDTH 10 0
BBX 9 9 0 -1
BITMAP
2200
FF80
2200
7F80
9480
2900
0400
5100
9E80
ENDCHAR
STARTCHAR u8473.zh_hant
ENCODING 33907
SWIDTH 1000 0
DWIDTH 10 0
BBX 9 9 0 -1
BITMAP
2200
FF80
2200
FF80
9200
FA80
A900
1100
EA80
ENDCHAR
STARTCHAR u8475.zh_hant
ENCODING 33909
SWIDTH 1000 0
DWIDTH 10 0
BBX 9 9 0 -1
BITMAP
2200
FF80
9500
5280
3F00
C880
7F00
1400
E380
ENDCHAR
STARTCHAR u8476.zh_hant
ENCODING 33910
SWIDTH 1000 0
DWIDTH 10 0
BBX 9 9 0 -1
BITMAP
FF80
2200
FF80
4100
FF80
8080
7F00
0800
1800
ENDCHAR
STARTCHAR u847A.zh_hant
ENCODING 33914
SWIDTH 1000 0
DWIDTH 10 0
BBX 9 9 0 -1
BITMAP
2200
FF80
2200
FF80
2200
3E00
2380
3E00
C200
ENDCHAR
STARTCHAR u8482.zh_hant
ENCODING 33922
SWIDTH 1000 0
DWIDTH 10 0
BBX 9 9 0 -1
BITMAP
2200
FF80
0800
FF80
2200
FF80
8880
7F00
4900
ENDCHAR
STARTCHAR u848B.zh_hant
ENCODING 33931
SWIDTH 1000 0
DWIDTH 10 0
BBX 9 9 0 -1
BITMAP
2200
FF80
4480
5200
C900
7F80
4100
D100
4B00
ENDCHAR
STARTCHAR u8497.zh_hant
ENCODING 33943
SWIDTH 1000 0
DWIDTH 10 0
BBX 9 9 0 -1
BITMAP
2200
FF80
4200
2F00
8900
4F00
0A80
6900
9C80
ENDCHAR
STARTCHAR u8499.zh_hant
ENCODING 33945
SWIDTH 1000 0
DWIDTH 10 0
BBX 9 9 0 -1
BITMAP
2200
FF80
2200
FF80
9080
6D00
1600
E580
1800
ENDCHAR
STARTCHAR u849C.zh_hant
ENCODING 33948
SWIDTH 1000 0
DWIDTH 10 0
BBX 9 9 0 -1
BITMAP
2200
FF80
2200
F780
0000
FF80
2200
6B00
B280
ENDCHAR
STARTCHAR u84A1.zh_hant
ENCODING 33953
SWIDTH 1000 0
DWIDTH 10 0
BBX 9 9 0 -1
BITMAP
FF80
0800
FF80
2200
FF80
8880
7F00
1100
E600
ENDCHAR
STARTCHAR u84AF.zh_hant
ENCODING 33967
SWIDTH 1000 0
DWIDTH 10 0
BBX 9 9 0 -1
BITMAP
4480
FE80
4480
EE80
AA80
EE80
AA80
EE80
AA80
ENDCHAR
STARTCHAR u84B2.zh_hant
ENCODING 33970
SWIDTH 1000 0
DWIDTH 10 0
BBX 9 9 0 -1
BITMAP
2200
FF80
4200
3F80
9280
5F80
1280
5F80
9280
ENDCHAR
STARTCHAR u84B4.zh_hant
ENCODING 33972
SWIDTH 1000 0
DWIDTH 10 0
BBX 9 9 0 -1
BITMAP
FF80
0200
5780
FC80
2780
A480
FF80
2480
C980
ENDCHAR
STARTCHAR u84B8.zh_hant
ENCODING 33976
SWIDTH 1000 0
DWIDTH 10 0
BBX 9 9 0 -1
BITMAP
2200
FF80
2200
DE80
4500
8880
7F00
0000
9480
ENDCHAR
STARTCHAR u84B9.zh_hant
ENCODING 33977
SWIDTH 1000 0
DWIDTH 10 0
BBX 9 9 0 -1
BITMAP
2200
FF80
1500
FF80
1500
7F00
1400
3500
D480
ENDCHAR
STARTCHAR u84BF.zh_hant
ENCODING 33983
SWIDTH 1000 0
DWIDTH 10 0
BBX 9 9 0 -1
BITMAP
2200
FF80
0800
FF80
2200
FF80
A280
BE80
8180
ENDCHAR
STARTCHAR u84C1.zh_hant
ENCODING 33985
SWIDTH 1000 0
DWIDTH 10 0
BBX 9 9 0 -1
BITMAP
2200
FF80
0800
7F00
2200
CD00
7880
2E00
C980
ENDCHAR
STARTCHAR u84C4.zh_hant
ENCODING 33988
SWIDTH 1000 0
DWIDTH 10 0
BBX 9 9 0 -1
BITMAP
2200
FF80
0800
FF80
2400
4900
FF80
4900
7F00
ENDCHAR
STARTCHAR u84C9.zh_hant
ENCODING 33993
SWIDTH 1000 0
DWIDTH 10 0
BBX 9 9 0 -1
BITMAP
2200
FF80
0800
FF80
A280
5D00
3E00
6300
BE80
ENDCHAR
STARTCHAR u84CA.zh_hant
ENCODING 33994
SWIDTH 1000 0
DWIDTH 10 0
BBX 9 9 0 -1
BITMAP
2200
FF80
4900
9280
FF80
5280
B580
5280
B580
ENDCHAR
STARTCHAR u84CD.zh_hant
ENCODING 33997
SWIDTH 1000 0
DWIDTH 10 0
BBX 9 9 0 -1
BITMAP
2200
FF80
1200
FF80
5200
9480
7F80
4100
7F00
ENDCHAR
STARTCHAR u84D0.zh_hant
ENCODING 34000
SWIDTH 1000 0
DWIDTH 10 0
BBX 9 9 0 -1
BITMAP
2200
FF80
0000
FF80
A200
B980
0200
FF80
2200
ENDCHAR
STARTCHAR u84D1.zh_hant
ENCODING 34001
SWIDTH 1000 0
DWIDTH 10 0
BBX 9 9 0 -1
BITMAP
2200
FF80
2200
FF80
2200
3E80
C900
4600
7180
ENDCHAR
STARTCHAR u84D3.zh_hant
ENCODING 34003
SWIDTH 1000 0
DWIDTH 10 0
BBX 9 9 0 -1
BITMAP
2200
FF80
2200
3F80
4480
C500
5F80
4880
4F80
ENDCHAR
STARTCHAR u84D6.zh_hant
ENCODING 34006
SWIDTH 1000 0
DWIDTH 10 0
BBX 9 9 0 -1
BITMAP
2200
FF80
5500
4900
5500
7F00
4400
5C80
E780
ENDCHAR
STARTCHAR u84DD.zh_hant
ENCODING 34013
SWIDTH 1000 0
DWIDTH 10 0
BBX 9 9 0 -1
BITMAP
2200
FF80
2400
A780
AA00
A100
7F00
5500
FF80
ENDCHAR
STARTCHAR u84DF.zh_hant
ENCODING 34015
SWIDTH 1000 0
DWIDTH 10 0
BBX 9 9 0 -1
BITMAP
FF80
2200
3080
5280
FA80
AA80
FA80
0080
F980
ENDCHAR
STARTCHAR u84E6.zh_hant
ENCODING 34022
SWIDTH 1000 0
DWIDTH 10 0
BBX 9 9 0 -1
BITMAP
FF80
2200
7F00
4100
FF80
4100
BF80
0080
FB00
ENDCHAR
STARTCHAR u84EC.zh_hant
ENCODING 34028
SWIDTH 1000 0
DWIDTH 10 0
BBX 9 9 0 -1
BITMAP
2200
FF80
4880
1500
C780
5A00
4F80
A200
9F80
ENDCHAR
STARTCHAR u84F0.zh_hant
ENCODING 34032
SWIDTH 1000 0
DWIDTH 10 0
BBX 9 9 0 -1
BITMAP
2200
FF80
2280
4B00
AF80
4200
CB80
4E00
5180
ENDCHAR
STARTCHAR u84FC.zh_hant
ENCODING 34044
SWIDTH 1000 0
DWIDTH 10 0
BBX 9 9 0 -1
BITMAP
2200
FF80
5280
B580
5280
8D00
3080
0600
7800
ENDCHAR
STARTCHAR u84FF.zh_hant
ENCODING 34047
SWIDTH 1000 0
DWIDTH 10 0
BBX 9 9 0 -1
BITMAP
2200
FF80
0800
FF80
9480
2F00
6900
2900
2F00
ENDCHAR
STARTCHAR u8511.zh_hant
ENCODING 34065
SWIDTH 1000 0
DWIDTH 10 0
BBX 9 9 0 -1
BITMAP
1400
FF80
1400
7F00
5500
FF80
8900
E600
9980
ENDCHAR
STARTCHAR u8513.zh_hant
ENCODING 34067
SWIDTH 1000 0
DWIDTH 10 0
BBX 9 9 0 -1
BITMAP
1400
FF80
2200
FF80
9480
FF80
2200
1C00
E380
ENDCHAR
STARTCHAR u8517.zh_hant
ENCODING 34071
SWIDTH 1000 0
DWIDTH 10 0
BBX 9 9 0 -1
BITMAP
2100
FF80
0400
7F80
4900
7F80
4900
8F00
AA80
ENDCHAR
STARTCHAR u851A.zh_hant
ENCODING 34074
SWIDTH 1000 0
DWIDTH 10 0
BBX 9 9 0 -1
BITMAP
2200
FF80
2200
F880
8F80
F880
8480
FA80
A980
ENDCHAR
STARTCHAR u851F.zh_hant
ENCODING 34079
SWIDTH 1000 0
DWIDTH 10 0
BBX 9 9 0 -1
BITMAP
2200
FF80
4400
FF80
4A00
6F80
B200
2500
D880
ENDCHAR
STARTCHAR u8521.zh_hant
ENCODING 34081
SWIDTH 1000 0
DWIDTH 10 0
BBX 9 9 0 -1
BITMAP
2200
FF80
9500
5280
3F00
C080
7F00
4900
9880
ENDCHAR
STARTCHAR u852B.zh_hant
ENCODING 34091
SWIDTH 1000 0
DWIDTH 10 0
BBX 9 9 0 -1
BITMAP
FF80
2200
FF80
0800
FF80
2000
3F80
0080
5580
ENDCHAR
STARTCHAR u852C.zh_hant
ENCODING 34092
SWIDTH 1000 0
DWIDTH 10 0
BBX 9 9 0 -1
BITMAP
2200
FF80
2200
FF80
1400
2F80
A000
AA80
F280
ENDCHAR
STARTCHAR u8537.zh_hant
ENCODING 34103
SWIDTH 1000 0
DWIDTH 10 0
BBX 9 9 0 -1
BITMAP
FF80
2200
FF80
2900
FF80
5500
5D00
4100
7F00
ENDCHAR
STARTCHAR u8538.zh_hant
ENCODING 34104
SWIDTH 1000 0
DWIDTH 10 0
BBX 9 9 0 -1
BITMAP
2200
FF80
1400
5D80
9480
9D80
C000
1480
E780
ENDCHAR
STARTCHAR u853A.zh_hant
ENCODING 34106
SWIDTH 1000 0
DWIDTH 10 0
BBX 9 9 0 -1
BITMAP
2200
FF80
2200
BF80
5480
9E80
B480
9E80
8180
ENDCHAR
STARTCHAR u853B.zh_hant
ENCODING 34107
SWIDTH 1000 0
DWIDTH 10 0
BBX 9 9 0 -1
BITMAP
2200
FF80
8280
F200
0780
FC80
5300
5480
9F80
ENDCHAR
STARTCHAR u853C.zh_hant
ENCODING 34108
SWIDTH 1000 0
DWIDTH 10 0
BBX 9 9 0 -1
BITMAP
2200
FF80
2900
4F00
2900
CF80
5880
6A80
4D80
ENDCHAR
STARTCHAR u853D.zh_hant
ENCODING 34109
SWIDTH 1000 0
DWIDTH 10 0
BBX 9 9 0 -1
BITMAP
2200
FF80
AA00
2380
FC80
AA80
FA80
AB00
AC80
ENDCHAR
STARTCHAR u8543.zh_hant
ENCODING 34115
SWIDTH 1000 0
DWIDTH 10 0
BBX 9 9 0 -1
BITMAP
2200
FF80
4900
2A00
FF80
4900
FF80
4900
7F00
ENDCHAR
STARTCHAR u8548.zh_hant
ENCODING 34120
SWIDTH 1000 0
DWIDTH 10 0
BBX 9 9 0 -1
BITMAP
2200
FF80
5500
7F00
2200
3E00
2200
FF80
0800
ENDCHAR
STARTCHAR u8549.zh_hant
ENCODING 34121
SWIDTH 1000 0
DWIDTH 10 0
BBX 9 9 0 -1
BITMAP
2200
FF80
2400
7F00
C400
7F00
0000
5500
8A80
ENDCHAR
STARTCHAR u854A.zh_hant
ENCODING 34122
SWIDTH 1000 0
DWIDTH 10 0
BBX 9 9 0 -1
BITMAP
2200
FF80
0800
A100
BE80
0000
2A80
A200
BB80
ENDCHAR
STARTCHAR u8559.zh_hant
ENCODING 34137
SWIDTH 1000 0
DWIDTH 10 0
BBX 9 9 0 -1
BITMAP
2200
FF80
4900
7F00
4900
FE80
2400
A100
9E80
ENDCHAR
STARTCHAR u855E.zh_hant
ENCODING 34142
SWIDTH 1000 0
DWIDTH 10 0
BBX 9 9 0 -1
BITMAP
2200
FF80
4900
FF80
5000
7780
5480
F300
1480
ENDCHAR
STARTCHAR u8564.zh_hant
ENCODING 34148
SWIDTH 1000 0
DWIDTH 10 0
BBX 9 9 0 -1
BITMAP
2200
FF80
2200
F500
2780
D100
3780
D100
2F80
ENDCHAR
STARTCHAR u8568.zh_hant
ENCODING 34152
SWIDTH 1000 0
DWIDTH 10 0
BBX 9 9 0 -1
BITMAP
2200
FF80
2200
FF80
D400
AF80
FA80
A500
B880
ENDCHAR
STARTCHAR u8572.zh_hant
ENCODING 34162
SWIDTH 1000 0
DWIDTH 10 0
BBX 9 9 0 -1
BITMAP
FF80
2200
5080
FB00
AA00
FB80
2280
FA80
2480
ENDCHAR
STARTCHAR u8574.zh_hant
ENCODING 34164
SWIDTH 1000 0
DWIDTH 10 0
BBX 9 9 0 -1
BITMAP
2200
FF80
2A80
4880
AF80
4000
EF80
0A80
EF80
ENDCHAR
STARTCHAR u8579.zh_hant
ENCODING 34169
SWIDTH 1000 0
DWIDTH 10 0
BBX 9 9 0 -1
BITMAP
FF80
2200
FF80
4900
AF80
5900
EF80
2900
CF80
ENDCHAR
STARTCHAR u857E.zh_hant
ENCODING 34174
SWIDTH 1000 0
DWIDTH 10 0
BBX 9 9 0 -1
BITMAP
2200
FF80
0800
FF80
AA80
5500
7F00
4900
7F00
ENDCHAR
STARTCHAR u8584.zh_hant
ENCODING 34180
SWIDTH 1000 0
DWIDTH 10 0
BBX 9 9 0 -1
BITMAP
2200
FF80
4200
3F80
8A80
4A80
1F80
5100
8B00
ENDCHAR
STARTCHAR u8585.zh_hant
ENCODING 34181
SWIDTH 1000 0
DWIDTH 10 0
BBX 9 9 0 -1
BITMAP
2200
FF80
2200
5F80
F500
5680
5100
2F80
D500
ENDCHAR
STARTCHAR u8587.zh_hant
ENCODING 34183
SWIDTH 1000 0
DWIDTH 10 0
BBX 9 9 0 -1
BITMAP
2200
FF80
4A00
AB80
3E80
4280
DD00
5680
6480
ENDCHAR
STARTCHAR u858F.zh_hant
ENCODING 34191
SWIDTH 1000 0
DWIDTH 10 0
BBX 9 9 0 -1
BITMAP
2200
FF80
1200
FF80
2100
2100
3F00
9100
9E80
ENDCHAR
STARTCHAR u859B.zh_hant
ENCODING 34203
SWIDTH 1000 0
DWIDTH 10 0
BBX 9 9 0 -1
BITMAP
2200
FF80
4200
FF80
A900
FF80
A200
BF80
E200
ENDCHAR
STARTCHAR u859C.zh_hant
ENCODING 34204
SWIDTH 1000 0
DWIDTH 10 0
BBX 9 9 0 -1
BITMAP
2200
FF80
A200
BF80
E900
9F80
E200
BF80
E200
ENDCHAR
STARTCHAR u85A4.zh_hant
ENCODING 34212
SWIDTH 1000 0
DWIDTH 10 0
BBX 9 9 0 -1
BITMAP
2200
FF80
4500
FD80
A500
FD80
2500
4500
9F80
ENDCHAR
STARTCHAR u85A8.zh_hant
ENCODING 34216
SWIDTH 1000 0
DWIDTH 10 0
BBX 9 9 0 -1
BITMAP
2200
FF80
5500
FF80
8080
7F00
D500
3480
E780
ENDCHAR
STARTCHAR u85AA.zh_hant
ENCODING 34218
SWIDTH 1000 0
DWIDTH 10 0
BBX 9 9 0 -1
BITMAP
2200
FF80
2200
FF80
5400
FF80
2500
7500
A900
ENDCHAR
STARTCHAR u85AE.zh_hant
ENCODING 34222
SWIDTH 1000 0
DWIDTH 10 0
BBX 9 9 0 -1
BITMAP
2200
FF80
AA00
7380
AC80
FA80
4A80
7300
8C80
ENDCHAR
STARTCHAR u85AF.zh_hant
ENCODING 34223
SWIDTH 1000 0
DWIDTH 10 0
BBX 9 9 0 -1
BITMAP
2200
FF80
5500
7F00
1200
FF80
2100
6100
BF00
ENDCHAR
STARTCHAR u85B0.zh_hant
ENCODING 34224
SWIDTH 1000 0
DWIDTH 10 0
BBX 9 9 0 -1
BITMAP
2200
FF80
0800
FF80
4900
7F00
0800
FF80
9480
ENDCHAR
STARTCHAR u85B9.zh_hant
ENCODING 34233
SWIDTH 1000 0
DWIDTH 10 0
BBX 9 9 0 -1
BITMAP
2200
FF80
0800
7F00
2200
FF80
BA80
0800
FF80
ENDCHAR
STARTCHAR u85C1.zh_hant
ENCODING 34241
SWIDTH 1000 0
DWIDTH 10 0
BBX 9 9 0 -1
BITMAP
2200
FF80
1400
FF80
BE80
0800
FF80
2A00
C980
ENDCHAR
STARTCHAR u85C9.zh_hant
ENCODING 34249
SWIDTH 1000 0
DWIDTH 10 0
BBX 9 9 0 -1
BITMAP
2200
FF80
2500
FF80
2500
FF80
2880
6880
AF80
ENDCHAR
STARTCHAR u85CF.zh_hant
ENCODING 34255
SWIDTH 1000 0
DWIDTH 10 0
BBX 9 9 0 -1
BITMAP
2200
FF80
2200
BF80
E500
3D80
E900
BE80
A480
ENDCHAR
STARTCHAR u85D0.zh_hant
ENCODING 34256
SWIDTH 1000 0
DWIDTH 10 0
BBX 9 9 0 -1
BITMAP
2200
FF80
5480
FF80
5480
B780
5300
9500
6980
ENDCHAR
STARTCHAR u85D3.zh_hant
ENCODING 34259
SWIDTH 1000 0
DWIDTH 10 0
BBX 9 9 0 -1
BITMAP
2200
FF80
5480
A900
FF80
A900
FF80
0100
F900
ENDCHAR
STARTCHAR u85D5.zh_hant
ENCODING 34261
SWIDTH 1000 0
DWIDTH 10 0
BBX 9 9 0 -1
BITMAP
2200
FF80
4A80
EA80
4F80
F200
5F80
D280
5680
ENDCHAR
STARTCHAR u85DC.zh_hant
ENCODING 34268
SWIDTH 1000 0
DWIDTH 10 0
BBX 9 9 0 -1
BITMAP
2200
FF80
2A80
F480
6D00
BB80
4D00
3A00
C980
ENDCHAR
STARTCHAR u85E4.zh_hant
ENCODING 34276
SWIDTH 1000 0
DWIDTH 10 0
BBX 9 9 0 -1
BITMAP
2200
FF80
1280
FF80
A500
BF80
EA80
B700
AA80
ENDCHAR
STARTCHAR u85E9.zh_hant
ENCODING 34281
SWIDTH 1000 0
DWIDTH 10 0
BBX 9 9 0 -1
BITMAP
2200
FF80
4A80
3F80
8B00
5280
3F80
5280
9F80
ENDCHAR
STARTCHAR u85FB.zh_hant
ENCODING 34299
SWIDTH 1000 0
DWIDTH 10 0
BBX 9 9 0 -1
BITMAP
FF80
9200
7B80
2A80
BB80
4400
3F80
9500
A480
ENDCHAR
STARTCHAR u85FF.zh_hant
ENCODING 34303
SWIDTH 1000 0
DWIDTH 10 0
BBX 9 9 0 -1
BITMAP
FF80
2200
FF80
AA80
3F80
C400
7F80
4400
7F80
ENDCHAR
STARTCHAR u8605.zh_hant
ENCODING 34309
SWIDTH 1000 0
DWIDTH 10 0
BBX 9 9 0 -1
BITMAP
FF80
2200
5D80
A800
3F80
6A80
BE80
9480
A280
ENDCHAR
STARTCHAR u8611.zh_hant
ENCODING 34321
SWIDTH 1000 0
DWIDTH 10 0
BBX 9 9 0 -1
BITMAP
2200
FF80
1100
FF80
B500
DA80
BF80
6080
BF80
ENDCHAR
STARTCHAR u8616.zh_hant
ENCODING 34326
SWIDTH 1000 0
DWIDTH 10 0
BBX 9 9 0 -1
BITMAP
2200
FF80
9200
FF80
9500
F780
0A00
FF80
4900
ENDCHAR
STARTCHAR u8638.zh_hant
ENCODING 34360
SWIDTH 1000 0
DWIDTH 10 0
BBX 9 9 0 -1
BITMAP
2200
FF80
2200
F900
AF80
D900
FF80
0000
9480
ENDCHAR
STARTCHAR u864D.zh_hant
ENCODING 34381
SWIDTH 1000 0
DWIDTH 10 0
BBX 9 9 0 -1
BITMAP
0800
0F80
0800
7F80
5080
5300
7C00
9080
9F80
ENDCHAR
STARTCHAR u864E.zh_hant
ENCODING 34382
SWIDTH 1000 0
DWIDTH 10 0
BBX 9 9 0 -1
BITMAP
0E00
7F80
4880
7E00
4880
8F80
9200
1280
6380
ENDCHAR
STARTCHAR u864F.zh_hant
ENCODING 34383
SWIDTH 1000 0
DWIDTH 10 0
BBX 9 9 0 -1
BITMAP
0F00
0800
7F80
4880
7F00
4800
5F80
8880
B300
ENDCHAR
STARTCHAR u8650.zh_hant
ENCODING 34384
SWIDTH 1000 0
DWIDTH 10 0
BBX 9 9 0 -1
BITMAP
0F00
0800
7F80
4400
5F80
5000
BF80
9000
1F80
ENDCHAR
STARTCHAR u8651.zh_hant
ENCODING 34385
SWIDTH 1000 0
DWIDTH 10 0
BBX 9 9 0 -1
BITMAP
0E00
0800
FF80
8880
BE00
8800
0F00
5080
9E80
ENDCHAR
STARTCHAR u8654.zh_hant
ENCODING 34388
SWIDTH 1000 0
DWIDTH 10 0
BBX 9 9 0 -1
BITMAP
0E00
7F80
4880
7E00
4880
7F80
9100
8E00
3180
ENDCHAR
STARTCHAR u865A.zh_hant
ENCODING 34394
SWIDTH 1000 0
DWIDTH 10 0
BBX 9 9 0 -1
BITMAP
0800
7F80
4880
7F00
4800
4F80
B280
9200
7F80
ENDCHAR
STARTCHAR u865E.zh_hant
ENCODING 34398
SWIDTH 1000 0
DWIDTH 10 0
BBX 9 9 0 -1
BITMAP
0E00
FF80
8A80
AA00
BF00
8900
FF80
9200
6180
ENDCHAR
STARTCHAR u8662.zh_hant
ENCODING 34402
SWIDTH 1000 0
DWIDTH 10 0
BBX 9 9 0 -1
BITMAP
3300
D200
4F80
2A00
FB80
2800
B500
3500
6980
ENDCHAR
STARTCHAR u866B
ENCODING 34411
SWIDTH 1000 0
DWIDTH 10 0
BBX 9 9 0 -1
BITMAP
0800
0800
7F00
4900
4900
7F00
0900
0E80
F080
ENDCHAR
STARTCHAR u866C.zh_hant
ENCODING 34412
SWIDTH 1000 0
DWIDTH 10 0
BBX 9 9 0 -1
BITMAP
2400
2400
F400
A400
A400
F400
2480
2480
F380
ENDCHAR
STARTCHAR u8671.zh_hant
ENCODING 34417
SWIDTH 1000 0
DWIDTH 10 0
BBX 9 9 0 -1
BITMAP
FF00
0100
FF00
2100
FD00
A500
FC80
2280
FE80
ENDCHAR
STARTCHAR u8679.zh_hant
ENCODING 34425
SWIDTH 1000 0
DWIDTH 10 0
BBX 9 9 0 -1
BITMAP
2780
2100
F900
A900
A900
F900
2100
2900
FF80
ENDCHAR
STARTCHAR u867A.zh_hant
ENCODING 34426
SWIDTH 1000 0
DWIDTH 10 0
BBX 9 9 0 -1
BITMAP
FA00
5200
5F80
5280
5F80
5200
5F80
9000
8F80
ENDCHAR
STARTCHAR u867B.zh_hant
ENCODING 34427
SWIDTH 1000 0
DWIDTH 10 0
BBX 9 9 0 -1
BITMAP
2200
2200
FF80
AA00
AA00
FA00
2200
2A00
FB80
ENDCHAR
STARTCHAR u867D.zh_hant
ENCODING 34429
SWIDTH 1000 0
DWIDTH 10 0
BBX 9 9 0 -1
BITMAP
3E00
2200
3E00
0800
7F00
4900
7F00
0880
FF80
ENDCHAR
STARTCHAR u867E.zh_hant
ENCODING 34430
SWIDTH 1000 0
DWIDTH 10 0
BBX 9 9 0 -1
BITMAP
2780
2200
FA00
AA00
AB00
FA80
2200
2A00
FA00
ENDCHAR
STARTCHAR u8680.zh_hant
ENCODING 34432
SWIDTH 1000 0
DWIDTH 10 0
BBX 9 9 0 -1
BITMAP
4200
7A00
9780
4A80
4A80
4F80
4200
6280
4F80
ENDCHAR
STARTCHAR u8681.zh_hant
ENCODING 34433
SWIDTH 1000 0
DWIDTH 10 0
BBX 9 9 0 -1
BITMAP
2400
2280
F080
A480
A480
F500
2200
2500
F880
ENDCHAR
STARTCHAR u8682.zh_hant
ENCODING 34434
SWIDTH 1000 0
DWIDTH 10 0
BBX 9 9 0 -1
BITMAP
2F00
2100
F900
A900
AF80
F080
2E80
2080
F300
ENDCHAR
STARTCHAR u868A.zh_hant
ENCODING 34442
SWIDTH 1000 0
DWIDTH 10 0
BBX 9 9 0 -1
BITMAP
2200
2200
FF80
A880
AA80
FA80
2100
2B00
FC80
ENDCHAR
STARTCHAR u868B.zh_hant
ENCODING 34443
SWIDTH 1000 0
DWIDTH 10 0
BBX 9 9 0 -1
BITMAP
2600
2200
FF80
AA80
AA80
FA80
2D80
2880
F980
ENDCHAR
STARTCHAR u868C.zh_hant
ENCODING 34444
SWIDTH 1000 0
DWIDTH 10 0
BBX 9 9 0 -1
BITMAP
2100
2F80
F900
AF80
A900
F900
2780
2900
F900
ENDCHAR
STARTCHAR u8693.zh_hant
ENCODING 34451
SWIDTH 1000 0
DWIDTH 10 0
BBX 9 9 0 -1
BITMAP
2E80
2280
FA80
AE80
A880
FE80
2280
2A80
FC80
ENDCHAR
STARTCHAR u8695.zh_hant
ENCODING 34453
SWIDTH 1000 0
DWIDTH 10 0
BBX 9 9 0 -1
BITMAP
FF80
0800
FF80
2900
7E80
AA00
3E80
0880
FF80
ENDCHAR
STARTCHAR u869C.zh_hant
ENCODING 34460
SWIDTH 1000 0
DWIDTH 10 0
BBX 9 9 0 -1
BITMAP
2F80
2100
E900
A900
BF80
E300
2500
2900
F300
ENDCHAR
STARTCHAR u86A3.zh_hant
ENCODING 34467
SWIDTH 1000 0
DWIDTH 10 0
BBX 9 9 0 -1
BITMAP
2700
2100
F880
AA80
AA00
FA00
2480
2480
FF80
ENDCHAR
STARTCHAR u86A4.zh_hant
ENCODING 34468
SWIDTH 1000 0
DWIDTH 10 0
BBX 9 9 0 -1
BITMAP
FF80
2900
9200
3E00
EB80
2A00
3E80
0880
FF80
ENDCHAR
STARTCHAR u86A7.zh_hant
ENCODING 34471
SWIDTH 1000 0
DWIDTH 10 0
BBX 9 9 0 -1
BITMAP
2200
2500
F880
A500
A500
F500
2500
2900
E900
ENDCHAR
STARTCHAR u86A9.zh_hant
ENCODING 34473
SWIDTH 1000 0
DWIDTH 10 0
BBX 9 9 0 -1
BITMAP
8880
FF80
1000
FF80
4900
4900
7F00
0880
FF80
ENDCHAR
STARTCHAR u86AA.zh_hant
ENCODING 34474
SWIDTH 1000 0
DWIDTH 10 0
BBX 9 9 0 -1
BITMAP
2280
2180
FC80
AA80
A880
F880
2380
2C80
F880
ENDCHAR
STARTCHAR u86AF.zh_hant
ENCODING 34479
SWIDTH 1000 0
DWIDTH 10 0
BBX 9 9 0 -1
BITMAP
2780
2400
FC00
A780
A500
FD00
2500
2500
FF80
ENDCHAR
STARTCHAR u86B0.zh_hant
ENCODING 34480
SWIDTH 1000 0
DWIDTH 10 0
BBX 9 9 0 -1
BITMAP
2200
2200
FF80
AA80
AA80
FF80
2A80
2A80
FF80
ENDCHAR
STARTCHAR u86B1.zh_hant
ENCODING 34481
SWIDTH 1000 0
DWIDTH 10 0
BBX 9 9 0 -1
BITMAP
4400
4780
FA00
DB80
D200
F380
4200
5200
F200
ENDCHAR
STARTCHAR u86B4.zh_hant
ENCODING 34484
SWIDTH 1000 0
DWIDTH 10 0
BBX 9 9 0 -1
BITMAP
2600
2A00
F380
AA80
A680
E880
3280
3E80
E300
ENDCHAR
STARTCHAR u86B5.zh_hant
ENCODING 34485
SWIDTH 1000 0
DWIDTH 10 0
BBX 9 9 0 -1
BITMAP
2F80
2080
FE80
AA80
AA80
FA80
2680
2880
F980
ENDCHAR
STARTCHAR u86B6.zh_hant
ENCODING 34486
SWIDTH 1000 0
DWIDTH 10 0
BBX 9 9 0 -1
BITMAP
4480
4480
FF80
D480
D480
F780
4480
5480
FF80
ENDCHAR
STARTCHAR u86BA.zh_hant
ENCODING 34490
SWIDTH 1000 0
DWIDTH 10 0
BBX 9 9 0 -1
BITMAP
2200
2F80
FA80
AF80
AA80
FF80
2880
2880
F980
ENDCHAR
STARTCHAR u86C0.zh_hant
ENCODING 34496
SWIDTH 1000 0
DWIDTH 10 0
BBX 9 9 0 -1
BITMAP
4200
4F80
F200
D200
DF80
F200
4200
5200
FF80
ENDCHAR
STARTCHAR u86C4.zh_hant
ENCODING 34500
SWIDTH 1000 0
DWIDTH 10 0
BBX 9 9 0 -1
BITMAP
2200
2200
FF80
A200
A200
FF80
2880
2880
FF80
ENDCHAR
STARTCHAR u86C6.zh_hant
ENCODING 34502
SWIDTH 1000 0
DWIDTH 10 0
BBX 9 9 0 -1
BITMAP
2780
2480
FF80
A480
A480
FF80
2480
2480
FF80
ENDCHAR
STARTCHAR u86C7.zh_hant
ENCODING 34503
SWIDTH 1000 0
DWIDTH 10 0
BBX 9 9 0 -1
BITMAP
4200
5F80
F080
D400
D580
F600
4400
5480
F780
ENDCHAR
STARTCHAR u86C9.zh_hant
ENCODING 34505
SWIDTH 1000 0
DWIDTH 10 0
BBX 9 9 0 -1
BITMAP
2700
2880
F800
AF80
A800
FF80
2280
2B80
FA00
ENDCHAR
STARTCHAR u86CA.zh_hant
ENCODING 34506
SWIDTH 1000 0
DWIDTH 10 0
BBX 9 9 0 -1
BITMAP
7F00
4900
7F00
0880
FF80
0000
7F00
5500
FF80
ENDCHAR
STARTCHAR u86CB.zh_hant
ENCODING 34507
SWIDTH 1000 0
DWIDTH 10 0
BBX 9 9 0 -1
BITMAP
FF80
4880
7E00
8980
FF00
4900
7F00
0880
FF80
ENDCHAR
STARTCHAR u86CE.zh_hant
ENCODING 34510
SWIDTH 1000 0
DWIDTH 10 0
BBX 9 9 0 -1
BITMAP
5F80
5000
FF80
D400
D780
F480
5480
5880
F300
ENDCHAR
STARTCHAR u86D0.zh_hant
ENCODING 34512
SWIDTH 1000 0
DWIDTH 10 0
BBX 9 9 0 -1
BITMAP
2500
2500
F500
AF80
AA80
FF80
2A80
2A80
FF80
ENDCHAR
STARTCHAR u86D4.zh_hant
ENCODING 34516
SWIDTH 1000 0
DWIDTH 10 0
BBX 9 9 0 -1
BITMAP
2F80
2880
FB80
AA80
AA80
FA80
2B80
2880
FF80
ENDCHAR
STARTCHAR u86D8.zh_hant
ENCODING 34520
SWIDTH 1000 0
DWIDTH 10 0
BBX 9 9 0 -1
BITMAP
2480
2500
FF80
A200
AF80
F200
2200
2F80
F200
ENDCHAR
STARTCHAR u86D9.zh_hant
ENCODING 34521
SWIDTH 1000 0
DWIDTH 10 0
BBX 9 9 0 -1
BITMAP
2200
2F80
F200
AF80
A200
FF80
2200
2A00
FF80
ENDCHAR
STARTCHAR u86DB.zh_hant
ENCODING 34523
SWIDTH 1000 0
DWIDTH 10 0
BBX 9 9 0 -1
BITMAP
2500
2780
F900
A900
AF80
F900
2300
2D80
F900
ENDCHAR
STARTCHAR u86DE.zh_hant
ENCODING 34526
SWIDTH 1000 0
DWIDTH 10 0
BBX 9 9 0 -1
BITMAP
2180
2E00
F200
AF80
A200
FF80
2880
2880
FF80
ENDCHAR
STARTCHAR u86DF.zh_hant
ENCODING 34527
SWIDTH 1000 0
DWIDTH 10 0
BBX 9 9 0 -1
BITMAP
2200
2F80
F500
A880
A800
F900
2500
2600
F980
ENDCHAR
STARTCHAR u86E4.zh_hant
ENCODING 34532
SWIDTH 1000 0
DWIDTH 10 0
BBX 9 9 0 -1
BITMAP
2700
2080
F800
AF80
A800
FF80
2480
2480
FF80
ENDCHAR
STARTCHAR u86E9.zh_hant
ENCODING 34537
SWIDTH 1000 0
DWIDTH 10 0
BBX 9 9 0 -1
BITMAP
EF00
4900
6D00
CA80
7F80
4900
7F00
0880
FF80
ENDCHAR
STARTCHAR u86ED.zh_hant
ENCODING 34541
SWIDTH 1000 0
DWIDTH 10 0
BBX 9 9 0 -1
BITMAP
3F80
2400
F880
AF80
AA00
FF80
2200
2A00
FF80
ENDCHAR
STARTCHAR u86EE.zh_hant
ENCODING 34542
SWIDTH 1000 0
DWIDTH 10 0
BBX 9 9 0 -1
BITMAP
0800
FF80
5500
9480
7F00
4900
7F00
0880
FF80
ENDCHAR
STARTCHAR u86F0.zh_hant
ENCODING 34544
SWIDTH 1000 0
DWIDTH 10 0
BBX 9 9 0 -1
BITMAP
2200
F780
2280
F680
2380
6480
3E00
2A80
FF80
ENDCHAR
STARTCHAR u86F8.zh_hant
ENCODING 34552
SWIDTH 1000 0
DWIDTH 10 0
BBX 9 9 0 -1
BITMAP
2200
2A80
FB00
AA00
AF80
F880
2F80
2880
F980
ENDCHAR
STARTCHAR u86F9.zh_hant
ENCODING 34553
SWIDTH 1000 0
DWIDTH 10 0
BBX 9 9 0 -1
BITMAP
2F00
2100
FF80
AA80
AF80
FA80
2F80
2A80
FA80
ENDCHAR
STARTCHAR u86FE
ENCODING 34558
SWIDTH 1000 0
DWIDTH 10 0
BBX 9 9 0 -1
BITMAP
2700
3A80
EA00
BF80
AA00
EA80
3D00
2900
DA80
ENDCHAR
STARTCHAR u8700.zh_hant
ENCODING 34560
SWIDTH 1000 0
DWIDTH 10 0
BBX 9 9 0 -1
BITMAP
FF80
9480
FF80
2000
7F80
D480
7C80
1280
FF00
ENDCHAR
STARTCHAR u8702.zh_hant
ENCODING 34562
SWIDTH 1000 0
DWIDTH 10 0
BBX 9 9 0 -1
BITMAP
4780
5880
F500
D780
D900
F780
4100
5F80
F100
ENDCHAR
STARTCHAR u8703.zh_hant
ENCODING 34563
SWIDTH 1000 0
DWIDTH 10 0
BBX 9 9 0 -1
BITMAP
FF80
8000
FF80
A200
7F80
4900
7F00
0880
FF80
ENDCHAR
STARTCHAR u8707.zh_hant
ENCODING 34567
SWIDTH 1000 0
DWIDTH 10 0
BBX 9 9 0 -1
BITMAP
2780
F400
2780
E900
3F00
4900
7F00
0880
FF80
ENDCHAR
STARTCHAR u8708.zh_hant
ENCODING 34568
SWIDTH 1000 0
DWIDTH 10 0
BBX 9 9 0 -1
BITMAP
2780
2480
FF80
A800
AF80
F280
2F80
2500
F880
ENDCHAR
STARTCHAR u8709.zh_hant
ENCODING 34569
SWIDTH 1000 0
DWIDTH 10 0
BBX 9 9 0 -1
BITMAP
2F80
2900
F480
A200
A780
F100
2F80
2900
FB00
ENDCHAR
STARTCHAR u870A.zh_hant
ENCODING 34570
SWIDTH 1000 0
DWIDTH 10 0
BBX 9 9 0 -1
BITMAP
2680
3A80
EA80
BF80
AA80
FA80
2E80
2880
F980
ENDCHAR
STARTCHAR u870D.zh_hant
ENCODING 34573
SWIDTH 1000 0
DWIDTH 10 0
BBX 9 9 0 -1
BITMAP
2F00
2080
F800
AF80
A200
FF80
2200
2A80
F680
ENDCHAR
STARTCHAR u8712.zh_hant
ENCODING 34578
SWIDTH 1000 0
DWIDTH 10 0
BBX 9 9 0 -1
BITMAP
3F80
2500
F900
AF80
A500
F500
2B80
2C00
F380
ENDCHAR
STARTCHAR u8713.zh_hant
ENCODING 34579
SWIDTH 1000 0
DWIDTH 10 0
BBX 9 9 0 -1
BITMAP
5880
4F00
EA00
B780
AA00
EA00
4F80
4800
F780
ENDCHAR
STARTCHAR u8715.zh_hant
ENCODING 34581
SWIDTH 1000 0
DWIDTH 10 0
BBX 9 9 0 -1
BITMAP
2880
2500
FF80
A880
A880
FF80
2500
2500
F980
ENDCHAR
STARTCHAR u8717
ENCODING 34583
SWIDTH 1000 0
DWIDTH 10 0
BBX 9 9 0 -1
BITMAP
2700
2500
FF00
AA00
AF80
FA80
2D80
3880
C980
ENDCHAR
STARTCHAR u8718.zh_hant
ENCODING 34584
SWIDTH 1000 0
DWIDTH 10 0
BBX 9 9 0 -1
BITMAP
5000
5F80
EA80
AA80
BE80
EA80
4A80
5680
F380
ENDCHAR
STARTCHAR u871A.zh_hant
ENCODING 34586
SWIDTH 1000 0
DWIDTH 10 0
BBX 9 9 0 -1
BITMAP
1400
F780
1400
F780
2C00
C980
7F00
0880
FF80
ENDCHAR
STARTCHAR u871C.zh_hant
ENCODING 34588
SWIDTH 1000 0
DWIDTH 10 0
BBX 9 9 0 -1
BITMAP
0800
FF80
8880
5500
BE80
4900
7F00
0880
FF80
ENDCHAR
STARTCHAR u871E.zh_hant
ENCODING 34590
SWIDTH 1000 0
DWIDTH 10 0
BBX 9 9 0 -1
BITMAP
2480
2F80
F480
A780
A480
F480
2F80
2500
F880
ENDCHAR
STARTCHAR u8721.zh_hant
ENCODING 34593
SWIDTH 1000 0
DWIDTH 10 0
BBX 9 9 0 -1
BITMAP
2500
2F80
F500
A500
AF80
F880
2F80
2880
FF80
ENDCHAR
STARTCHAR u8722.zh_hant
ENCODING 34594
SWIDTH 1000 0
DWIDTH 10 0
BBX 9 9 0 -1
BITMAP
4F80
4100
F200
DF80
D200
FF80
4A80
5A80
FF80
ENDCHAR
STARTCHAR u8723.zh_hant
ENCODING 34595
SWIDTH 1000 0
DWIDTH 10 0
BBX 9 9 0 -1
BITMAP
2500
2F80
F200
AF80
A200
FF80
2500
2500
E980
ENDCHAR
STARTCHAR u8725.zh_hant
ENCODING 34597
SWIDTH 1000 0
DWIDTH 10 0
BBX 9 9 0 -1
BITMAP
2B80
2A00
FE00
AB80
AA80
FA80
2E80
2A80
F880
ENDCHAR
STARTCHAR u8729.zh_hant
ENCODING 34601
SWIDTH 1000 0
DWIDTH 10 0
BBX 9 9 0 -1
BITMAP
5F80
5480
FE80
D480
DE80
F480
5E80
5280
FE80
ENDCHAR
STARTCHAR u872E.zh_hant
ENCODING 34606
SWIDTH 1000 0
DWIDTH 10 0
BBX 9 9 0 -1
BITMAP
4280
5F80
E200
DE80
D680
F500
5D00
4280
EC80
ENDCHAR
STARTCHAR u8731.zh_hant
ENCODING 34609
SWIDTH 1000 0
DWIDTH 10 0
BBX 9 9 0 -1
BITMAP
2400
2F80
FA80
AF80
AA80
FF80
2500
2F80
F100
ENDCHAR
STARTCHAR u8734.zh_hant
ENCODING 34612
SWIDTH 1000 0
DWIDTH 10 0
BBX 9 9 0 -1
BITMAP
2F80
2880
FF80
A880
AF80
F800
2F80
2A80
F580
ENDCHAR
STARTCHAR u8737.zh_hant
ENCODING 34615
SWIDTH 1000 0
DWIDTH 10 0
BBX 9 9 0 -1
BITMAP
2680
2A00
FF80
A500
BF80
E900
3700
2480
FF80
ENDCHAR
STARTCHAR u873B.zh_hant
ENCODING 34619
SWIDTH 1000 0
DWIDTH 10 0
BBX 9 9 0 -1
BITMAP
2200
2F80
F200
AF80
A200
FF80
2880
2F80
F880
ENDCHAR
STARTCHAR u873E.zh_hant
ENCODING 34622
SWIDTH 1000 0
DWIDTH 10 0
BBX 9 9 0 -1
BITMAP
2F80
2A80
FF80
AA80
AF80
F200
2F80
2600
FA80
ENDCHAR
STARTCHAR u873F.zh_hant
ENCODING 34623
SWIDTH 1000 0
DWIDTH 10 0
BBX 9 9 0 -1
BITMAP
2200
3F80
E080
BB80
AA80
FB80
2A00
2A80
F380
ENDCHAR
STARTCHAR u8747.zh_hant
ENCODING 34631
SWIDTH 1000 0
DWIDTH 10 0
BBX 9 9 0 -1
BITMAP
2780
2480
FF80
AA80
AF80
FA80
2F80
2200
F380
ENDCHAR
STARTCHAR u8748.zh_hant
ENCODING 34632
SWIDTH 1000 0
DWIDTH 10 0
BBX 9 9 0 -1
BITMAP
2F80
2880
FF80
AA80
AF80
FA80
2F80
3880
CF80
ENDCHAR
STARTCHAR u8749.zh_hant
ENCODING 34633
SWIDTH 1000 0
DWIDTH 10 0
BBX 9 9 0 -1
BITMAP
2A80
2500
FF80
AA80
AF80
FA80
2A80
2F80
FA00
ENDCHAR
STARTCHAR u874C.zh_hant
ENCODING 34636
SWIDTH 1000 0
DWIDTH 10 0
BBX 9 9 0 -1
BITMAP
2280
2D80
F480
AE80
A580
F480
2D80
2680
FC80
ENDCHAR
STARTCHAR u874E.zh_hant
ENCODING 34638
SWIDTH 1000 0
DWIDTH 10 0
BBX 9 9 0 -1
BITMAP
2F00
2900
FF00
A900
AF80
F880
2A80
2C80
FB00
ENDCHAR
STARTCHAR u8753.zh_hant
ENCODING 34643
SWIDTH 1000 0
DWIDTH 10 0
BBX 9 9 0 -1
BITMAP
2F00
2080
FF80
A000
AE80
FA80
2F00
2A80
FA80
ENDCHAR
STARTCHAR u8757.zh_hant
ENCODING 34647
SWIDTH 1000 0
DWIDTH 10 0
BBX 9 9 0 -1
BITMAP
2400
2F80
FE80
A880
AF80
F200
2F80
3200
EF80
ENDCHAR
STARTCHAR u8759.zh_hant
ENCODING 34649
SWIDTH 1000 0
DWIDTH 10 0
BBX 9 9 0 -1
BITMAP
2F80
2000
FF80
A880
AF80
FA80
2F80
2A80
FA80
ENDCHAR
STARTCHAR u8760.zh_hant
ENCODING 34656
SWIDTH 1000 0
DWIDTH 10 0
BBX 9 9 0 -1
BITMAP
2F80
2000
FF80
A880
AF80
FA80
2F80
2A80
FF80
ENDCHAR
STARTCHAR u8763.zh_hant
ENCODING 34659
SWIDTH 1000 0
DWIDTH 10 0
BBX 9 9 0 -1
BITMAP
2A00
3F80
E800
AB80
AC80
F500
2780
2500
F900
ENDCHAR
STARTCHAR u8764.zh_hant
ENCODING 34660
SWIDTH 1000 0
DWIDTH 10 0
BBX 9 9 0 -1
BITMAP
2900
3F80
EA00
BF80
AA80
EA80
3780
2080
FF80
ENDCHAR
STARTCHAR u876E.zh_hant
ENCODING 34670
SWIDTH 1000 0
DWIDTH 10 0
BBX 9 9 0 -1
BITMAP
2400
2F80
F880
AF80
A880
FF80
2900
2600
F980
ENDCHAR
STARTCHAR u8770.zh_hant
ENCODING 34672
SWIDTH 1000 0
DWIDTH 10 0
BBX 9 9 0 -1
BITMAP
2200
2F80
F500
AA80
A700
F200
2F80
2200
EF80
ENDCHAR
STARTCHAR u8774.zh_hant
ENCODING 34676
SWIDTH 1000 0
DWIDTH 10 0
BBX 9 9 0 -1
BITMAP
2B80
3E80
EB80
AA80
BE80
E380
2280
3E80
E480
ENDCHAR
STARTCHAR u8776.zh_hant
ENCODING 34678
SWIDTH 1000 0
DWIDTH 10 0
BBX 9 9 0 -1
BITMAP
2A80
2F80
FA80
AB80
A800
FF80
2600
2A80
F280
ENDCHAR
STARTCHAR u877B.zh_hant
ENCODING 34683
SWIDTH 1000 0
DWIDTH 10 0
BBX 9 9 0 -1
BITMAP
2200
2F80
F200
AF80
AA80
F480
2E80
2480
F580
ENDCHAR
STARTCHAR u877C.zh_hant
ENCODING 34684
SWIDTH 1000 0
DWIDTH 10 0
BBX 9 9 0 -1
BITMAP
2A80
2A00
FF80
A600
AA80
FF80
2900
2700
F880
ENDCHAR
STARTCHAR u877D.zh_hant
ENCODING 34685
SWIDTH 1000 0
DWIDTH 10 0
BBX 9 9 0 -1
BITMAP
2200
3F80
E200
AF80
A480
FF80
2C80
3480
E780
ENDCHAR
STARTCHAR u877E.zh_hant
ENCODING 34686
SWIDTH 1000 0
DWIDTH 10 0
BBX 9 9 0 -1
BITMAP
2900
3F80
E900
BF80
A480
FF00
2400
2D00
F480
ENDCHAR
STARTCHAR u8782.zh_hant
ENCODING 34690
SWIDTH 1000 0
DWIDTH 10 0
BBX 9 9 0 -1
BITMAP
4B80
5E80
F280
DF00
D280
FE80
5280
5700
FA00
ENDCHAR
STARTCHAR u8783.zh_hant
ENCODING 34691
SWIDTH 1000 0
DWIDTH 10 0
BBX 9 9 0 -1
BITMAP
4400
5F80
E900
C900
DF80
E480
5F80
4880
F300
ENDCHAR
STARTCHAR u8785.zh_hant
ENCODING 34693
SWIDTH 1000 0
DWIDTH 10 0
BBX 9 9 0 -1
BITMAP
2200
2F80
F880
AF80
A880
FF80
2200
2880
FE80
ENDCHAR
STARTCHAR u8788.zh_hant
ENCODING 34696
SWIDTH 1000 0
DWIDTH 10 0
BBX 9 9 0 -1
BITMAP
2F80
2900
FF80
A880
AF80
F880
2F80
2A00
F680
ENDCHAR
STARTCHAR u878D.zh_hant
ENCODING 34701
SWIDTH 1000 0
DWIDTH 10 0
BBX 9 9 0 -1
BITMAP
FA00
0200
FF80
8A80
FA80
AF80
DA00
AA80
AF80
ENDCHAR
STARTCHAR u8793.zh_hant
ENCODING 34707
SWIDTH 1000 0
DWIDTH 10 0
BBX 9 9 0 -1
BITMAP
2200
3F80
E200
BF80
A500
FF80
2A80
3700
EA80
ENDCHAR
STARTCHAR u8797.zh_hant
ENCODING 34711
SWIDTH 1000 0
DWIDTH 10 0
BBX 9 9 0 -1
BITMAP
2200
2F80
FA80
AF80
AA80
FF80
2480
2480
F780
ENDCHAR
STARTCHAR u879F.zh_hant
ENCODING 34719
SWIDTH 1000 0
DWIDTH 10 0
BBX 9 9 0 -1
BITMAP
3F80
2080
EF80
A880
AF80
E880
3F80
2500
F880
ENDCHAR
STARTCHAR u87A8.zh_hant
ENCODING 34728
SWIDTH 1000 0
DWIDTH 10 0
BBX 9 9 0 -1
BITMAP
2900
3F80
E900
BF80
AA00
FF80
2A80
3580
E080
ENDCHAR
STARTCHAR u87AB.zh_hant
ENCODING 34731
SWIDTH 1000 0
DWIDTH 10 0
BBX 9 9 0 -1
BITMAP
1200
FF80
1480
F900
2F80
A900
7F00
0880
FF80
ENDCHAR
STARTCHAR u87AD.zh_hant
ENCODING 34733
SWIDTH 1000 0
DWIDTH 10 0
BBX 9 9 0 -1
BITMAP
2200
3F80
E500
AA80
BF80
E400
3F80
2480
EE80
ENDCHAR
STARTCHAR u87AF.zh_hant
ENCODING 34735
SWIDTH 1000 0
DWIDTH 10 0
BBX 9 9 0 -1
BITMAP
2200
FF80
2480
F900
2F80
C900
7F00
0880
FF80
ENDCHAR
STARTCHAR u87B3.zh_hant
ENCODING 34739
SWIDTH 1000 0
DWIDTH 10 0
BBX 9 9 0 -1
BITMAP
2A80
3F80
E880
AF00
A200
FF80
2200
2A00
FF80
ENDCHAR
STARTCHAR u87BA.zh_hant
ENCODING 34746
SWIDTH 1000 0
DWIDTH 10 0
BBX 9 9 0 -1
BITMAP
2F80
2A80
FF80
AA80
AF80
F500
2F80
2A00
FA80
ENDCHAR
STARTCHAR u87BD.zh_hant
ENCODING 34749
SWIDTH 1000 0
DWIDTH 10 0
BBX 9 9 0 -1
BITMAP
3F00
E200
1C00
2200
FF80
AA80
FF00
2280
FF80
ENDCHAR
STARTCHAR u87C0.zh_hant
ENCODING 34752
SWIDTH 1000 0
DWIDTH 10 0
BBX 9 9 0 -1
BITMAP
2200
2F80
F500
AA80
A500
FA80
2200
2F80
FA00
ENDCHAR
STARTCHAR u87C6.zh_hant
ENCODING 34758
SWIDTH 1000 0
DWIDTH 10 0
BBX 9 9 0 -1
BITMAP
3F80
2500
FF80
A880
AF80
E880
3F80
2500
F880
ENDCHAR
STARTCHAR u87CA.zh_hant
ENCODING 34762
SWIDTH 1000 0
DWIDTH 10 0
BBX 9 9 0 -1
BITMAP
7F00
0400
FF80
2880
FF00
AA80
FF00
2280
F780
ENDCHAR
STARTCHAR u87CB.zh_hant
ENCODING 34763
SWIDTH 1000 0
DWIDTH 10 0
BBX 9 9 0 -1
BITMAP
2F80
2A80
F200
AF80
A300
F680
2A00
2880
FE80
ENDCHAR
STARTCHAR u87D1.zh_hant
ENCODING 34769
SWIDTH 1000 0
DWIDTH 10 0
BBX 9 9 0 -1
BITMAP
2200
2F80
F900
AF80
A880
FF80
2880
3F80
E200
ENDCHAR
STARTCHAR u87D2.zh_hant
ENCODING 34770
SWIDTH 1000 0
DWIDTH 10 0
BBX 9 9 0 -1
BITMAP
2500
3F80
E200
BF80
A500
E880
3500
2F80
F900
ENDCHAR
STARTCHAR u87DB.zh_hant
ENCODING 34779
SWIDTH 1000 0
DWIDTH 10 0
BBX 9 9 0 -1
BITMAP
4880
5F00
E800
DE80
D300
FE00
4400
5480
FF00
ENDCHAR
STARTCHAR u87E0.zh_hant
ENCODING 34784
SWIDTH 1000 0
DWIDTH 10 0
BBX 9 9 0 -1
BITMAP
3F80
2A80
E200
BF80
AB00
F280
2F80
2A80
FF80
ENDCHAR
STARTCHAR u87EA.zh_hant
ENCODING 34794
SWIDTH 1000 0
DWIDTH 10 0
BBX 9 9 0 -1
BITMAP
2200
3F80
EA80
AF80
AA80
FF00
2200
2880
FE80
ENDCHAR
STARTCHAR u87F9.zh_hant
ENCODING 34809
SWIDTH 1000 0
DWIDTH 10 0
BBX 9 9 0 -1
BITMAP
7780
9280
FF80
AA00
FF80
4900
7F00
0880
FF80
ENDCHAR
STARTCHAR u87FE.zh_hant
ENCODING 34814
SWIDTH 1000 0
DWIDTH 10 0
BBX 9 9 0 -1
BITMAP
2700
2900
FF80
A900
B780
E000
2F80
2880
FF80
ENDCHAR
STARTCHAR u8803.zh_hant
ENCODING 34819
SWIDTH 1000 0
DWIDTH 10 0
BBX 9 9 0 -1
BITMAP
0800
FF80
4000
7F00
2A00
7F00
5500
7B00
CD80
ENDCHAR
STARTCHAR u8815.zh_hant
ENCODING 34837
SWIDTH 1000 0
DWIDTH 10 0
BBX 9 9 0 -1
BITMAP
2F80
2200
FF80
AA80
AB80
F200
2F80
2A80
FA80
ENDCHAR
STARTCHAR u8816.zh_hant
ENCODING 34838
SWIDTH 1000 0
DWIDTH 10 0
BBX 9 9 0 -1
BITMAP
2500
3F80
E500
BF80
A900
FF80
2900
2600
F980
ENDCHAR
STARTCHAR u8821.zh_hant
ENCODING 34849
SWIDTH 1000 0
DWIDTH 10 0
BBX 9 9 0 -1
BITMAP
3F00
4200
FF80
4900
FF80
AA80
FF00
2280
FF80
ENDCHAR
STARTCHAR u8822.zh_hant
ENCODING 34850
SWIDTH 1000 0
DWIDTH 10 0
BBX 9 9 0 -1
BITMAP
FF80
1000
FF80
2200
FF80
AA80
FF00
2280
FF80
ENDCHAR
STARTCHAR u8832.zh_hant
ENCODING 34866
SWIDTH 1000 0
DWIDTH 10 0
BBX 9 9 0 -1
BITMAP
8F80
5280
FF80
5400
8F80
FA80
AE80
AA80
FD00
ENDCHAR
STARTCHAR u8839.zh_hant
ENCODING 34873
SWIDTH 1000 0
DWIDTH 10 0
BBX 9 9 0 -1
BITMAP
FF80
2200
FF80
9280
7F00
AA80
FF00
2280
FF80
ENDCHAR
STARTCHAR u883C.zh_hant
ENCODING 34876
SWIDTH 1000 0
DWIDTH 10 0
BBX 9 9 0 -1
BITMAP
5D80
5480
FD80
D480
DF80
E900
5F80
4600
F980
ENDCHAR
STARTCHAR u8840
ENCODING 34880
SWIDTH 1000 0
DWIDTH 10 0
BBX 9 9 0 -1
BITMAP
0800
1000
7F00
5500
5500
5500
5500
5500
FF80
ENDCHAR
STARTCHAR u8844.zh_hant
ENCODING 34884
SWIDTH 1000 0
DWIDTH 10 0
BBX 9 9 0 -1
BITMAP
2780
4280
FA80
AA80
AF80
AA80
BA80
E280
0F80
ENDCHAR
STARTCHAR u8845.zh_hant
ENCODING 34885
SWIDTH 1000 0
DWIDTH 10 0
BBX 9 9 0 -1
BITMAP
4A80
4680
F200
AF80
A200
AF80
B200
E200
0200
ENDCHAR
STARTCHAR u884C
ENCODING 34892
SWIDTH 1000 0
DWIDTH 10 0
BBX 9 9 0 -1
BITMAP
4F80
8000
2000
5F80
C100
4100
4100
4100
4700
ENDCHAR
STARTCHAR u884D.zh_hant
ENCODING 34893
SWIDTH 1000 0
DWIDTH 10 0
BBX 9 9 0 -1
BITMAP
5380
8800
0000
1380
4880
C080
4480
4880
5180
ENDCHAR
STARTCHAR u8854.zh_hant
ENCODING 34900
SWIDTH 1000 0
DWIDTH 10 0
BBX 9 9 0 -1
BITMAP
5380
9C00
2000
3B80
5100
FD00
5100
5900
5300
ENDCHAR
STARTCHAR u8857
ENCODING 34903
SWIDTH 1000 0
DWIDTH 10 0
BBX 9 9 0 -1
BITMAP
4980
9C00
0800
5D80
C080
4880
5C80
4880
5D80
ENDCHAR
STARTCHAR u8859.zh_hant
ENCODING 34905
SWIDTH 1000 0
DWIDTH 10 0
BBX 9 9 0 -1
BITMAP
5D80
8800
3E00
1380
7E80
8080
BE80
A280
BF80
ENDCHAR
STARTCHAR u8861.zh_hant
ENCODING 34913
SWIDTH 1000 0
DWIDTH 10 0
BBX 9 9 0 -1
BITMAP
5D80
A800
3E00
6B80
BE80
AA80
BE80
9480
A380
ENDCHAR
STARTCHAR u8862.zh_hant
ENCODING 34914
SWIDTH 1000 0
DWIDTH 10 0
BBX 9 9 0 -1
BITMAP
7F80
AA00
3E00
2B80
7E80
9480
BE80
E480
BF80
ENDCHAR
STARTCHAR u8863.zh_hant
ENCODING 34915
SWIDTH 1000 0
DWIDTH 10 0
BBX 9 9 0 -1
BITMAP
0800
FF80
1000
2400
6480
A500
2200
2100
7880
ENDCHAR
STARTCHAR u8865.zh_hant
ENCODING 34917
SWIDTH 1000 0
DWIDTH 10 0
BBX 9 9 0 -1
BITMAP
2200
2200
F200
1300
2280
6A00
B200
2A00
2200
ENDCHAR
STARTCHAR u8868.zh_hant
ENCODING 34920
SWIDTH 1000 0
DWIDTH 10 0
BBX 9 9 0 -1
BITMAP
0800
FF80
0800
7F00
0800
FF80
2900
C600
7180
ENDCHAR
STARTCHAR u8869.zh_hant
ENCODING 34921
SWIDTH 1000 0
DWIDTH 10 0
BBX 9 9 0 -1
BITMAP
4F80
4080
EA80
2A80
2880
4500
E200
4500
4880
ENDCHAR
STARTCHAR u886B.zh_hant
ENCODING 34923
SWIDTH 1000 0
DWIDTH 10 0
BBX 9 9 0 -1
BITMAP
4180
4600
F000
1180
2600
5000
E000
5180
4600
ENDCHAR
STARTCHAR u886C.zh_hant
ENCODING 34924
SWIDTH 1000 0
DWIDTH 10 0
BBX 9 9 0 -1
BITMAP
2080
2080
F780
1080
2280
6980
B080
2880
2180
ENDCHAR
STARTCHAR u8870.zh_hant
ENCODING 34928
SWIDTH 1000 0
DWIDTH 10 0
BBX 9 9 0 -1
BITMAP
0800
FF80
2200
FF80
2200
3E80
4900
C600
7180
ENDCHAR
STARTCHAR u8872.zh_hant
ENCODING 34930
SWIDTH 1000 0
DWIDTH 10 0
BBX 9 9 0 -1
BITMAP
4200
4F80
FA80
1A80
2A80
4D80
E880
5880
4980
ENDCHAR
STARTCHAR u8877.zh_hant
ENCODING 34935
SWIDTH 1000 0
DWIDTH 10 0
BBX 9 9 0 -1
BITMAP
0800
FF80
4900
4900
7F00
2880
C500
4200
7180
ENDCHAR
STARTCHAR u887D.zh_hant
ENCODING 34941
SWIDTH 1000 0
DWIDTH 10 0
BBX 9 9 0 -1
BITMAP
4180
4E00
F200
1200
2F80
5200
E200
5200
4F80
ENDCHAR
STARTCHAR u887E.zh_hant
ENCODING 34942
SWIDTH 1000 0
DWIDTH 10 0
BBX 9 9 0 -1
BITMAP
3E00
4100
BE80
0200
0400
FF80
2900
C600
7180
ENDCHAR
STARTCHAR u887F.zh_hant
ENCODING 34943
SWIDTH 1000 0
DWIDTH 10 0
BBX 9 9 0 -1
BITMAP
4700
4880
F000
1F80
2000
4F80
E080
5100
4600
ENDCHAR
STARTCHAR u8881.zh_hant
ENCODING 34945
SWIDTH 1000 0
DWIDTH 10 0
BBX 9 9 0 -1
BITMAP
0800
FF80
0800
FF80
4100
7F00
2980
C600
7180
ENDCHAR
STARTCHAR u8882.zh_hant
ENCODING 34946
SWIDTH 1000 0
DWIDTH 10 0
BBX 9 9 0 -1
BITMAP
4200
4F80
E280
2280
3F80
4200
D200
6500
5880
ENDCHAR
STARTCHAR u8884.zh_hant
ENCODING 34948
SWIDTH 1000 0
DWIDTH 10 0
BBX 9 9 0 -1
BITMAP
4080
4F00
F200
1200
2F80
5200
E200
5500
4880
ENDCHAR
STARTCHAR u8885.zh_hant
ENCODING 34949
SWIDTH 1000 0
DWIDTH 10 0
BBX 9 9 0 -1
BITMAP
1000
7F00
4900
7F80
1080
FE80
2500
6200
B980
ENDCHAR
STARTCHAR u8888.zh_hant
ENCODING 34952
SWIDTH 1000 0
DWIDTH 10 0
BBX 9 9 0 -1
BITMAP
4780
F480
5480
9780
0800
FF80
2900
C600
7180
ENDCHAR
STARTCHAR u888B.zh_hant
ENCODING 34955
SWIDTH 1000 0
DWIDTH 10 0
BBX 9 9 0 -1
BITMAP
2480
5F80
C200
4200
4900
FF80
2900
C600
7180
ENDCHAR
STARTCHAR u888D.zh_hant
ENCODING 34957
SWIDTH 1000 0
DWIDTH 10 0
BBX 9 9 0 -1
BITMAP
4800
4F80
F080
1E80
2A80
4E80
E800
5880
4F80
ENDCHAR
STARTCHAR u8892.zh_hant
ENCODING 34962
SWIDTH 1000 0
DWIDTH 10 0
BBX 9 9 0 -1
BITMAP
4F80
4880
F880
1F80
2880
4880
EF80
5000
4F80
ENDCHAR
STARTCHAR u8896.zh_hant
ENCODING 34966
SWIDTH 1000 0
DWIDTH 10 0
BBX 9 9 0 -1
BITMAP
4200
4200
FF80
1280
3280
5F80
D280
7280
5F80
ENDCHAR
STARTCHAR u889C.zh_hant
ENCODING 34972
SWIDTH 1000 0
DWIDTH 10 0
BBX 9 9 0 -1
BITMAP
2200
2780
F200
1780
2200
6B00
B680
2A00
2200
ENDCHAR
STARTCHAR u88A2.zh_hant
ENCODING 34978
SWIDTH 1000 0
DWIDTH 10 0
BBX 9 9 0 -1
BITMAP
4200
4B00
F280
1200
2F80
4200
EF80
5200
4200
ENDCHAR
STARTCHAR u88A4.zh_hant
ENCODING 34980
SWIDTH 1000 0
DWIDTH 10 0
BBX 9 9 0 -1
BITMAP
0800
FF80
0200
FF80
2900
CA00
3580
C200
7180
ENDCHAR
STARTCHAR u88AB.zh_hant
ENCODING 34987
SWIDTH 1000 0
DWIDTH 10 0
BBX 9 9 0 -1
BITMAP
4200
5F80
F280
1200
3F80
5480
D480
4300
5C80
ENDCHAR
STARTCHAR u88AD.zh_hant
ENCODING 34989
SWIDTH 1000 0
DWIDTH 10 0
BBX 9 9 0 -1
BITMAP
1080
FF80
2800
D780
0800
FF80
1500
E200
3980
ENDCHAR
STARTCHAR u88B1.zh_hant
ENCODING 34993
SWIDTH 1000 0
DWIDTH 10 0
BBX 9 9 0 -1
BITMAP
4500
4580
EF80
3900
2900
4900
EA80
5A80
4C80
ENDCHAR
STARTCHAR u88B7.zh_hant
ENCODING 34999
SWIDTH 1000 0
DWIDTH 10 0
BBX 9 9 0 -1
BITMAP
4700
4880
F000
1F80
2000
4F80
E880
5880
4F80
ENDCHAR
STARTCHAR u88C1.zh_hant
ENCODING 35009
SWIDTH 1000 0
DWIDTH 10 0
BBX 9 9 0 -1
BITMAP
2500
F480
2400
FF80
2200
FA80
5100
CA80
6480
ENDCHAR
STARTCHAR u88C2.zh_hant
ENCODING 35010
SWIDTH 1000 0
DWIDTH 10 0
BBX 9 9 0 -1
BITMAP
FA80
2280
7A80
AA80
1080
FF80
2900
C600
7180
ENDCHAR
STARTCHAR u88C5.zh_hant
ENCODING 35013
SWIDTH 1000 0
DWIDTH 10 0
BBX 9 9 0 -1
BITMAP
9200
5F80
1200
5F80
9000
FF80
2900
C600
7180
ENDCHAR
STARTCHAR u88C6
ENCODING 35014
SWIDTH 1000 0
DWIDTH 10 0
BBX 9 9 0 -1
BITMAP
4200
EA80
2700
4200
6F80
C080
6F80
4080
4F80
ENDCHAR
STARTCHAR u88CE.zh_hant
ENCODING 35022
SWIDTH 1000 0
DWIDTH 10 0
BBX 9 9 0 -1
BITMAP
4F80
4880
FF80
1000
2F80
5200
E780
5200
4F80
ENDCHAR
STARTCHAR u88D2.zh_hant
ENCODING 35026
SWIDTH 1000 0
DWIDTH 10 0
BBX 9 9 0 -1
BITMAP
0800
FF80
4100
7700
4100
7F00
2500
6200
B980
ENDCHAR
STARTCHAR u88D4.zh_hant
ENCODING 35028
SWIDTH 1000 0
DWIDTH 10 0
BBX 9 9 0 -1
BITMAP
0800
FF80
1500
E200
2900
FF80
B480
D780
9C80
ENDCHAR
STARTCHAR u88D5.zh_hant
ENCODING 35029
SWIDTH 1000 0
DWIDTH 10 0
BBX 9 9 0 -1
BITMAP
4500
4880
F000
1300
2480
5800
CF80
6880
4F80
ENDCHAR
STARTCHAR u88D8.zh_hant
ENCODING 35032
SWIDTH 1000 0
DWIDTH 10 0
BBX 9 9 0 -1
BITMAP
0900
FF80
4900
2A00
4900
FF80
2900
C600
7180
ENDCHAR
STARTCHAR u88D9.zh_hant
ENCODING 35033
SWIDTH 1000 0
DWIDTH 10 0
BBX 9 9 0 -1
BITMAP
4F80
4280
FF80
1280
2F80
4400
EF80
5880
4F80
ENDCHAR
STARTCHAR u88DF.zh_hant
ENCODING 35039
SWIDTH 1000 0
DWIDTH 10 0
BBX 9 9 0 -1
BITMAP
8400
5500
1480
8D00
4200
FF80
2900
C600
7180
ENDCHAR
STARTCHAR u88E2.zh_hant
ENCODING 35042
SWIDTH 1000 0
DWIDTH 10 0
BBX 9 9 0 -1
BITMAP
5100
4B80
E200
2780
5900
EF80
4900
6800
5780
ENDCHAR
STARTCHAR u88E4.zh_hant
ENCODING 35044
SWIDTH 1000 0
DWIDTH 10 0
BBX 9 9 0 -1
BITMAP
4200
4F80
E900
2F80
4A00
ED00
4B80
5100
5100
ENDCHAR
STARTCHAR u88E5.zh_hant
ENCODING 35045
SWIDTH 1000 0
DWIDTH 10 0
BBX 9 9 0 -1
BITMAP
4B80
4480
E880
2E80
4A80
EE80
4A80
6E80
4980
ENDCHAR
STARTCHAR u88E8.zh_hant
ENCODING 35048
SWIDTH 1000 0
DWIDTH 10 0
BBX 9 9 0 -1
BITMAP
4400
5F80
F280
1F80
3280
5F80
E900
5F80
4100
ENDCHAR
STARTCHAR u88F0.zh_hant
ENCODING 35056
SWIDTH 1000 0
DWIDTH 10 0
BBX 9 9 0 -1
BITMAP
5F80
4480
E900
3680
2000
5F80
E480
4900
5680
ENDCHAR
STARTCHAR u88F1.zh_hant
ENCODING 35057
SWIDTH 1000 0
DWIDTH 10 0
BBX 9 9 0 -1
BITMAP
4200
5F80
E200
3F80
2200
5F80
E880
5900
4C80
ENDCHAR
STARTCHAR u88F3.zh_hant
ENCODING 35059
SWIDTH 1000 0
DWIDTH 10 0
BBX 9 9 0 -1
BITMAP
2A00
FF80
A280
3E00
0800
FF80
2900
C600
7180
ENDCHAR
STARTCHAR u88F4.zh_hant
ENCODING 35060
SWIDTH 1000 0
DWIDTH 10 0
BBX 9 9 0 -1
BITMAP
1400
F780
1400
F780
2400
FF80
2900
C600
7180
ENDCHAR
STARTCHAR u88F8.zh_hant
ENCODING 35064
SWIDTH 1000 0
DWIDTH 10 0
BBX 9 9 0 -1
BITMAP
5F80
5280
FF80
1280
3F80
4200
DF80
6600
4A80
ENDCHAR
STARTCHAR u88F9.zh_hant
ENCODING 35065
SWIDTH 1000 0
DWIDTH 10 0
BBX 9 9 0 -1
BITMAP
0800
FF80
4900
7F00
C980
7F00
5580
A200
7980
ENDCHAR
STARTCHAR u88FC.zh_hant
ENCODING 35068
SWIDTH 1000 0
DWIDTH 10 0
BBX 9 9 0 -1
BITMAP
4F80
4880
FF80
1880
2F80
4800
DF80
6A80
5580
ENDCHAR
STARTCHAR u88FE.zh_hant
ENCODING 35070
SWIDTH 1000 0
DWIDTH 10 0
BBX 9 9 0 -1
BITMAP
5F80
5080
FF80
1200
3F80
5200
DF80
6880
4F80
ENDCHAR
STARTCHAR u8902.zh_hant
ENCODING 35074
SWIDTH 1000 0
DWIDTH 10 0
BBX 9 9 0 -1
BITMAP
4900
5D00
E900
3F00
4980
DD00
6900
4900
5F00
ENDCHAR
STARTCHAR u890A.zh_hant
ENCODING 35082
SWIDTH 1000 0
DWIDTH 10 0
BBX 9 9 0 -1
BITMAP
5F80
5000
FF80
1080
3F80
4A80
DF80
6A80
4A80
ENDCHAR
STARTCHAR u8910.zh_hant
ENCODING 35088
SWIDTH 1000 0
DWIDTH 10 0
BBX 9 9 0 -1
BITMAP
5F00
5100
FF00
1100
3F80
4880
D280
5C80
4300
ENDCHAR
STARTCHAR u8912.zh_hant
ENCODING 35090
SWIDTH 1000 0
DWIDTH 10 0
BBX 9 9 0 -1
BITMAP
0800
FF80
4900
DF80
4A00
5280
2900
C600
7180
ENDCHAR
STARTCHAR u8913.zh_hant
ENCODING 35091
SWIDTH 1000 0
DWIDTH 10 0
BBX 9 9 0 -1
BITMAP
4F80
4880
E880
2F80
3200
5F80
D200
7680
5A80
ENDCHAR
STARTCHAR u8919.zh_hant
ENCODING 35097
SWIDTH 1000 0
DWIDTH 10 0
BBX 9 9 0 -1
BITMAP
4A00
5B80
EA00
2A00
3F80
4900
EF00
4900
4B00
ENDCHAR
STARTCHAR u891A.zh_hant
ENCODING 35098
SWIDTH 1000 0
DWIDTH 10 0
BBX 9 9 0 -1
BITMAP
4480
5F80
E480
2500
3F80
4880
DF80
6880
4F80
ENDCHAR
STARTCHAR u8921.zh_hant
ENCODING 35105
SWIDTH 1000 0
DWIDTH 10 0
BBX 9 9 0 -1
BITMAP
4500
5F80
E500
2880
3780
4000
EF80
4880
4F80
ENDCHAR
STARTCHAR u8925.zh_hant
ENCODING 35109
SWIDTH 1000 0
DWIDTH 10 0
BBX 9 9 0 -1
BITMAP
5F80
5000
FF80
1500
3680
4100
DF80
6900
4500
ENDCHAR
STARTCHAR u892A.zh_hant
ENCODING 35114
SWIDTH 1000 0
DWIDTH 10 0
BBX 9 9 0 -1
BITMAP
5380
4A80
F380
2A80
2380
5A00
EB80
4C00
7380
ENDCHAR
STARTCHAR u892B.zh_hant
ENCODING 35115
SWIDTH 1000 0
DWIDTH 10 0
BBX 9 9 0 -1
BITMAP
5F80
5200
FF80
1280
3F00
5200
D780
7500
5980
ENDCHAR
STARTCHAR u8934.zh_hant
ENCODING 35124
SWIDTH 1000 0
DWIDTH 10 0
BBX 9 9 0 -1
BITMAP
5500
5580
F600
3400
5580
E000
5F00
7500
5F80
ENDCHAR
STARTCHAR u8936.zh_hant
ENCODING 35126
SWIDTH 1000 0
DWIDTH 10 0
BBX 9 9 0 -1
BITMAP
5D80
5680
ED80
3480
2F80
4880
EF80
5880
4F80
ENDCHAR
STARTCHAR u8941.zh_hant
ENCODING 35137
SWIDTH 1000 0
DWIDTH 10 0
BBX 9 9 0 -1
BITMAP
5C80
4780
FA00
1780
3280
5F80
CA00
6A80
5F80
ENDCHAR
STARTCHAR u8944.zh_hant
ENCODING 35140
SWIDTH 1000 0
DWIDTH 10 0
BBX 9 9 0 -1
BITMAP
0800
FF80
5500
F780
2200
FF80
2900
C600
7180
ENDCHAR
STARTCHAR u895E.zh_hant
ENCODING 35166
SWIDTH 1000 0
DWIDTH 10 0
BBX 9 9 0 -1
BITMAP
F200
9F80
F500
9F80
F200
8800
FF80
4200
F980
ENDCHAR
STARTCHAR u895F.zh_hant
ENCODING 35167
SWIDTH 1000 0
DWIDTH 10 0
BBX 9 9 0 -1
BITMAP
4900
5F80
EB00
3980
2F00
4000
DF80
4A00
5280
ENDCHAR
STARTCHAR u8966.zh_hant
ENCODING 35174
SWIDTH 1000 0
DWIDTH 10 0
BBX 9 9 0 -1
BITMAP
5F80
4200
FF80
1280
3B80
4200
FF80
5280
5280
ENDCHAR
STARTCHAR u897F.zh_hant
ENCODING 35199
SWIDTH 1000 0
DWIDTH 10 0
BBX 9 9 0 -1
BITMAP
FF80
1400
FF80
9480
9480
A780
C080
8080
FF80
ENDCHAR
STARTCHAR u8981
ENCODING 35201
SWIDTH 1000 0
DWIDTH 10 0
BBX 9 9 0 -1
BITMAP
FF80
1400
7F00
5500
7F00
1000
FF80
1200
6F00
ENDCHAR
STARTCHAR u8983.zh_hant
ENCODING 35203
SWIDTH 1000 0
DWIDTH 10 0
BBX 9 9 0 -1
BITMAP
FF80
1400
FF80
9480
1400
7F00
4100
FF80
0800
ENDCHAR
STARTCHAR u8986.zh_hant
ENCODING 35206
SWIDTH 1000 0
DWIDTH 10 0
BBX 9 9 0 -1
BITMAP
FF80
1400
7F00
5500
FF80
2880
4F80
D300
4C80
ENDCHAR
STARTCHAR u89C1.zh_hant
ENCODING 35265
SWIDTH 1000 0
DWIDTH 10 0
BBX 9 9 0 -1
BITMAP
7F00
4100
4900
4900
4900
5500
1400
2480
C780
ENDCHAR
STARTCHAR u89C2.zh_hant
ENCODING 35266
SWIDTH 1000 0
DWIDTH 10 0
BBX 9 9 0 -1
BITMAP
0F80
E880
2A80
AA80
4A80
4A80
A500
A500
0980
ENDCHAR
STARTCHAR u89C4.zh_hant
ENCODING 35268
SWIDTH 1000 0
DWIDTH 10 0
BBX 9 9 0 -1
BITMAP
2F80
F880
2A80
2A80
FA80
2A80
5200
5500
8980
ENDCHAR
STARTCHAR u89C5.zh_hant
ENCODING 35269
SWIDTH 1000 0
DWIDTH 10 0
BBX 9 9 0 -1
BITMAP
0780
F880
8900
7F00
2100
2900
2900
1480
E780
ENDCHAR
STARTCHAR u89C6.zh_hant
ENCODING 35270
SWIDTH 1000 0
DWIDTH 10 0
BBX 9 9 0 -1
BITMAP
7F80
0880
FA80
2A80
AA80
BA80
A500
A500
2980
ENDCHAR
STARTCHAR u89C8.zh_hant
ENCODING 35272
SWIDTH 1000 0
DWIDTH 10 0
BBX 9 9 0 -1
BITMAP
A400
A780
AA00
A900
7E00
4200
5200
2880
CF80
ENDCHAR
STARTCHAR u89C9.zh_hant
ENCODING 35273
SWIDTH 1000 0
DWIDTH 10 0
BBX 9 9 0 -1
BITMAP
5100
2A00
FF80
8080
3E00
2A00
2A00
1480
E780
ENDCHAR
STARTCHAR u89CA.zh_hant
ENCODING 35274
SWIDTH 1000 0
DWIDTH 10 0
BBX 9 9 0 -1
BITMAP
2F80
A880
FA80
0A80
EA80
2A80
E200
8680
E980
ENDCHAR
STARTCHAR u89CC
ENCODING 35276
SWIDTH 1000 0
DWIDTH 10 0
BBX 9 9 0 -1
BITMAP
2780
FC80
2580
FD80
4D80
A580
FB00
5500
8980
ENDCHAR
STARTCHAR u89CE.zh_hant
ENCODING 35278
SWIDTH 1000 0
DWIDTH 10 0
BBX 9 9 0 -1
BITMAP
7F80
8880
7A80
0A80
EA80
AA80
F200
B680
A980
ENDCHAR
STARTCHAR u89D1.zh_hant
ENCODING 35281
SWIDTH 1000 0
DWIDTH 10 0
BBX 9 9 0 -1
BITMAP
6F80
4880
FA80
AA80
FA80
AA80
B500
5500
F980
ENDCHAR
STARTCHAR u89D2.zh_hans
ENCODING 35282
SWIDTH 1000 0
DWIDTH 10 0
BBX 9 9 0 -1
BITMAP
3F00
4200
FF80
4880
7F80
4880
7F80
8880
8980
ENDCHAR
STARTCHAR u89DA.zh_hans
ENCODING 35290
SWIDTH 1000 0
DWIDTH 10 0
BBX 9 9 0 -1
BITMAP
6380
AD00
F500
B500
F500
B500
F500
B680
B480
ENDCHAR
STARTCHAR u89DC.zh_hans
ENCODING 35292
SWIDTH 1000 0
DWIDTH 10 0
BBX 9 9 0 -1
BITMAP
2400
B780
A400
FF80
4100
FF80
4880
FF80
8880
ENDCHAR
STARTCHAR u89E3.zh_hans
ENCODING 35299
SWIDTH 1000 0
DWIDTH 10 0
BBX 9 9 0 -1
BITMAP
7780
9280
FA80
AD80
F900
AF80
F900
AF80
A900
ENDCHAR
STARTCHAR u89E5.zh_hans
ENCODING 35301
SWIDTH 1000 0
DWIDTH 10 0
BBX 9 9 0 -1
BITMAP
7280
9700
FA00
AF80
F900
AB00
FD00
A900
A980
ENDCHAR
STARTCHAR u89E6.zh_hans
ENCODING 35302
SWIDTH 1000 0
DWIDTH 10 0
BBX 9 9 0 -1
BITMAP
7200
9200
FF80
AA80
FA80
AF80
FA00
AA80
AF80
ENDCHAR
STARTCHAR u8A00
ENCODING 35328
SWIDTH 1000 0
DWIDTH 10 0
BBX 9 9 0 -1
BITMAP
1000
0800
FF80
0000
7F00
0000
7F00
4100
7F00
ENDCHAR
STARTCHAR u8A07.zh_hant
ENCODING 35335
SWIDTH 1000 0
DWIDTH 10 0
BBX 9 9 0 -1
BITMAP
4000
7F80
9080
7E80
0080
7C80
4480
7C80
0300
ENDCHAR
STARTCHAR u8A3E.zh_hant
ENCODING 35390
SWIDTH 1000 0
DWIDTH 10 0
BBX 9 9 0 -1
BITMAP
2400
A580
B600
A480
F780
0800
FF80
4100
7F00
ENDCHAR
STARTCHAR u8A48.zh_hant
ENCODING 35400
SWIDTH 1000 0
DWIDTH 10 0
BBX 9 9 0 -1
BITMAP
FF80
9480
FF80
0800
7F00
0000
7F00
4100
7F00
ENDCHAR
STARTCHAR u8A79.zh_hant
ENCODING 35449
SWIDTH 1000 0
DWIDTH 10 0
BBX 9 9 0 -1
BITMAP
3E00
C200
7F80
5500
6E80
4000
5F00
5100
9F00
ENDCHAR
STARTCHAR u8A89.zh_hant
ENCODING 35465
SWIDTH 1000 0
DWIDTH 10 0
BBX 9 9 0 -1
BITMAP
4A00
2400
FF80
4900
BE80
0000
7F00
4100
7F00
ENDCHAR
STARTCHAR u8A8A.zh_hant
ENCODING 35466
SWIDTH 1000 0
DWIDTH 10 0
BBX 9 9 0 -1
BITMAP
2A00
FF80
2100
C880
3F00
0000
7F00
4100
7F00
ENDCHAR
STARTCHAR u8A93.zh_hant
ENCODING 35475
SWIDTH 1000 0
DWIDTH 10 0
BBX 9 9 0 -1
BITMAP
2780
F400
2780
E900
3F00
0000
FF80
2200
3E00
ENDCHAR
STARTCHAR u8B07.zh_hant
ENCODING 35591
SWIDTH 1000 0
DWIDTH 10 0
BBX 9 9 0 -1
BITMAP
FF80
9480
7F00
1400
FF80
2200
7F00
A280
3E00
ENDCHAR
STARTCHAR u8B26.zh_hant
ENCODING 35622
SWIDTH 1000 0
DWIDTH 10 0
BBX 9 9 0 -1
BITMAP
FF00
2980
F600
A980
FF00
8000
FF80
4100
7F00
ENDCHAR
STARTCHAR u8B66.zh_hant
ENCODING 35686
SWIDTH 1000 0
DWIDTH 10 0
BBX 9 9 0 -1
BITMAP
A400
FF80
AA80
EB00
3E80
0000
FF80
2200
3E00
ENDCHAR
STARTCHAR u8B6C.zh_hant
ENCODING 35692
SWIDTH 1000 0
DWIDTH 10 0
BBX 9 9 0 -1
BITMAP
F200
9F80
F500
9F80
F200
8800
FF80
4100
7F00
ENDCHAR
STARTCHAR u8BA0
ENCODING 35744
SWIDTH 1000 0
DWIDTH 10 0
BBX 5 9 0 -1
BITMAP
40
20
00
E0
20
20
28
30
20
ENDCHAR
STARTCHAR u8BA1
ENCODING 35745
SWIDTH 1000 0
DWIDTH 10 0
BBX 9 9 0 -1
BITMAP
8200
4200
0200
DF80
4200
4200
5200
6200
4200
ENDCHAR
STARTCHAR u8BA2
ENCODING 35746
SWIDTH 1000 0
DWIDTH 10 0
BBX 9 9 0 -1
BITMAP
9F80
4200
0200
C200
4200
4200
4200
6200
4E00
ENDCHAR
STARTCHAR u8BA3.zh_hant
ENCODING 35747
SWIDTH 1000 0
DWIDTH 10 0
BBX 9 9 0 -1
BITMAP
4400
2400
0400
C600
4500
4480
5400
6400
4400
ENDCHAR
STARTCHAR u8BA4
ENCODING 35748
SWIDTH 1000 0
DWIDTH 10 0
BBX 9 9 0 -1
BITMAP
8400
4400
0400
C400
4400
4A00
6A00
5100
6080
ENDCHAR
STARTCHAR u8BA5.zh_hant
ENCODING 35749
SWIDTH 1000 0
DWIDTH 10 0
BBX 9 9 0 -1
BITMAP
4F00
2900
0900
C900
4900
4900
6900
4900
1180
ENDCHAR
STARTCHAR u8BA7.zh_hant
ENCODING 35751
SWIDTH 1000 0
DWIDTH 10 0
BBX 9 9 0 -1
BITMAP
4000
2F80
0200
C200
4200
4200
5200
6200
4F80
ENDCHAR
STARTCHAR u8BA8.zh_hant
ENCODING 35752
SWIDTH 1000 0
DWIDTH 10 0
BBX 9 9 0 -1
BITMAP
8100
4100
1F80
C100
4900
4500
4100
6100
4300
ENDCHAR
STARTCHAR u8BA9.zh_hant
ENCODING 35753
SWIDTH 1000 0
DWIDTH 10 0
BBX 9 9 0 -1
BITMAP
4400
2400
0400
C700
4400
4400
6400
4400
5F80
ENDCHAR
STARTCHAR u8BAA.zh_hant
ENCODING 35754
SWIDTH 1000 0
DWIDTH 10 0
BBX 9 9 0 -1
BITMAP
4200
2200
0200
CA80
4A80
4A80
4A80
6A80
4F80
ENDCHAR
STARTCHAR u8BAB.zh_hant
ENCODING 35755
SWIDTH 1000 0
DWIDTH 10 0
BBX 9 9 0 -1
BITMAP
4800
2F80
1000
CF00
4100
4600
4800
6880
4780
ENDCHAR
STARTCHAR u8BAD.zh_hant
ENCODING 35757
SWIDTH 1000 0
DWIDTH 10 0
BBX 9 9 0 -1
BITMAP
4880
2A80
0A80
CA80
4A80
4A80
6A80
4A80
1080
ENDCHAR
STARTCHAR u8BAE.zh_hant
ENCODING 35758
SWIDTH 1000 0
DWIDTH 10 0
BBX 9 9 0 -1
BITMAP
4400
2280
0880
C900
4500
4200
6200
4500
1880
ENDCHAR
STARTCHAR u8BAF.zh_hant
ENCODING 35759
SWIDTH 1000 0
DWIDTH 10 0
BBX 9 9 0 -1
BITMAP
4F00
2500
0500
CD00
4700
4500
4500
6900
4980
ENDCHAR
STARTCHAR u8BB0.zh_hant
ENCODING 35760
SWIDTH 1000 0
DWIDTH 10 0
BBX 9 9 0 -1
BITMAP
4F80
2080
0080
CF80
4800
4800
4800
6880
4F80
ENDCHAR
STARTCHAR u8BB2.zh_hant
ENCODING 35762
SWIDTH 1000 0
DWIDTH 10 0
BBX 9 9 0 -1
BITMAP
8900
4900
1F80
C900
4900
5F80
4900
6900
5100
ENDCHAR
STARTCHAR u8BB3.zh_hant
ENCODING 35763
SWIDTH 1000 0
DWIDTH 10 0
BBX 9 9 0 -1
BITMAP
4400
2F80
0400
DF80
4400
5F80
4480
6580
4400
ENDCHAR
STARTCHAR u8BB4
ENCODING 35764
SWIDTH 1000 0
DWIDTH 10 0
BBX 9 9 0 -1
BITMAP
9F80
5000
1480
D280
5100
5280
5480
7000
5F80
ENDCHAR
STARTCHAR u8BB6.zh_hant
ENCODING 35766
SWIDTH 1000 0
DWIDTH 10 0
BBX 9 9 0 -1
BITMAP
4F80
2100
0900
C900
5F80
4500
6500
4900
1300
ENDCHAR
STARTCHAR u8BB8
ENCODING 35768
SWIDTH 1000 0
DWIDTH 10 0
BBX 9 9 0 -1
BITMAP
8800
4F80
1200
C200
5F80
4200
4200
6200
4200
ENDCHAR
STARTCHAR u8BB9.zh_hant
ENCODING 35769
SWIDTH 1000 0
DWIDTH 10 0
BBX 9 9 0 -1
BITMAP
4A00
2A00
0A80
DB00
4A00
4A00
4A00
6A80
4980
ENDCHAR
STARTCHAR u8BBA.zh_hant
ENCODING 35770
SWIDTH 1000 0
DWIDTH 10 0
BBX 9 9 0 -1
BITMAP
4600
2900
1080
C800
4980
4E00
4800
6880
4780
ENDCHAR
STARTCHAR u8BBC.zh_hant
ENCODING 35772
SWIDTH 1000 0
DWIDTH 10 0
BBX 9 9 0 -1
BITMAP
4200
2900
0900
D080
4400
4400
4900
6900
4E80
ENDCHAR
STARTCHAR u8BBD.zh_hant
ENCODING 35773
SWIDTH 1000 0
DWIDTH 10 0
BBX 9 9 0 -1
BITMAP
9F00
5100
1B00
D500
5500
5B00
5100
6100
4180
ENDCHAR
STARTCHAR u8BBE.zh_hant
ENCODING 35774
SWIDTH 1000 0
DWIDTH 10 0
BBX 9 9 0 -1
BITMAP
4F00
2900
0900
C980
4000
5F00
4900
6600
5980
ENDCHAR
STARTCHAR u8BBF.zh_hant
ENCODING 35775
SWIDTH 1000 0
DWIDTH 10 0
BBX 9 9 0 -1
BITMAP
8200
5F80
0400
C780
4480
4480
4880
6880
4300
ENDCHAR
STARTCHAR u8BC0.zh_hant
ENCODING 35776
SWIDTH 1000 0
DWIDTH 10 0
BBX 9 9 0 -1
BITMAP
4400
2400
1F00
C500
4500
5F80
4400
6A00
5180
ENDCHAR
STARTCHAR u8BC1.zh_hant
ENCODING 35777
SWIDTH 1000 0
DWIDTH 10 0
BBX 9 9 0 -1
BITMAP
9F80
4200
0200
CA00
4B80
4A00
4A00
6A00
5F80
ENDCHAR
STARTCHAR u8BC3
ENCODING 35779
SWIDTH 1000 0
DWIDTH 10 0
BBX 9 9 0 -1
BITMAP
9F80
4100
1D00
D500
5500
5500
5D00
6100
4300
ENDCHAR
STARTCHAR u8BC4.zh_hant
ENCODING 35780
SWIDTH 1000 0
DWIDTH 10 0
BBX 9 9 0 -1
BITMAP
9F80
4200
1280
CB00
4200
5F80
4200
6200
4200
ENDCHAR
STARTCHAR u8BC5.zh_hant
ENCODING 35781
SWIDTH 1000 0
DWIDTH 10 0
BBX 9 9 0 -1
BITMAP
4F00
2900
0900
CF00
4900
4F00
4900
6900
5F80
ENDCHAR
STARTCHAR u8BC6
ENCODING 35782
SWIDTH 1000 0
DWIDTH 10 0
BBX 9 9 0 -1
BITMAP
9F80
5080
1080
D080
5F80
4000
4900
6880
5080
ENDCHAR
STARTCHAR u8BC8.zh_hant
ENCODING 35784
SWIDTH 1000 0
DWIDTH 10 0
BBX 9 9 0 -1
BITMAP
4800
2F80
1400
D780
4400
4400
4780
6400
4400
ENDCHAR
STARTCHAR u8BC9.zh_hant
ENCODING 35785
SWIDTH 1000 0
DWIDTH 10 0
BBX 9 9 0 -1
BITMAP
4380
2C00
0800
CF80
4A00
4A00
6B00
4A80
1200
ENDCHAR
STARTCHAR u8BCA.zh_hant
ENCODING 35786
SWIDTH 1000 0
DWIDTH 10 0
BBX 9 9 0 -1
BITMAP
8700
4880
1300
CC00
4300
4C00
4080
6300
4C00
ENDCHAR
STARTCHAR u8BCB.zh_hant
ENCODING 35787
SWIDTH 1000 0
DWIDTH 10 0
BBX 9 9 0 -1
BITMAP
8180
5E00
1200
D200
5F80
5200
5100
7500
5A80
ENDCHAR
STARTCHAR u8BCC.zh_hant
ENCODING 35788
SWIDTH 1000 0
DWIDTH 10 0
BBX 9 9 0 -1
BITMAP
4700
2900
0200
CF80
4080
4F80
4080
6080
4F80
ENDCHAR
STARTCHAR u8BCD.zh_hant
ENCODING 35789
SWIDTH 1000 0
DWIDTH 10 0
BBX 9 9 0 -1
BITMAP
4F80
2080
0E80
C080
4E80
4A80
4A80
6E80
4180
ENDCHAR
STARTCHAR u8BCF.zh_hant
ENCODING 35791
SWIDTH 1000 0
DWIDTH 10 0
BBX 9 9 0 -1
BITMAP
4F80
2280
0480
C980
4000
4F80
4880
6880
4F80
ENDCHAR
STARTCHAR u8BD1
ENCODING 35793
SWIDTH 1000 0
DWIDTH 10 0
BBX 9 9 0 -1
BITMAP
9F80
4880
0700
D880
4200
4F80
4200
6F80
4200
ENDCHAR
STARTCHAR u8BD3.zh_hant
ENCODING 35795
SWIDTH 1000 0
DWIDTH 10 0
BBX 9 9 0 -1
BITMAP
9F80
5000
1780
D100
5780
5100
5780
7000
5F80
ENDCHAR
STARTCHAR u8BD5.zh_hant
ENCODING 35797
SWIDTH 1000 0
DWIDTH 10 0
BBX 9 9 0 -1
BITMAP
8280
4280
1F80
C200
5E00
4900
4900
6900
5C80
ENDCHAR
STARTCHAR u8BD7.zh_hant
ENCODING 35799
SWIDTH 1000 0
DWIDTH 10 0
BBX 9 9 0 -1
BITMAP
4200
2F80
0200
CF80
4100
4F80
5100
6900
4300
ENDCHAR
STARTCHAR u8BD8.zh_hant
ENCODING 35800
SWIDTH 1000 0
DWIDTH 10 0
BBX 9 9 0 -1
BITMAP
4200
2F80
0200
CF80
4000
4F80
4880
6880
4F80
ENDCHAR
STARTCHAR u8BD9.zh_hant
ENCODING 35801
SWIDTH 1000 0
DWIDTH 10 0
BBX 9 9 0 -1
BITMAP
8800
5F80
0800
C900
4D80
5500
4100
6280
4C80
ENDCHAR
STARTCHAR u8BDA.zh_hant
ENCODING 35802
SWIDTH 1000 0
DWIDTH 10 0
BBX 9 9 0 -1
BITMAP
8280
5F80
1200
D280
5E80
5500
5500
6C80
4080
ENDCHAR
STARTCHAR u8BDB.zh_hant
ENCODING 35803
SWIDTH 1000 0
DWIDTH 10 0
BBX 9 9 0 -1
BITMAP
4A00
2F80
1200
C200
5F80
4200
4700
6A80
5200
ENDCHAR
STARTCHAR u8BDD.zh_hant
ENCODING 35805
SWIDTH 1000 0
DWIDTH 10 0
BBX 9 9 0 -1
BITMAP
4180
2E00
0200
DF80
4200
4F80
4880
6880
4F80
ENDCHAR
STARTCHAR u8BDE.zh_hant
ENCODING 35806
SWIDTH 1000 0
DWIDTH 10 0
BBX 9 9 0 -1
BITMAP
9980
4E00
0A00
D380
4A00
4A00
4F80
6800
5780
ENDCHAR
STARTCHAR u8BDF.zh_hant
ENCODING 35807
SWIDTH 1000 0
DWIDTH 10 0
BBX 9 9 0 -1
BITMAP
4180
2E00
0800
CF80
4800
4B80
4A80
6A80
5380
ENDCHAR
STARTCHAR u8BE0.zh_hant
ENCODING 35808
SWIDTH 1000 0
DWIDTH 10 0
BBX 9 9 0 -1
BITMAP
4600
2900
1080
CF80
4200
4F80
4200
6200
5F80
ENDCHAR
STARTCHAR u8BE1.zh_hant
ENCODING 35809
SWIDTH 1000 0
DWIDTH 10 0
BBX 9 9 0 -1
BITMAP
8700
4900
1F80
D000
5780
5480
5580
6400
4780
ENDCHAR
STARTCHAR u8BE2.zh_hant
ENCODING 35810
SWIDTH 1000 0
DWIDTH 10 0
BBX 9 9 0 -1
BITMAP
8800
4F80
1080
DE80
4A80
4E80
4A80
6E80
4100
ENDCHAR
STARTCHAR u8BE3.zh_hant
ENCODING 35811
SWIDTH 1000 0
DWIDTH 10 0
BBX 9 9 0 -1
BITMAP
4980
2E00
0880
CF80
4880
4F80
4880
6880
4F80
ENDCHAR
STARTCHAR u8BE4.zh_hant
ENCODING 35812
SWIDTH 1000 0
DWIDTH 10 0
BBX 9 9 0 -1
BITMAP
8E00
5200
1F00
C500
5F80
4500
5F00
6400
4C00
ENDCHAR
STARTCHAR u8BE5.zh_hant
ENCODING 35813
SWIDTH 1000 0
DWIDTH 10 0
BBX 9 9 0 -1
BITMAP
8200
5F80
0480
C900
4A00
4480
4900
6600
5980
ENDCHAR
STARTCHAR u8BE6.zh_hans
ENCODING 35814
SWIDTH 1000 0
DWIDTH 10 0
BBX 9 9 0 -1
BITMAP
8880
4500
1F80
C200
4F00
4200
5F80
6200
4200
ENDCHAR
STARTCHAR u8BE7.zh_hant
ENCODING 35815
SWIDTH 1000 0
DWIDTH 10 0
BBX 9 9 0 -1
BITMAP
8400
5F80
1080
CF00
4400
5F80
4400
6480
4380
ENDCHAR
STARTCHAR u8BE8
ENCODING 35816
SWIDTH 1000 0
DWIDTH 10 0
BBX 9 9 0 -1
BITMAP
9F80
5280
0F00
C600
4A00
4F80
4200
6F80
4200
ENDCHAR
STARTCHAR u8BEB.zh_hant
ENCODING 35819
SWIDTH 1000 0
DWIDTH 10 0
BBX 9 9 0 -1
BITMAP
8280
4280
1F80
CA00
4A80
5D00
4900
6280
4C80
ENDCHAR
STARTCHAR u8BEC.zh_hant
ENCODING 35820
SWIDTH 1000 0
DWIDTH 10 0
BBX 9 9 0 -1
BITMAP
9F80
4400
1500
D500
5680
6C80
4400
6400
5F80
ENDCHAR
STARTCHAR u8BED
ENCODING 35821
SWIDTH 1000 0
DWIDTH 10 0
BBX 9 9 0 -1
BITMAP
9F80
4400
1F00
C900
5F80
4000
5F80
7080
5F80
ENDCHAR
STARTCHAR u8BEE.zh_hant
ENCODING 35822
SWIDTH 1000 0
DWIDTH 10 0
BBX 9 9 0 -1
BITMAP
9280
4A00
0F80
C880
4F80
4880
4F80
6880
4980
ENDCHAR
STARTCHAR u8BEF.zh_hant
ENCODING 35823
SWIDTH 1000 0
DWIDTH 10 0
BBX 9 9 0 -1
BITMAP
4F80
2880
0F80
C000
4F80
4200
5F80
6500
5880
ENDCHAR
STARTCHAR u8BF0.zh_hant
ENCODING 35824
SWIDTH 1000 0
DWIDTH 10 0
BBX 9 9 0 -1
BITMAP
8A00
4F80
1200
C200
5F80
4000
4F80
6880
4F80
ENDCHAR
STARTCHAR u8BF1.zh_hant
ENCODING 35825
SWIDTH 1000 0
DWIDTH 10 0
BBX 9 9 0 -1
BITMAP
9F80
4200
1F80
CB00
5280
4F00
4580
6480
5980
ENDCHAR
STARTCHAR u8BF2.zh_hant
ENCODING 35826
SWIDTH 1000 0
DWIDTH 10 0
BBX 9 9 0 -1
BITMAP
8800
4F80
1000
CF80
4A80
5F80
4A80
6F80
4100
ENDCHAR
STARTCHAR u8BF3.zh_hant
ENCODING 35827
SWIDTH 1000 0
DWIDTH 10 0
BBX 9 9 0 -1
BITMAP
8780
5500
0900
D500
4F80
5500
4500
6500
5B80
ENDCHAR
STARTCHAR u8BF4
ENCODING 35828
SWIDTH 1000 0
DWIDTH 10 0
BBX 9 9 0 -1
BITMAP
9100
4A00
1F00
D100
5100
5F00
4A00
6A80
5380
ENDCHAR
STARTCHAR u8BF5.zh_hant
ENCODING 35829
SWIDTH 1000 0
DWIDTH 10 0
BBX 9 9 0 -1
BITMAP
4F80
2100
0F80
CA80
4F80
4A80
4F80
6A80
4A80
ENDCHAR
STARTCHAR u8BF6.zh_hant
ENCODING 35830
SWIDTH 1000 0
DWIDTH 10 0
BBX 9 9 0 -1
BITMAP
4400
2480
0F80
C400
4F80
4200
4F80
6500
4880
ENDCHAR
STARTCHAR u8BF7
ENCODING 35831
SWIDTH 1000 0
DWIDTH 10 0
BBX 9 9 0 -1
BITMAP
8200
4F80
0200
DF80
4880
4F80
4880
6F80
4880
ENDCHAR
STARTCHAR u8BF8.zh_hant
ENCODING 35832
SWIDTH 1000 0
DWIDTH 10 0
BBX 9 9 0 -1
BITMAP
8480
5F80
0480
C500
5F80
4880
5F80
6880
4F80
ENDCHAR
STARTCHAR u8BF9
ENCODING 35833
SWIDTH 1000 0
DWIDTH 10 0
BBX 9 9 0 -1
BITMAP
BC00
5780
1E80
D680
5E80
5680
5D00
6500
4680
ENDCHAR
STARTCHAR u8BFA.zh_hant
ENCODING 35834
SWIDTH 1000 0
DWIDTH 10 0
BBX 9 9 0 -1
BITMAP
8900
5F80
0900
C400
5F80
4800
5F80
6880
4F80
ENDCHAR
STARTCHAR u8BFB
ENCODING 35835
SWIDTH 1000 0
DWIDTH 10 0
BBX 9 9 0 -1
BITMAP
8200
4F80
0200
DF80
4480
4A00
5F80
6500
5880
ENDCHAR
STARTCHAR u8BFC.zh_hant
ENCODING 35836
SWIDTH 1000 0
DWIDTH 10 0
BBX 9 9 0 -1
BITMAP
9F80
4400
0A80
D700
4A00
5700
4A80
5200
6C00
ENDCHAR
STARTCHAR u8BFD.zh_hant
ENCODING 35837
SWIDTH 1000 0
DWIDTH 10 0
BBX 9 9 0 -1
BITMAP
8A00
5B80
0A00
CA00
5B80
4A00
4A00
7B80
4A00
ENDCHAR
STARTCHAR u8BFE.zh_hant
ENCODING 35838
SWIDTH 1000 0
DWIDTH 10 0
BBX 9 9 0 -1
BITMAP
4F80
2A80
0F80
CA80
4F80
4200
5F80
6B00
5280
ENDCHAR
STARTCHAR u8BFF.zh_hant
ENCODING 35839
SWIDTH 1000 0
DWIDTH 10 0
BBX 9 9 0 -1
BITMAP
8F80
4400
1F80
D500
4480
5F80
4900
6E00
5180
ENDCHAR
STARTCHAR u8C00.zh_hant
ENCODING 35840
SWIDTH 1000 0
DWIDTH 10 0
BBX 9 9 0 -1
BITMAP
8200
5B80
1280
DB80
5280
5F80
4200
6500
5880
ENDCHAR
STARTCHAR u8C01.zh_hant
ENCODING 35841
SWIDTH 1000 0
DWIDTH 10 0
BBX 9 9 0 -1
BITMAP
8A00
4F80
1A00
CF80
4A00
4F80
4A00
6A00
4F80
ENDCHAR
STARTCHAR u8C02.zh_hant
ENCODING 35842
SWIDTH 1000 0
DWIDTH 10 0
BBX 9 9 0 -1
BITMAP
8F00
5080
0F00
C000
4F00
4100
4200
6880
4E80
ENDCHAR
STARTCHAR u8C03.zh_hant
ENCODING 35843
SWIDTH 1000 0
DWIDTH 10 0
BBX 9 9 0 -1
BITMAP
5F80
3480
1F80
D480
5F80
5080
5E80
6A80
4E80
ENDCHAR
STARTCHAR u8C04.zh_hant
ENCODING 35844
SWIDTH 1000 0
DWIDTH 10 0
BBX 9 9 0 -1
BITMAP
8800
4F80
1100
C200
4D80
4880
4D80
6880
4F80
ENDCHAR
STARTCHAR u8C05.zh_hant
ENCODING 35845
SWIDTH 1000 0
DWIDTH 10 0
BBX 9 9 0 -1
BITMAP
4200
2F80
0000
CF80
4880
4F80
6200
4B00
1680
ENDCHAR
STARTCHAR u8C06.zh_hant
ENCODING 35846
SWIDTH 1000 0
DWIDTH 10 0
BBX 9 9 0 -1
BITMAP
8200
5F80
0880
CF80
4100
4200
5F80
6200
4600
ENDCHAR
STARTCHAR u8C08.zh_hant
ENCODING 35848
SWIDTH 1000 0
DWIDTH 10 0
BBX 9 9 0 -1
BITMAP
4A80
2A80
0500
D880
4200
4A80
6A80
4500
1880
ENDCHAR
STARTCHAR u8C0A.zh_hant
ENCODING 35850
SWIDTH 1000 0
DWIDTH 10 0
BBX 9 9 0 -1
BITMAP
8400
5F80
1080
CF00
4900
4F00
6900
4900
5F80
ENDCHAR
STARTCHAR u8C0B.zh_hant
ENCODING 35851
SWIDTH 1000 0
DWIDTH 10 0
BBX 9 9 0 -1
BITMAP
8900
5F80
0900
CF00
4900
5F80
4600
6A80
5280
ENDCHAR
STARTCHAR u8C0C
ENCODING 35852
SWIDTH 1000 0
DWIDTH 10 0
BBX 9 9 0 -1
BITMAP
8900
5F80
0900
CF00
4900
7F80
5200
5500
5F80
ENDCHAR
STARTCHAR u8C0D.zh_hant
ENCODING 35853
SWIDTH 1000 0
DWIDTH 10 0
BBX 9 9 0 -1
BITMAP
8A80
5F80
0A80
CB80
4800
5F80
4600
6A80
5280
ENDCHAR
STARTCHAR u8C0E.zh_hant
ENCODING 35854
SWIDTH 1000 0
DWIDTH 10 0
BBX 9 9 0 -1
BITMAP
8500
5F80
0500
DF80
4800
4780
4800
6A80
5280
ENDCHAR
STARTCHAR u8C0F.zh_hant
ENCODING 35855
SWIDTH 1000 0
DWIDTH 10 0
BBX 9 9 0 -1
BITMAP
8200
5F80
1280
DB80
5280
5F80
4600
6A80
5280
ENDCHAR
STARTCHAR u8C10.zh_hant
ENCODING 35856
SWIDTH 1000 0
DWIDTH 10 0
BBX 9 9 0 -1
BITMAP
4900
2D80
0900
C900
4F80
4880
5F80
6880
4F80
ENDCHAR
STARTCHAR u8C11.zh_hant
ENCODING 35857
SWIDTH 1000 0
DWIDTH 10 0
BBX 9 9 0 -1
BITMAP
4780
2400
1F80
D200
5780
5400
5F80
7400
5780
ENDCHAR
STARTCHAR u8C12.zh_hant
ENCODING 35858
SWIDTH 1000 0
DWIDTH 10 0
BBX 9 9 0 -1
BITMAP
4F00
2900
0F00
C900
4F80
4080
4A80
6A80
4D80
ENDCHAR
STARTCHAR u8C13.zh_hant
ENCODING 35859
SWIDTH 1000 0
DWIDTH 10 0
BBX 9 9 0 -1
BITMAP
9F80
5280
1F80
D280
5F80
4880
4F80
6880
4980
ENDCHAR
STARTCHAR u8C14.zh_hant
ENCODING 35860
SWIDTH 1000 0
DWIDTH 10 0
BBX 9 9 0 -1
BITMAP
BB80
6A80
3F80
C000
5F00
4800
4F00
6100
4E00
ENDCHAR
STARTCHAR u8C15.zh_hant
ENCODING 35861
SWIDTH 1000 0
DWIDTH 10 0
BBX 9 9 0 -1
BITMAP
8F00
5080
0F80
C000
5E80
5280
5E80
7280
5680
ENDCHAR
STARTCHAR u8C17.zh_hant
ENCODING 35863
SWIDTH 1000 0
DWIDTH 10 0
BBX 9 9 0 -1
BITMAP
4700
2900
1F80
D480
5F80
4900
5180
6400
4200
ENDCHAR
STARTCHAR u8C1A.zh_hant
ENCODING 35866
SWIDTH 1000 0
DWIDTH 10 0
BBX 9 9 0 -1
BITMAP
8200
5F80
0900
CA00
5F80
5100
5600
7080
5700
ENDCHAR
STARTCHAR u8C1B
ENCODING 35867
SWIDTH 1000 0
DWIDTH 10 0
BBX 9 9 0 -1
BITMAP
8400
5F00
0A00
DF80
4480
5F00
5500
5500
6400
ENDCHAR
STARTCHAR u8C1C.zh_hant
ENCODING 35868
SWIDTH 1000 0
DWIDTH 10 0
BBX 9 9 0 -1
BITMAP
AA80
5700
0200
CF80
7200
5700
5A80
6A00
4780
ENDCHAR
STARTCHAR u8C20.zh_hant
ENCODING 35872
SWIDTH 1000 0
DWIDTH 10 0
BBX 9 9 0 -1
BITMAP
9480
4500
1F80
D080
5F00
5100
5F00
6A80
5180
ENDCHAR
STARTCHAR u8C21.zh_hant
ENCODING 35873
SWIDTH 1000 0
DWIDTH 10 0
BBX 9 9 0 -1
BITMAP
4F80
2A80
0F80
CA80
4F80
4500
5980
6600
5980
ENDCHAR
STARTCHAR u8C22.zh_hant
ENCODING 35874
SWIDTH 1000 0
DWIDTH 10 0
BBX 9 9 0 -1
BITMAP
8880
5C80
1780
DC80
5680
5D80
4480
5480
6D80
ENDCHAR
STARTCHAR u8C23.zh_hant
ENCODING 35875
SWIDTH 1000 0
DWIDTH 10 0
BBX 9 9 0 -1
BITMAP
9F80
5500
0800
CF80
5200
4F80
4200
6A80
4F80
ENDCHAR
STARTCHAR u8C24.zh_hant
ENCODING 35876
SWIDTH 1000 0
DWIDTH 10 0
BBX 9 9 0 -1
BITMAP
8400
5F80
0900
C900
5F80
4480
5F80
6880
5300
ENDCHAR
STARTCHAR u8C25
ENCODING 35877
SWIDTH 1000 0
DWIDTH 10 0
BBX 9 9 0 -1
BITMAP
9100
4A00
1F00
CA00
5100
4000
5F00
5500
7F80
ENDCHAR
STARTCHAR u8C26.zh_hant
ENCODING 35878
SWIDTH 1000 0
DWIDTH 10 0
BBX 9 9 0 -1
BITMAP
8900
5F80
0A80
DF80
4A80
5F80
6A00
5B00
2A80
ENDCHAR
STARTCHAR u8C27
ENCODING 35879
SWIDTH 1000 0
DWIDTH 10 0
BBX 9 9 0 -1
BITMAP
8A00
2900
2E80
C900
5600
4000
5F00
5500
7F80
ENDCHAR
STARTCHAR u8C28.zh_hant
ENCODING 35880
SWIDTH 1000 0
DWIDTH 10 0
BBX 9 9 0 -1
BITMAP
9F80
4500
1F80
D280
5F80
4200
4F00
6200
5F80
ENDCHAR
STARTCHAR u8C29.zh_hant
ENCODING 35881
SWIDTH 1000 0
DWIDTH 10 0
BBX 9 9 0 -1
BITMAP
4F00
2900
0900
DF80
4A80
5F80
4900
6600
5980
ENDCHAR
STARTCHAR u8C2C.zh_hant
ENCODING 35884
SWIDTH 1000 0
DWIDTH 10 0
BBX 9 9 0 -1
BITMAP
8D80
5680
0D80
D680
4900
5280
4C00
6180
4E00
ENDCHAR
STARTCHAR u8C2D.zh_hant
ENCODING 35885
SWIDTH 1000 0
DWIDTH 10 0
BBX 9 9 0 -1
BITMAP
5F80
2500
1F80
CA80
5F80
4900
6900
5F80
0200
ENDCHAR
STARTCHAR u8C30.zh_hant
ENCODING 35888
SWIDTH 1000 0
DWIDTH 10 0
BBX 9 9 0 -1
BITMAP
9780
4880
1280
DF80
5280
5F80
5280
7780
5A80
ENDCHAR
STARTCHAR u8C31.zh_hant
ENCODING 35889
SWIDTH 1000 0
DWIDTH 10 0
BBX 9 9 0 -1
BITMAP
8900
5F80
0A80
C200
5F80
4880
4F80
6880
4F80
ENDCHAR
STARTCHAR u8C32
ENCODING 35890
SWIDTH 1000 0
DWIDTH 10 0
BBX 9 9 0 -1
BITMAP
8F00
4200
1F80
C680
4A00
5F80
5280
7580
5680
ENDCHAR
STARTCHAR u8C34.zh_hant
ENCODING 35892
SWIDTH 1000 0
DWIDTH 10 0
BBX 9 9 0 -1
BITMAP
A200
5F80
0A80
CF80
7700
5480
5780
6800
4780
ENDCHAR
STARTCHAR u8C36.zh_hant
ENCODING 35894
SWIDTH 1000 0
DWIDTH 10 0
BBX 9 9 0 -1
BITMAP
8A80
5480
1F80
D500
7700
5580
5500
7680
5C80
ENDCHAR
STARTCHAR u8C37.zh_hant
ENCODING 35895
SWIDTH 1000 0
DWIDTH 10 0
BBX 9 9 0 -1
BITMAP
2100
4C80
1200
2100
4080
BF00
2100
2100
3F00
ENDCHAR
STARTCHAR u8C41.zh_hant
ENCODING 35905
SWIDTH 1000 0
DWIDTH 10 0
BBX 9 9 0 -1
BITMAP
2500
F880
8800
2300
F480
2000
FF80
9480
F780
ENDCHAR
STARTCHAR u8C46.zh_hant
ENCODING 35910
SWIDTH 1000 0
DWIDTH 10 0
BBX 9 9 0 -1
BITMAP
FF80
0000
7F00
4100
4100
7F00
2200
2400
FF80
ENDCHAR
STARTCHAR u8C49.zh_hant
ENCODING 35913
SWIDTH 1000 0
DWIDTH 10 0
BBX 9 9 0 -1
BITMAP
F200
0F80
F200
9200
F780
0080
5500
5200
ED80
ENDCHAR
STARTCHAR u8C4C.zh_hant
ENCODING 35916
SWIDTH 1000 0
DWIDTH 10 0
BBX 9 9 0 -1
BITMAP
E400
1F80
E080
BB80
AA80
FA80
2B80
AA00
F380
ENDCHAR
STARTCHAR u8C55.zh_hant
ENCODING 35925
SWIDTH 1000 0
DWIDTH 10 0
BBX 9 9 0 -1
BITMAP
FF80
0800
0880
3500
C600
0C00
3600
C580
1800
ENDCHAR
STARTCHAR u8C5A.zh_hant
ENCODING 35930
SWIDTH 1000 0
DWIDTH 10 0
BBX 9 9 0 -1
BITMAP
FF80
A400
EA00
B280
A700
EA00
B300
A280
AC00
ENDCHAR
STARTCHAR u8C61
ENCODING 35937
SWIDTH 1000 0
DWIDTH 10 0
BBX 9 9 0 -1
BITMAP
3C00
4400
FF00
4900
7F00
1480
6D00
1600
ED80
ENDCHAR
STARTCHAR u8C62.zh_hant
ENCODING 35938
SWIDTH 1000 0
DWIDTH 10 0
BBX 9 9 0 -1
BITMAP
2A00
4900
FF80
1200
FF80
2A00
D580
2600
D980
ENDCHAR
STARTCHAR u8C6A.zh_hant
ENCODING 35946
SWIDTH 1000 0
DWIDTH 10 0
BBX 9 9 0 -1
BITMAP
0800
FF80
2200
FF80
8080
3E80
D500
2A00
D980
ENDCHAR
STARTCHAR u8C6B.zh_hant
ENCODING 35947
SWIDTH 1000 0
DWIDTH 10 0
BBX 9 9 0 -1
BITMAP
FF00
1100
2F80
F280
5F80
6A80
5700
4A80
D680
ENDCHAR
STARTCHAR u8C73.zh_hant
ENCODING 35955
SWIDTH 1000 0
DWIDTH 10 0
BBX 9 9 0 -1
BITMAP
7700
2A00
CC80
BB80
EE80
BB80
AA80
CC80
FF80
ENDCHAR
STARTCHAR u8C78.zh_hant
ENCODING 35960
SWIDTH 1000 0
DWIDTH 10 0
BBX 9 9 0 -1
BITMAP
FF00
4800
2580
FE00
2400
CA00
3200
C200
1C00
ENDCHAR
STARTCHAR u8C79.zh_hant
ENCODING 35961
SWIDTH 1000 0
DWIDTH 10 0
BBX 9 9 0 -1
BITMAP
3400
D780
5880
F080
5480
B280
5080
9080
6300
ENDCHAR
STARTCHAR u8C7A.zh_hant
ENCODING 35962
SWIDTH 1000 0
DWIDTH 10 0
BBX 9 9 0 -1
BITMAP
3900
D100
5F80
F100
5300
B500
5900
9100
6300
ENDCHAR
STARTCHAR u8C82.zh_hant
ENCODING 35970
SWIDTH 1000 0
DWIDTH 10 0
BBX 9 9 0 -1
BITMAP
3780
D280
5480
F980
5000
B780
5480
9480
6780
ENDCHAR
STARTCHAR u8C85.zh_hant
ENCODING 35973
SWIDTH 1000 0
DWIDTH 10 0
BBX 9 9 0 -1
BITMAP
3500
E500
AF80
7900
A900
6B00
AD80
2900
C900
ENDCHAR
STARTCHAR u8C89.zh_hant
ENCODING 35977
SWIDTH 1000 0
DWIDTH 10 0
BBX 9 9 0 -1
BITMAP
3780
D880
5500
F300
5480
BF80
5480
9480
6780
ENDCHAR
STARTCHAR u8C8A.zh_hant
ENCODING 35978
SWIDTH 1000 0
DWIDTH 10 0
BBX 9 9 0 -1
BITMAP
3F80
E200
B400
6F80
A880
6F80
A880
2880
CF80
ENDCHAR
STARTCHAR u8C8C.zh_hant
ENCODING 35980
SWIDTH 1000 0
DWIDTH 10 0
BBX 9 9 0 -1
BITMAP
3A00
D780
5C80
F780
5480
B780
5300
9500
6980
ENDCHAR
STARTCHAR u8C94.zh_hant
ENCODING 35988
SWIDTH 1000 0
DWIDTH 10 0
BBX 9 9 0 -1
BITMAP
3400
DF80
5280
F580
5880
BF80
5200
9E80
7380
ENDCHAR
STARTCHAR u8C98.zh_hant
ENCODING 35992
SWIDTH 1000 0
DWIDTH 10 0
BBX 9 9 0 -1
BITMAP
3F80
E500
BF80
6880
AF80
6880
BF80
2500
D880
ENDCHAR
STARTCHAR u8D1D.zh_hant
ENCODING 36125
SWIDTH 1000 0
DWIDTH 10 0
BBX 9 9 0 -1
BITMAP
7F00
4100
4900
4900
4900
4900
1400
2200
C180
ENDCHAR
STARTCHAR u8D1E.zh_hant
ENCODING 36126
SWIDTH 1000 0
DWIDTH 10 0
BBX 9 9 0 -1
BITMAP
0800
0F80
0800
7F00
4100
4900
4900
1600
E180
ENDCHAR
STARTCHAR u8D1F.zh_hant
ENCODING 36127
SWIDTH 1000 0
DWIDTH 10 0
BBX 9 9 0 -1
BITMAP
3E00
4200
FF00
4100
4900
4900
4900
1600
E180
ENDCHAR
STARTCHAR u8D21
ENCODING 36129
SWIDTH 1000 0
DWIDTH 10 0
BBX 9 9 0 -1
BITMAP
7F00
0800
FF80
0000
7F00
4100
4900
1400
E380
ENDCHAR
STARTCHAR u8D22.zh_hant
ENCODING 36130
SWIDTH 1000 0
DWIDTH 10 0
BBX 9 9 0 -1
BITMAP
F880
8880
AF80
A880
A980
AA80
AC80
5080
8980
ENDCHAR
STARTCHAR u8D23
ENCODING 36131
SWIDTH 1000 0
DWIDTH 10 0
BBX 9 9 0 -1
BITMAP
0800
7F00
0800
7F00
0800
FF80
4900
1400
E380
ENDCHAR
STARTCHAR u8D24.zh_hant
ENCODING 36132
SWIDTH 1000 0
DWIDTH 10 0
BBX 9 9 0 -1
BITMAP
AF80
A480
A700
A880
3F00
2100
2900
1600
E180
ENDCHAR
STARTCHAR u8D25.zh_hant
ENCODING 36133
SWIDTH 1000 0
DWIDTH 10 0
BBX 9 9 0 -1
BITMAP
FA00
8B80
AC80
A880
AA80
AA80
4100
5300
9480
ENDCHAR
STARTCHAR u8D26.zh_hant
ENCODING 36134
SWIDTH 1000 0
DWIDTH 10 0
BBX 9 9 0 -1
BITMAP
F480
9500
9600
9400
BF80
B500
2500
5480
9E80
ENDCHAR
STARTCHAR u8D27.zh_hant
ENCODING 36135
SWIDTH 1000 0
DWIDTH 10 0
BBX 9 9 0 -1
BITMAP
2980
6E00
A880
3F80
2100
2900
2900
1600
E180
ENDCHAR
STARTCHAR u8D28.zh_hant
ENCODING 36136
SWIDTH 1000 0
DWIDTH 10 0
BBX 9 9 0 -1
BITMAP
0380
7C00
4400
7F80
5100
5500
5500
8A00
B180
ENDCHAR
STARTCHAR u8D29.zh_hant
ENCODING 36137
SWIDTH 1000 0
DWIDTH 10 0
BBX 9 9 0 -1
BITMAP
EF80
A800
A800
AF80
A880
5480
4500
A300
AC80
ENDCHAR
STARTCHAR u8D2A.zh_hant
ENCODING 36138
SWIDTH 1000 0
DWIDTH 10 0
BBX 9 9 0 -1
BITMAP
3E00
4100
BE80
0400
3E00
2200
2A00
1600
E180
ENDCHAR
STARTCHAR u8D2B.zh_hant
ENCODING 36139
SWIDTH 1000 0
DWIDTH 10 0
BBX 9 9 0 -1
BITMAP
2E00
4100
BE80
1200
3F00
2100
2900
1600
E180
ENDCHAR
STARTCHAR u8D2C.zh_hant
ENCODING 36140
SWIDTH 1000 0
DWIDTH 10 0
BBX 9 9 0 -1
BITMAP
E380
AC00
A200
AF80
A080
4100
4200
A400
AB80
ENDCHAR
STARTCHAR u8D2D.zh_hant
ENCODING 36141
SWIDTH 1000 0
DWIDTH 10 0
BBX 9 9 0 -1
BITMAP
F400
9780
9880
9280
B480
B580
2680
5080
9300
ENDCHAR
STARTCHAR u8D2E
ENCODING 36142
SWIDTH 1000 0
DWIDTH 10 0
BBX 9 9 0 -1
BITMAP
F400
9200
DF80
D880
D000
D000
4000
4000
AF80
ENDCHAR
STARTCHAR u8D2F.zh_hant
ENCODING 36143
SWIDTH 1000 0
DWIDTH 10 0
BBX 9 9 0 -1
BITMAP
7F00
4900
FF80
4900
7F00
2100
2900
1600
E180
ENDCHAR
STARTCHAR u8D30.zh_hant
ENCODING 36144
SWIDTH 1000 0
DWIDTH 10 0
BBX 9 9 0 -1
BITMAP
0480
FF80
0200
FE00
4500
5500
5500
2880
C480
ENDCHAR
STARTCHAR u8D31.zh_hant
ENCODING 36145
SWIDTH 1000 0
DWIDTH 10 0
BBX 9 9 0 -1
BITMAP
F500
9F80
9400
DF80
D400
D500
4200
6680
9980
ENDCHAR
STARTCHAR u8D34.zh_hant
ENCODING 36148
SWIDTH 1000 0
DWIDTH 10 0
BBX 9 9 0 -1
BITMAP
F200
9200
9380
9200
B200
B780
2480
5480
9780
ENDCHAR
STARTCHAR u8D35.zh_hant
ENCODING 36149
SWIDTH 1000 0
DWIDTH 10 0
BBX 9 9 0 -1
BITMAP
0800
7F00
4900
FF80
2200
2A00
2A00
1000
6300
ENDCHAR
STARTCHAR u8D37.zh_hant
ENCODING 36151
SWIDTH 1000 0
DWIDTH 10 0
BBX 9 9 0 -1
BITMAP
2480
DF80
4200
7F00
4280
5200
5200
2C00
C300
ENDCHAR
STARTCHAR u8D38.zh_hant
ENCODING 36152
SWIDTH 1000 0
DWIDTH 10 0
BBX 9 9 0 -1
BITMAP
F780
8280
9480
FF00
2100
2900
2900
1600
E180
ENDCHAR
STARTCHAR u8D39.zh_hant
ENCODING 36153
SWIDTH 1000 0
DWIDTH 10 0
BBX 9 9 0 -1
BITMAP
7F00
1500
7F00
5400
FF80
2280
2A00
1600
E180
ENDCHAR
STARTCHAR u8D3A.zh_hant
ENCODING 36154
SWIDTH 1000 0
DWIDTH 10 0
BBX 9 9 0 -1
BITMAP
4780
F480
5480
BF80
2100
2900
2900
1600
E180
ENDCHAR
STARTCHAR u8D3B.zh_hant
ENCODING 36155
SWIDTH 1000 0
DWIDTH 10 0
BBX 9 9 0 -1
BITMAP
E200
A400
A880
AF80
A000
AF80
4880
A880
AF80
ENDCHAR
STARTCHAR u8D3C.zh_hant
ENCODING 36156
SWIDTH 1000 0
DWIDTH 10 0
BBX 9 9 0 -1
BITMAP
E280
BF80
A200
AA80
BE80
4900
4900
A280
A480
ENDCHAR
STARTCHAR u8D3E.zh_hant
ENCODING 36158
SWIDTH 1000 0
DWIDTH 10 0
BBX 9 9 0 -1
BITMAP
FF80
1400
7F00
5500
7F00
2100
2900
1600
E180
ENDCHAR
STARTCHAR u8D3F.zh_hant
ENCODING 36159
SWIDTH 1000 0
DWIDTH 10 0
BBX 9 9 0 -1
BITMAP
E200
BF80
A400
AF80
B880
4F80
4880
AF80
A880
ENDCHAR
STARTCHAR u8D41.zh_hant
ENCODING 36161
SWIDTH 1000 0
DWIDTH 10 0
BBX 9 9 0 -1
BITMAP
2380
5E00
C380
7E00
2380
2900
2900
1600
E180
ENDCHAR
STARTCHAR u8D42.zh_hant
ENCODING 36162
SWIDTH 1000 0
DWIDTH 10 0
BBX 9 9 0 -1
BITMAP
F780
9880
9500
9300
B480
B800
2780
5480
9780
ENDCHAR
STARTCHAR u8D43.zh_hant
ENCODING 36163
SWIDTH 1000 0
DWIDTH 10 0
BBX 9 9 0 -1
BITMAP
E200
AF80
A900
A900
AF80
4900
5100
A100
AF80
ENDCHAR
STARTCHAR u8D44.zh_hant
ENCODING 36164
SWIDTH 1000 0
DWIDTH 10 0
BBX 9 9 0 -1
BITMAP
8800
5F80
2480
4A00
BF00
2280
2A00
1600
E180
ENDCHAR
STARTCHAR u8D4A.zh_hant
ENCODING 36170
SWIDTH 1000 0
DWIDTH 10 0
BBX 9 9 0 -1
BITMAP
EF00
B080
A000
BF80
A000
5F80
4200
AA80
9680
ENDCHAR
STARTCHAR u8D4B.zh_hant
ENCODING 36171
SWIDTH 1000 0
DWIDTH 10 0
BBX 9 9 0 -1
BITMAP
FA80
A280
BF80
A900
AF00
4900
4900
AE80
9080
ENDCHAR
STARTCHAR u8D4C.zh_hant
ENCODING 36172
SWIDTH 1000 0
DWIDTH 10 0
BBX 9 9 0 -1
BITMAP
E400
AF80
A480
A500
BF80
4880
5F80
A880
AF80
ENDCHAR
STARTCHAR u8D4E
ENCODING 36174
SWIDTH 1000 0
DWIDTH 10 0
BBX 9 9 0 -1
BITMAP
F200
9F80
D200
DF80
D480
DA00
5F80
A500
9880
ENDCHAR
STARTCHAR u8D4F.zh_hant
ENCODING 36175
SWIDTH 1000 0
DWIDTH 10 0
BBX 9 9 0 -1
BITMAP
2A00
FF80
9280
BE80
2200
2A00
2A00
1600
E180
ENDCHAR
STARTCHAR u8D50.zh_hant
ENCODING 36176
SWIDTH 1000 0
DWIDTH 10 0
BBX 9 9 0 -1
BITMAP
EF80
A880
AF80
A880
AF80
4800
5F80
AA80
9580
ENDCHAR
STARTCHAR u8D54.zh_hant
ENCODING 36180
SWIDTH 1000 0
DWIDTH 10 0
BBX 9 9 0 -1
BITMAP
E200
BF80
A900
AA00
BF80
4000
4F80
A880
AF80
ENDCHAR
STARTCHAR u8D56
ENCODING 36182
SWIDTH 1000 0
DWIDTH 10 0
BBX 9 9 0 -1
BITMAP
2400
F700
2900
FF80
A880
FA80
6A80
B500
2880
ENDCHAR
STARTCHAR u8D58.zh_hant
ENCODING 36184
SWIDTH 1000 0
DWIDTH 10 0
BBX 9 9 0 -1
BITMAP
2400
F780
2900
FF00
5280
BF00
2900
1600
E180
ENDCHAR
STARTCHAR u8D5A.zh_hant
ENCODING 36186
SWIDTH 1000 0
DWIDTH 10 0
BBX 9 9 0 -1
BITMAP
FB00
A900
BF80
AA80
BF80
4A80
5F80
AA00
AA80
ENDCHAR
STARTCHAR u8D5B.zh_hant
ENCODING 36187
SWIDTH 1000 0
DWIDTH 10 0
BBX 9 9 0 -1
BITMAP
0800
FF80
A280
7F00
2200
7F00
A280
0800
7300
ENDCHAR
STARTCHAR u8D5C
ENCODING 36188
SWIDTH 1000 0
DWIDTH 10 0
BBX 9 9 0 -1
BITMAP
F200
AF80
F200
DF80
D200
FF80
A880
A200
FD80
ENDCHAR
STARTCHAR u8D5E.zh_hant
ENCODING 36190
SWIDTH 1000 0
DWIDTH 10 0
BBX 9 9 0 -1
BITMAP
AA00
FF80
2A00
FF80
5500
BE80
2A00
1600
E180
ENDCHAR
STARTCHAR u8D60.zh_hant
ENCODING 36192
SWIDTH 1000 0
DWIDTH 10 0
BBX 9 9 0 -1
BITMAP
E900
BF80
A480
BF80
A480
5F80
4880
A880
AF80
ENDCHAR
STARTCHAR u8D61.zh_hant
ENCODING 36193
SWIDTH 1000 0
DWIDTH 10 0
BBX 9 9 0 -1
BITMAP
E700
A900
BF80
A900
B780
4000
4F80
A880
AF80
ENDCHAR
STARTCHAR u8D62.zh_hant
ENCODING 36194
SWIDTH 1000 0
DWIDTH 10 0
BBX 9 9 0 -1
BITMAP
0800
FF80
4000
7F00
2200
7F00
5500
7F00
D580
ENDCHAR
STARTCHAR u8D63.zh_hant
ENCODING 36195
SWIDTH 1000 0
DWIDTH 10 0
BBX 9 9 0 -1
BITMAP
2400
F780
5D00
F200
5D80
7700
5500
F200
2D80
ENDCHAR
STARTCHAR u8D64
ENCODING 36196
SWIDTH 1000 0
DWIDTH 10 0
BBX 9 9 0 -1
BITMAP
0800
7F00
0800
FF80
1400
5500
5480
9480
2C00
ENDCHAR
STARTCHAR u8D66.zh_hant
ENCODING 36198
SWIDTH 1000 0
DWIDTH 10 0
BBX 9 9 0 -1
BITMAP
2200
FB80
2480
FC80
5280
D900
5500
9280
B480
ENDCHAR
STARTCHAR u8D67.zh_hant
ENCODING 36199
SWIDTH 1000 0
DWIDTH 10 0
BBX 9 9 0 -1
BITMAP
2780
FC80
2780
FC00
5780
D480
5A80
9300
B480
ENDCHAR
STARTCHAR u8D6B.zh_hant
ENCODING 36203
SWIDTH 1000 0
DWIDTH 10 0
BBX 9 9 0 -1
BITMAP
2200
FF80
2200
2200
FF80
5500
5580
9500
B300
ENDCHAR
STARTCHAR u8D6D.zh_hant
ENCODING 36205
SWIDTH 1000 0
DWIDTH 10 0
BBX 9 9 0 -1
BITMAP
2280
FF80
2200
FA80
5780
DC80
5780
9480
B780
ENDCHAR
STARTCHAR u8D70.zh_hant
ENCODING 36208
SWIDTH 1000 0
DWIDTH 10 0
BBX 9 9 0 -1
BITMAP
0800
7F00
0800
FF80
0800
2F00
2800
3800
C780
ENDCHAR
STARTCHAR u8D73.zh_hant
ENCODING 36211
SWIDTH 1000 0
DWIDTH 10 0
BBX 9 9 0 -1
BITMAP
2080
FA80
2280
FA80
2380
B680
A080
E000
9F80
ENDCHAR
STARTCHAR u8D74.zh_hant
ENCODING 36212
SWIDTH 1000 0
DWIDTH 10 0
BBX 9 9 0 -1
BITMAP
2200
FA00
2200
FB00
2280
BA00
A200
E000
9F80
ENDCHAR
STARTCHAR u8D75.zh_hant
ENCODING 36213
SWIDTH 1000 0
DWIDTH 10 0
BBX 9 9 0 -1
BITMAP
2080
F480
2500
F200
2200
B500
A880
E000
9F80
ENDCHAR
STARTCHAR u8D76.zh_hant
ENCODING 36214
SWIDTH 1000 0
DWIDTH 10 0
BBX 9 9 0 -1
BITMAP
2F80
F200
2200
EF80
2200
B200
A200
E000
9F80
ENDCHAR
STARTCHAR u8D77.zh_hant
ENCODING 36215
SWIDTH 1000 0
DWIDTH 10 0
BBX 9 9 0 -1
BITMAP
2780
FC80
2480
FF80
2400
3C80
A780
E000
9F80
ENDCHAR
STARTCHAR u8D81.zh_hant
ENCODING 36225
SWIDTH 1000 0
DWIDTH 10 0
BBX 9 9 0 -1
BITMAP
2700
F980
2600
F980
2600
B180
A600
E000
9F80
ENDCHAR
STARTCHAR u8D84.zh_hant
ENCODING 36228
SWIDTH 1000 0
DWIDTH 10 0
BBX 9 9 0 -1
BITMAP
2780
F480
2780
F480
2780
3480
AF80
E000
9F80
ENDCHAR
STARTCHAR u8D85.zh_hant
ENCODING 36229
SWIDTH 1000 0
DWIDTH 10 0
BBX 9 9 0 -1
BITMAP
2F80
F280
2480
F800
2780
B480
A780
E000
9F80
ENDCHAR
STARTCHAR u8D8A.zh_hant
ENCODING 36234
SWIDTH 1000 0
DWIDTH 10 0
BBX 9 9 0 -1
BITMAP
2100
F780
2500
FD80
2500
B680
AC80
E000
9F80
ENDCHAR
STARTCHAR u8D8B.zh_hant
ENCODING 36235
SWIDTH 1000 0
DWIDTH 10 0
BBX 9 9 0 -1
BITMAP
2700
E900
2780
F080
2780
B080
AF80
E000
9F80
ENDCHAR
STARTCHAR u8D94.zh_hant
ENCODING 36244
SWIDTH 1000 0
DWIDTH 10 0
BBX 9 9 0 -1
BITMAP
2E80
F480
2E80
FA80
2680
3280
AD80
E000
9F80
ENDCHAR
STARTCHAR u8D9F.zh_hant
ENCODING 36255
SWIDTH 1000 0
DWIDTH 10 0
BBX 9 9 0 -1
BITMAP
2A80
FA80
2200
FF80
2A80
BA80
AE80
E980
9F80
ENDCHAR
STARTCHAR u8DA3.zh_hant
ENCODING 36259
SWIDTH 1000 0
DWIDTH 10 0
BBX 9 9 0 -1
BITMAP
3F80
EA00
2F80
FA80
2E80
AB00
BA80
E000
9F80
ENDCHAR
STARTCHAR u8DB3.zh_hant
ENCODING 36275
SWIDTH 1000 0
DWIDTH 10 0
BBX 9 9 0 -1
BITMAP
7F00
4100
4100
7F00
0800
2F00
2800
3800
C780
ENDCHAR
STARTCHAR u8DB4.zh_hant
ENCODING 36276
SWIDTH 1000 0
DWIDTH 10 0
BBX 9 9 0 -1
BITMAP
F300
9100
9500
F500
2500
3500
A480
A880
F880
ENDCHAR
STARTCHAR u8DB8.zh_hant
ENCODING 36280
SWIDTH 1000 0
DWIDTH 10 0
BBX 9 9 0 -1
BITMAP
FF80
2000
3F80
4080
BF00
2100
3F80
2400
DF80
ENDCHAR
STARTCHAR u8DBA.zh_hant
ENCODING 36282
SWIDTH 1000 0
DWIDTH 10 0
BBX 9 9 0 -1
BITMAP
F200
9F80
9200
F200
2F80
3200
A200
A500
F880
ENDCHAR
STARTCHAR u8DBE.zh_hant
ENCODING 36286
SWIDTH 1000 0
DWIDTH 10 0
BBX 9 9 0 -1
BITMAP
F200
9200
9200
F380
2A00
3A00
AA00
AA00
FF80
ENDCHAR
STARTCHAR u8DBF.zh_hant
ENCODING 36287
SWIDTH 1000 0
DWIDTH 10 0
BBX 9 9 0 -1
BITMAP
FF00
A900
AA00
EF80
2880
3480
A300
B500
E880
ENDCHAR
STARTCHAR u8DC3.zh_hant
ENCODING 36291
SWIDTH 1000 0
DWIDTH 10 0
BBX 9 9 0 -1
BITMAP
F180
9E00
9200
F200
2F80
B200
A500
A880
F080
ENDCHAR
STARTCHAR u8DC4.zh_hant
ENCODING 36292
SWIDTH 1000 0
DWIDTH 10 0
BBX 9 9 0 -1
BITMAP
E600
A900
B080
EF00
2900
3B00
A800
A880
F780
ENDCHAR
STARTCHAR u8DC6.zh_hant
ENCODING 36294
SWIDTH 1000 0
DWIDTH 10 0
BBX 9 9 0 -1
BITMAP
F200
9400
9500
FE80
2000
3780
A480
A480
F780
ENDCHAR
STARTCHAR u8DCB.zh_hant
ENCODING 36299
SWIDTH 1000 0
DWIDTH 10 0
BBX 9 9 0 -1
BITMAP
F280
9280
9F80
F200
2280
3500
A900
B280
E480
ENDCHAR
STARTCHAR u8DCC.zh_hant
ENCODING 36300
SWIDTH 1000 0
DWIDTH 10 0
BBX 9 9 0 -1
BITMAP
F500
9780
9900
F100
2780
3900
A100
A280
FC80
ENDCHAR
STARTCHAR u8DCE.zh_hant
ENCODING 36302
SWIDTH 1000 0
DWIDTH 10 0
BBX 9 9 0 -1
BITMAP
F200
9F80
9080
F400
2480
3700
A400
A480
F780
ENDCHAR
STARTCHAR u8DCF.zh_hant
ENCODING 36303
SWIDTH 1000 0
DWIDTH 10 0
BBX 9 9 0 -1
BITMAP
E800
AB80
BE80
EA80
4A80
6A80
5280
5280
ED80
ENDCHAR
STARTCHAR u8DD1.zh_hant
ENCODING 36305
SWIDTH 1000 0
DWIDTH 10 0
BBX 9 9 0 -1
BITMAP
F400
9780
9880
F780
2500
3700
A400
A480
F780
ENDCHAR
STARTCHAR u8DD6.zh_hant
ENCODING 36310
SWIDTH 1000 0
DWIDTH 10 0
BBX 9 9 0 -1
BITMAP
F780
9200
9200
F200
2780
3C80
A480
A480
F780
ENDCHAR
STARTCHAR u8DD7.zh_hant
ENCODING 36311
SWIDTH 1000 0
DWIDTH 10 0
BBX 9 9 0 -1
BITMAP
E480
A880
BB80
E880
2A80
3980
A880
B880
E980
ENDCHAR
STARTCHAR u8DDA.zh_hant
ENCODING 36314
SWIDTH 1000 0
DWIDTH 10 0
BBX 9 9 0 -1
BITMAP
FF80
AA80
AA80
EA80
3F80
2A80
AA80
AA80
F180
ENDCHAR
STARTCHAR u8DDB.zh_hant
ENCODING 36315
SWIDTH 1000 0
DWIDTH 10 0
BBX 9 9 0 -1
BITMAP
F200
9F80
9280
F200
2F80
2880
AA80
B100
E680
ENDCHAR
STARTCHAR u8DDD.zh_hant
ENCODING 36317
SWIDTH 1000 0
DWIDTH 10 0
BBX 9 9 0 -1
BITMAP
F780
9400
9780
F480
2480
3F80
A400
A400
FF80
ENDCHAR
STARTCHAR u8DDF.zh_hant
ENCODING 36319
SWIDTH 1000 0
DWIDTH 10 0
BBX 9 9 0 -1
BITMAP
FF80
8880
8F80
F880
2F80
3A00
AA80
A900
FC80
ENDCHAR
STARTCHAR u8DE3.zh_hant
ENCODING 36323
SWIDTH 1000 0
DWIDTH 10 0
BBX 9 9 0 -1
BITMAP
F500
9780
9900
F100
2780
3900
A300
A500
F980
ENDCHAR
STARTCHAR u8DE4.zh_hant
ENCODING 36324
SWIDTH 1000 0
DWIDTH 10 0
BBX 9 9 0 -1
BITMAP
F200
9F80
9500
F880
2500
3500
A200
B200
ED80
ENDCHAR
STARTCHAR u8DE8.zh_hant
ENCODING 36328
SWIDTH 1000 0
DWIDTH 10 0
BBX 9 9 0 -1
BITMAP
F200
9F80
9500
F880
2F80
B400
AF80
A880
F300
ENDCHAR
STARTCHAR u8DEA.zh_hant
ENCODING 36330
SWIDTH 1000 0
DWIDTH 10 0
BBX 9 9 0 -1
BITMAP
F700
9100
9F80
F000
2780
3480
A580
A400
F780
ENDCHAR
STARTCHAR u8DEB.zh_hant
ENCODING 36331
SWIDTH 1000 0
DWIDTH 10 0
BBX 9 9 0 -1
BITMAP
EF00
4900
4D00
7B80
C100
7800
4F00
3800
C780
ENDCHAR
STARTCHAR u8DEF.zh_hant
ENCODING 36335
SWIDTH 1000 0
DWIDTH 10 0
BBX 9 9 0 -1
BITMAP
F780
9880
9500
F300
2480
B800
A780
A480
FF80
ENDCHAR
STARTCHAR u8DF3.zh_hant
ENCODING 36339
SWIDTH 1000 0
DWIDTH 10 0
BBX 9 9 0 -1
BITMAP
EA00
AA80
BB00
EA00
2B00
BA80
AA00
AA80
F380
ENDCHAR
STARTCHAR u8DF5.zh_hant
ENCODING 36341
SWIDTH 1000 0
DWIDTH 10 0
BBX 9 9 0 -1
BITMAP
F500
9F80
9400
FF80
2400
B500
A200
B680
C980
ENDCHAR
STARTCHAR u8DF7.zh_hant
ENCODING 36343
SWIDTH 1000 0
DWIDTH 10 0
BBX 9 9 0 -1
BITMAP
F400
9F80
9500
F280
2580
B000
AF80
B500
C980
ENDCHAR
STARTCHAR u8DF9.zh_hant
ENCODING 36345
SWIDTH 1000 0
DWIDTH 10 0
BBX 9 9 0 -1
BITMAP
E880
AB00
A100
FB80
2900
2900
A900
A800
F780
ENDCHAR
STARTCHAR u8DFA.zh_hant
ENCODING 36346
SWIDTH 1000 0
DWIDTH 10 0
BBX 9 9 0 -1
BITMAP
EF00
A900
A900
F180
2200
BF80
A200
AA80
F280
ENDCHAR
STARTCHAR u8DFB.zh_hant
ENCODING 36347
SWIDTH 1000 0
DWIDTH 10 0
BBX 9 9 0 -1
BITMAP
F200
9F80
9500
F200
2D80
B500
A500
B500
C900
ENDCHAR
STARTCHAR u8E05.zh_hant
ENCODING 36357
SWIDTH 1000 0
DWIDTH 10 0
BBX 9 9 0 -1
BITMAP
2780
F400
2780
E500
2900
7E00
4380
3C00
C380
ENDCHAR
STARTCHAR u8E09.zh_hant
ENCODING 36361
SWIDTH 1000 0
DWIDTH 10 0
BBX 9 9 0 -1
BITMAP
FA00
8F80
8880
FF80
2880
3F80
AA80
A900
FC80
ENDCHAR
STARTCHAR u8E0A.zh_hant
ENCODING 36362
SWIDTH 1000 0
DWIDTH 10 0
BBX 9 9 0 -1
BITMAP
FF80
9100
9F80
FA80
2F80
BA80
AF80
AA80
FA80
ENDCHAR
STARTCHAR u8E0C.zh_hant
ENCODING 36364
SWIDTH 1000 0
DWIDTH 10 0
BBX 9 9 0 -1
BITMAP
E200
BF80
A400
FF80
2900
BF80
A900
B500
E300
ENDCHAR
STARTCHAR u8E0F.zh_hant
ENCODING 36367
SWIDTH 1000 0
DWIDTH 10 0
BBX 9 9 0 -1
BITMAP
E200
BA80
AB00
F280
2F80
B880
AF80
B880
CF80
ENDCHAR
STARTCHAR u8E1D.zh_hant
ENCODING 36381
SWIDTH 1000 0
DWIDTH 10 0
BBX 9 9 0 -1
BITMAP
FF80
8A80
8F80
FA80
2F80
2200
BF80
A600
FA80
ENDCHAR
STARTCHAR u8E1E.zh_hant
ENCODING 36382
SWIDTH 1000 0
DWIDTH 10 0
BBX 9 9 0 -1
BITMAP
FF80
9080
9F80
F200
2F80
3200
AF80
A880
FF80
ENDCHAR
STARTCHAR u8E1F.zh_hant
ENCODING 36383
SWIDTH 1000 0
DWIDTH 10 0
BBX 9 9 0 -1
BITMAP
F000
9F80
AA80
EA80
5E80
6A80
4A80
5680
F380
ENDCHAR
STARTCHAR u8E22.zh_hant
ENCODING 36386
SWIDTH 1000 0
DWIDTH 10 0
BBX 9 9 0 -1
BITMAP
F780
9480
9780
F480
2780
3400
A780
AA80
F580
ENDCHAR
STARTCHAR u8E29.zh_hant
ENCODING 36393
SWIDTH 1000 0
DWIDTH 10 0
BBX 9 9 0 -1
BITMAP
E080
AF00
AA80
F080
2200
BF80
A200
A700
FA80
ENDCHAR
STARTCHAR u8E2A.zh_hant
ENCODING 36394
SWIDTH 1000 0
DWIDTH 10 0
BBX 9 9 0 -1
BITMAP
F200
9F80
9080
F700
2000
3F80
A200
AA80
F280
ENDCHAR
STARTCHAR u8E2E.zh_hant
ENCODING 36398
SWIDTH 1000 0
DWIDTH 10 0
BBX 9 9 0 -1
BITMAP
E200
AF80
AA00
EB80
2A00
2F80
B480
A480
F780
ENDCHAR
STARTCHAR u8E2F.zh_hant
ENCODING 36399
SWIDTH 1000 0
DWIDTH 10 0
BBX 9 9 0 -1
BITMAP
F780
AA80
BE80
EB00
3E80
AA80
AB00
B600
D200
ENDCHAR
STARTCHAR u8E31.zh_hant
ENCODING 36401
SWIDTH 1000 0
DWIDTH 10 0
BBX 9 9 0 -1
BITMAP
F200
9F80
9500
FF80
5500
7F80
5480
5300
EC80
ENDCHAR
STARTCHAR u8E35.zh_hant
ENCODING 36405
SWIDTH 1000 0
DWIDTH 10 0
BBX 9 9 0 -1
BITMAP
FF80
9200
9F80
FA80
2F80
2A80
BF80
A200
FF80
ENDCHAR
STARTCHAR u8E39.zh_hant
ENCODING 36409
SWIDTH 1000 0
DWIDTH 10 0
BBX 9 9 0 -1
BITMAP
EA80
AA80
AF80
E000
2F80
B400
AF80
AA80
FA80
ENDCHAR
STARTCHAR u8E3D.zh_hant
ENCODING 36413
SWIDTH 1000 0
DWIDTH 10 0
BBX 9 9 0 -1
BITMAP
FF80
9200
9F80
F280
2F80
3200
AF80
B480
E680
ENDCHAR
STARTCHAR u8E40.zh_hant
ENCODING 36416
SWIDTH 1000 0
DWIDTH 10 0
BBX 9 9 0 -1
BITMAP
EA80
BF80
AA80
EB80
4800
6F80
4200
6A80
D280
ENDCHAR
STARTCHAR u8E42.zh_hant
ENCODING 36418
SWIDTH 1000 0
DWIDTH 10 0
BBX 9 9 0 -1
BITMAP
F700
9100
9200
FF80
2A80
3200
AF80
A600
FA80
ENDCHAR
STARTCHAR u8E44.zh_hant
ENCODING 36420
SWIDTH 1000 0
DWIDTH 10 0
BBX 9 9 0 -1
BITMAP
F200
9F80
9500
F500
2F80
B280
AF80
AA80
FA80
ENDCHAR
STARTCHAR u8E47.zh_hant
ENCODING 36423
SWIDTH 1000 0
DWIDTH 10 0
BBX 9 9 0 -1
BITMAP
FF80
9480
7F00
1400
FF80
4900
CE80
3800
C780
ENDCHAR
STARTCHAR u8E48.zh_hant
ENCODING 36424
SWIDTH 1000 0
DWIDTH 10 0
BBX 9 9 0 -1
BITMAP
FF80
9500
9080
F400
2980
3880
AD80
A880
FF80
ENDCHAR
STARTCHAR u8E49.zh_hant
ENCODING 36425
SWIDTH 1000 0
DWIDTH 10 0
BBX 9 9 0 -1
BITMAP
E900
9F80
9200
FF80
2200
3F80
A500
A900
F780
ENDCHAR
STARTCHAR u8E4A.zh_hant
ENCODING 36426
SWIDTH 1000 0
DWIDTH 10 0
BBX 9 9 0 -1
BITMAP
FF80
9500
9280
F500
2F80
3200
AF80
A500
F880
ENDCHAR
STARTCHAR u8E4B.zh_hant
ENCODING 36427
SWIDTH 1000 0
DWIDTH 10 0
BBX 9 9 0 -1
BITMAP
EF80
A880
AF80
E880
2F80
B680
AD80
B680
ED80
ENDCHAR
STARTCHAR u8E52.zh_hant
ENCODING 36434
SWIDTH 1000 0
DWIDTH 10 0
BBX 9 9 0 -1
BITMAP
E900
BF80
A900
FF80
2400
3F80
A480
AD80
F680
ENDCHAR
STARTCHAR u8E59.zh_hant
ENCODING 36441
SWIDTH 1000 0
DWIDTH 10 0
BBX 9 9 0 -1
BITMAP
0480
FF80
9200
FE80
B500
5280
CF00
3800
C780
ENDCHAR
STARTCHAR u8E66.zh_hant
ENCODING 36454
SWIDTH 1000 0
DWIDTH 10 0
BBX 9 9 0 -1
BITMAP
F280
9F80
9000
FD80
5480
7D80
5480
5D80
F480
ENDCHAR
STARTCHAR u8E69.zh_hant
ENCODING 36457
SWIDTH 1000 0
DWIDTH 10 0
BBX 9 9 0 -1
BITMAP
B400
2780
FC80
AA80
FB00
A480
4700
3800
C780
ENDCHAR
STARTCHAR u8E6C.zh_hant
ENCODING 36460
SWIDTH 1000 0
DWIDTH 10 0
BBX 9 9 0 -1
BITMAP
ED00
A580
B700
E880
2F80
B880
AF80
A500
FF80
ENDCHAR
STARTCHAR u8E6D.zh_hant
ENCODING 36461
SWIDTH 1000 0
DWIDTH 10 0
BBX 9 9 0 -1
BITMAP
E900
BF80
A480
FF80
2480
BF80
A880
A880
EF80
ENDCHAR
STARTCHAR u8E70.zh_hant
ENCODING 36464
SWIDTH 1000 0
DWIDTH 10 0
BBX 9 9 0 -1
BITMAP
FF80
9000
9E80
F380
5E80
7180
5A80
7680
D980
ENDCHAR
STARTCHAR u8E72.zh_hant
ENCODING 36466
SWIDTH 1000 0
DWIDTH 10 0
BBX 9 9 0 -1
BITMAP
F700
9080
9F80
EA80
2D80
2880
BF80
A880
E580
ENDCHAR
STARTCHAR u8E74.zh_hant
ENCODING 36468
SWIDTH 1000 0
DWIDTH 10 0
BBX 9 9 0 -1
BITMAP
E900
BD80
A380
FD80
2500
3D00
AA80
BA80
EC80
ENDCHAR
STARTCHAR u8E76.zh_hant
ENCODING 36470
SWIDTH 1000 0
DWIDTH 10 0
BBX 9 9 0 -1
BITMAP
FF80
AA00
BF80
E480
5580
5F00
6500
4A80
F480
ENDCHAR
STARTCHAR u8E7C.zh_hant
ENCODING 36476
SWIDTH 1000 0
DWIDTH 10 0
BBX 9 9 0 -1
BITMAP
EA80
BF80
A900
E900
3F80
2200
BF80
A500
F880
ENDCHAR
STARTCHAR u8E7F.zh_hant
ENCODING 36479
SWIDTH 1000 0
DWIDTH 10 0
BBX 9 9 0 -1
BITMAP
E400
BF80
A880
F700
2A80
BF80
A280
BF80
E200
ENDCHAR
STARTCHAR u8E81.zh_hant
ENCODING 36481
SWIDTH 1000 0
DWIDTH 10 0
BBX 9 9 0 -1
BITMAP
F700
9500
9F80
F280
3F80
2200
BF80
AA00
F280
ENDCHAR
STARTCHAR u8E85.zh_hant
ENCODING 36485
SWIDTH 1000 0
DWIDTH 10 0
BBX 9 9 0 -1
BITMAP
FF80
AA80
BF80
E800
3F80
2A80
BE80
AA80
FD80
ENDCHAR
STARTCHAR u8E87.zh_hant
ENCODING 36487
SWIDTH 1000 0
DWIDTH 10 0
BBX 9 9 0 -1
BITMAP
E900
BF80
A480
EF80
2500
3F80
A480
AC80
F780
ENDCHAR
STARTCHAR u8E8F.zh_hant
ENCODING 36495
SWIDTH 1000 0
DWIDTH 10 0
BBX 9 9 0 -1
BITMAP
FF80
AA00
B780
E880
5680
7480
5E80
5480
FE80
ENDCHAR
STARTCHAR u8E94.zh_hant
ENCODING 36500
SWIDTH 1000 0
DWIDTH 10 0
BBX 9 9 0 -1
BITMAP
E200
BF80
AA80
FF80
2500
3A80
AF80
A200
FF80
ENDCHAR
STARTCHAR u8E9C.zh_hant
ENCODING 36508
SWIDTH 1000 0
DWIDTH 10 0
BBX 9 9 0 -1
BITMAP
F500
9F80
9500
FF80
2500
BF80
AA80
B500
C880
ENDCHAR
STARTCHAR u8E9E.zh_hant
ENCODING 36510
SWIDTH 1000 0
DWIDTH 10 0
BBX 9 9 0 -1
BITMAP
EA80
BE80
A900
EF80
5500
5F80
4900
6600
D980
ENDCHAR
STARTCHAR u8EAB.zh_hant
ENCODING 36523
SWIDTH 1000 0
DWIDTH 10 0
BBX 9 9 0 -1
BITMAP
1000
7E00
4200
7E80
4300
FE00
0A00
3200
C600
ENDCHAR
STARTCHAR u8EAC.zh_hant
ENCODING 36524
SWIDTH 1000 0
DWIDTH 10 0
BBX 9 9 0 -1
BITMAP
4780
F080
9080
F780
9C00
F780
5080
9080
B300
ENDCHAR
STARTCHAR u8EAF.zh_hant
ENCODING 36527
SWIDTH 1000 0
DWIDTH 10 0
BBX 9 9 0 -1
BITMAP
4780
F480
9680
F500
9D00
F680
5480
9400
B780
ENDCHAR
STARTCHAR u8EB2.zh_hant
ENCODING 36530
SWIDTH 1000 0
DWIDTH 10 0
BBX 9 9 0 -1
BITMAP
4700
F500
9500
F980
9200
FF80
5200
9700
BA80
ENDCHAR
STARTCHAR u8EBA.zh_hant
ENCODING 36538
SWIDTH 1000 0
DWIDTH 10 0
BBX 9 9 0 -1
BITMAP
4200
FA80
9680
F200
9F80
F280
5E80
9080
B180
ENDCHAR
STARTCHAR u8F66.zh_hant
ENCODING 36710
SWIDTH 1000 0
DWIDTH 10 0
BBX 9 9 0 -1
BITMAP
1000
7F00
1000
2400
7F00
0400
FF80
0400
0400
ENDCHAR
STARTCHAR u8F67.zh_hant
ENCODING 36711
SWIDTH 1000 0
DWIDTH 10 0
BBX 9 9 0 -1
BITMAP
2400
F400
4400
A400
F400
2400
F480
2480
2380
ENDCHAR
STARTCHAR u8F68.zh_hant
ENCODING 36712
SWIDTH 1000 0
DWIDTH 10 0
BBX 9 9 0 -1
BITMAP
2400
F400
4F00
A500
F500
2500
F500
2900
2980
ENDCHAR
STARTCHAR u8F69.zh_hant
ENCODING 36713
SWIDTH 1000 0
DWIDTH 10 0
BBX 9 9 0 -1
BITMAP
2780
F200
4200
A200
F780
2200
3200
E200
2200
ENDCHAR
STARTCHAR u8F6C.zh_hant
ENCODING 36716
SWIDTH 1000 0
DWIDTH 10 0
BBX 9 9 0 -1
BITMAP
2200
EF80
4200
AF80
F400
2780
3080
E480
2300
ENDCHAR
STARTCHAR u8F6D.zh_hant
ENCODING 36717
SWIDTH 1000 0
DWIDTH 10 0
BBX 9 9 0 -1
BITMAP
2F80
F800
4B80
AA80
FA80
2A80
3A00
EA80
3380
ENDCHAR
STARTCHAR u8F6E.zh_hant
ENCODING 36718
SWIDTH 1000 0
DWIDTH 10 0
BBX 9 9 0 -1
BITMAP
2200
F500
4880
A400
F580
2600
3400
E480
2380
ENDCHAR
STARTCHAR u8F6F.zh_hant
ENCODING 36719
SWIDTH 1000 0
DWIDTH 10 0
BBX 9 9 0 -1
BITMAP
2400
F780
4880
A280
F200
2200
3500
E500
2880
ENDCHAR
STARTCHAR u8F70.zh_hant
ENCODING 36720
SWIDTH 1000 0
DWIDTH 10 0
BBX 9 9 0 -1
BITMAP
1000
FF80
2800
FF80
0800
F780
5280
2100
D680
ENDCHAR
STARTCHAR u8F71.zh_hant
ENCODING 36721
SWIDTH 1000 0
DWIDTH 10 0
BBX 9 9 0 -1
BITMAP
2200
F200
4F80
A200
F200
2F80
3880
E880
2F80
ENDCHAR
STARTCHAR u8F73.zh_hant
ENCODING 36723
SWIDTH 1000 0
DWIDTH 10 0
BBX 9 9 0 -1
BITMAP
2200
F380
4200
A780
F480
2780
3400
E400
2800
ENDCHAR
STARTCHAR u8F74.zh_hant
ENCODING 36724
SWIDTH 1000 0
DWIDTH 10 0
BBX 9 9 0 -1
BITMAP
2200
F200
4F80
AA80
FA80
2F80
3A80
EA80
2F80
ENDCHAR
STARTCHAR u8F75
ENCODING 36725
SWIDTH 1000 0
DWIDTH 10 0
BBX 9 9 0 -1
BITMAP
4F80
F880
4880
A880
FF80
2000
3500
E480
2880
ENDCHAR
STARTCHAR u8F7B.zh_hant
ENCODING 36731
SWIDTH 1000 0
DWIDTH 10 0
BBX 9 9 0 -1
BITMAP
2F80
F100
4200
A500
F880
2F80
3200
E200
2F80
ENDCHAR
STARTCHAR u8F7C.zh_hant
ENCODING 36732
SWIDTH 1000 0
DWIDTH 10 0
BBX 9 9 0 -1
BITMAP
4280
F280
4F80
A100
FF00
2500
F500
2E80
2080
ENDCHAR
STARTCHAR u8F7D.zh_hant
ENCODING 36733
SWIDTH 1000 0
DWIDTH 10 0
BBX 9 9 0 -1
BITMAP
2500
F480
2400
FF80
2200
FA80
5100
FA80
1480
ENDCHAR
STARTCHAR u8F7F.zh_hant
ENCODING 36735
SWIDTH 1000 0
DWIDTH 10 0
BBX 9 9 0 -1
BITMAP
2180
EE00
4200
AF80
F500
2880
3500
E500
2900
ENDCHAR
STARTCHAR u8F83.zh_hant
ENCODING 36739
SWIDTH 1000 0
DWIDTH 10 0
BBX 9 9 0 -1
BITMAP
2200
EF80
4500
A880
F500
2500
3200
E500
2880
ENDCHAR
STARTCHAR u8F84.zh_hant
ENCODING 36740
SWIDTH 1000 0
DWIDTH 10 0
BBX 9 9 0 -1
BITMAP
5F80
F400
5D00
9500
FD00
5500
7D00
D500
4580
ENDCHAR
STARTCHAR u8F85
ENCODING 36741
SWIDTH 1000 0
DWIDTH 10 0
BBX 9 9 0 -1
BITMAP
4280
EF80
4200
AF80
FA80
2F80
3A80
EF80
2A80
ENDCHAR
STARTCHAR u8F86.zh_hant
ENCODING 36742
SWIDTH 1000 0
DWIDTH 10 0
BBX 9 9 0 -1
BITMAP
2F80
F500
4500
AF80
FA80
2A80
3D80
E880
2980
ENDCHAR
STARTCHAR u8F87.zh_hant
ENCODING 36743
SWIDTH 1000 0
DWIDTH 10 0
BBX 9 9 0 -1
BITMAP
2200
F780
2200
F780
4900
BE80
1000
FF80
0800
ENDCHAR
STARTCHAR u8F88.zh_hant
ENCODING 36744
SWIDTH 1000 0
DWIDTH 10 0
BBX 9 9 0 -1
BITMAP
1400
F780
1400
F780
1400
FF80
4800
FF80
0800
ENDCHAR
STARTCHAR u8F89.zh_hant
ENCODING 36745
SWIDTH 1000 0
DWIDTH 10 0
BBX 9 9 0 -1
BITMAP
2F80
B880
A400
2F80
F500
4F80
6100
9F80
8100
ENDCHAR
STARTCHAR u8F8A.zh_hant
ENCODING 36746
SWIDTH 1000 0
DWIDTH 10 0
BBX 9 9 0 -1
BITMAP
2F80
F880
4F80
A880
FF80
2900
3D80
E900
2D80
ENDCHAR
STARTCHAR u8F8B.zh_hant
ENCODING 36747
SWIDTH 1000 0
DWIDTH 10 0
BBX 9 9 0 -1
BITMAP
5F80
F280
5480
9F80
F280
5F80
7480
D680
5180
ENDCHAR
STARTCHAR u8F8D.zh_hant
ENCODING 36749
SWIDTH 1000 0
DWIDTH 10 0
BBX 9 9 0 -1
BITMAP
5F80
E480
4900
9680
E000
5F80
6480
C900
5680
ENDCHAR
STARTCHAR u8F8E.zh_hant
ENCODING 36750
SWIDTH 1000 0
DWIDTH 10 0
BBX 9 9 0 -1
BITMAP
4A80
D500
4A80
8000
EF80
4A80
6F80
CA80
4F80
ENDCHAR
STARTCHAR u8F8F.zh_hant
ENCODING 36751
SWIDTH 1000 0
DWIDTH 10 0
BBX 9 9 0 -1
BITMAP
4200
EF80
4400
9F80
EA80
5200
6F80
C500
5880
ENDCHAR
STARTCHAR u8F90.zh_hant
ENCODING 36752
SWIDTH 1000 0
DWIDTH 10 0
BBX 9 9 0 -1
BITMAP
2F80
F000
4F00
A900
FF80
2A80
3F80
EA80
2F80
ENDCHAR
STARTCHAR u8F91.zh_hant
ENCODING 36753
SWIDTH 1000 0
DWIDTH 10 0
BBX 9 9 0 -1
BITMAP
2F80
F880
4F80
A000
FF80
2880
3F80
E880
2080
ENDCHAR
STARTCHAR u8F93.zh_hant
ENCODING 36755
SWIDTH 1000 0
DWIDTH 10 0
BBX 9 9 0 -1
BITMAP
2F00
F080
4F80
A000
FE80
2A80
3E80
EA80
2A80
ENDCHAR
STARTCHAR u8F95.zh_hant
ENCODING 36757
SWIDTH 1000 0
DWIDTH 10 0
BBX 9 9 0 -1
BITMAP
2200
FF80
4200
AF80
F880
2F80
3480
E900
2C80
ENDCHAR
STARTCHAR u8F96.zh_hant
ENCODING 36758
SWIDTH 1000 0
DWIDTH 10 0
BBX 9 9 0 -1
BITMAP
2200
FF80
4A80
A780
F200
2F80
3880
E880
2F80
ENDCHAR
STARTCHAR u8F97.zh_hant
ENCODING 36759
SWIDTH 1000 0
DWIDTH 10 0
BBX 9 9 0 -1
BITMAP
2F80
F880
4F80
A500
FF80
2500
3F80
E900
2C80
ENDCHAR
STARTCHAR u8F98
ENCODING 36760
SWIDTH 1000 0
DWIDTH 10 0
BBX 9 9 0 -1
BITMAP
4200
FF80
9500
DF80
F580
5F00
7D80
DB00
6D80
ENDCHAR
STARTCHAR u8F99.zh_hant
ENCODING 36761
SWIDTH 1000 0
DWIDTH 10 0
BBX 9 9 0 -1
BITMAP
4A00
FF80
4880
9280
FE80
5500
7D00
D680
5480
ENDCHAR
STARTCHAR u8F9B.zh_hant
ENCODING 36763
SWIDTH 1000 0
DWIDTH 10 0
BBX 9 9 0 -1
BITMAP
0800
7F00
2200
2200
FF80
0800
7F00
0800
0800
ENDCHAR
STARTCHAR u8F9C.zh_hant
ENCODING 36764
SWIDTH 1000 0
DWIDTH 10 0
BBX 9 9 0 -1
BITMAP
0800
FF80
4100
7F00
2200
FF80
0800
7F00
0800
ENDCHAR
STARTCHAR u8F9E.zh_hant
ENCODING 36766
SWIDTH 1000 0
DWIDTH 10 0
BBX 9 9 0 -1
BITMAP
3200
DF80
4900
F900
4F80
F200
9F80
9200
F200
ENDCHAR
STARTCHAR u8F9F.zh_hant
ENCODING 36767
SWIDTH 1000 0
DWIDTH 10 0
BBX 9 9 0 -1
BITMAP
E200
BF80
A900
E900
9F80
E200
BF80
A200
E200
ENDCHAR
STARTCHAR u8FA3.zh_hant
ENCODING 36771
SWIDTH 1000 0
DWIDTH 10 0
BBX 9 9 0 -1
BITMAP
2200
FF80
5200
5F80
FA80
2F80
F600
4A80
5280
ENDCHAR
STARTCHAR u8FA8.zh_hant
ENCODING 36776
SWIDTH 1000 0
DWIDTH 10 0
BBX 9 9 0 -1
BITMAP
2500
F780
5480
5480
F780
2500
F780
4900
8900
ENDCHAR
STARTCHAR u8FA9.zh_hant
ENCODING 36777
SWIDTH 1000 0
DWIDTH 10 0
BBX 9 9 0 -1
BITMAP
4900
EB80
A280
5900
EB80
4900
EB80
4D00
8900
ENDCHAR
STARTCHAR u8FAB.zh_hant
ENCODING 36779
SWIDTH 1000 0
DWIDTH 10 0
BBX 9 9 0 -1
BITMAP
4900
EB80
B280
5D00
EB80
5100
FF80
4100
9D00
ENDCHAR
STARTCHAR u8FB0.zh_hant
ENCODING 36784
SWIDTH 1000 0
DWIDTH 10 0
BBX 9 9 0 -1
BITMAP
7F80
4000
7F80
4000
7F80
5200
9280
9100
3C80
ENDCHAR
STARTCHAR u8FB1.zh_hant
ENCODING 36785
SWIDTH 1000 0
DWIDTH 10 0
BBX 9 9 0 -1
BITMAP
FF80
8000
FF80
A200
B980
8100
FF80
A100
1300
ENDCHAR
STARTCHAR u8FB6.zh_hant
ENCODING 36790
SWIDTH 1000 0
DWIDTH 10 0
BBX 9 9 0 -1
BITMAP
8000
4000
0000
C000
4000
4000
4000
A000
9F80
ENDCHAR
STARTCHAR u8FB9
ENCODING 36793
SWIDTH 1000 0
DWIDTH 10 0
BBX 9 9 0 -1
BITMAP
8400
5F80
0480
C480
4480
4880
5180
A000
9F80
ENDCHAR
STARTCHAR u8FBD.zh_hans
ENCODING 36797
SWIDTH 1000 0
DWIDTH 10 0
BBX 9 9 0 -1
BITMAP
9F80
4100
0200
C200
4200
4200
4600
A000
9F80
ENDCHAR
STARTCHAR u8FBE.zh_hans
ENCODING 36798
SWIDTH 1000 0
DWIDTH 10 0
BBX 9 9 0 -1
BITMAP
8400
4400
1F80
C400
4A00
4900
5080
A000
9F80
ENDCHAR
STARTCHAR u8FC1
ENCODING 36801
SWIDTH 1000 0
DWIDTH 10 0
BBX 9 9 0 -1
BITMAP
8180
4E00
0200
CF80
4200
4200
4200
A000
9F80
ENDCHAR
STARTCHAR u8FC2.zh_hans
ENCODING 36802
SWIDTH 1000 0
DWIDTH 10 0
BBX 9 9 0 -1
BITMAP
9F80
4200
0200
DF80
4200
4200
4600
A000
9F80
ENDCHAR
STARTCHAR u8FC4.zh_hans
ENCODING 36804
SWIDTH 1000 0
DWIDTH 10 0
BBX 9 9 0 -1
BITMAP
8800
4F80
1000
CF80
4200
4480
4F80
A000
9F80
ENDCHAR
STARTCHAR u8FC5
ENCODING 36805
SWIDTH 1000 0
DWIDTH 10 0
BBX 9 9 0 -1
BITMAP
9F00
4900
0900
DF00
4900
4900
4880
A000
9F80
ENDCHAR
STARTCHAR u8FC7.zh_hans
ENCODING 36807
SWIDTH 1000 0
DWIDTH 10 0
BBX 9 9 0 -1
BITMAP
8100
5F80
0100
C900
4500
4100
4300
A000
9F80
ENDCHAR
STARTCHAR u8FC8
ENCODING 36808
SWIDTH 1000 0
DWIDTH 10 0
BBX 9 9 0 -1
BITMAP
9F80
4400
0780
C480
4880
4880
5180
A000
9F80
ENDCHAR
STARTCHAR u8FCE
ENCODING 36814
SWIDTH 1000 0
DWIDTH 10 0
BBX 9 9 0 -1
BITMAP
9B80
5280
1280
D280
5680
5B80
4200
A000
9F80
ENDCHAR
STARTCHAR u8FD0.zh_hans
ENCODING 36816
SWIDTH 1000 0
DWIDTH 10 0
BBX 9 9 0 -1
BITMAP
9F80
4000
1F80
C400
4900
5100
5E80
A000
9F80
ENDCHAR
STARTCHAR u8FD1.zh_hans
ENCODING 36817
SWIDTH 1000 0
DWIDTH 10 0
BBX 9 9 0 -1
BITMAP
8300
4C00
0800
CF00
4A00
4A00
5200
A000
9F80
ENDCHAR
STARTCHAR u8FD3.zh_hans
ENCODING 36819
SWIDTH 1000 0
DWIDTH 10 0
BBX 9 9 0 -1
BITMAP
9F80
4900
0900
DF80
4500
4900
5300
A000
9F80
ENDCHAR
STARTCHAR u8FD4.zh_hans
ENCODING 36820
SWIDTH 1000 0
DWIDTH 10 0
BBX 9 9 0 -1
BITMAP
8F80
4800
0F80
CC80
4A80
4B00
5480
A000
9F80
ENDCHAR
STARTCHAR u8FD8.zh_hans
ENCODING 36824
SWIDTH 1000 0
DWIDTH 10 0
BBX 9 9 0 -1
BITMAP
9F80
4200
0600
CB00
5280
4200
4200
A000
9F80
ENDCHAR
STARTCHAR u8FD9.zh_hans
ENCODING 36825
SWIDTH 1000 0
DWIDTH 10 0
BBX 9 9 0 -1
BITMAP
8400
5F80
0100
C900
4900
4600
5980
4000
BF80
ENDCHAR
STARTCHAR u8FDB.zh_hans
ENCODING 36827
SWIDTH 1000 0
DWIDTH 10 0
BBX 9 9 0 -1
BITMAP
8900
5F80
0900
C900
5F80
4900
5100
A000
9F80
ENDCHAR
STARTCHAR u8FDC.zh_hans
ENCODING 36828
SWIDTH 1000 0
DWIDTH 10 0
BBX 9 9 0 -1
BITMAP
9F00
4000
1F80
CA00
4A00
4A80
5380
A000
9F80
ENDCHAR
STARTCHAR u8FDD.zh_hans
ENCODING 36829
SWIDTH 1000 0
DWIDTH 10 0
BBX 9 9 0 -1
BITMAP
8400
5F80
0400
DF80
4400
5F80
4480
A400
9F80
ENDCHAR
STARTCHAR u8FDE.zh_hans
ENCODING 36830
SWIDTH 1000 0
DWIDTH 10 0
BBX 9 9 0 -1
BITMAP
8200
5F80
0400
CA00
4F80
4200
5F80
A200
9F80
ENDCHAR
STARTCHAR u8FDF
ENCODING 36831
SWIDTH 1000 0
DWIDTH 10 0
BBX 9 9 0 -1
BITMAP
8F80
4880
0F80
CA00
4A00
5100
5080
A000
9F80
ENDCHAR
STARTCHAR u8FE2
ENCODING 36834
SWIDTH 1000 0
DWIDTH 10 0
BBX 9 9 0 -1
BITMAP
9F80
4480
1980
C000
5F80
5080
5F80
4000
BF80
ENDCHAR
STARTCHAR u8FE4.zh_hans
ENCODING 36836
SWIDTH 1000 0
DWIDTH 10 0
BBX 9 9 0 -1
BITMAP
8800
4F80
1200
CF80
5A80
4800
4F80
A000
9F80
ENDCHAR
STARTCHAR u8FE5
ENCODING 36837
SWIDTH 1000 0
DWIDTH 10 0
BBX 9 9 0 -1
BITMAP
9F80
5080
1780
D480
5780
5080
5180
4000
BF80
ENDCHAR
STARTCHAR u8FE6.zh_hans
ENCODING 36838
SWIDTH 1000 0
DWIDTH 10 0
BBX 9 9 0 -1
BITMAP
8800
4B80
1E80
CA80
4A80
5280
5780
A000
9F80
ENDCHAR
STARTCHAR u8FE8.zh_hans
ENCODING 36840
SWIDTH 1000 0
DWIDTH 10 0
BBX 9 9 0 -1
BITMAP
8400
4900
1E80
C000
5F80
5080
5F80
A000
9F80
ENDCHAR
STARTCHAR u8FE9.zh_hans
ENCODING 36841
SWIDTH 1000 0
DWIDTH 10 0
BBX 9 9 0 -1
BITMAP
8800
4F80
1200
C200
4B00
5280
4600
A000
9F80
ENDCHAR
STARTCHAR u8FEA.zh_hans
ENCODING 36842
SWIDTH 1000 0
DWIDTH 10 0
BBX 9 9 0 -1
BITMAP
8200
5F80
1280
DF80
5280
5280
5F80
A000
9F80
ENDCHAR
STARTCHAR u8FEB.zh_hans
ENCODING 36843
SWIDTH 1000 0
DWIDTH 10 0
BBX 9 9 0 -1
BITMAP
8400
5F80
1080
DF80
5080
5080
5F80
A000
9F80
ENDCHAR
STARTCHAR u8FED.zh_hans
ENCODING 36845
SWIDTH 1000 0
DWIDTH 10 0
BBX 9 9 0 -1
BITMAP
8A00
4F80
1200
DF80
4200
4500
4880
A000
9F80
ENDCHAR
STARTCHAR u8FF0.zh_hans
ENCODING 36848
SWIDTH 1000 0
DWIDTH 10 0
BBX 9 9 0 -1
BITMAP
8280
4280
1F80
C200
4B00
5280
4200
A000
9F80
ENDCHAR
STARTCHAR u8FF3.zh_hant
ENCODING 36851
SWIDTH 1000 0
DWIDTH 10 0
BBX 9 9 0 -1
BITMAP
9F00
4200
0500
C880
5F80
4400
5F80
A000
9F80
ENDCHAR
STARTCHAR u8FF7.zh_hans
ENCODING 36855
SWIDTH 1000 0
DWIDTH 10 0
BBX 9 9 0 -1
BITMAP
9280
4B00
0200
DF80
4600
4A80
5280
A000
9F80
ENDCHAR
STARTCHAR u8FF8.zh_hans
ENCODING 36856
SWIDTH 1000 0
DWIDTH 10 0
BBX 9 9 0 -1
BITMAP
9100
4A00
1F80
C900
5F80
4900
5100
A000
9F80
ENDCHAR
STARTCHAR u8FF9.zh_hans
ENCODING 36857
SWIDTH 1000 0
DWIDTH 10 0
BBX 9 9 0 -1
BITMAP
8200
5F80
0500
CD80
5580
4500
4B00
A000
9F80
ENDCHAR
STARTCHAR u8FFD.zh_hans
ENCODING 36861
SWIDTH 1000 0
DWIDTH 10 0
BBX 9 9 0 -1
BITMAP
8400
5F80
1080
DF80
5000
5F80
5080
AF00
9F80
ENDCHAR
STARTCHAR u9000.zh_hans
ENCODING 36864
SWIDTH 1000 0
DWIDTH 10 0
BBX 9 9 0 -1
BITMAP
9F80
5080
1F80
D080
5F80
5200
5980
A000
9F80
ENDCHAR
STARTCHAR u9001.zh_hans
ENCODING 36865
SWIDTH 1000 0
DWIDTH 10 0
BBX 9 9 0 -1
BITMAP
8900
4600
1F80
C200
5F80
4500
4880
A000
9F80
ENDCHAR
STARTCHAR u9002.zh_hans
ENCODING 36866
SWIDTH 1000 0
DWIDTH 10 0
BBX 9 9 0 -1
BITMAP
8180
5E00
0200
DF80
4200
4F00
4900
AF00
9F80
ENDCHAR
STARTCHAR u9003.zh_hans
ENCODING 36867
SWIDTH 1000 0
DWIDTH 10 0
BBX 9 9 0 -1
BITMAP
8A00
5A80
0B00
DB80
4A00
4A80
5380
A000
9F80
ENDCHAR
STARTCHAR u9004.zh_hans
ENCODING 36868
SWIDTH 1000 0
DWIDTH 10 0
BBX 9 9 0 -1
BITMAP
8F00
5100
0E00
D100
6E80
5400
5F00
A400
9F80
ENDCHAR
STARTCHAR u9005
ENCODING 36869
SWIDTH 1000 0
DWIDTH 10 0
BBX 9 9 0 -1
BITMAP
8F80
4800
0F80
C800
5780
5480
4780
A000
9F80
ENDCHAR
STARTCHAR u9006.zh_hans
ENCODING 36870
SWIDTH 1000 0
DWIDTH 10 0
BBX 9 9 0 -1
BITMAP
8900
4600
1F80
C200
4A80
4F80
4200
A400
9F80
ENDCHAR
STARTCHAR u9009.zh_hant
ENCODING 36873
SWIDTH 1000 0
DWIDTH 10 0
BBX 9 9 0 -1
BITMAP
8A00
4F80
1200
DF80
4A00
4A80
5380
A000
9F80
ENDCHAR
STARTCHAR u900A.zh_hant
ENCODING 36874
SWIDTH 1000 0
DWIDTH 10 0
BBX 9 9 0 -1
BITMAP
BA00
4A00
1700
DA80
7280
5200
5600
A000
9F80
ENDCHAR
STARTCHAR u900B.zh_hans
ENCODING 36875
SWIDTH 1000 0
DWIDTH 10 0
BBX 9 9 0 -1
BITMAP
8280
5F80
0200
DF80
5280
5F80
5280
A000
9F80
ENDCHAR
STARTCHAR u900D.zh_hans
ENCODING 36877
SWIDTH 1000 0
DWIDTH 10 0
BBX 9 9 0 -1
BITMAP
9500
4400
1F00
D100
5F00
5100
5300
A000
9F80
ENDCHAR
STARTCHAR u900F.zh_hans
ENCODING 36879
SWIDTH 1000 0
DWIDTH 10 0
BBX 9 9 0 -1
BITMAP
9F80
4200
1F80
C900
5780
4480
4980
A000
9F80
ENDCHAR
STARTCHAR u9010.zh_hans
ENCODING 36880
SWIDTH 1000 0
DWIDTH 10 0
BBX 9 9 0 -1
BITMAP
9F80
4400
1A80
C700
5A00
4300
4C80
A000
9F80
ENDCHAR
STARTCHAR u9011.zh_hans
ENCODING 36881
SWIDTH 1000 0
DWIDTH 10 0
BBX 9 9 0 -1
BITMAP
8280
5F80
1200
CA80
4700
5A80
4680
A000
9F80
ENDCHAR
STARTCHAR u9012.zh_hans
ENCODING 36882
SWIDTH 1000 0
DWIDTH 10 0
BBX 9 9 0 -1
BITMAP
8900
5F80
0280
DF80
5200
5F80
4A80
5200
BF80
ENDCHAR
STARTCHAR u9014.zh_hans
ENCODING 36884
SWIDTH 1000 0
DWIDTH 10 0
BBX 9 9 0 -1
BITMAP
8F00
5080
0F80
C200
5F80
4A00
5280
A000
9F80
ENDCHAR
STARTCHAR u9016.zh_hans
ENCODING 36886
SWIDTH 1000 0
DWIDTH 10 0
BBX 9 9 0 -1
BITMAP
9500
4900
1B80
CD00
5900
4A80
5480
A000
9F80
ENDCHAR
STARTCHAR u9017.zh_hans
ENCODING 36887
SWIDTH 1000 0
DWIDTH 10 0
BBX 9 9 0 -1
BITMAP
9F80
4000
1F80
D080
5F80
4900
5F80
A000
9F80
ENDCHAR
STARTCHAR u901A.zh_hans
ENCODING 36890
SWIDTH 1000 0
DWIDTH 10 0
BBX 9 9 0 -1
BITMAP
9F80
4100
1F80
D280
5F80
5280
5280
A000
9F80
ENDCHAR
STARTCHAR u901B.zh_hans
ENCODING 36891
SWIDTH 1000 0
DWIDTH 10 0
BBX 9 9 0 -1
BITMAP
9780
4900
1500
CF80
5500
4500
5B80
A000
9F80
ENDCHAR
STARTCHAR u901D
ENCODING 36893
SWIDTH 1000 0
DWIDTH 10 0
BBX 9 9 0 -1
BITMAP
8B80
5E00
0B80
CE80
5A80
4A80
5C80
A000
9F80
ENDCHAR
STARTCHAR u901E
ENCODING 36894
SWIDTH 1000 0
DWIDTH 10 0
BBX 9 9 0 -1
BITMAP
8F80
4880
0F80
C200
4F80
4200
4F80
A000
9F80
ENDCHAR
STARTCHAR u901F
ENCODING 36895
SWIDTH 1000 0
DWIDTH 10 0
BBX 9 9 0 -1
BITMAP
8400
5F00
0400
1F00
D500
5F00
4C00
5500
BF80
ENDCHAR
STARTCHAR u9020.zh_hans
ENCODING 36896
SWIDTH 1000 0
DWIDTH 10 0
BBX 9 9 0 -1
BITMAP
8A00
5F80
0200
DF80
4F00
4900
4F00
A000
9F80
ENDCHAR
STARTCHAR u9021.zh_hans
ENCODING 36897
SWIDTH 1000 0
DWIDTH 10 0
BBX 9 9 0 -1
BITMAP
8880
5F80
0500
DD80
4B00
4600
5980
A000
9F80
ENDCHAR
STARTCHAR u9022.zh_hans
ENCODING 36898
SWIDTH 1000 0
DWIDTH 10 0
BBX 9 9 0 -1
BITMAP
8F80
5900
0600
D980
4F00
4200
5F80
A200
9F80
ENDCHAR
STARTCHAR u902E.zh_hans
ENCODING 36910
SWIDTH 1000 0
DWIDTH 10 0
BBX 9 9 0 -1
BITMAP
8200
5F80
0280
DF80
5280
4B00
5680
A000
9F80
ENDCHAR
STARTCHAR u902F.zh_hans
ENCODING 36911
SWIDTH 1000 0
DWIDTH 10 0
BBX 9 9 0 -1
BITMAP
8F00
4100
1F80
C200
5A80
4700
5A80
A200
9F80
ENDCHAR
STARTCHAR u9035.zh_hans
ENCODING 36917
SWIDTH 1000 0
DWIDTH 10 0
BBX 9 9 0 -1
BITMAP
9F80
4200
1F80
C500
5B80
4200
5F80
A000
9F80
ENDCHAR
STARTCHAR u9036.zh_hans
ENCODING 36918
SWIDTH 1000 0
DWIDTH 10 0
BBX 9 9 0 -1
BITMAP
9F80
4200
1F80
CB00
5480
4700
5880
A000
9F80
ENDCHAR
STARTCHAR u9038.zh_hans
ENCODING 36920
SWIDTH 1000 0
DWIDTH 10 0
BBX 9 9 0 -1
BITMAP
8F00
5100
1F80
D280
5F80
4A80
5380
A000
9F80
ENDCHAR
STARTCHAR u903B.zh_hans
ENCODING 36923
SWIDTH 1000 0
DWIDTH 10 0
BBX 9 9 0 -1
BITMAP
BF80
2A80
3F80
C800
4F00
5500
4200
A400
9F80
ENDCHAR
STARTCHAR u903C.zh_hans
ENCODING 36924
SWIDTH 1000 0
DWIDTH 10 0
BBX 9 9 0 -1
BITMAP
9F80
4900
1F80
D280
5F80
5280
5F80
A000
9F80
ENDCHAR
STARTCHAR u903E.zh_hans
ENCODING 36926
SWIDTH 1000 0
DWIDTH 10 0
BBX 9 9 0 -1
BITMAP
8600
5980
0F00
DC80
5680
5E80
5580
A000
9F80
ENDCHAR
STARTCHAR u9041.zh_hans
ENCODING 36929
SWIDTH 1000 0
DWIDTH 10 0
BBX 9 9 0 -1
BITMAP
9F80
5200
1F80
D200
5780
5480
4780
A480
9F80
ENDCHAR
STARTCHAR u9042.zh_hans
ENCODING 36930
SWIDTH 1000 0
DWIDTH 10 0
BBX 9 9 0 -1
BITMAP
8900
5F80
0800
5580
C600
4B00
5280
A400
9F80
ENDCHAR
STARTCHAR u9047
ENCODING 36935
SWIDTH 1000 0
DWIDTH 10 0
BBX 9 9 0 -1
BITMAP
9F00
5500
1F00
D500
5F80
5480
5680
A000
9F80
ENDCHAR
STARTCHAR u904D.zh_hans
ENCODING 36941
SWIDTH 1000 0
DWIDTH 10 0
BBX 9 9 0 -1
BITMAP
8400
5F80
1080
DF80
5A80
6F80
4A80
A000
9F80
ENDCHAR
STARTCHAR u904F.zh_hans
ENCODING 36943
SWIDTH 1000 0
DWIDTH 10 0
BBX 9 9 0 -1
BITMAP
8F00
4900
0F00
C900
4F80
5A80
4D80
A000
9F80
ENDCHAR
STARTCHAR u9050.zh_hans
ENCODING 36944
SWIDTH 1000 0
DWIDTH 10 0
BBX 9 9 0 -1
BITMAP
9D80
5480
1480
DB80
5280
5D00
5280
A000
9F80
ENDCHAR
STARTCHAR u9051.zh_hans
ENCODING 36945
SWIDTH 1000 0
DWIDTH 10 0
BBX 9 9 0 -1
BITMAP
8F80
4880
0F80
C880
5F80
4200
4F80
A000
9F80
ENDCHAR
STARTCHAR u9052.zh_hans
ENCODING 36946
SWIDTH 1000 0
DWIDTH 10 0
BBX 9 9 0 -1
BITMAP
9180
4A00
0F00
D480
5B80
5080
5F80
A000
9F80
ENDCHAR
STARTCHAR u9053.zh_hans
ENCODING 36947
SWIDTH 1000 0
DWIDTH 10 0
BBX 9 9 0 -1
BITMAP
8900
4600
1F80
C200
4F80
4880
4F80
A880
9F80
ENDCHAR
STARTCHAR u9057.zh_hans
ENCODING 36951
SWIDTH 1000 0
DWIDTH 10 0
BBX 9 9 0 -1
BITMAP
8400
5F00
1500
FF80
5100
5500
4A00
B100
9F80
ENDCHAR
STARTCHAR u9058.zh_hans
ENCODING 36952
SWIDTH 1000 0
DWIDTH 10 0
BBX 9 9 0 -1
BITMAP
8A00
5F00
0A00
DF00
5500
7F80
5100
A000
9F80
ENDCHAR
STARTCHAR u905B.zh_hans
ENCODING 36955
SWIDTH 1000 0
DWIDTH 10 0
BBX 9 9 0 -1
BITMAP
8B80
5280
1680
DF80
5280
5F80
5280
AF00
9F80
ENDCHAR
STARTCHAR u9062.zh_hans
ENCODING 36962
SWIDTH 1000 0
DWIDTH 10 0
BBX 9 9 0 -1
BITMAP
9F80
5080
1F80
C000
5980
6A80
5980
AA80
9F80
ENDCHAR
STARTCHAR u9063.zh_hans
ENCODING 36963
SWIDTH 1000 0
DWIDTH 10 0
BBX 9 9 0 -1
BITMAP
9F00
5500
3F80
D100
5F00
5000
5F00
B100
9F80
ENDCHAR
STARTCHAR u9065.zh_hans
ENCODING 36965
SWIDTH 1000 0
DWIDTH 10 0
BBX 9 9 0 -1
BITMAP
9F80
4A80
0100
DF80
4200
5280
5F80
A000
9F80
ENDCHAR
STARTCHAR u9068.zh_hans
ENCODING 36968
SWIDTH 1000 0
DWIDTH 10 0
BBX 9 9 0 -1
BITMAP
9D00
4B80
1E80
CA80
5D00
5280
5680
A000
9F80
ENDCHAR
STARTCHAR u906D.zh_hans
ENCODING 36973
SWIDTH 1000 0
DWIDTH 10 0
BBX 9 9 0 -1
BITMAP
BF80
4A00
3F80
EA80
7F80
5100
5F00
A000
9F80
ENDCHAR
STARTCHAR u906E.zh_hans
ENCODING 36974
SWIDTH 1000 0
DWIDTH 10 0
BBX 9 9 0 -1
BITMAP
8200
5F80
1500
DF80
5500
5700
6A80
A000
9F80
ENDCHAR
STARTCHAR u9074.zh_hans
ENCODING 36980
SWIDTH 1000 0
DWIDTH 10 0
BBX 9 9 0 -1
BITMAP
9480
4F00
1480
D100
5F80
5500
4F80
A900
9F80
ENDCHAR
STARTCHAR u9075.zh_hans
ENCODING 36981
SWIDTH 1000 0
DWIDTH 10 0
BBX 9 9 0 -1
BITMAP
8900
3F80
1480
DB80
5080
7F80
4900
A500
9F80
ENDCHAR
STARTCHAR u907D.zh_hans
ENCODING 36989
SWIDTH 1000 0
DWIDTH 10 0
BBX 9 9 0 -1
BITMAP
8700
4400
1F80
D400
5A80
5700
5280
A400
9F80
ENDCHAR
STARTCHAR u907F.zh_hans
ENCODING 36991
SWIDTH 1000 0
DWIDTH 10 0
BBX 9 9 0 -1
BITMAP
9D00
5780
1E80
D380
5D00
5780
5D00
A000
9F80
ENDCHAR
STARTCHAR u9080
ENCODING 36992
SWIDTH 1000 0
DWIDTH 10 0
BBX 9 9 0 -1
BITMAP
8900
5F80
1280
DE80
4B00
5E80
4900
B480
9F80
ENDCHAR
STARTCHAR u9082
ENCODING 36994
SWIDTH 1000 0
DWIDTH 10 0
BBX 9 9 0 -1
BITMAP
8F80
5280
1D00
D780
5D00
5780
5500
A000
9F80
ENDCHAR
STARTCHAR u9083.zh_hans
ENCODING 36995
SWIDTH 1000 0
DWIDTH 10 0
BBX 9 9 0 -1
BITMAP
8400
3F80
2A80
D300
6C80
5700
4A80
B400
9F80
ENDCHAR
STARTCHAR u9088.zh_hans
ENCODING 37000
SWIDTH 1000 0
DWIDTH 10 0
BBX 9 9 0 -1
BITMAP
8900
3F80
2880
DF80
6880
5F80
6B00
B580
9F80
ENDCHAR
STARTCHAR u908B.zh_hans
ENCODING 37003
SWIDTH 1000 0
DWIDTH 10 0
BBX 9 9 0 -1
BITMAP
8A80
5500
1F80
CA80
5F80
5500
5F00
B480
9F80
ENDCHAR
STARTCHAR u9091.zh_hant
ENCODING 37009
SWIDTH 1000 0
DWIDTH 10 0
BBX 9 9 0 -1
BITMAP
7E00
4200
FF00
8900
8900
FF00
8000
8080
FF80
ENDCHAR
STARTCHAR u9093.zh_hant
ENCODING 37011
SWIDTH 1000 0
DWIDTH 10 0
BBX 9 9 0 -1
BITMAP
0780
F480
1500
5600
2500
5480
9480
0700
0400
ENDCHAR
STARTCHAR u9095.zh_hant
ENCODING 37013
SWIDTH 1000 0
DWIDTH 10 0
BBX 9 9 0 -1
BITMAP
4900
9200
7F00
4100
FF80
8880
FF80
8000
FF80
ENDCHAR
STARTCHAR u9099.zh_hant
ENCODING 37017
SWIDTH 1000 0
DWIDTH 10 0
BBX 9 9 0 -1
BITMAP
2380
2280
FA80
4300
4280
4280
4280
3B00
0200
ENDCHAR
STARTCHAR u909B.zh_hant
ENCODING 37019
SWIDTH 1000 0
DWIDTH 10 0
BBX 9 9 0 -1
BITMAP
F780
2480
2500
2600
2500
2480
3480
C700
0400
ENDCHAR
STARTCHAR u909D
ENCODING 37021
SWIDTH 1000 0
DWIDTH 10 0
BBX 9 9 0 -1
BITMAP
1380
7A80
4280
4300
4280
4280
4280
4380
8200
ENDCHAR
STARTCHAR u90A2.zh_hant
ENCODING 37026
SWIDTH 1000 0
DWIDTH 10 0
BBX 9 9 0 -1
BITMAP
FB80
5280
5280
FB00
5280
5280
5280
5300
9200
ENDCHAR
STARTCHAR u90A3.zh_hant
ENCODING 37027
SWIDTH 1000 0
DWIDTH 10 0
BBX 9 9 0 -1
BITMAP
F780
5480
F500
5600
5500
F480
5480
9700
B400
ENDCHAR
STARTCHAR u90A6.zh_hant
ENCODING 37030
SWIDTH 1000 0
DWIDTH 10 0
BBX 9 9 0 -1
BITMAP
2780
FC80
2500
FE00
2500
2480
FC80
4700
4400
ENDCHAR
STARTCHAR u90AA.zh_hant
ENCODING 37034
SWIDTH 1000 0
DWIDTH 10 0
BBX 9 9 0 -1
BITMAP
FF80
1480
5500
5600
FD00
3480
5480
9700
3400
ENDCHAR
STARTCHAR u90AE.zh_hant
ENCODING 37038
SWIDTH 1000 0
DWIDTH 10 0
BBX 9 9 0 -1
BITMAP
2380
2280
FA80
AB00
AA80
FA80
AA80
AB00
FA00
ENDCHAR
STARTCHAR u90AF.zh_hant
ENCODING 37039
SWIDTH 1000 0
DWIDTH 10 0
BBX 9 9 0 -1
BITMAP
9780
9480
FD00
9600
9500
F480
9480
9700
F400
ENDCHAR
STARTCHAR u90B0.zh_hant
ENCODING 37040
SWIDTH 1000 0
DWIDTH 10 0
BBX 9 9 0 -1
BITMAP
2380
4280
9280
EB00
0280
FA80
8A80
8B00
FA00
ENDCHAR
STARTCHAR u90B1.zh_hant
ENCODING 37041
SWIDTH 1000 0
DWIDTH 10 0
BBX 9 9 0 -1
BITMAP
3780
C480
8500
FE00
9500
9480
9480
BF00
C400
ENDCHAR
STARTCHAR u90B3.zh_hant
ENCODING 37043
SWIDTH 1000 0
DWIDTH 10 0
BBX 9 9 0 -1
BITMAP
FF80
2480
6500
B600
2D00
2480
3C80
C700
0400
ENDCHAR
STARTCHAR u90B4.zh_hant
ENCODING 37044
SWIDTH 1000 0
DWIDTH 10 0
BBX 9 9 0 -1
BITMAP
FB80
2280
FA80
AB00
AA80
DA80
8A80
8B00
9A00
ENDCHAR
STARTCHAR u90B5.zh_hant
ENCODING 37045
SWIDTH 1000 0
DWIDTH 10 0
BBX 9 9 0 -1
BITMAP
FB80
2A80
4A80
9B00
0280
FA80
8A80
8B00
FA00
ENDCHAR
STARTCHAR u90B6.zh_hant
ENCODING 37046
SWIDTH 1000 0
DWIDTH 10 0
BBX 9 9 0 -1
BITMAP
5380
5280
5280
DB00
5280
5280
5280
D300
5A00
ENDCHAR
STARTCHAR u90B8.zh_hans
ENCODING 37048
SWIDTH 1000 0
DWIDTH 10 0
BBX 9 9 0 -1
BITMAP
3B80
D280
9280
FB00
9280
8A80
CA80
AB00
0200
ENDCHAR
STARTCHAR u90B9.zh_hant
ENCODING 37049
SWIDTH 1000 0
DWIDTH 10 0
BBX 9 9 0 -1
BITMAP
4380
7280
9280
7B00
0A80
FA80
0A80
0B00
FA00
ENDCHAR
STARTCHAR u90BB
ENCODING 37051
SWIDTH 1000 0
DWIDTH 10 0
BBX 9 9 0 -1
BITMAP
7380
8A80
2280
1300
FA80
0A80
5280
2300
1200
ENDCHAR
STARTCHAR u90C1.zh_hant
ENCODING 37057
SWIDTH 1000 0
DWIDTH 10 0
BBX 9 9 0 -1
BITMAP
2380
FE80
2280
7B00
CA80
7A80
4A80
7B00
4A00
ENDCHAR
STARTCHAR u90C4.zh_hant
ENCODING 37060
SWIDTH 1000 0
DWIDTH 10 0
BBX 9 9 0 -1
BITMAP
4B80
3280
CA80
2300
FA80
4280
A280
4B00
7A00
ENDCHAR
STARTCHAR u90C5.zh_hant
ENCODING 37061
SWIDTH 1000 0
DWIDTH 10 0
BBX 9 9 0 -1
BITMAP
FB80
2280
4A80
FB00
2280
FA80
2280
2300
FA00
ENDCHAR
STARTCHAR u90C7.zh_hant
ENCODING 37063
SWIDTH 1000 0
DWIDTH 10 0
BBX 9 9 0 -1
BITMAP
4380
7A80
8A80
EB00
AA80
EA80
AA80
EB00
3200
ENDCHAR
STARTCHAR u90CA.zh_hant
ENCODING 37066
SWIDTH 1000 0
DWIDTH 10 0
BBX 9 9 0 -1
BITMAP
2780
FC80
5500
8E00
0500
5480
2480
5700
8400
ENDCHAR
STARTCHAR u90CE.zh_hant
ENCODING 37070
SWIDTH 1000 0
DWIDTH 10 0
BBX 9 9 0 -1
BITMAP
2380
FA80
8A80
FB00
8A80
FA80
9280
8B00
F600
ENDCHAR
STARTCHAR u90D1.zh_hant
ENCODING 37073
SWIDTH 1000 0
DWIDTH 10 0
BBX 9 9 0 -1
BITMAP
4B80
5280
FA80
2300
FA80
2280
2280
5300
8A00
ENDCHAR
STARTCHAR u90D7.zh_hant
ENCODING 37079
SWIDTH 1000 0
DWIDTH 10 0
BBX 9 9 0 -1
BITMAP
CF80
3280
4A80
FF00
2280
7E80
D280
5700
1200
ENDCHAR
STARTCHAR u90DB.zh_hant
ENCODING 37083
SWIDTH 1000 0
DWIDTH 10 0
BBX 9 9 0 -1
BITMAP
7B80
4A80
A680
1300
7A80
0A80
FE80
1300
7200
ENDCHAR
STARTCHAR u90DC.zh_hant
ENCODING 37084
SWIDTH 1000 0
DWIDTH 10 0
BBX 9 9 0 -1
BITMAP
A380
FA80
2280
FB00
2280
FA80
8A80
8B00
FA00
ENDCHAR
STARTCHAR u90DD.zh_hant
ENCODING 37085
SWIDTH 1000 0
DWIDTH 10 0
BBX 9 9 0 -1
BITMAP
2380
FA80
2280
FB00
5280
DA80
5680
5300
9200
ENDCHAR
STARTCHAR u90E1.zh_hant
ENCODING 37089
SWIDTH 1000 0
DWIDTH 10 0
BBX 9 9 0 -1
BITMAP
FB80
2A80
FE80
2B00
FA80
2280
7A80
CB00
7A00
ENDCHAR
STARTCHAR u90E2.zh_hant
ENCODING 37090
SWIDTH 1000 0
DWIDTH 10 0
BBX 9 9 0 -1
BITMAP
FB80
8A80
FA80
0300
FA80
2280
FA80
2300
FA00
ENDCHAR
STARTCHAR u90E6.zh_hant
ENCODING 37094
SWIDTH 1000 0
DWIDTH 10 0
BBX 9 9 0 -1
BITMAP
FB80
0280
EE80
AB00
AA80
EE80
AA80
AB00
AA00
ENDCHAR
STARTCHAR u90E7.zh_hant
ENCODING 37095
SWIDTH 1000 0
DWIDTH 10 0
BBX 9 9 0 -1
BITMAP
7B80
4A80
FA80
8B00
AA80
AA80
AA80
5300
8A00
ENDCHAR
STARTCHAR u90E8.zh_hant
ENCODING 37096
SWIDTH 1000 0
DWIDTH 10 0
BBX 9 9 0 -1
BITMAP
2380
FE80
4A80
4B00
FE80
0280
FA80
8B00
FA00
ENDCHAR
STARTCHAR u90ED.zh_hant
ENCODING 37101
SWIDTH 1000 0
DWIDTH 10 0
BBX 9 9 0 -1
BITMAP
2780
FC80
9500
F600
1500
2480
FC80
2700
6400
ENDCHAR
STARTCHAR u90EF.zh_hant
ENCODING 37103
SWIDTH 1000 0
DWIDTH 10 0
BBX 9 9 0 -1
BITMAP
AB80
AA80
5280
8B00
2280
AA80
AA80
5300
8A00
ENDCHAR
STARTCHAR u90F4.zh_hant
ENCODING 37108
SWIDTH 1000 0
DWIDTH 10 0
BBX 9 9 0 -1
BITMAP
4B80
FE80
4A80
5B00
EA80
4E80
4B00
4A00
4A00
ENDCHAR
STARTCHAR u90F8.zh_hant
ENCODING 37112
SWIDTH 1000 0
DWIDTH 10 0
BBX 9 9 0 -1
BITMAP
5380
FA80
AA80
FB00
AA80
FA80
2280
FB00
2200
ENDCHAR
STARTCHAR u90FD.zh_hant
ENCODING 37117
SWIDTH 1000 0
DWIDTH 10 0
BBX 9 9 0 -1
BITMAP
2380
FA80
2280
2B00
FE80
4A80
FA80
4B00
7A00
ENDCHAR
STARTCHAR u90FE.zh_hant
ENCODING 37118
SWIDTH 1000 0
DWIDTH 10 0
BBX 9 9 0 -1
BITMAP
FB80
AA80
BA80
AB00
FA80
AA80
B280
CB00
FA00
ENDCHAR
STARTCHAR u9102.zh_hant
ENCODING 37122
SWIDTH 1000 0
DWIDTH 10 0
BBX 9 9 0 -1
BITMAP
FB80
AA80
FA80
0300
FE80
4280
FA80
8B00
3200
ENDCHAR
STARTCHAR u9119.zh_hant
ENCODING 37145
SWIDTH 1000 0
DWIDTH 10 0
BBX 9 9 0 -1
BITMAP
FB80
8A80
FE80
2300
FA80
AA80
EA80
8B00
FA00
ENDCHAR
STARTCHAR u911E.zh_hant
ENCODING 37150
SWIDTH 1000 0
DWIDTH 10 0
BBX 9 9 0 -1
BITMAP
FB80
5280
FA80
AB00
FA80
2280
FA80
2300
FA00
ENDCHAR
STARTCHAR u9122.zh_hant
ENCODING 37154
SWIDTH 1000 0
DWIDTH 10 0
BBX 9 9 0 -1
BITMAP
FB80
2280
BA80
A300
FA80
4280
7A80
AB00
5A00
ENDCHAR
STARTCHAR u912F.zh_hant
ENCODING 37167
SWIDTH 1000 0
DWIDTH 10 0
BBX 9 9 0 -1
BITMAP
5380
FE80
2280
FF00
4A80
FE80
4A80
4B00
7A00
ENDCHAR
STARTCHAR u9131.zh_hant
ENCODING 37169
SWIDTH 1000 0
DWIDTH 10 0
BBX 9 9 0 -1
BITMAP
FF80
AA80
2280
FF00
6A80
A680
FA80
AB00
FA00
ENDCHAR
STARTCHAR u9139.zh_hant
ENCODING 37177
SWIDTH 1000 0
DWIDTH 10 0
BBX 9 9 0 -1
BITMAP
FF80
B680
EA80
B700
EA80
5680
BA80
5700
9200
ENDCHAR
STARTCHAR u9146.zh_hant
ENCODING 37190
SWIDTH 1000 0
DWIDTH 10 0
BBX 9 9 0 -1
BITMAP
9380
FE80
9280
9300
FE80
4A80
7A80
5300
FA00
ENDCHAR
STARTCHAR u9149.zh_hant
ENCODING 37193
SWIDTH 1000 0
DWIDTH 10 0
BBX 8 9 1 -1
BITMAP
FF
28
FF
A9
CF
81
FF
81
FF
ENDCHAR
STARTCHAR u914A.zh_hant
ENCODING 37194
SWIDTH 1000 0
DWIDTH 10 0
BBX 9 9 0 -1
BITMAP
FF80
2100
F900
A900
D900
8900
F900
8900
FB00
ENDCHAR
STARTCHAR u914B.zh_hant
ENCODING 37195
SWIDTH 1000 0
DWIDTH 10 0
BBX 9 9 0 -1
BITMAP
1100
FF80
1200
7F80
4A80
5280
7F80
4080
7F80
ENDCHAR
STARTCHAR u914C.zh_hant
ENCODING 37196
SWIDTH 1000 0
DWIDTH 10 0
BBX 9 9 0 -1
BITMAP
F400
4780
F880
D080
B480
9280
F080
9080
F300
ENDCHAR
STARTCHAR u914D
ENCODING 37197
SWIDTH 1000 0
DWIDTH 10 0
BBX 9 9 0 -1
BITMAP
F780
4080
F080
D780
B400
9400
F480
9480
F780
ENDCHAR
STARTCHAR u914E.zh_hant
ENCODING 37198
SWIDTH 1000 0
DWIDTH 10 0
BBX 9 9 0 -1
BITMAP
FC80
2080
FF80
A880
DC80
8A80
F880
8880
F980
ENDCHAR
STARTCHAR u914F.zh_hant
ENCODING 37199
SWIDTH 1000 0
DWIDTH 10 0
BBX 9 9 0 -1
BITMAP
F100
4500
F580
D700
BD00
9500
F400
9480
F380
ENDCHAR
STARTCHAR u9150.zh_hant
ENCODING 37200
SWIDTH 1000 0
DWIDTH 10 0
BBX 9 9 0 -1
BITMAP
F780
2100
F900
A900
DF80
8900
F900
8900
F900
ENDCHAR
STARTCHAR u9152.zh_hant
ENCODING 37202
SWIDTH 1000 0
DWIDTH 10 0
BBX 9 9 0 -1
BITMAP
9F80
4400
1F80
9480
5B80
1080
1F80
5080
9F80
ENDCHAR
STARTCHAR u9157.zh_hant
ENCODING 37207
SWIDTH 1000 0
DWIDTH 10 0
BBX 9 9 0 -1
BITMAP
F080
4980
F580
D280
B280
9580
F980
9080
FF80
ENDCHAR
STARTCHAR u915A.zh_hant
ENCODING 37210
SWIDTH 1000 0
DWIDTH 10 0
BBX 9 9 0 -1
BITMAP
F300
4500
F500
D880
B780
9280
F280
9480
F500
ENDCHAR
STARTCHAR u915D.zh_hant
ENCODING 37213
SWIDTH 1000 0
DWIDTH 10 0
BBX 9 9 0 -1
BITMAP
FB80
5000
F800
AB80
D900
8900
FA00
8A80
FB80
ENDCHAR
STARTCHAR u915E.zh_hant
ENCODING 37214
SWIDTH 1000 0
DWIDTH 10 0
BBX 9 9 0 -1
BITMAP
F200
4F80
F200
D200
B200
9500
F500
9A80
F280
ENDCHAR
STARTCHAR u9161.zh_hant
ENCODING 37217
SWIDTH 1000 0
DWIDTH 10 0
BBX 9 9 0 -1
BITMAP
F200
4F80
F080
D400
B480
9700
F400
9480
F380
ENDCHAR
STARTCHAR u9162.zh_hant
ENCODING 37218
SWIDTH 1000 0
DWIDTH 10 0
BBX 9 9 0 -1
BITMAP
F400
4780
FA00
D380
B200
9200
F380
9200
F200
ENDCHAR
STARTCHAR u9163.zh_hant
ENCODING 37219
SWIDTH 1000 0
DWIDTH 10 0
BBX 9 9 0 -1
BITMAP
F480
4480
FF80
D480
B480
9780
F480
9480
F780
ENDCHAR
STARTCHAR u9165.zh_hant
ENCODING 37221
SWIDTH 1000 0
DWIDTH 10 0
BBX 9 9 0 -1
BITMAP
F180
4E00
F200
DF80
B200
9600
DB00
9280
F200
ENDCHAR
STARTCHAR u9169.zh_hant
ENCODING 37225
SWIDTH 1000 0
DWIDTH 10 0
BBX 9 9 0 -1
BITMAP
F400
4780
F880
D500
B200
9F80
F480
9480
F780
ENDCHAR
STARTCHAR u916A.zh_hant
ENCODING 37226
SWIDTH 1000 0
DWIDTH 10 0
BBX 9 9 0 -1
BITMAP
F780
4880
F500
D300
B480
9780
FC80
9480
F780
ENDCHAR
STARTCHAR u916C.zh_hant
ENCODING 37228
SWIDTH 1000 0
DWIDTH 10 0
BBX 9 9 0 -1
BITMAP
EA80
4A80
EA80
FF80
AA80
AA80
EA80
AA80
F080
ENDCHAR
STARTCHAR u916E.zh_hant
ENCODING 37230
SWIDTH 1000 0
DWIDTH 10 0
BBX 9 9 0 -1
BITMAP
FF80
4880
FF80
A880
DE80
8A80
FA80
8E80
F980
ENDCHAR
STARTCHAR u916F.zh_hant
ENCODING 37231
SWIDTH 1000 0
DWIDTH 10 0
BBX 9 9 0 -1
BITMAP
F580
4600
F480
D780
B480
9780
F480
9480
F780
ENDCHAR
STARTCHAR u9171.zh_hant
ENCODING 37233
SWIDTH 1000 0
DWIDTH 10 0
BBX 9 9 0 -1
BITMAP
A380
6480
2A80
6100
BE80
5480
6780
4080
7F80
ENDCHAR
STARTCHAR u9172.zh_hant
ENCODING 37234
SWIDTH 1000 0
DWIDTH 10 0
BBX 9 9 0 -1
BITMAP
F780
4480
F780
D000
B780
9100
D780
9100
F780
ENDCHAR
STARTCHAR u9174.zh_hant
ENCODING 37236
SWIDTH 1000 0
DWIDTH 10 0
BBX 9 9 0 -1
BITMAP
F700
4880
F780
D200
BF80
9200
F700
9A80
F200
ENDCHAR
STARTCHAR u9175.zh_hant
ENCODING 37237
SWIDTH 1000 0
DWIDTH 10 0
BBX 9 9 0 -1
BITMAP
F200
4F80
F200
DF80
B280
9500
FF80
9100
F700
ENDCHAR
STARTCHAR u9176.zh_hant
ENCODING 37238
SWIDTH 1000 0
DWIDTH 10 0
BBX 9 9 0 -1
BITMAP
F400
4780
F800
D380
B280
9F80
F480
9780
F080
ENDCHAR
STARTCHAR u9177.zh_hant
ENCODING 37239
SWIDTH 1000 0
DWIDTH 10 0
BBX 9 9 0 -1
BITMAP
F500
4780
F900
D780
B000
9780
F480
9480
F780
ENDCHAR
STARTCHAR u9178.zh_hant
ENCODING 37240
SWIDTH 1000 0
DWIDTH 10 0
BBX 9 9 0 -1
BITMAP
F400
4880
FF80
D500
B980
9700
F900
9600
F980
ENDCHAR
STARTCHAR u917F.zh_hant
ENCODING 37247
SWIDTH 1000 0
DWIDTH 10 0
BBX 9 9 0 -1
BITMAP
F200
4780
F480
D780
B480
9780
F500
9500
F680
ENDCHAR
STARTCHAR u9187.zh_hant
ENCODING 37255
SWIDTH 1000 0
DWIDTH 10 0
BBX 9 9 0 -1
BITMAP
F200
4F80
F480
D780
B100
9200
FF80
9100
F300
ENDCHAR
STARTCHAR u9189.zh_hant
ENCODING 37257
SWIDTH 1000 0
DWIDTH 10 0
BBX 9 9 0 -1
BITMAP
F200
4F80
F500
D500
BA80
9200
FF80
9200
F200
ENDCHAR
STARTCHAR u918B.zh_hant
ENCODING 37259
SWIDTH 1000 0
DWIDTH 10 0
BBX 9 9 0 -1
BITMAP
F500
4F80
F500
D500
BF80
9080
FF80
9080
FF80
ENDCHAR
STARTCHAR u918D.zh_hant
ENCODING 37261
SWIDTH 1000 0
DWIDTH 10 0
BBX 9 9 0 -1
BITMAP
F780
4480
F780
D480
BF80
9200
FB80
9E00
F180
ENDCHAR
STARTCHAR u9190.zh_hant
ENCODING 37264
SWIDTH 1000 0
DWIDTH 10 0
BBX 9 9 0 -1
BITMAP
EB80
5E80
EB80
EA80
BE80
A380
E280
BE80
E580
ENDCHAR
STARTCHAR u9192.zh_hant
ENCODING 37266
SWIDTH 1000 0
DWIDTH 10 0
BBX 9 9 0 -1
BITMAP
F780
4480
F780
D480
B780
9900
F780
9100
F780
ENDCHAR
STARTCHAR u919A.zh_hant
ENCODING 37274
SWIDTH 1000 0
DWIDTH 10 0
BBX 9 9 0 -1
BITMAP
F280
4B00
F200
EF80
A200
BF00
EA80
AA00
F780
ENDCHAR
STARTCHAR u919B.zh_hant
ENCODING 37275
SWIDTH 1000 0
DWIDTH 10 0
BBX 9 9 0 -1
BITMAP
F500
4F80
F500
D200
B500
9A80
F700
9200
FF80
ENDCHAR
STARTCHAR u91A2.zh_hant
ENCODING 37282
SWIDTH 1000 0
DWIDTH 10 0
BBX 9 9 0 -1
BITMAP
FF80
4200
F780
DC80
B780
9000
DF80
9280
FF80
ENDCHAR
STARTCHAR u91A3.zh_hant
ENCODING 37283
SWIDTH 1000 0
DWIDTH 10 0
BBX 9 9 0 -1
BITMAP
F200
4F80
F280
DF80
B280
9F80
F480
9480
F780
ENDCHAR
STARTCHAR u91AA.zh_hant
ENCODING 37290
SWIDTH 1000 0
DWIDTH 10 0
BBX 9 9 0 -1
BITMAP
ED80
5680
FD80
D680
B500
9A80
F400
9180
F600
ENDCHAR
STARTCHAR u91AE.zh_hant
ENCODING 37294
SWIDTH 1000 0
DWIDTH 10 0
BBX 9 9 0 -1
BITMAP
E500
4F80
F900
EF80
A900
AF80
E000
AA80
EA80
ENDCHAR
STARTCHAR u91AF.zh_hant
ENCODING 37295
SWIDTH 1000 0
DWIDTH 10 0
BBX 9 9 0 -1
BITMAP
F200
4F80
F500
DF80
B500
9A80
DF80
9280
FF80
ENDCHAR
STARTCHAR u91B4.zh_hant
ENCODING 37300
SWIDTH 1000 0
DWIDTH 10 0
BBX 9 9 0 -1
BITMAP
FF80
2A80
FF80
AA80
DF80
8880
EF80
8900
FF80
ENDCHAR
STARTCHAR u91B5.zh_hant
ENCODING 37301
SWIDTH 1000 0
DWIDTH 10 0
BBX 9 9 0 -1
BITMAP
F780
4400
FF80
D400
B780
9A00
F680
9B00
F680
ENDCHAR
STARTCHAR u91BA.zh_hant
ENCODING 37306
SWIDTH 1000 0
DWIDTH 10 0
BBX 9 9 0 -1
BITMAP
FF80
4200
FF80
D280
BF80
9200
DF80
9000
FA80
ENDCHAR
STARTCHAR u91C7
ENCODING 37319
SWIDTH 1000 0
DWIDTH 10 0
BBX 9 9 0 -1
BITMAP
0300
FC00
9100
4A00
0800
FF80
1C00
2A00
C980
ENDCHAR
STARTCHAR u91C9.zh_hant
ENCODING 37321
SWIDTH 1000 0
DWIDTH 10 0
BBX 9 9 0 -1
BITMAP
FA00
2200
BF80
2A80
FA80
2F80
6A80
BA80
2F80
ENDCHAR
STARTCHAR u91CA.zh_hant
ENCODING 37322
SWIDTH 1000 0
DWIDTH 10 0
BBX 9 9 0 -1
BITMAP
F780
2480
B700
2880
F200
2700
7200
AF80
2200
ENDCHAR
STARTCHAR u91CC
ENCODING 37324
SWIDTH 1000 0
DWIDTH 10 0
BBX 9 9 0 -1
BITMAP
7F00
4900
7F00
4900
7F00
0800
7F00
0800
FF80
ENDCHAR
STARTCHAR u91CD
ENCODING 37325
SWIDTH 1000 0
DWIDTH 10 0
BBX 9 9 0 -1
BITMAP
7F00
0800
FF80
4900
7F00
4900
7F00
0800
FF80
ENDCHAR
STARTCHAR u91CE.zh_hant
ENCODING 37326
SWIDTH 1000 0
DWIDTH 10 0
BBX 9 9 0 -1
BITMAP
FF80
A900
FA00
AF80
FA80
2280
F300
2200
F600
ENDCHAR
STARTCHAR u91CF
ENCODING 37327
SWIDTH 1000 0
DWIDTH 10 0
BBX 9 9 0 -1
BITMAP
7F00
4100
FF80
4900
7F00
4900
7F00
0800
FF80
ENDCHAR
STARTCHAR u91D1
ENCODING 37329
SWIDTH 1000 0
DWIDTH 10 0
BBX 9 9 0 -1
BITMAP
1C00
2200
4100
BE80
0800
7F00
0800
2A00
FF80
ENDCHAR
STARTCHAR u91DC.zh_hant
ENCODING 37340
SWIDTH 1000 0
DWIDTH 10 0
BBX 9 9 0 -1
BITMAP
2A00
DD80
2200
7F00
8880
7F00
4900
2A00
FF80
ENDCHAR
STARTCHAR u9274.zh_hant
ENCODING 37492
SWIDTH 1000 0
DWIDTH 10 0
BBX 9 9 0 -1
BITMAP
A400
A780
A900
A880
1400
E380
5D00
2A00
FF80
ENDCHAR
STARTCHAR u928E.zh_hant
ENCODING 37518
SWIDTH 1000 0
DWIDTH 10 0
BBX 9 9 0 -1
BITMAP
EF00
4900
4D00
FB80
1400
E380
5D00
2A00
FF80
ENDCHAR
STARTCHAR u92AE.zh_hant
ENCODING 37550
SWIDTH 1000 0
DWIDTH 10 0
BBX 9 9 0 -1
BITMAP
0800
FF80
1400
5500
BE80
4900
FF80
2A00
FF80
ENDCHAR
STARTCHAR u933E.zh_hant
ENCODING 37694
SWIDTH 1000 0
DWIDTH 10 0
BBX 9 9 0 -1
BITMAP
2780
FC00
4780
A500
FD00
4300
BE80
4900
FF80
ENDCHAR
STARTCHAR u938F.zh_hant
ENCODING 37775
SWIDTH 1000 0
DWIDTH 10 0
BBX 9 9 0 -1
BITMAP
DF80
0900
DE80
0A80
FE00
4980
BE00
4900
FF80
ENDCHAR
STARTCHAR u93D6.zh_hant
ENCODING 37846
SWIDTH 1000 0
DWIDTH 10 0
BBX 9 9 0 -1
BITMAP
FF80
9280
FF80
9200
BF80
C900
BE80
4900
FF80
ENDCHAR
STARTCHAR u946B.zh_hant
ENCODING 37995
SWIDTH 1000 0
DWIDTH 10 0
BBX 9 9 0 -1
BITMAP
1C00
E380
5D00
2A00
FF80
2200
D580
2200
F780
ENDCHAR
STARTCHAR u9485
ENCODING 38021
SWIDTH 1000 0
DWIDTH 10 0
BBX 4 9 0 -1
BITMAP
40
70
80
70
20
F0
20
30
20
ENDCHAR
STARTCHAR u9487.zh_hant
ENCODING 38023
SWIDTH 1000 0
DWIDTH 10 0
BBX 9 9 0 -1
BITMAP
4F80
7080
8100
E200
4400
F400
4800
6880
4780
ENDCHAR
STARTCHAR u9488.zh_hant
ENCODING 38024
SWIDTH 1000 0
DWIDTH 10 0
BBX 9 9 0 -1
BITMAP
4200
7200
8200
EF80
4200
F200
4200
6200
4200
ENDCHAR
STARTCHAR u9489.zh_hant
ENCODING 38025
SWIDTH 1000 0
DWIDTH 10 0
BBX 9 9 0 -1
BITMAP
4F80
7100
8100
F100
2100
F100
2100
3100
2700
ENDCHAR
STARTCHAR u948A.zh_hant
ENCODING 38026
SWIDTH 1000 0
DWIDTH 10 0
BBX 9 9 0 -1
BITMAP
4080
7A80
8280
FA80
2280
FA80
2280
2880
3180
ENDCHAR
STARTCHAR u948B.zh_hant
ENCODING 38027
SWIDTH 1000 0
DWIDTH 10 0
BBX 9 9 0 -1
BITMAP
4200
7200
8200
F600
2300
F280
2200
3200
2200
ENDCHAR
STARTCHAR u948C.zh_hant
ENCODING 38028
SWIDTH 1000 0
DWIDTH 10 0
BBX 9 9 0 -1
BITMAP
4F80
7080
8100
F200
4200
F200
4200
6200
4600
ENDCHAR
STARTCHAR u948D.zh_hant
ENCODING 38029
SWIDTH 1000 0
DWIDTH 10 0
BBX 9 9 0 -1
BITMAP
4200
7200
8200
EF80
4200
E200
4200
6200
4F80
ENDCHAR
STARTCHAR u948E.zh_hant
ENCODING 38030
SWIDTH 1000 0
DWIDTH 10 0
BBX 9 9 0 -1
BITMAP
4180
6E00
8200
F200
4F80
F200
4200
6200
4200
ENDCHAR
STARTCHAR u9492.zh_hant
ENCODING 38034
SWIDTH 1000 0
DWIDTH 10 0
BBX 9 9 0 -1
BITMAP
4F00
7900
8900
FD00
4B00
F900
4900
6900
5180
ENDCHAR
STARTCHAR u9493.zh_hant
ENCODING 38035
SWIDTH 1000 0
DWIDTH 10 0
BBX 9 9 0 -1
BITMAP
4400
7780
8880
F080
2480
F280
2080
3080
2300
ENDCHAR
STARTCHAR u9497.zh_hant
ENCODING 38039
SWIDTH 1000 0
DWIDTH 10 0
BBX 9 9 0 -1
BITMAP
4F80
6080
8480
E280
4900
E500
4200
4500
6880
ENDCHAR
STARTCHAR u9499.zh_hant
ENCODING 38041
SWIDTH 1000 0
DWIDTH 10 0
BBX 9 9 0 -1
BITMAP
4F80
7200
8B80
FA00
2F80
F080
2080
3080
2300
ENDCHAR
STARTCHAR u949B.zh_hant
ENCODING 38043
SWIDTH 1000 0
DWIDTH 10 0
BBX 9 9 0 -1
BITMAP
4400
6400
9F80
E400
4400
EA00
4900
5480
7280
ENDCHAR
STARTCHAR u949C
ENCODING 38044
SWIDTH 1000 0
DWIDTH 10 0
BBX 9 9 0 -1
BITMAP
4F80
6800
8F80
E880
4880
EF80
4800
4800
6F80
ENDCHAR
STARTCHAR u949D.zh_hant
ENCODING 38045
SWIDTH 1000 0
DWIDTH 10 0
BBX 9 9 0 -1
BITMAP
4200
6F80
8200
EA80
4A80
EF80
4200
6280
4380
ENDCHAR
STARTCHAR u949E.zh_hant
ENCODING 38046
SWIDTH 1000 0
DWIDTH 10 0
BBX 9 9 0 -1
BITMAP
4200
6A80
8A80
F280
4600
F000
4080
6300
4C00
ENDCHAR
STARTCHAR u949F.zh_hant
ENCODING 38047
SWIDTH 1000 0
DWIDTH 10 0
BBX 9 9 0 -1
BITMAP
4200
7200
8F80
FA80
2A80
FF80
2200
2200
3200
ENDCHAR
STARTCHAR u94A0.zh_hant
ENCODING 38048
SWIDTH 1000 0
DWIDTH 10 0
BBX 9 9 0 -1
BITMAP
4200
7200
8F80
FA80
4A80
FD80
4880
6880
4980
ENDCHAR
STARTCHAR u94A1.zh_hant
ENCODING 38049
SWIDTH 1000 0
DWIDTH 10 0
BBX 9 9 0 -1
BITMAP
4F80
7880
8A80
FA80
4A80
FA80
4A80
6500
5880
ENDCHAR
STARTCHAR u94A2.zh_hant
ENCODING 38050
SWIDTH 1000 0
DWIDTH 10 0
BBX 9 9 0 -1
BITMAP
4F80
7880
8D80
FA80
4A80
FA80
4D80
6880
4980
ENDCHAR
STARTCHAR u94A3.zh_hant
ENCODING 38051
SWIDTH 1000 0
DWIDTH 10 0
BBX 9 9 0 -1
BITMAP
4180
6E00
8800
EF80
4880
EA80
4900
6A80
5480
ENDCHAR
STARTCHAR u94A5.zh_hant
ENCODING 38053
SWIDTH 1000 0
DWIDTH 10 0
BBX 9 9 0 -1
BITMAP
4F80
7880
8F80
F880
4880
FF80
4880
6880
5180
ENDCHAR
STARTCHAR u94A6.zh_hant
ENCODING 38054
SWIDTH 1000 0
DWIDTH 10 0
BBX 9 9 0 -1
BITMAP
4400
7780
8A80
F280
4200
F200
4500
6880
5080
ENDCHAR
STARTCHAR u94A7.zh_hant
ENCODING 38055
SWIDTH 1000 0
DWIDTH 10 0
BBX 9 9 0 -1
BITMAP
4400
7780
8880
F680
4180
F280
4C80
6080
4300
ENDCHAR
STARTCHAR u94A8.zh_hant
ENCODING 38056
SWIDTH 1000 0
DWIDTH 10 0
BBX 9 9 0 -1
BITMAP
4400
7F00
8900
FB00
4800
FF80
4080
6E80
4180
ENDCHAR
STARTCHAR u94A9.zh_hant
ENCODING 38057
SWIDTH 1000 0
DWIDTH 10 0
BBX 9 9 0 -1
BITMAP
4400
7780
8A80
F280
4480
F580
4680
6080
4300
ENDCHAR
STARTCHAR u94AA.zh_hant
ENCODING 38058
SWIDTH 1000 0
DWIDTH 10 0
BBX 9 9 0 -1
BITMAP
4200
6F80
8000
EF00
4900
E900
4900
6900
5180
ENDCHAR
STARTCHAR u94AB.zh_hant
ENCODING 38059
SWIDTH 1000 0
DWIDTH 10 0
BBX 9 9 0 -1
BITMAP
4200
6F80
8400
E780
4480
E480
4480
6880
5300
ENDCHAR
STARTCHAR u94AE.zh_hant
ENCODING 38062
SWIDTH 1000 0
DWIDTH 10 0
BBX 9 9 0 -1
BITMAP
4F80
7280
8280
F280
4F80
F480
4480
6480
4F80
ENDCHAR
STARTCHAR u94AF.zh_hant
ENCODING 38063
SWIDTH 1000 0
DWIDTH 10 0
BBX 9 9 0 -1
BITMAP
4F80
6A80
8A80
EA80
4F80
E800
4800
6880
4780
ENDCHAR
STARTCHAR u94B1.zh_hant
ENCODING 38065
SWIDTH 1000 0
DWIDTH 10 0
BBX 9 9 0 -1
BITMAP
4500
6F80
8400
EF80
4400
E500
4200
6680
4980
ENDCHAR
STARTCHAR u94B3.zh_hant
ENCODING 38067
SWIDTH 1000 0
DWIDTH 10 0
BBX 9 9 0 -1
BITMAP
4900
7900
8F80
F900
4900
FF00
4900
6900
4F00
ENDCHAR
STARTCHAR u94B4.zh_hant
ENCODING 38068
SWIDTH 1000 0
DWIDTH 10 0
BBX 9 9 0 -1
BITMAP
4200
6200
8F80
E200
4200
EF80
4880
6880
4F80
ENDCHAR
STARTCHAR u94B5
ENCODING 38069
SWIDTH 1000 0
DWIDTH 10 0
BBX 9 9 0 -1
BITMAP
4200
6200
9F80
E200
4700
EA80
5280
6F00
4200
ENDCHAR
STARTCHAR u94B7
ENCODING 38071
SWIDTH 1000 0
DWIDTH 10 0
BBX 9 9 0 -1
BITMAP
4F80
6800
8B80
EA80
4A80
EA80
4B80
4800
6F80
ENDCHAR
STARTCHAR u94BB.zh_hant
ENCODING 38075
SWIDTH 1000 0
DWIDTH 10 0
BBX 9 9 0 -1
BITMAP
4200
7200
8380
F200
4200
FF80
4880
6880
4F80
ENDCHAR
STARTCHAR u94BC.zh_hant
ENCODING 38076
SWIDTH 1000 0
DWIDTH 10 0
BBX 9 9 0 -1
BITMAP
4F80
6880
8F80
E880
4880
EF80
4880
6880
4F80
ENDCHAR
STARTCHAR u94BD.zh_hant
ENCODING 38077
SWIDTH 1000 0
DWIDTH 10 0
BBX 9 9 0 -1
BITMAP
4F80
6880
8F80
E880
4880
EF80
4000
6000
4F80
ENDCHAR
STARTCHAR u94BE.zh_hant
ENCODING 38078
SWIDTH 1000 0
DWIDTH 10 0
BBX 9 9 0 -1
BITMAP
4F80
7A80
8F80
FA80
4A80
FF80
4200
6200
4200
ENDCHAR
STARTCHAR u94BF.zh_hant
ENCODING 38079
SWIDTH 1000 0
DWIDTH 10 0
BBX 9 9 0 -1
BITMAP
4F80
6A80
8A80
EA80
4F80
EA80
4A80
4A80
6F80
ENDCHAR
STARTCHAR u94C0.zh_hant
ENCODING 38080
SWIDTH 1000 0
DWIDTH 10 0
BBX 9 9 0 -1
BITMAP
4200
7200
8F80
FA80
4A80
FF80
4A80
6A80
4F80
ENDCHAR
STARTCHAR u94C1.zh_hant
ENCODING 38081
SWIDTH 1000 0
DWIDTH 10 0
BBX 9 9 0 -1
BITMAP
4A00
7F80
8A00
F200
4F80
F200
4500
6880
5080
ENDCHAR
STARTCHAR u94C2.zh_hant
ENCODING 38082
SWIDTH 1000 0
DWIDTH 10 0
BBX 9 9 0 -1
BITMAP
4200
7400
8F80
F880
4880
FF80
4880
6880
4F80
ENDCHAR
STARTCHAR u94C3.zh_hant
ENCODING 38083
SWIDTH 1000 0
DWIDTH 10 0
BBX 9 9 0 -1
BITMAP
4200
7500
8880
F200
4F80
F080
4500
6200
4200
ENDCHAR
STARTCHAR u94C5.zh_hant
ENCODING 38085
SWIDTH 1000 0
DWIDTH 10 0
BBX 9 9 0 -1
BITMAP
4700
7500
8500
F980
4000
EF80
4880
6880
4F80
ENDCHAR
STARTCHAR u94C6.zh_hant
ENCODING 38086
SWIDTH 1000 0
DWIDTH 10 0
BBX 9 9 0 -1
BITMAP
5B80
6280
8A80
EA80
4A80
EA80
5B80
6A00
4A00
ENDCHAR
STARTCHAR u94CA.zh_hant
ENCODING 38090
SWIDTH 1000 0
DWIDTH 10 0
BBX 9 9 0 -1
BITMAP
4200
6F80
8880
E000
4500
F600
4400
6480
4380
ENDCHAR
STARTCHAR u94CB.zh_hant
ENCODING 38091
SWIDTH 1000 0
DWIDTH 10 0
BBX 9 9 0 -1
BITMAP
4800
6500
8100
EA00
4A80
EC80
5800
6900
4700
ENDCHAR
STARTCHAR u94CC.zh_hant
ENCODING 38092
SWIDTH 1000 0
DWIDTH 10 0
BBX 9 9 0 -1
BITMAP
4F80
6880
8F80
E800
4A80
EB00
4A00
6A80
5380
ENDCHAR
STARTCHAR u94CD.zh_hant
ENCODING 38093
SWIDTH 1000 0
DWIDTH 10 0
BBX 9 9 0 -1
BITMAP
4200
6F80
8A80
EA00
4F80
E880
4A80
6900
5680
ENDCHAR
STARTCHAR u94CE.zh_hant
ENCODING 38094
SWIDTH 1000 0
DWIDTH 10 0
BBX 9 9 0 -1
BITMAP
4F80
6880
8700
E880
4200
EF00
4200
6F80
4200
ENDCHAR
STARTCHAR u94D0.zh_hant
ENCODING 38096
SWIDTH 1000 0
DWIDTH 10 0
BBX 9 9 0 -1
BITMAP
4400
6F80
8480
E500
5F80
E400
4F80
5080
6700
ENDCHAR
STARTCHAR u94D1.zh_hant
ENCODING 38097
SWIDTH 1000 0
DWIDTH 10 0
BBX 9 9 0 -1
BITMAP
4480
6F00
8500
EF80
4400
ED80
5600
6480
4780
ENDCHAR
STARTCHAR u94D5.zh_hant
ENCODING 38101
SWIDTH 1000 0
DWIDTH 10 0
BBX 9 9 0 -1
BITMAP
4200
6F80
8400
EF80
5880
EF80
4880
6F80
4880
ENDCHAR
STARTCHAR u94D6.zh_hant
ENCODING 38102
SWIDTH 1000 0
DWIDTH 10 0
BBX 9 9 0 -1
BITMAP
4280
7F80
9200
F280
5E80
F500
5500
7C80
5080
ENDCHAR
STARTCHAR u94DB
ENCODING 38107
SWIDTH 1000 0
DWIDTH 10 0
BBX 9 9 0 -1
BITMAP
4200
7280
8B00
E200
5F80
E080
5F80
6080
5F80
ENDCHAR
STARTCHAR u94DC.zh_hant
ENCODING 38108
SWIDTH 1000 0
DWIDTH 10 0
BBX 9 9 0 -1
BITMAP
4F80
7880
8F80
F880
4E80
FA80
4A80
6E80
4980
ENDCHAR
STARTCHAR u94DD.zh_hant
ENCODING 38109
SWIDTH 1000 0
DWIDTH 10 0
BBX 9 9 0 -1
BITMAP
4F80
7880
8880
FF80
4000
FF80
4880
6880
4F80
ENDCHAR
STARTCHAR u94DF.zh_hant
ENCODING 38111
SWIDTH 1000 0
DWIDTH 10 0
BBX 9 9 0 -1
BITMAP
4F80
6A80
8A80
EF80
4A80
EA80
4D80
6880
4F80
ENDCHAR
STARTCHAR u94E0.zh_hant
ENCODING 38112
SWIDTH 1000 0
DWIDTH 10 0
BBX 9 9 0 -1
BITMAP
4A80
6F80
8000
EF80
4080
EF80
4800
4880
6780
ENDCHAR
STARTCHAR u94E1.zh_hant
ENCODING 38113
SWIDTH 1000 0
DWIDTH 10 0
BBX 9 9 0 -1
BITMAP
5E80
7280
9280
F280
5680
F680
4480
6A80
5280
ENDCHAR
STARTCHAR u94E3.zh_hant
ENCODING 38115
SWIDTH 1000 0
DWIDTH 10 0
BBX 9 9 0 -1
BITMAP
4A00
7F80
8A00
F200
4F80
F500
4500
6900
4980
ENDCHAR
STARTCHAR u94E4.zh_hant
ENCODING 38116
SWIDTH 1000 0
DWIDTH 10 0
BBX 9 9 0 -1
BITMAP
4080
7B00
8900
EB80
5100
E900
4B80
4800
7780
ENDCHAR
STARTCHAR u94E7.zh_hant
ENCODING 38119
SWIDTH 1000 0
DWIDTH 10 0
BBX 9 9 0 -1
BITMAP
4600
6A80
9B00
EA80
4980
E200
5F80
6200
4200
ENDCHAR
STARTCHAR u94EA.zh_hant
ENCODING 38122
SWIDTH 1000 0
DWIDTH 10 0
BBX 9 9 0 -1
BITMAP
4700
6880
8000
EF80
4000
EF80
4880
6880
4F80
ENDCHAR
STARTCHAR u94EC.zh_hant
ENCODING 38124
SWIDTH 1000 0
DWIDTH 10 0
BBX 9 9 0 -1
BITMAP
4780
7880
8500
F200
4D80
F000
4F80
6880
4F80
ENDCHAR
STARTCHAR u94ED.zh_hant
ENCODING 38125
SWIDTH 1000 0
DWIDTH 10 0
BBX 9 9 0 -1
BITMAP
4400
7F80
8880
F500
4200
F780
4C80
6480
4780
ENDCHAR
STARTCHAR u94EE.zh_hant
ENCODING 38126
SWIDTH 1000 0
DWIDTH 10 0
BBX 9 9 0 -1
BITMAP
4700
6900
8F80
E280
4F80
E280
4F80
6200
4600
ENDCHAR
STARTCHAR u94EF.zh_hant
ENCODING 38127
SWIDTH 1000 0
DWIDTH 10 0
BBX 9 9 0 -1
BITMAP
4700
6900
9F80
EA80
4A80
EF80
4800
6880
4F80
ENDCHAR
STARTCHAR u94F0
ENCODING 38128
SWIDTH 1000 0
DWIDTH 10 0
BBX 9 9 0 -1
BITMAP
4200
6F80
8500
E880
5500
E500
4200
6500
5880
ENDCHAR
STARTCHAR u94F1.zh_hant
ENCODING 38129
SWIDTH 1000 0
DWIDTH 10 0
BBX 9 9 0 -1
BITMAP
4200
7F80
8400
EA80
5A80
E900
4900
6A80
4C80
ENDCHAR
STARTCHAR u94F2.zh_hant
ENCODING 38130
SWIDTH 1000 0
DWIDTH 10 0
BBX 9 9 0 -1
BITMAP
4200
6F80
8500
F500
4F80
F800
4800
6800
5000
ENDCHAR
STARTCHAR u94F3.zh_hant
ENCODING 38131
SWIDTH 1000 0
DWIDTH 10 0
BBX 9 9 0 -1
BITMAP
4200
6F80
8400
E900
4F80
E500
4500
6900
5180
ENDCHAR
STARTCHAR u94F5.zh_hant
ENCODING 38133
SWIDTH 1000 0
DWIDTH 10 0
BBX 9 9 0 -1
BITMAP
4200
6F80
8880
E400
4F80
E480
4480
6300
4C80
ENDCHAR
STARTCHAR u94F6.zh_hant
ENCODING 38134
SWIDTH 1000 0
DWIDTH 10 0
BBX 9 9 0 -1
BITMAP
4F80
7880
8F80
F880
2F80
FA00
2A80
2900
3C80
ENDCHAR
STARTCHAR u94F7.zh_hant
ENCODING 38135
SWIDTH 1000 0
DWIDTH 10 0
BBX 9 9 0 -1
BITMAP
4800
6B80
9E80
EA80
4A80
F280
5E80
6B80
4800
ENDCHAR
STARTCHAR u94F8.zh_hant
ENCODING 38136
SWIDTH 1000 0
DWIDTH 10 0
BBX 9 9 0 -1
BITMAP
4200
6F80
8200
EF80
4480
F780
4880
6480
4180
ENDCHAR
STARTCHAR u94F9.zh_hant
ENCODING 38137
SWIDTH 1000 0
DWIDTH 10 0
BBX 9 9 0 -1
BITMAP
4500
6F80
8500
EF80
4A80
E780
4280
6480
4980
ENDCHAR
STARTCHAR u94FA.zh_hant
ENCODING 38138
SWIDTH 1000 0
DWIDTH 10 0
BBX 9 9 0 -1
BITMAP
4280
6F80
8200
FF80
4A80
FF80
4A80
6F80
4A80
ENDCHAR
STARTCHAR u94FC.zh_hant
ENCODING 38140
SWIDTH 1000 0
DWIDTH 10 0
BBX 9 9 0 -1
BITMAP
4200
6F80
8200
EA80
4300
EF80
4200
6700
4A80
ENDCHAR
STARTCHAR u94FE.zh_hant
ENCODING 38142
SWIDTH 1000 0
DWIDTH 10 0
BBX 9 9 0 -1
BITMAP
5100
6B80
8100
DA00
4B80
E900
4B80
7500
5380
ENDCHAR
STARTCHAR u94FF.zh_hant
ENCODING 38143
SWIDTH 1000 0
DWIDTH 10 0
BBX 9 9 0 -1
BITMAP
5580
7480
9680
F500
5480
E200
5F80
6200
5F80
ENDCHAR
STARTCHAR u9500.zh_hant
ENCODING 38144
SWIDTH 1000 0
DWIDTH 10 0
BBX 9 9 0 -1
BITMAP
4A80
7A80
8200
FF80
4880
FF80
4880
6F80
4880
ENDCHAR
STARTCHAR u9501.zh_hant
ENCODING 38145
SWIDTH 1000 0
DWIDTH 10 0
BBX 9 9 0 -1
BITMAP
4A80
7A80
8200
FF80
4880
FA80
4A80
6500
4880
ENDCHAR
STARTCHAR u9502.zh_hant
ENCODING 38146
SWIDTH 1000 0
DWIDTH 10 0
BBX 9 9 0 -1
BITMAP
4F80
6A80
8F80
EA80
4F80
E200
4F80
6200
5F80
ENDCHAR
STARTCHAR u9504.zh_hant
ENCODING 38148
SWIDTH 1000 0
DWIDTH 10 0
BBX 9 9 0 -1
BITMAP
5D00
7500
9F80
F280
5280
FE80
5280
7480
5D00
ENDCHAR
STARTCHAR u9505
ENCODING 38149
SWIDTH 1000 0
DWIDTH 10 0
BBX 9 9 0 -1
BITMAP
4F00
6900
8F00
E200
5F80
F280
5580
7880
5180
ENDCHAR
STARTCHAR u9506.zh_hant
ENCODING 38150
SWIDTH 1000 0
DWIDTH 10 0
BBX 9 9 0 -1
BITMAP
4A00
6F80
8200
EF80
4000
EF80
4880
6880
4F80
ENDCHAR
STARTCHAR u9507
ENCODING 38151
SWIDTH 1000 0
DWIDTH 10 0
BBX 9 9 0 -1
BITMAP
4700
7A80
8A00
FF80
4A00
EA80
5D00
6900
5A80
ENDCHAR
STARTCHAR u9508.zh_hant
ENCODING 38152
SWIDTH 1000 0
DWIDTH 10 0
BBX 9 9 0 -1
BITMAP
4F80
7200
8F80
F600
4A80
FF00
4580
6480
4980
ENDCHAR
STARTCHAR u9509.zh_hant
ENCODING 38153
SWIDTH 1000 0
DWIDTH 10 0
BBX 9 9 0 -1
BITMAP
4200
6A80
8A80
EA80
5700
E200
5F80
6200
5F80
ENDCHAR
STARTCHAR u950A.zh_hant
ENCODING 38154
SWIDTH 1000 0
DWIDTH 10 0
BBX 9 9 0 -1
BITMAP
4180
6E80
8A80
E400
4100
EF80
4500
6100
4300
ENDCHAR
STARTCHAR u950B.zh_hant
ENCODING 38155
SWIDTH 1000 0
DWIDTH 10 0
BBX 9 9 0 -1
BITMAP
4780
7880
8500
F780
4900
F780
4100
6F80
4100
ENDCHAR
STARTCHAR u950C.zh_hant
ENCODING 38156
SWIDTH 1000 0
DWIDTH 10 0
BBX 9 9 0 -1
BITMAP
4200
6F80
8500
F500
4F80
F200
4F80
6200
4200
ENDCHAR
STARTCHAR u9510.zh_hant
ENCODING 38160
SWIDTH 1000 0
DWIDTH 10 0
BBX 9 9 0 -1
BITMAP
4480
7500
8F80
F880
4880
FF80
4500
6500
4980
ENDCHAR
STARTCHAR u9511.zh_hant
ENCODING 38161
SWIDTH 1000 0
DWIDTH 10 0
BBX 9 9 0 -1
BITMAP
4480
7500
8F80
F280
4F80
FA00
4F80
6680
5A80
ENDCHAR
STARTCHAR u9513.zh_hant
ENCODING 38163
SWIDTH 1000 0
DWIDTH 10 0
BBX 9 9 0 -1
BITMAP
4F00
6100
8F00
E100
5F80
E880
4900
6600
5980
ENDCHAR
STARTCHAR u9515.zh_hant
ENCODING 38165
SWIDTH 1000 0
DWIDTH 10 0
BBX 9 9 0 -1
BITMAP
5F80
7480
9780
FA80
5680
F780
5480
7880
5180
ENDCHAR
STARTCHAR u9517.zh_hant
ENCODING 38167
SWIDTH 1000 0
DWIDTH 10 0
BBX 9 9 0 -1
BITMAP
4200
6F80
8280
F300
4F80
F480
4F80
6480
4780
ENDCHAR
STARTCHAR u9519.zh_hant
ENCODING 38169
SWIDTH 1000 0
DWIDTH 10 0
BBX 9 9 0 -1
BITMAP
4500
6F80
8500
E500
5F80
E880
4F80
4880
6F80
ENDCHAR
STARTCHAR u951A.zh_hant
ENCODING 38170
SWIDTH 1000 0
DWIDTH 10 0
BBX 9 9 0 -1
BITMAP
4500
6F80
8500
E000
4F80
FA80
4F80
6A80
4F80
ENDCHAR
STARTCHAR u951D.zh_hant
ENCODING 38173
SWIDTH 1000 0
DWIDTH 10 0
BBX 9 9 0 -1
BITMAP
4F00
6900
8F00
E900
5F80
E100
5F80
6900
4300
ENDCHAR
STARTCHAR u9521.zh_hant
ENCODING 38177
SWIDTH 1000 0
DWIDTH 10 0
BBX 9 9 0 -1
BITMAP
4F80
7880
8F80
F880
4F80
F400
4F80
6A80
5580
ENDCHAR
STARTCHAR u9522.zh_hant
ENCODING 38178
SWIDTH 1000 0
DWIDTH 10 0
BBX 9 9 0 -1
BITMAP
5F80
7480
9F80
F480
5E80
F280
5E80
7080
5F80
ENDCHAR
STARTCHAR u9523.zh_hant
ENCODING 38179
SWIDTH 1000 0
DWIDTH 10 0
BBX 9 9 0 -1
BITMAP
4F80
7A80
8F80
F400
4780
F480
4A80
6100
4E00
ENDCHAR
STARTCHAR u9524.zh_hant
ENCODING 38180
SWIDTH 1000 0
DWIDTH 10 0
BBX 9 9 0 -1
BITMAP
4F80
6200
9F80
EA80
5F80
EA80
5F80
6200
5F80
ENDCHAR
STARTCHAR u9525.zh_hant
ENCODING 38181
SWIDTH 1000 0
DWIDTH 10 0
BBX 9 9 0 -1
BITMAP
4500
6F80
9900
EF80
4900
EF80
4900
6900
4F80
ENDCHAR
STARTCHAR u9526.zh_hant
ENCODING 38182
SWIDTH 1000 0
DWIDTH 10 0
BBX 9 9 0 -1
BITMAP
4400
6F80
8880
EF80
4880
EF80
4A80
6B80
4200
ENDCHAR
STARTCHAR u9528.zh_hant
ENCODING 38184
SWIDTH 1000 0
DWIDTH 10 0
BBX 9 9 0 -1
BITMAP
5E00
7380
9280
FC00
5500
F500
5680
6480
4480
ENDCHAR
STARTCHAR u952A.zh_hant
ENCODING 38186
SWIDTH 1000 0
DWIDTH 10 0
BBX 9 9 0 -1
BITMAP
4800
6F80
9480
EA80
5580
E000
4A00
6880
5680
ENDCHAR
STARTCHAR u952D.zh_hant
ENCODING 38189
SWIDTH 1000 0
DWIDTH 10 0
BBX 9 9 0 -1
BITMAP
4200
6F80
8880
F000
4F80
F200
4B80
6E00
4980
ENDCHAR
STARTCHAR u952E.zh_hant
ENCODING 38190
SWIDTH 1000 0
DWIDTH 10 0
BBX 9 9 0 -1
BITMAP
4780
5A80
8F80
EA80
5780
EA00
5F80
6A00
5780
ENDCHAR
STARTCHAR u952F.zh_hant
ENCODING 38191
SWIDTH 1000 0
DWIDTH 10 0
BBX 9 9 0 -1
BITMAP
4F80
7880
8F80
F900
4F80
F900
4F80
6880
5780
ENDCHAR
STARTCHAR u9530.zh_hant
ENCODING 38192
SWIDTH 1000 0
DWIDTH 10 0
BBX 9 9 0 -1
BITMAP
4F80
7100
8F80
F200
4200
FF80
4A80
6A80
5F80
ENDCHAR
STARTCHAR u9532.zh_hant
ENCODING 38194
SWIDTH 1000 0
DWIDTH 10 0
BBX 9 9 0 -1
BITMAP
4B80
5E80
8880
DD80
4A00
EF80
4200
6500
5880
ENDCHAR
STARTCHAR u9535.zh_hant
ENCODING 38197
SWIDTH 1000 0
DWIDTH 10 0
BBX 9 9 0 -1
BITMAP
4980
6E80
9A80
EF00
4880
EF80
5A80
6880
4980
ENDCHAR
STARTCHAR u9536.zh_hant
ENCODING 38198
SWIDTH 1000 0
DWIDTH 10 0
BBX 9 9 0 -1
BITMAP
4F80
6A80
8F80
EA80
4A80
EF80
4100
6C80
5780
ENDCHAR
STARTCHAR u9538.zh_hant
ENCODING 38200
SWIDTH 1000 0
DWIDTH 10 0
BBX 9 9 0 -1
BITMAP
4F80
6200
9F80
E200
5B80
F280
5B80
7280
5F80
ENDCHAR
STARTCHAR u9539.zh_hant
ENCODING 38201
SWIDTH 1000 0
DWIDTH 10 0
BBX 9 9 0 -1
BITMAP
5E00
6A80
8A80
FE80
4B00
EA00
5A00
6D00
4880
ENDCHAR
STARTCHAR u953A.zh_hant
ENCODING 38202
SWIDTH 1000 0
DWIDTH 10 0
BBX 9 9 0 -1
BITMAP
4F80
7200
8F80
FA80
4F80
FA80
4F80
6200
5F80
ENDCHAR
STARTCHAR u953B.zh_hant
ENCODING 38203
SWIDTH 1000 0
DWIDTH 10 0
BBX 9 9 0 -1
BITMAP
5F80
7280
9E80
F280
5C00
F380
5E80
7100
5280
ENDCHAR
STARTCHAR u9540
ENCODING 38208
SWIDTH 1000 0
DWIDTH 10 0
BBX 9 9 0 -1
BITMAP
4200
7F80
9500
FF80
5500
FF80
5480
7300
4C80
ENDCHAR
STARTCHAR u9541
ENCODING 38209
SWIDTH 1000 0
DWIDTH 10 0
BBX 9 9 0 -1
BITMAP
4900
7F80
8200
EF80
4200
FF80
4200
6500
5880
ENDCHAR
STARTCHAR u9542.zh_hant
ENCODING 38210
SWIDTH 1000 0
DWIDTH 10 0
BBX 9 9 0 -1
BITMAP
4A80
6A00
8F80
E600
4A80
EF80
4500
6600
5980
ENDCHAR
STARTCHAR u9544.zh_hant
ENCODING 38212
SWIDTH 1000 0
DWIDTH 10 0
BBX 9 9 0 -1
BITMAP
4A00
5F80
8A80
DF80
4A00
EF80
4880
6F00
5080
ENDCHAR
STARTCHAR u9546.zh_hant
ENCODING 38214
SWIDTH 1000 0
DWIDTH 10 0
BBX 9 9 0 -1
BITMAP
4F80
6500
8F80
E880
4F80
E880
5F80
4500
6880
ENDCHAR
STARTCHAR u9547.zh_hant
ENCODING 38215
SWIDTH 1000 0
DWIDTH 10 0
BBX 9 9 0 -1
BITMAP
4200
7F80
8900
FF00
4900
F900
4F80
6500
4880
ENDCHAR
STARTCHAR u9549.zh_hant
ENCODING 38217
SWIDTH 1000 0
DWIDTH 10 0
BBX 9 9 0 -1
BITMAP
4F80
6500
8700
E000
4F80
EA80
4D80
6A80
4A80
ENDCHAR
STARTCHAR u954A.zh_hant
ENCODING 38218
SWIDTH 1000 0
DWIDTH 10 0
BBX 9 9 0 -1
BITMAP
5F80
6900
8F00
F900
4100
DB80
6A80
5100
6A80
ENDCHAR
STARTCHAR u954C.zh_hant
ENCODING 38220
SWIDTH 1000 0
DWIDTH 10 0
BBX 9 9 0 -1
BITMAP
4A00
6F80
9A00
EF80
4A00
EF80
4500
6880
5300
ENDCHAR
STARTCHAR u954D.zh_hant
ENCODING 38221
SWIDTH 1000 0
DWIDTH 10 0
BBX 9 9 0 -1
BITMAP
4400
7F80
8880
F880
4F80
F200
4F80
6600
4A80
ENDCHAR
STARTCHAR u9550.zh_hant
ENCODING 38224
SWIDTH 1000 0
DWIDTH 10 0
BBX 9 9 0 -1
BITMAP
4200
6F80
8480
F780
4000
FF80
4A80
6E80
4980
ENDCHAR
STARTCHAR u9551.zh_hant
ENCODING 38225
SWIDTH 1000 0
DWIDTH 10 0
BBX 9 9 0 -1
BITMAP
4400
7F80
8900
E900
5F80
E480
5F80
6880
5300
ENDCHAR
STARTCHAR u9553.zh_hant
ENCODING 38227
SWIDTH 1000 0
DWIDTH 10 0
BBX 9 9 0 -1
BITMAP
4400
7F80
9080
EF00
5400
EA80
5500
6980
4600
ENDCHAR
STARTCHAR u9556.zh_hant
ENCODING 38230
SWIDTH 1000 0
DWIDTH 10 0
BBX 9 9 0 -1
BITMAP
4F80
6500
9F80
EA80
5F80
E000
5F80
4200
6A80
ENDCHAR
STARTCHAR u955C.zh_hant
ENCODING 38236
SWIDTH 1000 0
DWIDTH 10 0
BBX 9 9 0 -1
BITMAP
4200
6F80
8500
F500
4F80
F880
4F80
6500
4980
ENDCHAR
STARTCHAR u9563.zh_hant
ENCODING 38243
SWIDTH 1000 0
DWIDTH 10 0
BBX 9 9 0 -1
BITMAP
4200
6F80
8500
FF80
4880
FF80
4200
6A80
5680
ENDCHAR
STARTCHAR u9565.zh_hant
ENCODING 38245
SWIDTH 1000 0
DWIDTH 10 0
BBX 9 9 0 -1
BITMAP
4700
6900
9F80
EA80
4F80
E000
5F80
6880
4F80
ENDCHAR
STARTCHAR u9567.zh_hant
ENCODING 38247
SWIDTH 1000 0
DWIDTH 10 0
BBX 9 9 0 -1
BITMAP
4800
7580
9080
F480
5F80
FA80
5E80
7580
5480
ENDCHAR
STARTCHAR u956D.zh_hant
ENCODING 38253
SWIDTH 1000 0
DWIDTH 10 0
BBX 9 9 0 -1
BITMAP
4F80
7200
8F80
F280
4B80
F200
4F80
6A80
4F80
ENDCHAR
STARTCHAR u956F.zh_hant
ENCODING 38255
SWIDTH 1000 0
DWIDTH 10 0
BBX 9 9 0 -1
BITMAP
5F80
6A80
9F80
E800
5F80
EA80
5E80
6A80
5D80
ENDCHAR
STARTCHAR u9570.zh_hant
ENCODING 38256
SWIDTH 1000 0
DWIDTH 10 0
BBX 9 9 0 -1
BITMAP
4200
7F80
9280
FF80
5280
FF80
5500
6D80
5500
ENDCHAR
STARTCHAR u9573
ENCODING 38259
SWIDTH 1000 0
DWIDTH 10 0
BBX 9 9 0 -1
BITMAP
4200
7F80
9500
FF80
5580
FF00
5B80
5D00
6A80
ENDCHAR
STARTCHAR u9576.zh_hant
ENCODING 38262
SWIDTH 1000 0
DWIDTH 10 0
BBX 9 9 0 -1
BITMAP
4200
7F80
8A80
EF80
4500
EF80
4A80
6900
4C80
ENDCHAR
STARTCHAR u957F
ENCODING 38271
SWIDTH 1000 0
DWIDTH 10 0
BBX 9 9 0 -1
BITMAP
4100
4600
5800
4000
FF80
4800
4400
5200
6180
ENDCHAR
STARTCHAR u95E8
ENCODING 38376
SWIDTH 1000 0
DWIDTH 10 0
BBX 9 9 0 -1
BITMAP
9F80
4080
0080
8080
8080
8080
8080
8080
8180
ENDCHAR
STARTCHAR u95E9
ENCODING 38377
SWIDTH 1000 0
DWIDTH 10 0
BBX 9 9 0 -1
BITMAP
9F80
4080
0080
8080
BE80
8080
8080
8080
8180
ENDCHAR
STARTCHAR u95EA
ENCODING 38378
SWIDTH 1000 0
DWIDTH 10 0
BBX 9 9 0 -1
BITMAP
9F80
4080
0880
8880
8880
9480
A280
8080
8180
ENDCHAR
STARTCHAR u95EB
ENCODING 38379
SWIDTH 1000 0
DWIDTH 10 0
BBX 9 9 0 -1
BITMAP
9F80
4080
3E80
8080
9C80
8080
BE80
8080
8180
ENDCHAR
STARTCHAR u95ED
ENCODING 38381
SWIDTH 1000 0
DWIDTH 10 0
BBX 9 9 0 -1
BITMAP
9F80
4080
0480
8480
BE80
8C80
9480
A480
8D80
ENDCHAR
STARTCHAR u95EE
ENCODING 38382
SWIDTH 1000 0
DWIDTH 10 0
BBX 9 9 0 -1
BITMAP
9F80
4080
3E80
A280
A280
A280
BE80
8080
8180
ENDCHAR
STARTCHAR u95EF.zh_hant
ENCODING 38383
SWIDTH 1000 0
DWIDTH 10 0
BBX 9 9 0 -1
BITMAP
9F80
4080
3C80
9480
9E80
8280
BA80
8680
8180
ENDCHAR
STARTCHAR u95F0
ENCODING 38384
SWIDTH 1000 0
DWIDTH 10 0
BBX 9 9 0 -1
BITMAP
9F80
4080
3E80
8880
BE80
8880
8880
BE80
8180
ENDCHAR
STARTCHAR u95F2
ENCODING 38386
SWIDTH 1000 0
DWIDTH 10 0
BBX 9 9 0 -1
BITMAP
9F80
4080
0880
BE80
8880
9C80
AA80
8880
8180
ENDCHAR
STARTCHAR u95F4
ENCODING 38388
SWIDTH 1000 0
DWIDTH 10 0
BBX 9 9 0 -1
BITMAP
9F80
4080
3E80
A280
BE80
A280
A280
BE80
8180
ENDCHAR
STARTCHAR u95F5.zh_hant
ENCODING 38389
SWIDTH 1000 0
DWIDTH 10 0
BBX 9 9 0 -1
BITMAP
9F80
4080
0880
BE80
8480
9480
8880
9480
A580
ENDCHAR
STARTCHAR u95F6
ENCODING 38390
SWIDTH 1000 0
DWIDTH 10 0
BBX 9 9 0 -1
BITMAP
9F80
4080
0880
8080
BE80
8080
9C80
9480
A680
ENDCHAR
STARTCHAR u95F7.zh_hant
ENCODING 38391
SWIDTH 1000 0
DWIDTH 10 0
BBX 9 9 0 -1
BITMAP
9F80
4080
0880
AA80
E180
A280
9E80
8080
8180
ENDCHAR
STARTCHAR u95F8
ENCODING 38392
SWIDTH 1000 0
DWIDTH 10 0
BBX 9 9 0 -1
BITMAP
9F80
4080
3E80
AA80
BE80
AA80
BE80
8880
8980
ENDCHAR
STARTCHAR u95F9.zh_hant
ENCODING 38393
SWIDTH 1000 0
DWIDTH 10 0
BBX 9 9 0 -1
BITMAP
9F80
4080
0880
BE80
8880
BE80
AA80
AE80
8980
ENDCHAR
STARTCHAR u95FA.zh_hant
ENCODING 38394
SWIDTH 1000 0
DWIDTH 10 0
BBX 9 9 0 -1
BITMAP
9F80
4080
0880
BE80
8880
BE80
8880
8880
BE80
ENDCHAR
STARTCHAR u95FB.zh_hant
ENCODING 38395
SWIDTH 1000 0
DWIDTH 10 0
BBX 9 9 0 -1
BITMAP
9F80
4080
3E80
9480
9C80
9480
BE80
8480
8580
ENDCHAR
STARTCHAR u95FD.zh_hant
ENCODING 38397
SWIDTH 1000 0
DWIDTH 10 0
BBX 9 9 0 -1
BITMAP
9F80
4080
0880
BE80
AA80
BC80
8A80
BE80
8180
ENDCHAR
STARTCHAR u95FE.zh_hant
ENCODING 38398
SWIDTH 1000 0
DWIDTH 10 0
BBX 9 9 0 -1
BITMAP
9F80
4080
3E80
A280
BE80
8080
BE80
A280
BF80
ENDCHAR
STARTCHAR u9600.zh_hant
ENCODING 38400
SWIDTH 1000 0
DWIDTH 10 0
BBX 9 9 0 -1
BITMAP
9F80
4080
2A80
AE80
F880
AA80
AA80
A480
AB80
ENDCHAR
STARTCHAR u9601.zh_hant
ENCODING 38401
SWIDTH 1000 0
DWIDTH 10 0
BBX 9 9 0 -1
BITMAP
9F80
5080
1E80
B280
8C80
B380
9280
9E80
8180
ENDCHAR
STARTCHAR u9602.zh_hant
ENCODING 38402
SWIDTH 1000 0
DWIDTH 10 0
BBX 9 9 0 -1
BITMAP
9F80
4080
0880
BE80
9480
BA80
9480
EA80
9180
ENDCHAR
STARTCHAR u9605.zh_hant
ENCODING 38405
SWIDTH 1000 0
DWIDTH 10 0
BBX 9 9 0 -1
BITMAP
9F80
4080
1280
9480
BE80
A280
BE80
9480
A680
ENDCHAR
STARTCHAR u9608.zh_hant
ENCODING 38408
SWIDTH 1000 0
DWIDTH 10 0
BBX 9 9 0 -1
BITMAP
9F80
4080
8A80
FF80
AA80
BA80
8680
BA80
8180
ENDCHAR
STARTCHAR u9609.zh_hant
ENCODING 38409
SWIDTH 1000 0
DWIDTH 10 0
BBX 9 9 0 -1
BITMAP
9F80
4880
3E80
9480
EB80
BE80
AA80
BC80
8380
ENDCHAR
STARTCHAR u960C.zh_hant
ENCODING 38412
SWIDTH 1000 0
DWIDTH 10 0
BBX 9 9 0 -1
BITMAP
9F80
4280
3C80
9480
BE80
A280
9C80
8880
B680
ENDCHAR
STARTCHAR u960E.zh_hant
ENCODING 38414
SWIDTH 1000 0
DWIDTH 10 0
BBX 9 9 0 -1
BITMAP
9F80
5080
1E80
E280
9480
A280
B680
A280
BF80
ENDCHAR
STARTCHAR u9610.zh_hant
ENCODING 38416
SWIDTH 1000 0
DWIDTH 10 0
BBX 9 9 0 -1
BITMAP
9F80
4080
1480
BE80
AA80
BE80
AA80
FF80
8880
ENDCHAR
STARTCHAR u9611.zh_hant
ENCODING 38417
SWIDTH 1000 0
DWIDTH 10 0
BBX 9 9 0 -1
BITMAP
9F80
4880
3F80
8880
BE80
AA80
9C80
EB80
8880
ENDCHAR
STARTCHAR u9614.zh_hant
ENCODING 38420
SWIDTH 1000 0
DWIDTH 10 0
BBX 9 9 0 -1
BITMAP
9F80
4080
2F80
8480
CF80
A480
8F80
A880
CF80
ENDCHAR
STARTCHAR u9616.zh_hant
ENCODING 38422
SWIDTH 1000 0
DWIDTH 10 0
BBX 9 9 0 -1
BITMAP
9F80
4880
3E80
8880
BE80
9480
FF80
AA80
FF80
ENDCHAR
STARTCHAR u9619.zh_hant
ENCODING 38425
SWIDTH 1000 0
DWIDTH 10 0
BBX 9 9 0 -1
BITMAP
9F80
4480
1F80
A580
FA80
AA80
FD80
A480
C980
ENDCHAR
STARTCHAR u961C.zh_hant
ENCODING 38428
SWIDTH 1000 0
DWIDTH 10 0
BBX 9 9 0 -1
BITMAP
1000
3F00
2100
3F00
2000
3F00
2100
FF80
0800
ENDCHAR
STARTCHAR u961F.zh_hant
ENCODING 38431
SWIDTH 1000 0
DWIDTH 10 0
BBX 9 9 0 -1
BITMAP
F200
9200
A200
C200
A200
9200
9500
E500
8880
ENDCHAR
STARTCHAR u9621.zh_hant
ENCODING 38433
SWIDTH 1000 0
DWIDTH 10 0
BBX 9 9 0 -1
BITMAP
E180
BE00
A200
C200
BF80
A200
C200
8200
8200
ENDCHAR
STARTCHAR u9622.zh_hant
ENCODING 38434
SWIDTH 1000 0
DWIDTH 10 0
BBX 9 9 0 -1
BITMAP
FF80
AA00
AA00
CA00
AA00
AA00
CA80
9280
A180
ENDCHAR
STARTCHAR u962A.zh_hant
ENCODING 38442
SWIDTH 1000 0
DWIDTH 10 0
BBX 9 9 0 -1
BITMAP
EF80
A800
A800
CF80
A880
B480
D500
8300
9C80
ENDCHAR
STARTCHAR u962E.zh_hant
ENCODING 38446
SWIDTH 1000 0
DWIDTH 10 0
BBX 9 9 0 -1
BITMAP
EF80
A000
A000
DF80
A500
A500
C500
8900
B180
ENDCHAR
STARTCHAR u9631.zh_hant
ENCODING 38449
SWIDTH 1000 0
DWIDTH 10 0
BBX 9 9 0 -1
BITMAP
E900
A900
BF80
C900
A900
BF80
A900
C900
9100
ENDCHAR
STARTCHAR u9632.zh_hant
ENCODING 38450
SWIDTH 1000 0
DWIDTH 10 0
BBX 9 9 0 -1
BITMAP
E200
BF80
A400
C400
AF80
A880
D080
9080
8300
ENDCHAR
STARTCHAR u9633.zh_hant
ENCODING 38451
SWIDTH 1000 0
DWIDTH 10 0
BBX 9 9 0 -1
BITMAP
EF80
A880
A880
C880
AF80
A880
C880
8880
8F80
ENDCHAR
STARTCHAR u9634.zh_hant
ENCODING 38452
SWIDTH 1000 0
DWIDTH 10 0
BBX 9 9 0 -1
BITMAP
EF80
A880
AF80
C880
A880
AF80
C880
9080
9180
ENDCHAR
STARTCHAR u9635.zh_hant
ENCODING 38453
SWIDTH 1000 0
DWIDTH 10 0
BBX 9 9 0 -1
BITMAP
E200
AF80
A400
C500
A900
AF80
A100
CF80
8100
ENDCHAR
STARTCHAR u9636.zh_hant
ENCODING 38454
SWIDTH 1000 0
DWIDTH 10 0
BBX 9 9 0 -1
BITMAP
E600
A900
B080
C900
A900
A900
C900
9100
9100
ENDCHAR
STARTCHAR u963B.zh_hant
ENCODING 38459
SWIDTH 1000 0
DWIDTH 10 0
BBX 9 9 0 -1
BITMAP
EF80
A880
AF80
C880
A880
AF80
C880
8880
9F80
ENDCHAR
STARTCHAR u963F
ENCODING 38463
SWIDTH 1000 0
DWIDTH 10 0
BBX 9 9 0 -1
BITMAP
FF80
A100
AF00
CB00
AB00
AB00
EF00
8100
8300
ENDCHAR
STARTCHAR u9640.zh_hant
ENCODING 38464
SWIDTH 1000 0
DWIDTH 10 0
BBX 9 9 0 -1
BITMAP
E400
BF80
A080
C800
A980
AE00
C800
8880
8F80
ENDCHAR
STARTCHAR u9642.zh_hant
ENCODING 38466
SWIDTH 1000 0
DWIDTH 10 0
BBX 9 9 0 -1
BITMAP
E200
AF80
AA80
CA00
AF80
B480
D480
8300
8C80
ENDCHAR
STARTCHAR u9644.zh_hant
ENCODING 38468
SWIDTH 1000 0
DWIDTH 10 0
BBX 9 9 0 -1
BITMAP
E480
A480
AF80
D880
AC80
AA80
C880
8880
8980
ENDCHAR
STARTCHAR u9645.zh_hant
ENCODING 38469
SWIDTH 1000 0
DWIDTH 10 0
BBX 9 9 0 -1
BITMAP
EF80
A000
A000
CF80
A200
A200
CA80
9280
8600
ENDCHAR
STARTCHAR u9646.zh_hant
ENCODING 38470
SWIDTH 1000 0
DWIDTH 10 0
BBX 9 9 0 -1
BITMAP
E200
AF80
A200
C200
AF80
A200
CA80
8A80
8F80
ENDCHAR
STARTCHAR u9647.zh_hant
ENCODING 38471
SWIDTH 1000 0
DWIDTH 10 0
BBX 9 9 0 -1
BITMAP
E500
A480
BF80
CA00
AA80
AB00
CA00
9280
9580
ENDCHAR
STARTCHAR u9648.zh_hant
ENCODING 38472
SWIDTH 1000 0
DWIDTH 10 0
BBX 9 9 0 -1
BITMAP
E400
BF80
A400
CA00
AA00
AF80
C200
8A80
9680
ENDCHAR
STARTCHAR u964B.zh_hant
ENCODING 38475
SWIDTH 1000 0
DWIDTH 10 0
BBX 9 9 0 -1
BITMAP
EF80
A200
AF80
CA80
AA80
AD80
E880
A000
BF80
ENDCHAR
STARTCHAR u964C.zh_hant
ENCODING 38476
SWIDTH 1000 0
DWIDTH 10 0
BBX 9 9 0 -1
BITMAP
EF80
A200
A400
CF80
A880
AF80
C880
8880
8F80
ENDCHAR
STARTCHAR u964D.zh_hant
ENCODING 38477
SWIDTH 1000 0
DWIDTH 10 0
BBX 9 9 0 -1
BITMAP
E780
B880
A500
C600
B980
AF00
C900
9F80
8100
ENDCHAR
STARTCHAR u9650.zh_hant
ENCODING 38480
SWIDTH 1000 0
DWIDTH 10 0
BBX 9 9 0 -1
BITMAP
EF80
A880
AF80
C880
AF80
AA00
CA80
8900
8C80
ENDCHAR
STARTCHAR u9654.zh_hant
ENCODING 38484
SWIDTH 1000 0
DWIDTH 10 0
BBX 9 9 0 -1
BITMAP
E200
BF80
A480
C900
AA00
A480
A900
C600
9980
ENDCHAR
STARTCHAR u9655.zh_hant
ENCODING 38485
SWIDTH 1000 0
DWIDTH 10 0
BBX 9 9 0 -1
BITMAP
E200
BF80
A200
CA80
BF80
A200
C200
8500
9880
ENDCHAR
STARTCHAR u965B.zh_hant
ENCODING 38491
SWIDTH 1000 0
DWIDTH 10 0
BBX 9 9 0 -1
BITMAP
E900
AF80
A900
C900
AD80
A200
CF80
8200
9F80
ENDCHAR
STARTCHAR u965F.zh_hant
ENCODING 38495
SWIDTH 1000 0
DWIDTH 10 0
BBX 9 9 0 -1
BITMAP
EB80
AA00
BF80
C200
AA00
B600
C080
8300
9C00
ENDCHAR
STARTCHAR u9661.zh_hant
ENCODING 38497
SWIDTH 1000 0
DWIDTH 10 0
BBX 9 9 0 -1
BITMAP
E200
AF80
A200
CF80
A200
AB80
AA00
CA00
9780
ENDCHAR
STARTCHAR u9662.zh_hant
ENCODING 38498
SWIDTH 1000 0
DWIDTH 10 0
BBX 9 9 0 -1
BITMAP
E400
BF80
A080
CF80
A000
BF80
CA00
8A80
B380
ENDCHAR
STARTCHAR u9664.zh_hant
ENCODING 38500
SWIDTH 1000 0
DWIDTH 10 0
BBX 9 9 0 -1
BITMAP
E700
A880
B000
DF80
A200
BF80
C200
9280
A680
ENDCHAR
STARTCHAR u9667.zh_hant
ENCODING 38503
SWIDTH 1000 0
DWIDTH 10 0
BBX 9 9 0 -1
BITMAP
EF80
A880
AF80
C880
AF80
A200
AF80
C200
9F80
ENDCHAR
STARTCHAR u9668.zh_hant
ENCODING 38504
SWIDTH 1000 0
DWIDTH 10 0
BBX 9 9 0 -1
BITMAP
EF80
A880
AF80
C000
AF80
A880
CA80
8500
9880
ENDCHAR
STARTCHAR u9669.zh_hant
ENCODING 38505
SWIDTH 1000 0
DWIDTH 10 0
BBX 9 9 0 -1
BITMAP
EF00
B080
A000
DF80
A000
AA80
CA80
8100
9F80
ENDCHAR
STARTCHAR u966A.zh_hant
ENCODING 38506
SWIDTH 1000 0
DWIDTH 10 0
BBX 9 9 0 -1
BITMAP
E200
BF80
A900
C900
BF80
A000
CF80
8880
8F80
ENDCHAR
STARTCHAR u966C.zh_hant
ENCODING 38508
SWIDTH 1000 0
DWIDTH 10 0
BBX 9 9 0 -1
BITMAP
FF80
AA00
AF80
CA80
AE80
AB00
CB00
9E80
8280
ENDCHAR
STARTCHAR u9672.zh_hant
ENCODING 38514
SWIDTH 1000 0
DWIDTH 10 0
BBX 9 9 0 -1
BITMAP
EF80
A200
BF80
CA80
BF80
AA80
DF80
8200
9F80
ENDCHAR
STARTCHAR u9674.zh_hant
ENCODING 38516
SWIDTH 1000 0
DWIDTH 10 0
BBX 9 9 0 -1
BITMAP
E400
AF80
AA80
CF80
AA80
AF80
A500
DF80
8100
ENDCHAR
STARTCHAR u9675.zh_hant
ENCODING 38517
SWIDTH 1000 0
DWIDTH 10 0
BBX 9 9 0 -1
BITMAP
E200
BF80
A200
DF80
AA00
B780
C900
8600
9980
ENDCHAR
STARTCHAR u9676.zh_hant
ENCODING 38518
SWIDTH 1000 0
DWIDTH 10 0
BBX 9 9 0 -1
BITMAP
E800
AF80
B080
DE80
A480
BF80
C480
9480
9F00
ENDCHAR
STARTCHAR u9677.zh_hant
ENCODING 38519
SWIDTH 1000 0
DWIDTH 10 0
BBX 9 9 0 -1
BITMAP
E780
A480
A900
C200
AD80
A880
CD80
8880
8F80
ENDCHAR
STARTCHAR u9685.zh_hant
ENCODING 38533
SWIDTH 1000 0
DWIDTH 10 0
BBX 9 9 0 -1
BITMAP
EF80
AA80
AF80
CA80
AF80
A200
DF80
9480
9680
ENDCHAR
STARTCHAR u9686.zh_hant
ENCODING 38534
SWIDTH 1000 0
DWIDTH 10 0
BBX 9 9 0 -1
BITMAP
E780
B880
A500
CA00
AF80
B200
CF80
8200
9F80
ENDCHAR
STARTCHAR u9688.zh_hant
ENCODING 38536
SWIDTH 1000 0
DWIDTH 10 0
BBX 9 9 0 -1
BITMAP
EF80
AA80
AF80
CA80
AF80
A000
DF80
8900
9C80
ENDCHAR
STARTCHAR u968B.zh_hant
ENCODING 38539
SWIDTH 1000 0
DWIDTH 10 0
BBX 9 9 0 -1
BITMAP
E200
BF80
A400
CF80
B200
AF80
C880
8F80
8880
ENDCHAR
STARTCHAR u968D.zh_hant
ENCODING 38541
SWIDTH 1000 0
DWIDTH 10 0
BBX 9 9 0 -1
BITMAP
E400
AF80
A880
C880
AF80
A200
AF80
C200
8F80
ENDCHAR
STARTCHAR u968F
ENCODING 38543
SWIDTH 1000 0
DWIDTH 10 0
BBX 9 9 0 -1
BITMAP
E100
B780
A200
DB80
AE80
AB80
EA80
8800
9780
ENDCHAR
STARTCHAR u9690.zh_hant
ENCODING 38544
SWIDTH 1000 0
DWIDTH 10 0
BBX 9 9 0 -1
BITMAP
E700
A900
AF80
C080
AF80
A080
DF80
9500
A680
ENDCHAR
STARTCHAR u9694.zh_hant
ENCODING 38548
SWIDTH 1000 0
DWIDTH 10 0
BBX 9 9 0 -1
BITMAP
FF80
A900
AF00
C000
BF80
AA80
F180
AE80
A480
ENDCHAR
STARTCHAR u9697.zh_hant
ENCODING 38551
SWIDTH 1000 0
DWIDTH 10 0
BBX 9 9 0 -1
BITMAP
E800
BF80
A480
DF80
A480
BF80
CD00
9480
A780
ENDCHAR
STARTCHAR u9698.zh_hant
ENCODING 38552
SWIDTH 1000 0
DWIDTH 10 0
BBX 9 9 0 -1
BITMAP
E700
B100
AE80
C080
AF00
B080
DF80
8A80
9F80
ENDCHAR
STARTCHAR u9699.zh_hant
ENCODING 38553
SWIDTH 1000 0
DWIDTH 10 0
BBX 9 9 0 -1
BITMAP
EA80
AA80
B200
CF80
A880
AF80
C200
9280
A680
ENDCHAR
STARTCHAR u969C.zh_hant
ENCODING 38556
SWIDTH 1000 0
DWIDTH 10 0
BBX 9 9 0 -1
BITMAP
E200
BF80
A900
DF80
A880
AF80
C880
9F80
8200
ENDCHAR
STARTCHAR u96A7.zh_hant
ENCODING 38567
SWIDTH 1000 0
DWIDTH 10 0
BBX 9 9 0 -1
BITMAP
F300
A880
B700
C580
AB00
B580
DB00
A800
A780
ENDCHAR
STARTCHAR u96B0.zh_hant
ENCODING 38576
SWIDTH 1000 0
DWIDTH 10 0
BBX 9 9 0 -1
BITMAP
EF80
A880
AF80
C880
A500
AA80
DF80
8000
AA80
ENDCHAR
STARTCHAR u96B6.zh_hant
ENCODING 38582
SWIDTH 1000 0
DWIDTH 10 0
BBX 9 9 0 -1
BITMAP
0800
7F00
0900
FF80
0900
7E80
AD00
4A00
9980
ENDCHAR
STARTCHAR u96B9.zh_hant
ENCODING 38585
SWIDTH 1000 0
DWIDTH 10 0
BBX 9 9 0 -1
BITMAP
2200
7F80
4400
FF00
4400
7F00
4400
4400
7F80
ENDCHAR
STARTCHAR u96BC.zh_hant
ENCODING 38588
SWIDTH 1000 0
DWIDTH 10 0
BBX 9 9 0 -1
BITMAP
2400
7F80
C800
7F00
4800
7F00
0800
FF80
0800
ENDCHAR
STARTCHAR u96BD.zh_hant
ENCODING 38589
SWIDTH 1000 0
DWIDTH 10 0
BBX 9 9 0 -1
BITMAP
4400
7F80
C400
7F80
4400
7F80
1200
2100
C600
ENDCHAR
STARTCHAR u96BE.zh_hant
ENCODING 38590
SWIDTH 1000 0
DWIDTH 10 0
BBX 9 9 0 -1
BITMAP
0500
F780
1D00
5780
2500
2780
5500
4D00
8780
ENDCHAR
STARTCHAR u96C0.zh_hant
ENCODING 38592
SWIDTH 1000 0
DWIDTH 10 0
BBX 9 9 0 -1
BITMAP
0800
4900
9A80
0400
3F80
C400
7F00
4400
7F80
ENDCHAR
STARTCHAR u96C1.zh_hant
ENCODING 38593
SWIDTH 1000 0
DWIDTH 10 0
BBX 9 9 0 -1
BITMAP
FF80
9500
9500
AF80
E900
BF80
A900
A900
AF80
ENDCHAR
STARTCHAR u96C4.zh_hant
ENCODING 38596
SWIDTH 1000 0
DWIDTH 10 0
BBX 9 9 0 -1
BITMAP
4500
FF80
4900
5F80
8900
AF80
2900
4900
FF80
ENDCHAR
STARTCHAR u96C5.zh_hant
ENCODING 38597
SWIDTH 1000 0
DWIDTH 10 0
BBX 9 9 0 -1
BITMAP
F500
AF80
A900
AF80
F900
2F80
6900
A900
6F80
ENDCHAR
STARTCHAR u96C6.zh_hant
ENCODING 38598
SWIDTH 1000 0
DWIDTH 10 0
BBX 9 9 0 -1
BITMAP
2400
7F00
C800
7F00
4800
FF80
1A00
2900
C880
ENDCHAR
STARTCHAR u96C7.zh_hant
ENCODING 38599
SWIDTH 1000 0
DWIDTH 10 0
BBX 9 9 0 -1
BITMAP
FF80
0000
7F80
4080
7F80
5200
5F80
B200
9F80
ENDCHAR
STARTCHAR u96C9.zh_hant
ENCODING 38601
SWIDTH 1000 0
DWIDTH 10 0
BBX 9 9 0 -1
BITMAP
8500
FF80
A900
2F80
F900
2F80
2900
5900
8F80
ENDCHAR
STARTCHAR u96CC.zh_hant
ENCODING 38604
SWIDTH 1000 0
DWIDTH 10 0
BBX 9 9 0 -1
BITMAP
2500
2F80
2900
BF80
A900
AF80
A900
B900
CF80
ENDCHAR
STARTCHAR u96CD.zh_hant
ENCODING 38605
SWIDTH 1000 0
DWIDTH 10 0
BBX 9 9 0 -1
BITMAP
0800
FF80
2500
5F80
A900
4F80
F900
2900
CF80
ENDCHAR
STARTCHAR u96CE.zh_hant
ENCODING 38606
SWIDTH 1000 0
DWIDTH 10 0
BBX 9 9 0 -1
BITMAP
E500
AF80
E900
BF80
A900
EF80
A900
B900
CF80
ENDCHAR
STARTCHAR u96CF.zh_hant
ENCODING 38607
SWIDTH 1000 0
DWIDTH 10 0
BBX 9 9 0 -1
BITMAP
4500
7780
9500
2F80
F500
1780
F500
1500
F780
ENDCHAR
STARTCHAR u96D2.zh_hant
ENCODING 38610
SWIDTH 1000 0
DWIDTH 10 0
BBX 9 9 0 -1
BITMAP
7500
9F80
A500
6780
9500
FF80
9500
9500
F780
ENDCHAR
STARTCHAR u96D5.zh_hant
ENCODING 38613
SWIDTH 1000 0
DWIDTH 10 0
BBX 9 9 0 -1
BITMAP
FD00
A780
F500
A780
F500
A780
F500
9500
F780
ENDCHAR
STARTCHAR u96E8
ENCODING 38632
SWIDTH 1000 0
DWIDTH 10 0
BBX 9 9 0 -1
BITMAP
FF80
0800
FF80
8880
AA80
8880
AA80
8880
8980
ENDCHAR
STARTCHAR u96E9.zh_hant
ENCODING 38633
SWIDTH 1000 0
DWIDTH 10 0
BBX 9 9 0 -1
BITMAP
7F00
0800
FF80
AA80
7F00
1000
3F00
0100
3E00
ENDCHAR
STARTCHAR u96EA.zh_hans
ENCODING 38634
SWIDTH 1000 0
DWIDTH 10 0
BBX 9 9 0 -1
BITMAP
7F00
0800
FF80
AA80
7F00
0100
7F00
0100
7F00
ENDCHAR
STARTCHAR u96EF.zh_hant
ENCODING 38639
SWIDTH 1000 0
DWIDTH 10 0
BBX 9 9 0 -1
BITMAP
7F00
0800
FF80
AA80
0800
FF80
2200
1C00
E380
ENDCHAR
STARTCHAR u96F3.zh_hant
ENCODING 38643
SWIDTH 1000 0
DWIDTH 10 0
BBX 9 9 0 -1
BITMAP
7F00
0800
FF80
AA80
7F00
4400
5F80
8880
B300
ENDCHAR
STARTCHAR u96F6.zh_hant
ENCODING 38646
SWIDTH 1000 0
DWIDTH 10 0
BBX 9 9 0 -1
BITMAP
7F00
0800
FF80
AA80
9E80
2100
7F80
8900
0B00
ENDCHAR
STARTCHAR u96F7
ENCODING 38647
SWIDTH 1000 0
DWIDTH 10 0
BBX 9 9 0 -1
BITMAP
7F00
0800
FF80
AA80
7F00
4900
7F00
4900
7F00
ENDCHAR
STARTCHAR u96F9.zh_hant
ENCODING 38649
SWIDTH 1000 0
DWIDTH 10 0
BBX 9 9 0 -1
BITMAP
7F00
0800
FF80
AA80
3F80
C480
7D00
4080
7F80
ENDCHAR
STARTCHAR u96FE.zh_hant
ENCODING 38654
SWIDTH 1000 0
DWIDTH 10 0
BBX 9 9 0 -1
BITMAP
7F00
0800
FF80
AA80
3F00
4200
3D80
C900
3300
ENDCHAR
STARTCHAR u9700.zh_hant
ENCODING 38656
SWIDTH 1000 0
DWIDTH 10 0
BBX 9 9 0 -1
BITMAP
7F00
0800
FF80
AA80
9980
0800
FF80
9480
9580
ENDCHAR
STARTCHAR u9704.zh_hant
ENCODING 38660
SWIDTH 1000 0
DWIDTH 10 0
BBX 9 9 0 -1
BITMAP
7F00
0800
FF80
AA80
4900
FF80
4100
7F00
4100
ENDCHAR
STARTCHAR u9706.zh_hant
ENCODING 38662
SWIDTH 1000 0
DWIDTH 10 0
BBX 9 9 0 -1
BITMAP
7F00
0800
FF80
8880
6F00
2200
CF80
6200
9F80
ENDCHAR
STARTCHAR u9707.zh_hant
ENCODING 38663
SWIDTH 1000 0
DWIDTH 10 0
BBX 9 9 0 -1
BITMAP
7F00
0800
FF80
AA80
7F00
4000
7F80
A200
B980
ENDCHAR
STARTCHAR u9708.zh_hant
ENCODING 38664
SWIDTH 1000 0
DWIDTH 10 0
BBX 9 9 0 -1
BITMAP
7F00
0800
FF80
AA80
8200
5F80
8200
5F80
9280
ENDCHAR
STARTCHAR u9709.zh_hant
ENCODING 38665
SWIDTH 1000 0
DWIDTH 10 0
BBX 9 9 0 -1
BITMAP
7F00
0800
FF80
AA80
7F80
A500
7F80
4900
7E00
ENDCHAR
STARTCHAR u970D.zh_hant
ENCODING 38669
SWIDTH 1000 0
DWIDTH 10 0
BBX 9 9 0 -1
BITMAP
7F00
0800
FF80
AA80
3F00
C400
7F80
4400
7F80
ENDCHAR
STARTCHAR u970E.zh_hant
ENCODING 38670
SWIDTH 1000 0
DWIDTH 10 0
BBX 9 9 0 -1
BITMAP
7F00
0800
FF80
AA80
7F00
1400
F380
3E00
C180
ENDCHAR
STARTCHAR u970F.zh_hant
ENCODING 38671
SWIDTH 1000 0
DWIDTH 10 0
BBX 9 9 0 -1
BITMAP
7F00
0800
FF80
AA80
1400
F780
1400
F780
2400
ENDCHAR
STARTCHAR u9713.zh_hant
ENCODING 38675
SWIDTH 1000 0
DWIDTH 10 0
BBX 9 9 0 -1
BITMAP
7F00
0800
FF80
AA80
4100
7700
4100
3E80
C380
ENDCHAR
STARTCHAR u9716.zh_hant
ENCODING 38678
SWIDTH 1000 0
DWIDTH 10 0
BBX 9 9 0 -1
BITMAP
7F00
0800
FF80
AA80
2200
FF80
2600
6B00
B280
ENDCHAR
STARTCHAR u971C
ENCODING 38684
SWIDTH 1000 0
DWIDTH 10 0
BBX 9 9 0 -1
BITMAP
7F00
0800
FF80
AA80
2780
FC80
2780
7480
AF80
ENDCHAR
STARTCHAR u971E.zh_hant
ENCODING 38686
SWIDTH 1000 0
DWIDTH 10 0
BBX 9 9 0 -1
BITMAP
7F00
0800
FF80
AA80
0800
F780
8480
F300
8C80
ENDCHAR
STARTCHAR u972A.zh_hant
ENCODING 38698
SWIDTH 1000 0
DWIDTH 10 0
BBX 9 9 0 -1
BITMAP
7F00
0800
FF80
AA80
9F80
5500
BF80
4200
9F80
ENDCHAR
STARTCHAR u972D.zh_hant
ENCODING 38701
SWIDTH 1000 0
DWIDTH 10 0
BBX 9 9 0 -1
BITMAP
7F00
0800
FF80
AA80
1A00
CF80
5880
6A80
4D80
ENDCHAR
STARTCHAR u9730.zh_hant
ENCODING 38704
SWIDTH 1000 0
DWIDTH 10 0
BBX 9 9 0 -1
BITMAP
7F00
0800
FF80
AA80
FD00
5380
FC80
9300
B480
ENDCHAR
STARTCHAR u9732.zh_hant
ENCODING 38706
SWIDTH 1000 0
DWIDTH 10 0
BBX 9 9 0 -1
BITMAP
7F00
0800
FF80
AA80
7700
9880
F700
AC80
F780
ENDCHAR
STARTCHAR u9738.zh_hant
ENCODING 38712
SWIDTH 1000 0
DWIDTH 10 0
BBX 9 9 0 -1
BITMAP
7F00
0800
FF80
AA80
5780
FC80
5780
FC80
2580
ENDCHAR
STARTCHAR u9739.zh_hant
ENCODING 38713
SWIDTH 1000 0
DWIDTH 10 0
BBX 9 9 0 -1
BITMAP
7F00
0800
FF80
AA80
F200
9F80
F500
9F80
F200
ENDCHAR
STARTCHAR u973E.zh_hant
ENCODING 38718
SWIDTH 1000 0
DWIDTH 10 0
BBX 9 9 0 -1
BITMAP
7F00
0800
FF80
AA80
5700
AA80
6F80
A200
6F80
ENDCHAR
STARTCHAR u9752
ENCODING 38738
SWIDTH 1000 0
DWIDTH 10 0
BBX 9 9 0 -1
BITMAP
0800
7F00
0800
FF80
4100
7F00
4100
7F00
4100
ENDCHAR
STARTCHAR u9756.zh_hant
ENCODING 38742
SWIDTH 1000 0
DWIDTH 10 0
BBX 9 9 0 -1
BITMAP
4200
4F80
F200
2F80
A200
BF80
2880
EF80
0880
ENDCHAR
STARTCHAR u9759.zh_hant
ENCODING 38745
SWIDTH 1000 0
DWIDTH 10 0
BBX 9 9 0 -1
BITMAP
4F00
F100
4F80
F280
4F80
F280
9F80
F200
9600
ENDCHAR
STARTCHAR u975B.zh_hant
ENCODING 38747
SWIDTH 1000 0
DWIDTH 10 0
BBX 9 9 0 -1
BITMAP
2200
FF80
2880
F780
2200
FB80
8A00
FE00
9180
ENDCHAR
STARTCHAR u975E.zh_hant
ENCODING 38750
SWIDTH 1000 0
DWIDTH 10 0
BBX 9 9 0 -1
BITMAP
1400
F780
1400
F780
1400
F400
1780
2400
C400
ENDCHAR
STARTCHAR u9760.zh_hant
ENCODING 38752
SWIDTH 1000 0
DWIDTH 10 0
BBX 9 9 0 -1
BITMAP
4800
7F00
8800
FF80
2200
FF80
1400
F780
2400
ENDCHAR
STARTCHAR u9761.zh_hant
ENCODING 38753
SWIDTH 1000 0
DWIDTH 10 0
BBX 9 9 0 -1
BITMAP
0800
FF80
9200
FF80
D500
BB80
8A00
FB80
9200
ENDCHAR
STARTCHAR u9762
ENCODING 38754
SWIDTH 1000 0
DWIDTH 10 0
BBX 9 9 0 -1
BITMAP
FF80
0800
FF80
A280
BE80
A280
BE80
A280
FF80
ENDCHAR
STARTCHAR u9765.zh_hant
ENCODING 38757
SWIDTH 1000 0
DWIDTH 10 0
BBX 9 9 0 -1
BITMAP
FF80
8900
FF00
9400
BF80
EA80
AE80
AA80
BF80
ENDCHAR
STARTCHAR u9769
ENCODING 38761
SWIDTH 1000 0
DWIDTH 10 0
BBX 9 9 0 -1
BITMAP
2200
FF80
2200
7F00
4900
7F00
0800
FF80
0800
ENDCHAR
STARTCHAR u9773.zh_hant
ENCODING 38771
SWIDTH 1000 0
DWIDTH 10 0
BBX 9 9 0 -1
BITMAP
5080
FF00
5400
FF80
A500
FD00
2500
F900
2100
ENDCHAR
STARTCHAR u9774.zh_hant
ENCODING 38772
SWIDTH 1000 0
DWIDTH 10 0
BBX 9 9 0 -1
BITMAP
5200
FE00
4A80
FB00
AA00
FA00
2A80
FA80
2B80
ENDCHAR
STARTCHAR u9776.zh_hant
ENCODING 38774
SWIDTH 1000 0
DWIDTH 10 0
BBX 9 9 0 -1
BITMAP
5780
FA80
5280
FA80
AF80
FC00
2400
FC80
2780
ENDCHAR
STARTCHAR u977C.zh_hant
ENCODING 38780
SWIDTH 1000 0
DWIDTH 10 0
BBX 9 9 0 -1
BITMAP
5780
FC80
5480
FF80
A480
FC80
2780
F800
2780
ENDCHAR
STARTCHAR u9785.zh_hant
ENCODING 38789
SWIDTH 1000 0
DWIDTH 10 0
BBX 9 9 0 -1
BITMAP
5200
FF80
4A80
FA80
AA80
FF80
2200
F500
2880
ENDCHAR
STARTCHAR u978B.zh_hant
ENCODING 38795
SWIDTH 1000 0
DWIDTH 10 0
BBX 9 9 0 -1
BITMAP
5100
FF80
5100
FF80
A900
FF80
2100
F900
2780
ENDCHAR
STARTCHAR u978D.zh_hant
ENCODING 38797
SWIDTH 1000 0
DWIDTH 10 0
BBX 9 9 0 -1
BITMAP
5200
FF80
5080
F400
AF80
F900
2900
E600
3980
ENDCHAR
STARTCHAR u9791.zh_hant
ENCODING 38801
SWIDTH 1000 0
DWIDTH 10 0
BBX 9 9 0 -1
BITMAP
5900
F500
5380
F100
AD00
F680
2480
FA00
2980
ENDCHAR
STARTCHAR u9798.zh_hant
ENCODING 38808
SWIDTH 1000 0
DWIDTH 10 0
BBX 9 9 0 -1
BITMAP
5200
FA80
5300
FA00
AF80
F880
2F80
F880
2980
ENDCHAR
STARTCHAR u97A0.zh_hant
ENCODING 38816
SWIDTH 1000 0
DWIDTH 10 0
BBX 9 9 0 -1
BITMAP
4800
FF80
5480
F680
A480
FF80
2480
F680
2580
ENDCHAR
STARTCHAR u97A3.zh_hant
ENCODING 38819
SWIDTH 1000 0
DWIDTH 10 0
BBX 9 9 0 -1
BITMAP
5700
F900
5200
FF80
AA80
F200
2F80
F600
2A80
ENDCHAR
STARTCHAR u97AB.zh_hant
ENCODING 38827
SWIDTH 1000 0
DWIDTH 10 0
BBX 9 9 0 -1
BITMAP
A400
FF80
AE80
F080
5E80
F080
4E80
FA80
4F00
ENDCHAR
STARTCHAR u97AD.zh_hant
ENCODING 38829
SWIDTH 1000 0
DWIDTH 10 0
BBX 9 9 0 -1
BITMAP
5F80
F200
5F80
FA80
AF80
FA80
2F80
FA00
2D80
ENDCHAR
STARTCHAR u97B2.zh_hant
ENCODING 38834
SWIDTH 1000 0
DWIDTH 10 0
BBX 9 9 0 -1
BITMAP
5500
FF80
5500
FF80
AA80
FF80
2A80
FF80
2880
ENDCHAR
STARTCHAR u97B4.zh_hant
ENCODING 38836
SWIDTH 1000 0
DWIDTH 10 0
BBX 9 9 0 -1
BITMAP
5500
FF80
5500
FF80
A800
FF80
2A80
FF80
2A80
ENDCHAR
STARTCHAR u97E6.zh_hant
ENCODING 38886
SWIDTH 1000 0
DWIDTH 10 0
BBX 9 9 0 -1
BITMAP
0800
FF80
0800
7F00
0800
FF80
0880
0B80
0800
ENDCHAR
STARTCHAR u97E7.zh_hant
ENCODING 38887
SWIDTH 1000 0
DWIDTH 10 0
BBX 9 9 0 -1
BITMAP
4F80
F280
4A80
F680
4280
F280
5480
7480
4580
ENDCHAR
STARTCHAR u97E9
ENCODING 38889
SWIDTH 1000 0
DWIDTH 10 0
BBX 9 9 0 -1
BITMAP
2200
FF80
2200
FF80
8A00
FF80
8A80
FB80
2200
ENDCHAR
STARTCHAR u97EA.zh_hant
ENCODING 38890
SWIDTH 1000 0
DWIDTH 10 0
BBX 9 9 0 -1
BITMAP
F200
9F80
F200
9F80
F200
2F80
B280
E200
9F80
ENDCHAR
STARTCHAR u97EB.zh_hant
ENCODING 38891
SWIDTH 1000 0
DWIDTH 10 0
BBX 9 9 0 -1
BITMAP
4F00
F900
4F00
F900
4F00
F000
5F00
7500
4F80
ENDCHAR
STARTCHAR u97EC.zh_hant
ENCODING 38892
SWIDTH 1000 0
DWIDTH 10 0
BBX 9 9 0 -1
BITMAP
4F80
F280
4880
F400
4D80
F080
5D80
7080
5F80
ENDCHAR
STARTCHAR u97ED
ENCODING 38893
SWIDTH 1000 0
DWIDTH 10 0
BBX 9 9 0 -1
BITMAP
1400
1400
F780
1400
F780
1400
F780
1400
FF80
ENDCHAR
STARTCHAR u97F3
ENCODING 38899
SWIDTH 1000 0
DWIDTH 10 0
BBX 9 9 0 -1
BITMAP
0800
7F00
2200
2200
FF80
4100
7F00
4100
7F00
ENDCHAR
STARTCHAR u97F5.zh_hant
ENCODING 38901
SWIDTH 1000 0
DWIDTH 10 0
BBX 9 9 0 -1
BITMAP
2400
F780
5880
5680
F080
9380
FC80
9080
F300
ENDCHAR
STARTCHAR u97F6.zh_hant
ENCODING 38902
SWIDTH 1000 0
DWIDTH 10 0
BBX 9 9 0 -1
BITMAP
2F80
F280
5480
5980
F000
9780
F480
9480
F780
ENDCHAR
STARTCHAR u9875
ENCODING 39029
SWIDTH 1000 0
DWIDTH 10 0
BBX 9 9 0 -1
BITMAP
FF80
0800
7F00
4100
4900
4900
5500
2200
C180
ENDCHAR
STARTCHAR u9876.zh_hant
ENCODING 39030
SWIDTH 1000 0
DWIDTH 10 0
BBX 9 9 0 -1
BITMAP
1F80
E400
4F80
4880
4A80
4A80
4A80
4500
D880
ENDCHAR
STARTCHAR u9877.zh_hant
ENCODING 39031
SWIDTH 1000 0
DWIDTH 10 0
BBX 9 9 0 -1
BITMAP
1F80
8400
8F80
E880
8A80
8A80
8A80
E500
1880
ENDCHAR
STARTCHAR u9879.zh_hant
ENCODING 39033
SWIDTH 1000 0
DWIDTH 10 0
BBX 9 9 0 -1
BITMAP
1F80
E400
4F80
4880
4A80
4A80
EA80
0500
1880
ENDCHAR
STARTCHAR u987A.zh_hant
ENCODING 39034
SWIDTH 1000 0
DWIDTH 10 0
BBX 9 9 0 -1
BITMAP
9F80
A400
AF80
A880
AA80
AA80
AA80
A500
9880
ENDCHAR
STARTCHAR u987B.zh_hant
ENCODING 39035
SWIDTH 1000 0
DWIDTH 10 0
BBX 9 9 0 -1
BITMAP
3F80
4400
8F80
2880
4A80
8A80
2A80
4500
9880
ENDCHAR
STARTCHAR u987D.zh_hant
ENCODING 39037
SWIDTH 1000 0
DWIDTH 10 0
BBX 9 9 0 -1
BITMAP
EF80
0400
0F80
F880
2A80
6A80
BA80
8500
1880
ENDCHAR
STARTCHAR u987E.zh_hant
ENCODING 39038
SWIDTH 1000 0
DWIDTH 10 0
BBX 9 9 0 -1
BITMAP
EF80
8400
EF80
A880
AA80
8A80
EA80
8500
9880
ENDCHAR
STARTCHAR u987F.zh_hant
ENCODING 39039
SWIDTH 1000 0
DWIDTH 10 0
BBX 9 9 0 -1
BITMAP
2F80
F400
2F80
A880
AA80
FA80
2A80
2500
3880
ENDCHAR
STARTCHAR u9881.zh_hant
ENCODING 39041
SWIDTH 1000 0
DWIDTH 10 0
BBX 9 9 0 -1
BITMAP
6F80
2200
9F80
8880
FA80
4A80
4A00
8500
B880
ENDCHAR
STARTCHAR u9882.zh_hant
ENCODING 39042
SWIDTH 1000 0
DWIDTH 10 0
BBX 9 9 0 -1
BITMAP
6F80
2400
9F80
A880
2A80
4A80
5A80
9500
F880
ENDCHAR
STARTCHAR u9884.zh_hant
ENCODING 39044
SWIDTH 1000 0
DWIDTH 10 0
BBX 9 9 0 -1
BITMAP
FF80
1400
2F80
F880
5A80
6A80
4A80
4500
D880
ENDCHAR
STARTCHAR u9885.zh_hant
ENCODING 39045
SWIDTH 1000 0
DWIDTH 10 0
BBX 9 9 0 -1
BITMAP
4F80
7400
4F80
E880
AA80
EA80
8A80
8500
9880
ENDCHAR
STARTCHAR u9886.zh_hant
ENCODING 39046
SWIDTH 1000 0
DWIDTH 10 0
BBX 9 9 0 -1
BITMAP
2F80
5400
8F80
2880
FA80
1280
5200
2500
2880
ENDCHAR
STARTCHAR u9887.zh_hant
ENCODING 39047
SWIDTH 1000 0
DWIDTH 10 0
BBX 9 9 0 -1
BITMAP
2F80
F400
AF80
A880
FA80
8A80
AA80
3500
C880
ENDCHAR
STARTCHAR u9888.zh_hant
ENCODING 39048
SWIDTH 1000 0
DWIDTH 10 0
BBX 9 9 0 -1
BITMAP
FF80
1400
2F80
5880
8A80
FA80
2A80
3500
C880
ENDCHAR
STARTCHAR u988A.zh_hant
ENCODING 39050
SWIDTH 1000 0
DWIDTH 10 0
BBX 9 9 0 -1
BITMAP
2F80
F400
2F80
A880
2A80
FA80
2A80
4500
9880
ENDCHAR
STARTCHAR u988C.zh_hant
ENCODING 39052
SWIDTH 1000 0
DWIDTH 10 0
BBX 9 9 0 -1
BITMAP
6F80
9200
0F80
F880
0A80
EA80
AA80
A500
E880
ENDCHAR
STARTCHAR u9890.zh_hant
ENCODING 39056
SWIDTH 1000 0
DWIDTH 10 0
BBX 9 9 0 -1
BITMAP
FF80
A400
AF80
F880
8A80
FA80
AA80
A500
F880
ENDCHAR
STARTCHAR u9891.zh_hant
ENCODING 39057
SWIDTH 1000 0
DWIDTH 10 0
BBX 9 9 0 -1
BITMAP
2F80
B400
AF80
F880
2A80
BA80
6A80
3500
C880
ENDCHAR
STARTCHAR u9893.zh_hant
ENCODING 39059
SWIDTH 1000 0
DWIDTH 10 0
BBX 9 9 0 -1
BITMAP
FF80
2400
FF80
2880
7A80
AA80
5280
5500
9880
ENDCHAR
STARTCHAR u9894.zh_hant
ENCODING 39060
SWIDTH 1000 0
DWIDTH 10 0
BBX 9 9 0 -1
BITMAP
6F80
9200
EF80
0880
EA80
2A80
F280
9500
F880
ENDCHAR
STARTCHAR u9896.zh_hant
ENCODING 39062
SWIDTH 1000 0
DWIDTH 10 0
BBX 9 9 0 -1
BITMAP
8F80
F400
8F80
F880
2A80
FA80
2A80
6500
A880
ENDCHAR
STARTCHAR u9897.zh_hant
ENCODING 39063
SWIDTH 1000 0
DWIDTH 10 0
BBX 9 9 0 -1
BITMAP
FF80
A400
FF80
A880
FA80
2A80
FA80
6500
A880
ENDCHAR
STARTCHAR u9898.zh_hant
ENCODING 39064
SWIDTH 1000 0
DWIDTH 10 0
BBX 9 9 0 -1
BITMAP
F780
9200
F780
9480
F580
2200
B480
E000
9F80
ENDCHAR
STARTCHAR u989A.zh_hant
ENCODING 39066
SWIDTH 1000 0
DWIDTH 10 0
BBX 9 9 0 -1
BITMAP
FF80
AA00
FF80
0880
FA80
4A80
F280
1500
6880
ENDCHAR
STARTCHAR u989C.zh_hant
ENCODING 39068
SWIDTH 1000 0
DWIDTH 10 0
BBX 9 9 0 -1
BITMAP
2780
FA00
5780
FC80
A580
D580
A900
D280
A480
ENDCHAR
STARTCHAR u989D.zh_hant
ENCODING 39069
SWIDTH 1000 0
DWIDTH 10 0
BBX 9 9 0 -1
BITMAP
4F80
F400
AF80
4880
AA80
1A80
E200
A500
E880
ENDCHAR
STARTCHAR u98A0.zh_hant
ENCODING 39072
SWIDTH 1000 0
DWIDTH 10 0
BBX 9 9 0 -1
BITMAP
2F80
F400
2F80
F880
8A80
FA80
0A80
5500
8880
ENDCHAR
STARTCHAR u98A4.zh_hant
ENCODING 39076
SWIDTH 1000 0
DWIDTH 10 0
BBX 9 9 0 -1
BITMAP
2F80
F400
AF80
B880
8A80
FA80
4A80
4500
F880
ENDCHAR
STARTCHAR u98A7.zh_hant
ENCODING 39079
SWIDTH 1000 0
DWIDTH 10 0
BBX 9 9 0 -1
BITMAP
5780
F400
AF80
F880
4A80
FA80
AA80
A500
F880
ENDCHAR
STARTCHAR u98CE
ENCODING 39118
SWIDTH 1000 0
DWIDTH 10 0
BBX 9 9 0 -1
BITMAP
7F00
4100
6500
5500
4900
4900
5500
6380
8080
ENDCHAR
STARTCHAR u98D2.zh_hant
ENCODING 39122
SWIDTH 1000 0
DWIDTH 10 0
BBX 9 9 0 -1
BITMAP
5F00
5100
FB00
1500
9500
9B00
1100
E100
2180
ENDCHAR
STARTCHAR u98D3
ENCODING 39123
SWIDTH 1000 0
DWIDTH 10 0
BBX 9 9 0 -1
BITMAP
FB80
8A80
DB80
AA80
AF80
AA00
DC80
8800
8780
ENDCHAR
STARTCHAR u98D5.zh_hant
ENCODING 39125
SWIDTH 1000 0
DWIDTH 10 0
BBX 9 9 0 -1
BITMAP
FD80
8A80
DF80
AA80
AF80
AC80
DB00
8C80
8780
ENDCHAR
STARTCHAR u98D8.zh_hant
ENCODING 39128
SWIDTH 1000 0
DWIDTH 10 0
BBX 9 9 0 -1
BITMAP
FF80
2880
FD80
AA80
FA80
0280
FD80
2080
A880
ENDCHAR
STARTCHAR u98D9.zh_hant
ENCODING 39129
SWIDTH 1000 0
DWIDTH 10 0
BBX 9 9 0 -1
BITMAP
2F80
F880
2D80
5A80
5280
FA80
5580
A880
A880
ENDCHAR
STARTCHAR u98DA.zh_hant
ENCODING 39130
SWIDTH 1000 0
DWIDTH 10 0
BBX 9 9 0 -1
BITMAP
F900
8F80
D900
AA80
AF80
AA80
DD00
8A80
8780
ENDCHAR
STARTCHAR u98DE.zh_hant
ENCODING 39134
SWIDTH 1000 0
DWIDTH 10 0
BBX 9 9 0 -1
BITMAP
FC00
0480
0500
0600
0500
0480
0400
0200
0180
ENDCHAR
STARTCHAR u98DF.zh_hant
ENCODING 39135
SWIDTH 1000 0
DWIDTH 10 0
BBX 9 9 0 -1
BITMAP
1C00
2A00
7F00
C180
7F00
4100
7F00
4200
F180
ENDCHAR
STARTCHAR u98E7.zh_hant
ENCODING 39143
SWIDTH 1000 0
DWIDTH 10 0
BBX 9 9 0 -1
BITMAP
4700
7880
4F80
A880
AF80
2880
1F80
2900
CC80
ENDCHAR
STARTCHAR u98E8.zh_hant
ENCODING 39144
SWIDTH 1000 0
DWIDTH 10 0
BBX 9 9 0 -1
BITMAP
4700
8880
A780
4480
9780
F480
1780
2500
CE80
ENDCHAR
STARTCHAR u9910.zh_hant
ENCODING 39184
SWIDTH 1000 0
DWIDTH 10 0
BBX 9 9 0 -1
BITMAP
7780
4080
7500
D300
3E80
E200
3E80
2500
F380
ENDCHAR
STARTCHAR u992E.zh_hant
ENCODING 39214
SWIDTH 1000 0
DWIDTH 10 0
BBX 9 9 0 -1
BITMAP
F700
4580
7A80
D500
3F00
E280
3E00
2500
F380
ENDCHAR
STARTCHAR u9955.zh_hant
ENCODING 39253
SWIDTH 1000 0
DWIDTH 10 0
BBX 9 9 0 -1
BITMAP
F300
9F80
F500
5A80
FF00
A280
3E00
2500
F380
ENDCHAR
STARTCHAR u9965.zh_hant
ENCODING 39269
SWIDTH 1000 0
DWIDTH 10 0
BBX 9 9 0 -1
BITMAP
4F00
6900
8900
4900
4900
4900
4900
6900
5180
ENDCHAR
STARTCHAR u9968.zh_hant
ENCODING 39272
SWIDTH 1000 0
DWIDTH 10 0
BBX 9 9 0 -1
BITMAP
4200
6F80
8200
4A80
4A80
4F80
4A00
6280
4380
ENDCHAR
STARTCHAR u996A.zh_hant
ENCODING 39274
SWIDTH 1000 0
DWIDTH 10 0
BBX 9 9 0 -1
BITMAP
4180
6E00
A200
4200
4F80
4200
5200
6200
4F80
ENDCHAR
STARTCHAR u996D.zh_hant
ENCODING 39277
SWIDTH 1000 0
DWIDTH 10 0
BBX 9 9 0 -1
BITMAP
4F80
7800
8800
5F80
4880
4A80
4A80
6300
4C80
ENDCHAR
STARTCHAR u996E.zh_hant
ENCODING 39278
SWIDTH 1000 0
DWIDTH 10 0
BBX 9 9 0 -1
BITMAP
4400
7780
9480
4A80
4200
4200
4500
6880
5080
ENDCHAR
STARTCHAR u996F.zh_hant
ENCODING 39279
SWIDTH 1000 0
DWIDTH 10 0
BBX 9 9 0 -1
BITMAP
4500
7F80
9400
4F80
4400
4500
5200
6680
4980
ENDCHAR
STARTCHAR u9970.zh_hant
ENCODING 39280
SWIDTH 1000 0
DWIDTH 10 0
BBX 9 9 0 -1
BITMAP
4800
6F80
9200
4F80
4A80
4A80
4B80
6200
4200
ENDCHAR
STARTCHAR u9971.zh_hant
ENCODING 39281
SWIDTH 1000 0
DWIDTH 10 0
BBX 9 9 0 -1
BITMAP
4800
6F80
9080
4E80
4A80
4A00
4E00
6880
4F80
ENDCHAR
STARTCHAR u9972.zh_hant
ENCODING 39282
SWIDTH 1000 0
DWIDTH 10 0
BBX 9 9 0 -1
BITMAP
4F80
7080
8E80
4080
4E80
4A80
4E80
6080
4300
ENDCHAR
STARTCHAR u9974.zh_hant
ENCODING 39284
SWIDTH 1000 0
DWIDTH 10 0
BBX 9 9 0 -1
BITMAP
4200
7400
9480
4780
4000
4780
5480
6480
4780
ENDCHAR
STARTCHAR u9975.zh_hant
ENCODING 39285
SWIDTH 1000 0
DWIDTH 10 0
BBX 9 9 0 -1
BITMAP
4F80
7480
9780
4480
4780
4480
4F80
6880
4080
ENDCHAR
STARTCHAR u9976.zh_hant
ENCODING 39286
SWIDTH 1000 0
DWIDTH 10 0
BBX 9 9 0 -1
BITMAP
4400
7F80
9500
4280
4D80
4000
5F80
6A00
5380
ENDCHAR
STARTCHAR u9977
ENCODING 39287
SWIDTH 1000 0
DWIDTH 10 0
BBX 9 9 0 -1
BITMAP
4400
6F80
A880
4E80
4A80
4A80
4E80
6880
4980
ENDCHAR
STARTCHAR u997A.zh_hant
ENCODING 39290
SWIDTH 1000 0
DWIDTH 10 0
BBX 9 9 0 -1
BITMAP
4200
7F80
9500
6880
4500
4500
4200
6500
4880
ENDCHAR
STARTCHAR u997C.zh_hant
ENCODING 39292
SWIDTH 1000 0
DWIDTH 10 0
BBX 9 9 0 -1
BITMAP
4480
7500
9F80
4500
4500
5F80
4500
6500
4900
ENDCHAR
STARTCHAR u997F
ENCODING 39295
SWIDTH 1000 0
DWIDTH 10 0
BBX 9 9 0 -1
BITMAP
4700
7A80
AA00
1F80
4A00
4A80
5D00
6900
5A80
ENDCHAR
STARTCHAR u9980.zh_hant
ENCODING 39296
SWIDTH 1000 0
DWIDTH 10 0
BBX 9 9 0 -1
BITMAP
4700
6880
A780
0200
5F80
4200
4B00
5280
6600
ENDCHAR
STARTCHAR u9981.zh_hant
ENCODING 39297
SWIDTH 1000 0
DWIDTH 10 0
BBX 9 9 0 -1
BITMAP
4F80
6900
9480
4200
4400
5F80
4900
6E00
5180
ENDCHAR
STARTCHAR u9984.zh_hant
ENCODING 39300
SWIDTH 1000 0
DWIDTH 10 0
BBX 9 9 0 -1
BITMAP
4F80
6880
8F80
4880
4F80
4900
4D80
6900
4D80
ENDCHAR
STARTCHAR u9985.zh_hant
ENCODING 39301
SWIDTH 1000 0
DWIDTH 10 0
BBX 9 9 0 -1
BITMAP
4380
7480
9100
4200
4D80
4880
4D80
6880
4F80
ENDCHAR
STARTCHAR u9986.zh_hant
ENCODING 39302
SWIDTH 1000 0
DWIDTH 10 0
BBX 9 9 0 -1
BITMAP
4200
7F80
9080
4F00
4900
4F80
4880
6880
4F80
ENDCHAR
STARTCHAR u9988.zh_hant
ENCODING 39304
SWIDTH 1000 0
DWIDTH 10 0
BBX 9 9 0 -1
BITMAP
4200
6F80
8A80
5F80
4880
4A80
4A80
6500
5880
ENDCHAR
STARTCHAR u998B.zh_hant
ENCODING 39307
SWIDTH 1000 0
DWIDTH 10 0
BBX 9 9 0 -1
BITMAP
4700
6900
9F80
5480
5F80
4900
5180
6400
4200
ENDCHAR
STARTCHAR u998D.zh_hant
ENCODING 39309
SWIDTH 1000 0
DWIDTH 10 0
BBX 9 9 0 -1
BITMAP
4F80
7500
9F80
4880
4F80
4880
5F80
6500
5880
ENDCHAR
STARTCHAR u998F.zh_hant
ENCODING 39311
SWIDTH 1000 0
DWIDTH 10 0
BBX 9 9 0 -1
BITMAP
5B80
7280
9280
7480
5F80
5480
5F80
7480
5F80
ENDCHAR
STARTCHAR u9990.zh_hant
ENCODING 39312
SWIDTH 1000 0
DWIDTH 10 0
BBX 9 9 0 -1
BITMAP
4500
6F80
A200
0F80
4500
5F80
4900
6900
5F80
ENDCHAR
STARTCHAR u9991.zh_hant
ENCODING 39313
SWIDTH 1000 0
DWIDTH 10 0
BBX 9 9 0 -1
BITMAP
4F80
6500
AF80
0880
4F80
4200
6F80
4200
1F80
ENDCHAR
STARTCHAR u9992.zh_hant
ENCODING 39314
SWIDTH 1000 0
DWIDTH 10 0
BBX 9 9 0 -1
BITMAP
4700
7500
9500
7F80
5280
5F80
4900
6600
5980
ENDCHAR
STARTCHAR u9993.zh_hant
ENCODING 39315
SWIDTH 1000 0
DWIDTH 10 0
BBX 9 9 0 -1
BITMAP
5500
7D80
9600
1C80
4280
5D00
5500
7E80
5480
ENDCHAR
STARTCHAR u9994.zh_hant
ENCODING 39316
SWIDTH 1000 0
DWIDTH 10 0
BBX 9 9 0 -1
BITMAP
4D80
6480
AD80
0900
5F80
4500
5F80
6500
5880
ENDCHAR
STARTCHAR u9995.zh_hant
ENCODING 39317
SWIDTH 1000 0
DWIDTH 10 0
BBX 9 9 0 -1
BITMAP
5F80
5500
BF80
2A80
5B00
4A00
5F80
7200
5D80
ENDCHAR
STARTCHAR u9996
ENCODING 39318
SWIDTH 1000 0
DWIDTH 10 0
BBX 9 9 0 -1
BITMAP
4100
2200
FF80
1000
7F00
4100
7F00
4100
7F00
ENDCHAR
STARTCHAR u9997.zh_hant
ENCODING 39319
SWIDTH 1000 0
DWIDTH 10 0
BBX 9 9 0 -1
BITMAP
4A00
4000
FF80
5200
5780
5480
5780
9000
9F80
ENDCHAR
STARTCHAR u9998.zh_hant
ENCODING 39320
SWIDTH 1000 0
DWIDTH 10 0
BBX 9 9 0 -1
BITMAP
A280
1F80
F200
5E80
F680
9500
FD00
9280
FC80
ENDCHAR
STARTCHAR u9999
ENCODING 39321
SWIDTH 1000 0
DWIDTH 10 0
BBX 9 9 0 -1
BITMAP
7F00
0800
FF80
2A00
7F00
C180
7F00
4100
7F00
ENDCHAR
STARTCHAR u99A5.zh_hant
ENCODING 39333
SWIDTH 1000 0
DWIDTH 10 0
BBX 9 9 0 -1
BITMAP
F400
2F80
F880
6F80
B880
8F80
F900
8600
F980
ENDCHAR
STARTCHAR u99A8.zh_hant
ENCODING 39336
SWIDTH 1000 0
DWIDTH 10 0
BBX 9 9 0 -1
BITMAP
FF00
2980
F600
A980
FF00
AA00
7F00
C180
7F00
ENDCHAR
STARTCHAR u9A6C
ENCODING 39532
SWIDTH 1000 0
DWIDTH 10 0
BBX 9 9 0 -1
BITMAP
7E00
0200
2200
2200
3F80
0080
FE80
0080
0300
ENDCHAR
STARTCHAR u9A6D.zh_hant
ENCODING 39533
SWIDTH 1000 0
DWIDTH 10 0
BBX 9 9 0 -1
BITMAP
7000
1780
5080
5480
FA80
0900
E900
0A80
3C80
ENDCHAR
STARTCHAR u9A6E.zh_hant
ENCODING 39534
SWIDTH 1000 0
DWIDTH 10 0
BBX 9 9 0 -1
BITMAP
E200
2200
AF80
A200
F200
1500
D500
1880
3080
ENDCHAR
STARTCHAR u9A6F.zh_hant
ENCODING 39535
SWIDTH 1000 0
DWIDTH 10 0
BBX 9 9 0 -1
BITMAP
E880
2A80
AA80
AA80
EA80
2A80
EA80
2A80
7080
ENDCHAR
STARTCHAR u9A70.zh_hant
ENCODING 39536
SWIDTH 1000 0
DWIDTH 10 0
BBX 9 9 0 -1
BITMAP
E200
2B80
AE80
AA80
FA80
0A00
E800
0880
3780
ENDCHAR
STARTCHAR u9A71.zh_hant
ENCODING 39537
SWIDTH 1000 0
DWIDTH 10 0
BBX 9 9 0 -1
BITMAP
EF80
2800
AA80
AA80
E900
2A80
EC80
2800
6F80
ENDCHAR
STARTCHAR u9A73.zh_hant
ENCODING 39539
SWIDTH 1000 0
DWIDTH 10 0
BBX 9 9 0 -1
BITMAP
E880
2500
A200
A500
F880
1500
D200
1500
3880
ENDCHAR
STARTCHAR u9A74.zh_hant
ENCODING 39540
SWIDTH 1000 0
DWIDTH 10 0
BBX 9 9 0 -1
BITMAP
E400
2200
AF80
A880
EF80
2800
E800
2800
7000
ENDCHAR
STARTCHAR u9A76.zh_hans
ENCODING 39542
SWIDTH 1000 0
DWIDTH 10 0
BBX 9 9 0 -1
BITMAP
E200
2F80
AA80
AA80
FF80
2200
EA00
2400
6B80
ENDCHAR
STARTCHAR u9A77
ENCODING 39543
SWIDTH 1000 0
DWIDTH 10 0
BBX 9 9 0 -1
BITMAP
EF80
2A80
AA80
AA80
EE80
2980
E880
2880
6F80
ENDCHAR
STARTCHAR u9A78.zh_hant
ENCODING 39544
SWIDTH 1000 0
DWIDTH 10 0
BBX 9 9 0 -1
BITMAP
E280
2480
AB80
A480
F680
1580
D480
1480
7580
ENDCHAR
STARTCHAR u9A79.zh_hant
ENCODING 39545
SWIDTH 1000 0
DWIDTH 10 0
BBX 9 9 0 -1
BITMAP
E400
2780
A880
AE80
EA80
2A80
EE80
2080
6300
ENDCHAR
STARTCHAR u9A7B.zh_hant
ENCODING 39547
SWIDTH 1000 0
DWIDTH 10 0
BBX 9 9 0 -1
BITMAP
E200
2780
A200
A200
F780
1200
D200
1200
3780
ENDCHAR
STARTCHAR u9A7C.zh_hant
ENCODING 39548
SWIDTH 1000 0
DWIDTH 10 0
BBX 9 9 0 -1
BITMAP
E200
2F80
A880
A400
F580
1600
D400
1480
3380
ENDCHAR
STARTCHAR u9A7D
ENCODING 39549
SWIDTH 1000 0
DWIDTH 10 0
BBX 9 9 0 -1
BITMAP
F780
5480
2300
D480
7F00
2100
3F80
FC80
0180
ENDCHAR
STARTCHAR u9A7E.zh_hant
ENCODING 39550
SWIDTH 1000 0
DWIDTH 10 0
BBX 9 9 0 -1
BITMAP
4780
F480
5480
BF80
4100
7F80
0080
FC80
0180
ENDCHAR
STARTCHAR u9A7F.zh_hant
ENCODING 39551
SWIDTH 1000 0
DWIDTH 10 0
BBX 9 9 0 -1
BITMAP
EF80
2880
A700
B880
E200
2F00
E200
3F80
6200
ENDCHAR
STARTCHAR u9A81.zh_hant
ENCODING 39553
SWIDTH 1000 0
DWIDTH 10 0
BBX 9 9 0 -1
BITMAP
E800
3F80
A500
A280
ED80
2000
FF80
2500
6980
ENDCHAR
STARTCHAR u9A82.zh_hant
ENCODING 39554
SWIDTH 1000 0
DWIDTH 10 0
BBX 9 9 0 -1
BITMAP
7700
5500
7F00
0200
2200
7F80
0080
FC80
0300
ENDCHAR
STARTCHAR u9A84.zh_hant
ENCODING 39556
SWIDTH 1000 0
DWIDTH 10 0
BBX 9 9 0 -1
BITMAP
EF80
2200
AF80
A500
F880
1500
D500
1500
3900
ENDCHAR
STARTCHAR u9A86.zh_hant
ENCODING 39558
SWIDTH 1000 0
DWIDTH 10 0
BBX 9 9 0 -1
BITMAP
E780
2880
A500
A300
F480
1F80
D480
1480
3780
ENDCHAR
STARTCHAR u9A87.zh_hant
ENCODING 39559
SWIDTH 1000 0
DWIDTH 10 0
BBX 9 9 0 -1
BITMAP
E200
2F80
A480
A500
F200
1480
D900
1600
3980
ENDCHAR
STARTCHAR u9A88.zh_hant
ENCODING 39560
SWIDTH 1000 0
DWIDTH 10 0
BBX 9 9 0 -1
BITMAP
E480
2100
AF80
A500
F500
1F80
D500
1500
6900
ENDCHAR
STARTCHAR u9A8A.zh_hant
ENCODING 39562
SWIDTH 1000 0
DWIDTH 10 0
BBX 9 9 0 -1
BITMAP
EF80
2000
BB80
AA80
EA80
3B80
EA80
2A80
6A80
ENDCHAR
STARTCHAR u9A8B.zh_hant
ENCODING 39563
SWIDTH 1000 0
DWIDTH 10 0
BBX 9 9 0 -1
BITMAP
E200
2F80
AA80
AA80
FF80
2400
EF80
2880
6300
ENDCHAR
STARTCHAR u9A8C.zh_hant
ENCODING 39564
SWIDTH 1000 0
DWIDTH 10 0
BBX 9 9 0 -1
BITMAP
E700
2880
A000
AF80
E000
2A80
EA80
2100
7F80
ENDCHAR
STARTCHAR u9A8F.zh_hant
ENCODING 39567
SWIDTH 1000 0
DWIDTH 10 0
BBX 9 9 0 -1
BITMAP
E400
2880
AF80
A500
F980
1700
DD00
1200
3D80
ENDCHAR
STARTCHAR u9A91.zh_hant
ENCODING 39569
SWIDTH 1000 0
DWIDTH 10 0
BBX 9 9 0 -1
BITMAP
E200
2F80
A200
A500
F880
1F80
D280
1E80
3180
ENDCHAR
STARTCHAR u9A97.zh_hant
ENCODING 39575
SWIDTH 1000 0
DWIDTH 10 0
BBX 9 9 0 -1
BITMAP
E200
2F80
A880
AF80
E800
3F80
EA80
2F80
6A80
ENDCHAR
STARTCHAR u9A9A.zh_hant
ENCODING 39578
SWIDTH 1000 0
DWIDTH 10 0
BBX 9 9 0 -1
BITMAP
EF80
2A80
A500
AA80
FF80
1280
DF00
1280
3F80
ENDCHAR
STARTCHAR u9A9B
ENCODING 39579
SWIDTH 1000 0
DWIDTH 10 0
BBX 9 9 0 -1
BITMAP
7200
2780
FB00
2580
7F00
2100
7F80
FC80
0300
ENDCHAR
STARTCHAR u9A9C
ENCODING 39580
SWIDTH 1000 0
DWIDTH 10 0
BBX 9 9 0 -1
BITMAP
7200
F780
5300
A580
7F00
2100
7F80
FC80
0300
ENDCHAR
STARTCHAR u9A9D.zh_hant
ENCODING 39581
SWIDTH 1000 0
DWIDTH 10 0
BBX 9 9 0 -1
BITMAP
ED80
2880
AA80
AA80
EF80
2A80
EF80
2A80
6F80
ENDCHAR
STARTCHAR u9A9E.zh_hant
ENCODING 39582
SWIDTH 1000 0
DWIDTH 10 0
BBX 9 9 0 -1
BITMAP
FF80
9480
7F00
1400
FF80
4100
BF80
0080
FB00
ENDCHAR
STARTCHAR u9AA0.zh_hant
ENCODING 39584
SWIDTH 1000 0
DWIDTH 10 0
BBX 9 9 0 -1
BITMAP
EF80
2500
BF80
AA80
FF80
2000
FF80
2A00
7280
ENDCHAR
STARTCHAR u9AA1.zh_hant
ENCODING 39585
SWIDTH 1000 0
DWIDTH 10 0
BBX 9 9 0 -1
BITMAP
EF80
2A80
AF80
AA80
FF80
1500
DF80
1200
3A80
ENDCHAR
STARTCHAR u9AA4.zh_hant
ENCODING 39588
SWIDTH 1000 0
DWIDTH 10 0
BBX 9 9 0 -1
BITMAP
FF80
2A80
BE80
AB00
FC80
1700
DA80
1700
7A80
ENDCHAR
STARTCHAR u9AA5.zh_hant
ENCODING 39589
SWIDTH 1000 0
DWIDTH 10 0
BBX 9 9 0 -1
BITMAP
E500
2D80
A500
AF80
FA80
1F80
D500
1780
7880
ENDCHAR
STARTCHAR u9AA7
ENCODING 39591
SWIDTH 1000 0
DWIDTH 10 0
BBX 9 9 0 -1
BITMAP
E200
2F80
AA80
A500
EF80
2500
EF80
2D00
4480
ENDCHAR
STARTCHAR u9AA8.zh_hans
ENCODING 39592
SWIDTH 1000 0
DWIDTH 10 0
BBX 9 9 0 -1
BITMAP
3E00
3A00
2A00
FF80
8080
3E00
2200
3E00
2200
ENDCHAR
STARTCHAR u9AB0.zh_hant
ENCODING 39600
SWIDTH 1000 0
DWIDTH 10 0
BBX 9 9 0 -1
BITMAP
7B80
4A80
5A80
FE80
8400
7F80
4A80
7B00
4C80
ENDCHAR
STARTCHAR u9AB1.zh_hant
ENCODING 39601
SWIDTH 1000 0
DWIDTH 10 0
BBX 9 9 0 -1
BITMAP
F200
9500
D880
F000
8500
F500
9500
F500
9900
ENDCHAR
STARTCHAR u9AB6.zh_hant
ENCODING 39606
SWIDTH 1000 0
DWIDTH 10 0
BBX 9 9 0 -1
BITMAP
7180
5600
5500
F780
9500
7500
5D00
7080
5680
ENDCHAR
STARTCHAR u9AB7.zh_hant
ENCODING 39607
SWIDTH 1000 0
DWIDTH 10 0
BBX 9 9 0 -1
BITMAP
7200
5200
5780
F200
8200
7780
5480
7480
5780
ENDCHAR
STARTCHAR u9AB8.zh_hant
ENCODING 39608
SWIDTH 1000 0
DWIDTH 10 0
BBX 9 9 0 -1
BITMAP
7A00
4F80
5480
F500
8A00
7C80
5100
7600
5980
ENDCHAR
STARTCHAR u9ABC.zh_hant
ENCODING 39612
SWIDTH 1000 0
DWIDTH 10 0
BBX 9 9 0 -1
BITMAP
7780
5880
5500
F300
9480
7F80
5480
7480
5780
ENDCHAR
STARTCHAR u9AC0.zh_hant
ENCODING 39616
SWIDTH 1000 0
DWIDTH 10 0
BBX 9 9 0 -1
BITMAP
7A00
4F80
5A80
FF80
8A80
7F80
5500
7F80
5100
ENDCHAR
STARTCHAR u9AC1.zh_hant
ENCODING 39617
SWIDTH 1000 0
DWIDTH 10 0
BBX 9 9 0 -1
BITMAP
7F80
4A80
5F80
FA80
8F80
7200
4F80
7200
4A80
ENDCHAR
STARTCHAR u9AC2.zh_hant
ENCODING 39618
SWIDTH 1000 0
DWIDTH 10 0
BBX 9 9 0 -1
BITMAP
7200
5F80
5480
F500
9300
7480
5F80
7480
5780
ENDCHAR
STARTCHAR u9AC5.zh_hant
ENCODING 39621
SWIDTH 1000 0
DWIDTH 10 0
BBX 9 9 0 -1
BITMAP
6A80
5A00
5780
FA00
8A80
7F80
5480
7700
5880
ENDCHAR
STARTCHAR u9AD1.zh_hant
ENCODING 39633
SWIDTH 1000 0
DWIDTH 10 0
BBX 9 9 0 -1
BITMAP
7F80
4A80
5F80
F400
9F80
7580
5E80
7480
5F00
ENDCHAR
STARTCHAR u9AD3.zh_hant
ENCODING 39635
SWIDTH 1000 0
DWIDTH 10 0
BBX 9 9 0 -1
BITMAP
F200
AF80
B500
EF80
9A80
EB80
AA80
EC00
B380
ENDCHAR
STARTCHAR u9AD8
ENCODING 39640
SWIDTH 1000 0
DWIDTH 10 0
BBX 9 9 0 -1
BITMAP
0800
FF80
2200
3E00
0000
FF80
A280
BE80
8180
ENDCHAR
STARTCHAR u9ADF.zh_hant
ENCODING 39647
SWIDTH 1000 0
DWIDTH 10 0
BBX 9 9 0 -1
BITMAP
7880
4100
7A00
4080
F900
4200
4880
8900
FA00
ENDCHAR
STARTCHAR u9AE1.zh_hant
ENCODING 39649
SWIDTH 1000 0
DWIDTH 10 0
BBX 9 9 0 -1
BITMAP
7980
4600
7180
4600
F980
0000
FF80
1400
E780
ENDCHAR
STARTCHAR u9AE6.zh_hant
ENCODING 39654
SWIDTH 1000 0
DWIDTH 10 0
BBX 9 9 0 -1
BITMAP
7980
4600
7180
4600
7B80
D000
1F00
F080
1F80
ENDCHAR
STARTCHAR u9AEB.zh_hant
ENCODING 39659
SWIDTH 1000 0
DWIDTH 10 0
BBX 9 9 0 -1
BITMAP
7980
4600
7180
4600
FB80
1100
3F80
E080
3F80
ENDCHAR
STARTCHAR u9AED.zh_hant
ENCODING 39661
SWIDTH 1000 0
DWIDTH 10 0
BBX 9 9 0 -1
BITMAP
7980
4600
7980
4600
F980
2400
B780
A400
F780
ENDCHAR
STARTCHAR u9AEF.zh_hant
ENCODING 39663
SWIDTH 1000 0
DWIDTH 10 0
BBX 9 9 0 -1
BITMAP
7980
4600
7980
4600
C980
7F00
4900
FF80
4100
ENDCHAR
STARTCHAR u9AF9.zh_hant
ENCODING 39673
SWIDTH 1000 0
DWIDTH 10 0
BBX 9 9 0 -1
BITMAP
7980
4600
7180
4600
F200
2F80
6600
AB00
2280
ENDCHAR
STARTCHAR u9AFB.zh_hant
ENCODING 39675
SWIDTH 1000 0
DWIDTH 10 0
BBX 9 9 0 -1
BITMAP
7980
4600
7180
4600
FB80
0800
FF80
4100
7F00
ENDCHAR
STARTCHAR u9B03.zh_hant
ENCODING 39683
SWIDTH 1000 0
DWIDTH 10 0
BBX 9 9 0 -1
BITMAP
7980
4600
7180
4600
F980
8080
7F00
2A00
C980
ENDCHAR
STARTCHAR u9B08.zh_hant
ENCODING 39688
SWIDTH 1000 0
DWIDTH 10 0
BBX 9 9 0 -1
BITMAP
7980
4600
7180
4600
F980
2300
7E80
A000
3F00
ENDCHAR
STARTCHAR u9B0F.zh_hant
ENCODING 39695
SWIDTH 1000 0
DWIDTH 10 0
BBX 9 9 0 -1
BITMAP
7980
4600
7180
4600
F980
2200
FA80
6200
AD80
ENDCHAR
STARTCHAR u9B13.zh_hant
ENCODING 39699
SWIDTH 1000 0
DWIDTH 10 0
BBX 9 9 0 -1
BITMAP
7980
4600
7180
4600
F980
9680
2400
FF80
2200
ENDCHAR
STARTCHAR u9B1F.zh_hant
ENCODING 39711
SWIDTH 1000 0
DWIDTH 10 0
BBX 9 9 0 -1
BITMAP
7980
4600
7180
4600
F980
2200
3E80
C500
7380
ENDCHAR
STARTCHAR u9B23.zh_hant
ENCODING 39715
SWIDTH 1000 0
DWIDTH 10 0
BBX 9 9 0 -1
BITMAP
7980
4600
F980
4600
F980
5500
7F00
4A80
6D80
ENDCHAR
STARTCHAR u9B2F.zh_hant
ENCODING 39727
SWIDTH 1000 0
DWIDTH 10 0
BBX 9 9 0 -1
BITMAP
AA80
9480
C980
9480
FF80
4000
7E00
4080
7F80
ENDCHAR
STARTCHAR u9B32.zh_hant
ENCODING 39730
SWIDTH 1000 0
DWIDTH 10 0
BBX 9 9 0 -1
BITMAP
FF80
0000
7F00
4100
FF80
9480
E780
BC80
8980
ENDCHAR
STARTCHAR u9B3B.zh_hant
ENCODING 39739
SWIDTH 1000 0
DWIDTH 10 0
BBX 9 9 0 -1
BITMAP
D580
6A80
9500
FF80
2200
FF80
A280
DD80
8880
ENDCHAR
STARTCHAR u9B3C.zh_hant
ENCODING 39740
SWIDTH 1000 0
DWIDTH 10 0
BBX 9 9 0 -1
BITMAP
1000
7F00
4900
7F00
4900
7F00
1500
2480
C780
ENDCHAR
STARTCHAR u9B41.zh_hant
ENCODING 39745
SWIDTH 1000 0
DWIDTH 10 0
BBX 9 9 0 -1
BITMAP
4280
F980
AC80
FA80
A880
FB80
2C80
6000
BF80
ENDCHAR
STARTCHAR u9B42.zh_hant
ENCODING 39746
SWIDTH 1000 0
DWIDTH 10 0
BBX 9 9 0 -1
BITMAP
0400
FF80
1480
FF80
5480
9F80
A500
EC80
3780
ENDCHAR
STARTCHAR u9B43.zh_hant
ENCODING 39747
SWIDTH 1000 0
DWIDTH 10 0
BBX 9 9 0 -1
BITMAP
4280
FF80
AA00
FA80
AA80
FD00
5500
5080
9F80
ENDCHAR
STARTCHAR u9B44.zh_hant
ENCODING 39748
SWIDTH 1000 0
DWIDTH 10 0
BBX 9 9 0 -1
BITMAP
4400
5F80
F280
9F80
F280
9F80
9500
FC80
1780
ENDCHAR
STARTCHAR u9B45.zh_hant
ENCODING 39749
SWIDTH 1000 0
DWIDTH 10 0
BBX 9 9 0 -1
BITMAP
4100
FF80
A900
FF80
A900
FB80
5500
5080
9F80
ENDCHAR
STARTCHAR u9B47.zh_hant
ENCODING 39751
SWIDTH 1000 0
DWIDTH 10 0
BBX 9 9 0 -1
BITMAP
7F80
4500
7F80
5200
6F80
5500
5F00
8A80
B380
ENDCHAR
STARTCHAR u9B48.zh_hant
ENCODING 39752
SWIDTH 1000 0
DWIDTH 10 0
BBX 9 9 0 -1
BITMAP
4A80
FA80
A780
FC80
A780
FC80
5480
5000
9F80
ENDCHAR
STARTCHAR u9B49.zh_hant
ENCODING 39753
SWIDTH 1000 0
DWIDTH 10 0
BBX 9 9 0 -1
BITMAP
4F80
F200
AF80
FA80
AF80
FA80
5280
5000
9F80
ENDCHAR
STARTCHAR u9B4D.zh_hant
ENCODING 39757
SWIDTH 1000 0
DWIDTH 10 0
BBX 9 9 0 -1
BITMAP
4F80
FA80
AF80
F280
AF80
F480
5680
5000
9F80
ENDCHAR
STARTCHAR u9B4F.zh_hant
ENCODING 39759
SWIDTH 1000 0
DWIDTH 10 0
BBX 9 9 0 -1
BITMAP
F400
2F80
FA80
6F80
AA80
FF80
4A00
7680
9B80
ENDCHAR
STARTCHAR u9B51.zh_hant
ENCODING 39761
SWIDTH 1000 0
DWIDTH 10 0
BBX 9 9 0 -1
BITMAP
4200
FF80
A500
FA80
AF80
F480
5680
5000
9F80
ENDCHAR
STARTCHAR u9B54.zh_hant
ENCODING 39764
SWIDTH 1000 0
DWIDTH 10 0
BBX 9 9 0 -1
BITMAP
0400
FF80
9100
FF80
AA80
D500
9F00
8A80
B380
ENDCHAR
STARTCHAR u9C7C.zh_hant
ENCODING 40060
SWIDTH 1000 0
DWIDTH 10 0
BBX 9 9 0 -1
BITMAP
3E00
4400
FF00
4900
7F00
4900
7F00
0000
FF80
ENDCHAR
STARTCHAR u9C7F.zh_hant
ENCODING 40063
SWIDTH 1000 0
DWIDTH 10 0
BBX 9 9 0 -1
BITMAP
7280
9280
FF80
A200
FD00
A500
FD00
0500
E980
ENDCHAR
STARTCHAR u9C81.zh_hant
ENCODING 40065
SWIDTH 1000 0
DWIDTH 10 0
BBX 9 9 0 -1
BITMAP
3F00
4200
FF00
4900
7F00
4900
FF80
4100
7F00
ENDCHAR
STARTCHAR u9C82
ENCODING 40066
SWIDTH 1000 0
DWIDTH 10 0
BBX 9 9 0 -1
BITMAP
7200
9780
FA00
AB80
FA80
AA80
FA80
0280
F580
ENDCHAR
STARTCHAR u9C87
ENCODING 40071
SWIDTH 1000 0
DWIDTH 10 0
BBX 9 9 0 -1
BITMAP
6200
A380
F200
9200
F780
9480
F480
0480
F780
ENDCHAR
STARTCHAR u9C88.zh_hant
ENCODING 40072
SWIDTH 1000 0
DWIDTH 10 0
BBX 9 9 0 -1
BITMAP
7200
9380
FA00
A780
FC80
A780
FC00
0400
E800
ENDCHAR
STARTCHAR u9C8D.zh_hant
ENCODING 40077
SWIDTH 1000 0
DWIDTH 10 0
BBX 9 9 0 -1
BITMAP
7400
9780
F880
AE80
FA80
AE80
F800
0880
EF80
ENDCHAR
STARTCHAR u9C91.zh_hant
ENCODING 40081
SWIDTH 1000 0
DWIDTH 10 0
BBX 9 9 0 -1
BITMAP
7200
9F80
F200
AF80
F200
AF80
F200
0200
EF80
ENDCHAR
STARTCHAR u9C92.zh_hant
ENCODING 40082
SWIDTH 1000 0
DWIDTH 10 0
BBX 9 9 0 -1
BITMAP
7100
9780
F900
A900
FF80
A800
FF80
0480
F780
ENDCHAR
STARTCHAR u9C94
ENCODING 40084
SWIDTH 1000 0
DWIDTH 10 0
BBX 9 9 0 -1
BITMAP
7200
9780
FA00
AB80
FC80
AF80
FC80
0680
F580
ENDCHAR
STARTCHAR u9C95.zh_hant
ENCODING 40085
SWIDTH 1000 0
DWIDTH 10 0
BBX 9 9 0 -1
BITMAP
7780
9200
F400
AF80
FA80
AA80
FA80
0A80
F980
ENDCHAR
STARTCHAR u9C9B
ENCODING 40091
SWIDTH 1000 0
DWIDTH 10 0
BBX 9 9 0 -1
BITMAP
7400
9200
FF80
AB00
FC80
AD00
FB00
0200
ED80
ENDCHAR
STARTCHAR u9C9C.zh_hant
ENCODING 40092
SWIDTH 1000 0
DWIDTH 10 0
BBX 9 9 0 -1
BITMAP
7480
9500
FF80
A900
FF80
A900
F900
0780
F900
ENDCHAR
STARTCHAR u9C9F.zh_hant
ENCODING 40095
SWIDTH 1000 0
DWIDTH 10 0
BBX 9 9 0 -1
BITMAP
7780
9080
FB80
A880
FF80
A900
FF80
0500
F300
ENDCHAR
STARTCHAR u9CA0
ENCODING 40096
SWIDTH 1000 0
DWIDTH 10 0
BBX 9 9 0 -1
BITMAP
7780
9200
FF80
AA80
FF80
AA80
FF80
0400
EB80
ENDCHAR
STARTCHAR u9CA1.zh_hant
ENCODING 40097
SWIDTH 1000 0
DWIDTH 10 0
BBX 9 9 0 -1
BITMAP
6F80
A000
FB80
AA80
EA80
BB80
EA80
0A80
EA80
ENDCHAR
STARTCHAR u9CA2.zh_hant
ENCODING 40098
SWIDTH 1000 0
DWIDTH 10 0
BBX 9 9 0 -1
BITMAP
7100
AB80
E200
A780
F900
AF80
E900
0800
F780
ENDCHAR
STARTCHAR u9CA3.zh_hant
ENCODING 40099
SWIDTH 1000 0
DWIDTH 10 0
BBX 9 9 0 -1
BITMAP
6B80
9A80
E900
AA80
E880
A200
EF80
0200
EF80
ENDCHAR
STARTCHAR u9CA4.zh_hant
ENCODING 40100
SWIDTH 1000 0
DWIDTH 10 0
BBX 9 9 0 -1
BITMAP
6F80
8A80
FF80
AA80
FF80
A200
FF80
0200
EF80
ENDCHAR
STARTCHAR u9CA5.zh_hant
ENCODING 40101
SWIDTH 1000 0
DWIDTH 10 0
BBX 9 9 0 -1
BITMAP
6100
9900
EF80
A900
FD00
AB00
E900
1900
E300
ENDCHAR
STARTCHAR u9CA6.zh_hant
ENCODING 40102
SWIDTH 1000 0
DWIDTH 10 0
BBX 9 9 0 -1
BITMAP
7380
9480
FD00
AA00
FD80
AA00
FF80
0200
EA80
ENDCHAR
STARTCHAR u9CA7.zh_hant
ENCODING 40103
SWIDTH 1000 0
DWIDTH 10 0
BBX 9 9 0 -1
BITMAP
7780
9100
FA80
A900
FA80
AF80
F900
0580
FB00
ENDCHAR
STARTCHAR u9CA8.zh_hant
ENCODING 40104
SWIDTH 1000 0
DWIDTH 10 0
BBX 9 9 0 -1
BITMAP
C400
1500
D480
2D00
4200
9400
7F00
4900
FF80
ENDCHAR
STARTCHAR u9CAB.zh_hant
ENCODING 40107
SWIDTH 1000 0
DWIDTH 10 0
BBX 9 9 0 -1
BITMAP
7F80
9280
FE80
9280
FE80
9280
F680
1B80
F200
ENDCHAR
STARTCHAR u9CAD
ENCODING 40109
SWIDTH 1000 0
DWIDTH 10 0
BBX 9 9 0 -1
BITMAP
7100
9380
F900
AF80
FA80
AB80
FA80
0380
FA80
ENDCHAR
STARTCHAR u9CAE.zh_hant
ENCODING 40110
SWIDTH 1000 0
DWIDTH 10 0
BBX 9 9 0 -1
BITMAP
7200
9780
FA00
AF80
FD00
AB80
FD00
0200
ED80
ENDCHAR
STARTCHAR u9CB1.zh_hant
ENCODING 40113
SWIDTH 1000 0
DWIDTH 10 0
BBX 9 9 0 -1
BITMAP
6500
AD80
F500
A500
ED80
A500
F500
0D80
F500
ENDCHAR
STARTCHAR u9CB2.zh_hant
ENCODING 40114
SWIDTH 1000 0
DWIDTH 10 0
BBX 9 9 0 -1
BITMAP
6F80
A880
FF80
A880
FF80
A900
FD80
0900
ED80
ENDCHAR
STARTCHAR u9CB3.zh_hant
ENCODING 40115
SWIDTH 1000 0
DWIDTH 10 0
BBX 9 9 0 -1
BITMAP
7780
9480
FF80
A480
FF80
A880
FF80
0880
EF80
ENDCHAR
STARTCHAR u9CB6.zh_hant
ENCODING 40118
SWIDTH 1000 0
DWIDTH 10 0
BBX 9 9 0 -1
BITMAP
7700
9880
F780
A000
F780
A100
F200
0880
EE80
ENDCHAR
STARTCHAR u9CB7
ENCODING 40119
SWIDTH 1000 0
DWIDTH 10 0
BBX 9 9 0 -1
BITMAP
6F80
AA80
FF80
AA80
FF80
AD80
FF80
0880
F180
ENDCHAR
STARTCHAR u9CB8.zh_hant
ENCODING 40120
SWIDTH 1000 0
DWIDTH 10 0
BBX 9 9 0 -1
BITMAP
7200
9F80
F000
AF80
F880
AF80
F200
0A80
F680
ENDCHAR
STARTCHAR u9CBB
ENCODING 40123
SWIDTH 1000 0
DWIDTH 10 0
BBX 9 9 0 -1
BITMAP
6A80
B500
FA80
A800
FF80
AA80
FF80
0A80
EF80
ENDCHAR
STARTCHAR u9CBD
ENCODING 40125
SWIDTH 1000 0
DWIDTH 10 0
BBX 9 9 0 -1
BITMAP
6A80
AF80
FA80
AB00
FF80
AA00
FF80
0700
EA80
ENDCHAR
STARTCHAR u9CC3.zh_hant
ENCODING 40131
SWIDTH 1000 0
DWIDTH 10 0
BBX 9 9 0 -1
BITMAP
6F80
8A80
FF80
AA80
FA80
AF80
F200
0880
EE80
ENDCHAR
STARTCHAR u9CC4.zh_hant
ENCODING 40132
SWIDTH 1000 0
DWIDTH 10 0
BBX 9 9 0 -1
BITMAP
7F80
9480
FF80
A800
FF80
A400
FF80
0880
E300
ENDCHAR
STARTCHAR u9CC5
ENCODING 40133
SWIDTH 1000 0
DWIDTH 10 0
BBX 9 9 0 -1
BITMAP
DD00
4900
FD80
AB80
FD00
A900
EA80
0A80
EC80
ENDCHAR
STARTCHAR u9CCC.zh_hant
ENCODING 40140
SWIDTH 1000 0
DWIDTH 10 0
BBX 9 9 0 -1
BITMAP
2780
F500
2A00
F580
5700
A900
7F00
4900
FF80
ENDCHAR
STARTCHAR u9CCD.zh_hant
ENCODING 40141
SWIDTH 1000 0
DWIDTH 10 0
BBX 9 9 0 -1
BITMAP
7480
9F80
F500
AF80
F480
AD00
F780
0480
F780
ENDCHAR
STARTCHAR u9CCE
ENCODING 40142
SWIDTH 1000 0
DWIDTH 10 0
BBX 9 9 0 -1
BITMAP
6700
A500
F700
B500
FF80
BA80
F780
0A80
F780
ENDCHAR
STARTCHAR u9CCF.zh_hant
ENCODING 40143
SWIDTH 1000 0
DWIDTH 10 0
BBX 9 9 0 -1
BITMAP
7F80
8A80
FF80
AA00
FB00
AE80
FA00
0700
FA80
ENDCHAR
STARTCHAR u9CD0
ENCODING 40144
SWIDTH 1000 0
DWIDTH 10 0
BBX 9 9 0 -1
BITMAP
6180
AE80
F500
AF80
FA00
AF80
F200
0A80
EF80
ENDCHAR
STARTCHAR u9CD5
ENCODING 40149
SWIDTH 1000 0
DWIDTH 10 0
BBX 9 9 0 -1
BITMAP
7700
9200
FF80
AA80
FF80
A880
FF80
0080
F780
ENDCHAR
STARTCHAR u9CD6.zh_hant
ENCODING 40150
SWIDTH 1000 0
DWIDTH 10 0
BBX 9 9 0 -1
BITMAP
B400
2780
FC80
AA80
FB00
AC80
7F00
0000
FF80
ENDCHAR
STARTCHAR u9CD7
ENCODING 40151
SWIDTH 1000 0
DWIDTH 10 0
BBX 9 9 0 -1
BITMAP
6F00
AF00
F900
AF80
FA80
AF80
F500
0200
FD80
ENDCHAR
STARTCHAR u9CD9.zh_hant
ENCODING 40153
SWIDTH 1000 0
DWIDTH 10 0
BBX 9 9 0 -1
BITMAP
7200
9F80
FA80
AF80
FA80
AF80
FA80
0F80
FA80
ENDCHAR
STARTCHAR u9CDC.zh_hant
ENCODING 40156
SWIDTH 1000 0
DWIDTH 10 0
BBX 9 9 0 -1
BITMAP
7F80
9200
F780
AA80
FD00
A900
FD00
0A80
F280
ENDCHAR
STARTCHAR u9CDD.zh_hant
ENCODING 40157
SWIDTH 1000 0
DWIDTH 10 0
BBX 9 9 0 -1
BITMAP
6900
9F80
E200
BF80
EA80
BF80
E900
0900
EF00
ENDCHAR
STARTCHAR u9CDE.zh_hant
ENCODING 40158
SWIDTH 1000 0
DWIDTH 10 0
BBX 9 9 0 -1
BITMAP
6A80
8B00
FF80
AA00
FE80
AB80
FA80
0780
E880
ENDCHAR
STARTCHAR u9CDF.zh_hant
ENCODING 40159
SWIDTH 1000 0
DWIDTH 10 0
BBX 9 9 0 -1
BITMAP
6900
BF80
EA80
AD80
E880
BF80
E080
0880
E580
ENDCHAR
STARTCHAR u9CE2
ENCODING 40162
SWIDTH 1000 0
DWIDTH 10 0
BBX 9 9 0 -1
BITMAP
6A00
AF80
FA80
AF80
FA80
AF80
FE00
0500
EF80
ENDCHAR
STARTCHAR u9E1F
ENCODING 40479
SWIDTH 1000 0
DWIDTH 10 0
BBX 9 9 0 -1
BITMAP
1000
7E00
5200
4A00
4000
7F80
0080
FC80
0300
ENDCHAR
STARTCHAR u9E20.zh_hant
ENCODING 40480
SWIDTH 1000 0
DWIDTH 10 0
BBX 9 9 0 -1
BITMAP
4200
4780
F480
5500
5780
5080
5680
9080
9B00
ENDCHAR
STARTCHAR u9E21.zh_hant
ENCODING 40481
SWIDTH 1000 0
DWIDTH 10 0
BBX 9 9 0 -1
BITMAP
0400
EF00
2900
AA00
4F80
4080
AE80
A080
0700
ENDCHAR
STARTCHAR u9E22.zh_hant
ENCODING 40482
SWIDTH 1000 0
DWIDTH 10 0
BBX 9 9 0 -1
BITMAP
0900
FF80
2400
7E00
5380
4400
7F00
0100
FB00
ENDCHAR
STARTCHAR u9E23.zh_hant
ENCODING 40483
SWIDTH 1000 0
DWIDTH 10 0
BBX 9 9 0 -1
BITMAP
0400
EF80
AA80
A900
AF80
A080
EE80
0080
0300
ENDCHAR
STARTCHAR u9E25.zh_hant
ENCODING 40485
SWIDTH 1000 0
DWIDTH 10 0
BBX 9 9 0 -1
BITMAP
F200
8780
9480
D500
A780
D080
9680
8080
F300
ENDCHAR
STARTCHAR u9E26.zh_hant
ENCODING 40486
SWIDTH 1000 0
DWIDTH 10 0
BBX 9 9 0 -1
BITMAP
F200
2F80
AA80
A900
FF80
2080
6E80
A080
6300
ENDCHAR
STARTCHAR u9E29.zh_hant
ENCODING 40489
SWIDTH 1000 0
DWIDTH 10 0
BBX 9 9 0 -1
BITMAP
2200
2780
FC80
A500
2780
5080
5680
9080
9B00
ENDCHAR
STARTCHAR u9E2C
ENCODING 40492
SWIDTH 1000 0
DWIDTH 10 0
BBX 9 9 0 -1
BITMAP
2200
3700
2500
7F00
4D00
7F80
4080
4E80
8180
ENDCHAR
STARTCHAR u9E2D.zh_hant
ENCODING 40493
SWIDTH 1000 0
DWIDTH 10 0
BBX 9 9 0 -1
BITMAP
FA00
AF80
FA80
A900
AF80
F080
2E80
2080
2300
ENDCHAR
STARTCHAR u9E2F.zh_hant
ENCODING 40495
SWIDTH 1000 0
DWIDTH 10 0
BBX 9 9 0 -1
BITMAP
7F00
4900
FF80
2300
7E80
A200
3F80
0080
FD80
ENDCHAR
STARTCHAR u9E31.zh_hant
ENCODING 40497
SWIDTH 1000 0
DWIDTH 10 0
BBX 9 9 0 -1
BITMAP
1200
E780
A480
F500
A780
9080
D680
0080
F300
ENDCHAR
STARTCHAR u9E33.zh_hant
ENCODING 40499
SWIDTH 1000 0
DWIDTH 10 0
BBX 9 9 0 -1
BITMAP
7780
5480
BF00
6180
AB00
2400
3F80
0080
FD80
ENDCHAR
STARTCHAR u9E35.zh_hant
ENCODING 40501
SWIDTH 1000 0
DWIDTH 10 0
BBX 9 9 0 -1
BITMAP
4200
FF80
9080
A400
F580
1600
D400
1480
6380
ENDCHAR
STARTCHAR u9E38.zh_hant
ENCODING 40504
SWIDTH 1000 0
DWIDTH 10 0
BBX 9 9 0 -1
BITMAP
F900
2380
4280
FA80
AB00
A880
AE80
8880
9B00
ENDCHAR
STARTCHAR u9E3D.zh_hant
ENCODING 40509
SWIDTH 1000 0
DWIDTH 10 0
BBX 9 9 0 -1
BITMAP
6200
9780
0480
F500
0780
F080
9680
9080
F300
ENDCHAR
STARTCHAR u9E3F.zh_hant
ENCODING 40511
SWIDTH 1000 0
DWIDTH 10 0
BBX 9 9 0 -1
BITMAP
8200
7F80
1480
9500
5780
1080
3B80
4080
8300
ENDCHAR
STARTCHAR u9E41.zh_hant
ENCODING 40513
SWIDTH 1000 0
DWIDTH 10 0
BBX 9 9 0 -1
BITMAP
2200
FF80
2480
FD00
9780
2080
F680
2080
6300
ENDCHAR
STARTCHAR u9E43.zh_hant
ENCODING 40515
SWIDTH 1000 0
DWIDTH 10 0
BBX 9 9 0 -1
BITMAP
F200
9780
F480
0500
F780
9080
F680
9080
B300
ENDCHAR
STARTCHAR u9E45
ENCODING 40517
SWIDTH 1000 0
DWIDTH 10 0
BBX 9 9 0 -1
BITMAP
3200
DF00
5500
FF00
5500
5F80
F080
5680
E900
ENDCHAR
STARTCHAR u9E48.zh_hant
ENCODING 40520
SWIDTH 1000 0
DWIDTH 10 0
BBX 9 9 0 -1
BITMAP
4900
5380
FA80
2A80
FB00
A080
FB80
6880
AB00
ENDCHAR
STARTCHAR u9E49.zh_hant
ENCODING 40521
SWIDTH 1000 0
DWIDTH 10 0
BBX 9 9 0 -1
BITMAP
F200
0780
F480
2500
3780
A080
AE80
B080
C300
ENDCHAR
STARTCHAR u9E4A.zh_hant
ENCODING 40522
SWIDTH 1000 0
DWIDTH 10 0
BBX 9 9 0 -1
BITMAP
5200
FF80
5480
5500
FF80
9080
FE80
9080
F300
ENDCHAR
STARTCHAR u9E4B.zh_hant
ENCODING 40523
SWIDTH 1000 0
DWIDTH 10 0
BBX 9 9 0 -1
BITMAP
5200
FF80
5480
0500
FF80
A880
FE80
A880
FB00
ENDCHAR
STARTCHAR u9E4C.zh_hant
ENCODING 40524
SWIDTH 1000 0
DWIDTH 10 0
BBX 9 9 0 -1
BITMAP
2100
FB80
6280
AA80
FB00
A880
FB80
A080
3B00
ENDCHAR
STARTCHAR u9E4F.zh_hant
ENCODING 40527
SWIDTH 1000 0
DWIDTH 10 0
BBX 9 9 0 -1
BITMAP
F900
AB80
FA80
AA80
AB00
F880
AE80
A880
AB00
ENDCHAR
STARTCHAR u9E51.zh_hant
ENCODING 40529
SWIDTH 1000 0
DWIDTH 10 0
BBX 9 9 0 -1
BITMAP
2100
FF80
9480
F500
1780
2080
F680
2080
6300
ENDCHAR
STARTCHAR u9E55.zh_hant
ENCODING 40533
SWIDTH 1000 0
DWIDTH 10 0
BBX 9 9 0 -1
BITMAP
5D00
5780
F480
5D00
5780
F480
9E80
9480
F500
ENDCHAR
STARTCHAR u9E5A
ENCODING 40538
SWIDTH 1000 0
DWIDTH 10 0
BBX 9 9 0 -1
BITMAP
5200
FF00
5500
AF00
FD00
5780
A880
AE80
D980
ENDCHAR
STARTCHAR u9E5C.zh_hant
ENCODING 40540
SWIDTH 1000 0
DWIDTH 10 0
BBX 9 9 0 -1
BITMAP
F400
1780
F900
2A00
7F80
A200
3F80
0080
FD80
ENDCHAR
STARTCHAR u9E64.zh_hant
ENCODING 40548
SWIDTH 1000 0
DWIDTH 10 0
BBX 9 9 0 -1
BITMAP
2200
F780
9480
4500
FF80
A080
F780
A080
FB00
ENDCHAR
STARTCHAR u9E66.zh_hant
ENCODING 40550
SWIDTH 1000 0
DWIDTH 10 0
BBX 9 9 0 -1
BITMAP
ED00
B780
6C80
B500
4380
FC80
4B80
3080
CB00
ENDCHAR
STARTCHAR u9E6B.zh_hant
ENCODING 40555
SWIDTH 1000 0
DWIDTH 10 0
BBX 9 9 0 -1
BITMAP
2280
FF80
5200
7500
A980
4200
7F80
0080
FD80
ENDCHAR
STARTCHAR u9E6C.zh_hant
ENCODING 40556
SWIDTH 1000 0
DWIDTH 10 0
BBX 9 9 0 -1
BITMAP
F200
2780
F480
5500
FF80
A880
DF80
A880
B300
ENDCHAR
STARTCHAR u9E6D.zh_hant
ENCODING 40557
SWIDTH 1000 0
DWIDTH 10 0
BBX 9 9 0 -1
BITMAP
F780
9480
FB00
2480
BF80
C100
7F80
0080
FD80
ENDCHAR
STARTCHAR u9E70.zh_hant
ENCODING 40560
SWIDTH 1000 0
DWIDTH 10 0
BBX 9 9 0 -1
BITMAP
FF80
9500
AF80
E500
BF80
A200
BF80
0080
FD80
ENDCHAR
STARTCHAR u9E71.zh_hant
ENCODING 40561
SWIDTH 1000 0
DWIDTH 10 0
BBX 9 9 0 -1
BITMAP
4500
EF80
B900
AF80
C900
2F80
E900
2600
7980
ENDCHAR
STARTCHAR u9E73.zh_hant
ENCODING 40563
SWIDTH 1000 0
DWIDTH 10 0
BBX 9 9 0 -1
BITMAP
FD00
5380
FE80
A280
FF00
5080
FB80
9080
FB00
ENDCHAR
STARTCHAR u9E7E.zh_hant
ENCODING 40574
SWIDTH 1000 0
DWIDTH 10 0
BBX 9 9 0 -1
BITMAP
4500
7780
4200
FF80
B200
DF80
B500
9900
F780
ENDCHAR
STARTCHAR u9E7F.zh_hant
ENCODING 40575
SWIDTH 1000 0
DWIDTH 10 0
BBX 9 9 0 -1
BITMAP
0800
FF80
9200
FF80
9280
FF80
A200
AE80
B380
ENDCHAR
STARTCHAR u9E82.zh_hant
ENCODING 40578
SWIDTH 1000 0
DWIDTH 10 0
BBX 9 9 0 -1
BITMAP
FF80
9200
FF80
9280
FF80
9200
BF80
2200
C380
ENDCHAR
STARTCHAR u9E87.zh_hant
ENCODING 40583
SWIDTH 1000 0
DWIDTH 10 0
BBX 9 9 0 -1
BITMAP
FF80
9200
FF80
9200
7B80
0800
FF80
2A00
C980
ENDCHAR
STARTCHAR u9E88.zh_hant
ENCODING 40584
SWIDTH 1000 0
DWIDTH 10 0
BBX 9 9 0 -1
BITMAP
FF80
9200
FF80
9200
BB80
0800
7F00
0800
FF80
ENDCHAR
STARTCHAR u9E8B.zh_hant
ENCODING 40587
SWIDTH 1000 0
DWIDTH 10 0
BBX 9 9 0 -1
BITMAP
FF80
9200
FF80
9200
BB80
4900
FF80
2A00
C980
ENDCHAR
STARTCHAR u9E92.zh_hant
ENCODING 40594
SWIDTH 1000 0
DWIDTH 10 0
BBX 9 9 0 -1
BITMAP
2280
FF80
A280
FB80
AA80
FF80
9000
B500
DC80
ENDCHAR
STARTCHAR u9E93.zh_hant
ENCODING 40595
SWIDTH 1000 0
DWIDTH 10 0
BBX 9 9 0 -1
BITMAP
2200
FF80
5500
FF80
9480
FF80
A200
AE80
7380
ENDCHAR
STARTCHAR u9E9D.zh_hant
ENCODING 40605
SWIDTH 1000 0
DWIDTH 10 0
BBX 9 9 0 -1
BITMAP
FF80
9200
FF80
9200
FA80
8B80
FC80
4A80
9980
ENDCHAR
STARTCHAR u9E9F.zh_hant
ENCODING 40607
SWIDTH 1000 0
DWIDTH 10 0
BBX 9 9 0 -1
BITMAP
2A80
FA00
A780
FA00
AE80
FB80
AA80
B780
D880
ENDCHAR
STARTCHAR u9EA6.zh_hant
ENCODING 40614
SWIDTH 1000 0
DWIDTH 10 0
BBX 9 9 0 -1
BITMAP
0800
FF80
0800
7F00
0800
FF80
5200
8E00
7180
ENDCHAR
STARTCHAR u9EB4.zh_hant
ENCODING 40628
SWIDTH 1000 0
DWIDTH 10 0
BBX 9 9 0 -1
BITMAP
4800
EF80
5480
D680
4480
FF80
AC80
7680
8580
ENDCHAR
STARTCHAR u9EB8.zh_hant
ENCODING 40632
SWIDTH 1000 0
DWIDTH 10 0
BBX 9 9 0 -1
BITMAP
2200
FF80
2200
FF80
2200
7D00
D480
3000
CF80
ENDCHAR
STARTCHAR u9EBB.zh_hant
ENCODING 40635
SWIDTH 1000 0
DWIDTH 10 0
BBX 9 9 0 -1
BITMAP
0400
FF80
9100
FF80
9100
BB00
D580
9900
9100
ENDCHAR
STARTCHAR u9EBD.zh_hant
ENCODING 40637
SWIDTH 1000 0
DWIDTH 10 0
BBX 9 9 0 -1
BITMAP
0800
FF80
9200
FF80
B300
DA80
9400
A900
1F80
ENDCHAR
STARTCHAR u9EBE.zh_hant
ENCODING 40638
SWIDTH 1000 0
DWIDTH 10 0
BBX 9 9 0 -1
BITMAP
0800
FF80
9100
FF80
AA80
D500
8F80
F800
8F80
ENDCHAR
STARTCHAR u9EC4
ENCODING 40644
SWIDTH 1000 0
DWIDTH 10 0
BBX 9 9 0 -1
BITMAP
2200
FF80
2200
FF80
4900
7F00
4900
7F00
8080
ENDCHAR
STARTCHAR u9EC9.zh_hant
ENCODING 40649
SWIDTH 1000 0
DWIDTH 10 0
BBX 9 9 0 -1
BITMAP
4900
FF80
A280
7F00
C980
7F00
4900
7F00
C180
ENDCHAR
STARTCHAR u9ECD.zh_hant
ENCODING 40653
SWIDTH 1000 0
DWIDTH 10 0
BBX 9 9 0 -1
BITMAP
7F00
0800
FF80
4900
9480
2A00
C980
2A00
D980
ENDCHAR
STARTCHAR u9ECE.zh_hant
ENCODING 40654
SWIDTH 1000 0
DWIDTH 10 0
BBX 9 9 0 -1
BITMAP
F400
2780
FA80
6480
B900
2600
C980
2E00
D980
ENDCHAR
STARTCHAR u9ECF.zh_hant
ENCODING 40655
SWIDTH 1000 0
DWIDTH 10 0
BBX 9 9 0 -1
BITMAP
FA00
2200
FB80
6A00
B200
6F80
B480
6C80
A780
ENDCHAR
STARTCHAR u9ED1
ENCODING 40657
SWIDTH 1000 0
DWIDTH 10 0
BBX 9 9 0 -1
BITMAP
7F00
6B00
5D00
4900
7F00
0800
FF80
0000
9480
ENDCHAR
STARTCHAR u9ED4.zh_hant
ENCODING 40660
SWIDTH 1000 0
DWIDTH 10 0
BBX 9 9 0 -1
BITMAP
FB00
AC80
D800
AF80
F800
2780
F880
0080
AB00
ENDCHAR
STARTCHAR u9ED8
ENCODING 40664
SWIDTH 1000 0
DWIDTH 10 0
BBX 9 9 0 -1
BITMAP
FA80
AA80
FA00
AF80
FA00
2200
FD00
0500
A880
ENDCHAR
STARTCHAR u9EDB.zh_hant
ENCODING 40667
SWIDTH 1000 0
DWIDTH 10 0
BBX 9 9 0 -1
BITMAP
2480
DF80
4200
7F00
2A80
2A00
FF80
0000
9480
ENDCHAR
STARTCHAR u9EDC.zh_hant
ENCODING 40668
SWIDTH 1000 0
DWIDTH 10 0
BBX 9 9 0 -1
BITMAP
FA00
AA80
DA80
AF80
FA00
2200
FA80
0A80
AF80
ENDCHAR
STARTCHAR u9EDD.zh_hant
ENCODING 40669
SWIDTH 1000 0
DWIDTH 10 0
BBX 9 9 0 -1
BITMAP
F600
BA00
D780
AA80
F680
2880
F280
1E80
A300
ENDCHAR
STARTCHAR u9EE0.zh_hant
ENCODING 40672
SWIDTH 1000 0
DWIDTH 10 0
BBX 9 9 0 -1
BITMAP
F200
AF80
D200
AF80
F000
2F80
F880
0880
AF80
ENDCHAR
STARTCHAR u9EE2.zh_hant
ENCODING 40674
SWIDTH 1000 0
DWIDTH 10 0
BBX 9 9 0 -1
BITMAP
F400
A880
DF80
A500
F980
2700
F900
0600
A980
ENDCHAR
STARTCHAR u9EE5.zh_hant
ENCODING 40677
SWIDTH 1000 0
DWIDTH 10 0
BBX 9 9 0 -1
BITMAP
F200
AF80
D000
AF80
F880
2F80
F200
0A80
B680
ENDCHAR
STARTCHAR u9EE9
ENCODING 40681
SWIDTH 1000 0
DWIDTH 10 0
BBX 9 9 0 -1
BITMAP
FA00
AF80
FA00
AF80
F480
2A00
FF80
0500
A880
ENDCHAR
STARTCHAR u9EEF.zh_hant
ENCODING 40687
SWIDTH 1000 0
DWIDTH 10 0
BBX 9 9 0 -1
BITMAP
FA00
AF80
D900
A900
FF80
2480
FF80
0480
AF80
ENDCHAR
STARTCHAR u9EF9.zh_hant
ENCODING 40697
SWIDTH 1000 0
DWIDTH 10 0
BBX 9 9 0 -1
BITMAP
5500
FF80
2A00
4900
FF80
8880
AA80
CA80
8980
ENDCHAR
STARTCHAR u9EFB.zh_hant
ENCODING 40699
SWIDTH 1000 0
DWIDTH 10 0
BBX 9 9 0 -1
BITMAP
AA80
FA80
5780
AA00
7280
AD00
F900
AA80
AC80
ENDCHAR
STARTCHAR u9EFC.zh_hant
ENCODING 40700
SWIDTH 1000 0
DWIDTH 10 0
BBX 9 9 0 -1
BITMAP
AA80
FF80
5200
AF80
7A80
AF80
FA80
AF80
AA80
ENDCHAR
STARTCHAR u9F0B.zh_hant
ENCODING 40715
SWIDTH 1000 0
DWIDTH 10 0
BBX 9 9 0 -1
BITMAP
7F00
0000
FF80
2200
DF80
4900
7F00
4880
0F80
ENDCHAR
STARTCHAR u9F0E.zh_hant
ENCODING 40718
SWIDTH 1000 0
DWIDTH 10 0
BBX 9 9 0 -1
BITMAP
BE80
A280
BE80
A280
FF80
1400
F780
5500
9500
ENDCHAR
STARTCHAR u9F10.zh_hant
ENCODING 40720
SWIDTH 1000 0
DWIDTH 10 0
BBX 9 9 0 -1
BITMAP
FE00
2200
5F80
9480
5580
7F00
1400
F780
5480
ENDCHAR
STARTCHAR u9F13.zh_hant
ENCODING 40723
SWIDTH 1000 0
DWIDTH 10 0
BBX 9 9 0 -1
BITMAP
2200
FF80
2200
FA00
8F80
F880
5500
5600
F980
ENDCHAR
STARTCHAR u9F19.zh_hant
ENCODING 40729
SWIDTH 1000 0
DWIDTH 10 0
BBX 9 9 0 -1
BITMAP
F780
2200
F780
9500
5200
FF80
4800
FF80
0800
ENDCHAR
STARTCHAR u9F20.zh_hant
ENCODING 40736
SWIDTH 1000 0
DWIDTH 10 0
BBX 9 9 0 -1
BITMAP
E700
8100
E700
8100
FF00
8900
ED00
8880
EE80
ENDCHAR
STARTCHAR u9F2C.zh_hant
ENCODING 40748
SWIDTH 1000 0
DWIDTH 10 0
BBX 9 9 0 -1
BITMAP
DA00
8F80
DA80
8F80
FA80
AA80
FF80
A800
B780
ENDCHAR
STARTCHAR u9F2F.zh_hant
ENCODING 40751
SWIDTH 1000 0
DWIDTH 10 0
BBX 9 9 0 -1
BITMAP
DF80
8A00
DF80
8A80
FF80
A800
FB80
AA80
B780
ENDCHAR
STARTCHAR u9F39.zh_hant
ENCODING 40761
SWIDTH 1000 0
DWIDTH 10 0
BBX 9 9 0 -1
BITMAP
DB80
8A80
DA80
8F80
FA80
AB00
FE80
A800
B780
ENDCHAR
STARTCHAR u9F3B.zh_hant
ENCODING 40763
SWIDTH 1000 0
DWIDTH 10 0
BBX 9 9 0 -1
BITMAP
1000
3F00
2100
7F80
4880
7F80
1200
FF80
2200
ENDCHAR
STARTCHAR u9F3E.zh_hant
ENCODING 40766
SWIDTH 1000 0
DWIDTH 10 0
BBX 9 9 0 -1
BITMAP
2780
7900
4900
4900
FF80
A500
FD00
2900
C900
ENDCHAR
STARTCHAR u9F50
ENCODING 40784
SWIDTH 1000 0
DWIDTH 10 0
BBX 9 9 0 -1
BITMAP
0800
FF80
2200
1C00
2200
C180
2200
2200
4200
ENDCHAR
STARTCHAR u9F7F.zh_hant
ENCODING 40831
SWIDTH 1000 0
DWIDTH 10 0
BBX 9 9 0 -1
BITMAP
0800
4F00
4800
FF80
0800
4900
5500
4100
7F00
ENDCHAR
STARTCHAR u9F84
ENCODING 40836
SWIDTH 1000 0
DWIDTH 10 0
BBX 9 9 0 -1
BITMAP
B300
A480
F800
0300
A800
AF80
D880
8B00
F900
ENDCHAR
STARTCHAR u9F87.zh_hant
ENCODING 40839
SWIDTH 1000 0
DWIDTH 10 0
BBX 9 9 0 -1
BITMAP
B500
A500
F500
1780
D500
B500
D500
9F00
F180
ENDCHAR
STARTCHAR u9F8A.zh_hant
ENCODING 40842
SWIDTH 1000 0
DWIDTH 10 0
BBX 9 9 0 -1
BITMAP
B780
A480
F480
0780
D100
B580
D500
9700
F880
ENDCHAR
STARTCHAR u9F8B.zh_hant
ENCODING 40843
SWIDTH 1000 0
DWIDTH 10 0
BBX 9 9 0 -1
BITMAP
B780
A200
FF80
0A80
AF80
AA00
DF80
9480
F680
ENDCHAR
STARTCHAR u9F8C.zh_hant
ENCODING 40844
SWIDTH 1000 0
DWIDTH 10 0
BBX 9 9 0 -1
BITMAP
2F80
B880
AF80
F900
0F80
AA00
DF80
8A00
F780
ENDCHAR
STARTCHAR u9F99.zh_hant
ENCODING 40857
SWIDTH 1000 0
DWIDTH 10 0
BBX 9 9 0 -1
BITMAP
1180
1000
FF80
1400
2480
2500
4600
4480
9B80
ENDCHAR
STARTCHAR u9F9A.zh_hant
ENCODING 40858
SWIDTH 1000 0
DWIDTH 10 0
BBX 9 9 0 -1
BITMAP
0880
FF80
2A00
4480
9B80
2200
FF80
2200
C180
ENDCHAR
STARTCHAR u9F9B
ENCODING 40859
SWIDTH 1000 0
DWIDTH 10 0
BBX 9 9 0 -1
BITMAP
1C00
E380
1C00
2200
3E00
1100
FF80
3480
C780
ENDCHAR
STARTCHAR u9F9F.zh_hant
ENCODING 40863
SWIDTH 1000 0
DWIDTH 10 0
BBX 9 9 0 -1
BITMAP
3E00
4400
FF00
4900
7F00
4900
7F00
0880
0F80
ENDCHAR
STARTCHAR u9FA0.zh_hant
ENCODING 40864
SWIDTH 1000 0
DWIDTH 10 0
BBX 9 9 0 -1
BITMAP
1C00
EB80
5500
7F00
0000
FF80
9480
FF80
9480
ENDCHAR
STARTCHAR uE000
ENCODING 57344
SWIDTH 1000 0
DWIDTH 10 0
BBX 9 9 0 -1
BITMAP
3E00
2200
E380
8080
8080
8080
E380
2200
3E00
ENDCHAR
STARTCHAR uE001
ENCODING 57345
SWIDTH 1000 0
DWIDTH 10 0
BBX 9 9 0 -1
BITMAP
3E00
2200
EB80
8080
8080
8080
E380
2200
3E00
ENDCHAR
STARTCHAR uE002
ENCODING 57346
SWIDTH 1000 0
DWIDTH 10 0
BBX 9 9 0 -1
BITMAP
3E00
2200
E380
8080
8080
8080
EB80
2200
3E00
ENDCHAR
STARTCHAR uE003
ENCODING 57347
SWIDTH 1000 0
DWIDTH 10 0
BBX 9 9 0 -1
BITMAP
3E00
2200
E380
8080
A080
8080
E380
2200
3E00
ENDCHAR
STARTCHAR uE004
ENCODING 57348
SWIDTH 1000 0
DWIDTH 10 0
BBX 9 9 0 -1
BITMAP
3E00
2200
E380
8080
8280
8080
E380
2200
3E00
ENDCHAR
STARTCHAR uE005
ENCODING 57349
SWIDTH 1000 0
DWIDTH 10 0
BBX 9 9 0 -1
BITMAP
3E00
2200
EB80
8080
8080
8080
EB80
2200
3E00
ENDCHAR
STARTCHAR uE006
ENCODING 57350
SWIDTH 1000 0
DWIDTH 10 0
BBX 9 9 0 -1
BITMAP
3E00
2200
E380
8080
A280
8080
E380
2200
3E00
ENDCHAR
STARTCHAR uE007
ENCODING 57351
SWIDTH 1000 0
DWIDTH 10 0
BBX 9 9 0 -1
BITMAP
3E00
2200
EB80
8080
A080
8080
E380
2200
3E00
ENDCHAR
STARTCHAR uE008
ENCODING 57352
SWIDTH 1000 0
DWIDTH 10 0
BBX 9 9 0 -1
BITMAP
3E00
2200
EB80
8080
8280
8080
E380
2200
3E00
ENDCHAR
STARTCHAR uE009
ENCODING 57353
SWIDTH 1000 0
DWIDTH 10 0
BBX 9 9 0 -1
BITMAP
3E00
2200
E380
8080
A080
8080
EB80
2200
3E00
ENDCHAR
STARTCHAR uE00A
ENCODING 57354
SWIDTH 1000 0
DWIDTH 10 0
BBX 9 9 0 -1
BITMAP
3E00
2200
E380
8080
8280
8080
EB80
2200
3E00
ENDCHAR
STARTCHAR uE00B
ENCODING 57355
SWIDTH 1000 0
DWIDTH 10 0
BBX 9 9 0 -1
BITMAP
3E00
2200
EB80
8080
A280
8080
E380
2200
3E00
ENDCHAR
STARTCHAR uE00C
ENCODING 57356
SWIDTH 1000 0
DWIDTH 10 0
BBX 9 9 0 -1
BITMAP
3E00
2200
E380
8080
A280
8080
EB80
2200
3E00
ENDCHAR
STARTCHAR uE00D
ENCODING 57357
SWIDTH 1000 0
DWIDTH 10 0
BBX 9 9 0 -1
BITMAP
3E00
2200
EB80
8080
A080
8080
EB80
2200
3E00
ENDCHAR
STARTCHAR uE00E
ENCODING 57358
SWIDTH 1000 0
DWIDTH 10 0
BBX 9 9 0 -1
BITMAP
3E00
2200
EB80
8080
8280
8080
EB80
2200
3E00
ENDCHAR
STARTCHAR uE00F
ENCODING 57359
SWIDTH 1000 0
DWIDTH 10 0
BBX 9 9 0 -1
BITMAP
3E00
2200
EB80
8080
A280
8080
EB80
2200
3E00
ENDCHAR
STARTCHAR uE010
ENCODING 57360
SWIDTH 1000 0
DWIDTH 10 0
BBX 9 9 0 -1
BITMAP
1C00
1C00
1C00
FF80
FF80
FF80
1C00
1C00
1C00
ENDCHAR
STARTCHAR uE011
ENCODING 57361
SWIDTH 1000 0
DWIDTH 10 0
BBX 9 9 0 -1
BITMAP
1C00
1400
1C00
FF80
FF80
FF80
1C00
1C00
1C00
ENDCHAR
STARTCHAR uE012
ENCODING 57362
SWIDTH 1000 0
DWIDTH 10 0
BBX 9 9 0 -1
BITMAP
1C00
1C00
1C00
FF80
FF80
FF80
1C00
1400
1C00
ENDCHAR
STARTCHAR uE013
ENCODING 57363
SWIDTH 1000 0
DWIDTH 10 0
BBX 9 9 0 -1
BITMAP
1C00
1C00
1C00
FF80
BF80
FF80
1C00
1C00
1C00
ENDCHAR
STARTCHAR uE014
ENCODING 57364
SWIDTH 1000 0
DWIDTH 10 0
BBX 9 9 0 -1
BITMAP
1C00
1C00
1C00
FF80
FE80
FF80
1C00
1C00
1C00
ENDCHAR
STARTCHAR uE015
ENCODING 57365
SWIDTH 1000 0
DWIDTH 10 0
BBX 9 9 0 -1
BITMAP
1C00
1400
1C00
FF80
FF80
FF80
1C00
1400
1C00
ENDCHAR
STARTCHAR uE016
ENCODING 57366
SWIDTH 1000 0
DWIDTH 10 0
BBX 9 9 0 -1
BITMAP
1C00
1C00
1C00
FF80
BE80
FF80
1C00
1C00
1C00
ENDCHAR
STARTCHAR uE017
ENCODING 57367
SWIDTH 1000 0
DWIDTH 10 0
BBX 9 9 0 -1
BITMAP
1C00
1400
1C00
FF80
BF80
FF80
1C00
1C00
1C00
ENDCHAR
STARTCHAR uE018
ENCODING 57368
SWIDTH 1000 0
DWIDTH 10 0
BBX 9 9 0 -1
BITMAP
1C00
1400
1C00
FF80
FE80
FF80
1C00
1C00
1C00
ENDCHAR
STARTCHAR uE019
ENCODING 57369
SWIDTH 1000 0
DWIDTH 10 0
BBX 9 9 0 -1
BITMAP
1C00
1C00
1C00
FF80
BF80
FF80
1C00
1400
1C00
ENDCHAR
STARTCHAR uE01A
ENCODING 57370
SWIDTH 1000 0
DWIDTH 10 0
BBX 9 9 0 -1
BITMAP
1C00
1C00
1C00
FF80
FE80
FF80
1C00
1400
1C00
ENDCHAR
STARTCHAR uE01B
ENCODING 57371
SWIDTH 1000 0
DWIDTH 10 0
BBX 9 9 0 -1
BITMAP
1C00
1400
1C00
FF80
BE80
FF80
1C00
1C00
1C00
ENDCHAR
STARTCHAR uE01C
ENCODING 57372
SWIDTH 1000 0
DWIDTH 10 0
BBX 9 9 0 -1
BITMAP
1C00
1C00
1C00
FF80
BE80
FF80
1C00
1400
1C00
ENDCHAR
STARTCHAR uE01D
ENCODING 57373
SWIDTH 1000 0
DWIDTH 10 0
BBX 9 9 0 -1
BITMAP
1C00
1400
1C00
FF80
BF80
FF80
1C00
1400
1C00
ENDCHAR
STARTCHAR uE01E
ENCODING 57374
SWIDTH 1000 0
DWIDTH 10 0
BBX 9 9 0 -1
BITMAP
1C00
1400
1C00
FF80
FE80
FF80
1C00
1400
1C00
ENDCHAR
STARTCHAR uE01F
ENCODING 57375
SWIDTH 1000 0
DWIDTH 10 0
BBX 9 9 0 -1
BITMAP
1C00
1400
1C00
FF80
BE80
FF80
1C00
1400
1C00
ENDCHAR
STARTCHAR uE020
ENCODING 57376
SWIDTH 1000 0
DWIDTH 10 0
BBX 9 9 0 -1
BITMAP
3E00
2200
E380
9480
8880
9480
E380
2200
3E00
ENDCHAR
STARTCHAR uE021
ENCODING 57377
SWIDTH 1000 0
DWIDTH 10 0
BBX 9 9 0 -1
BITMAP
3E00
3E00
FF80
9C80
8880
9480
E380
2200
3E00
ENDCHAR
STARTCHAR uE022
ENCODING 57378
SWIDTH 1000 0
DWIDTH 10 0
BBX 9 9 0 -1
BITMAP
3E00
2200
E380
9480
8880
9C80
FF80
3E00
3E00
ENDCHAR
STARTCHAR uE023
ENCODING 57379
SWIDTH 1000 0
DWIDTH 10 0
BBX 9 9 0 -1
BITMAP
3E00
2200
E380
F480
F880
F480
E380
2200
3E00
ENDCHAR
STARTCHAR uE024
ENCODING 57380
SWIDTH 1000 0
DWIDTH 10 0
BBX 9 9 0 -1
BITMAP
3E00
2200
E380
9780
8F80
9780
E380
2200
3E00
ENDCHAR
STARTCHAR uE025
ENCODING 57381
SWIDTH 1000 0
DWIDTH 10 0
BBX 9 9 0 -1
BITMAP
3E00
3E00
FF80
9C80
8880
9C80
FF80
3E00
3E00
ENDCHAR
STARTCHAR uE026
ENCODING 57382
SWIDTH 1000 0
DWIDTH 10 0
BBX 9 9 0 -1
BITMAP
3E00
2200
E380
F780
FF80
F780
E380
2200
3E00
ENDCHAR
STARTCHAR uE027
ENCODING 57383
SWIDTH 1000 0
DWIDTH 10 0
BBX 9 9 0 -1
BITMAP
3E00
3E00
DF80
EC80
F880
F480
E380
2200
3E00
ENDCHAR
STARTCHAR uE028
ENCODING 57384
SWIDTH 1000 0
DWIDTH 10 0
BBX 9 9 0 -1
BITMAP
3E00
3E00
FD80
9B80
8F80
9780
E380
2200
3E00
ENDCHAR
STARTCHAR uE029
ENCODING 57385
SWIDTH 1000 0
DWIDTH 10 0
BBX 9 9 0 -1
BITMAP
3E00
2200
E380
F480
F880
EC80
DF80
3E00
3E00
ENDCHAR
STARTCHAR uE02A
ENCODING 57386
SWIDTH 1000 0
DWIDTH 10 0
BBX 9 9 0 -1
BITMAP
3E00
2200
E380
9780
8F80
9B80
FD80
3E00
3E00
ENDCHAR
STARTCHAR uE02B
ENCODING 57387
SWIDTH 1000 0
DWIDTH 10 0
BBX 9 9 0 -1
BITMAP
3E00
3E00
DD80
EB80
FF80
F780
E380
2200
3E00
ENDCHAR
STARTCHAR uE02C
ENCODING 57388
SWIDTH 1000 0
DWIDTH 10 0
BBX 9 9 0 -1
BITMAP
3E00
2200
E380
F780
FF80
EB80
DD80
3E00
3E00
ENDCHAR
STARTCHAR uE02D
ENCODING 57389
SWIDTH 1000 0
DWIDTH 10 0
BBX 9 9 0 -1
BITMAP
3E00
3E00
DF80
EC80
F880
EC80
DF80
3E00
3E00
ENDCHAR
STARTCHAR uE02E
ENCODING 57390
SWIDTH 1000 0
DWIDTH 10 0
BBX 9 9 0 -1
BITMAP
3E00
3E00
FD80
9B80
8F80
9B80
FD80
3E00
3E00
ENDCHAR
STARTCHAR uE02F
ENCODING 57391
SWIDTH 1000 0
DWIDTH 10 0
BBX 9 9 0 -1
BITMAP
3E00
3E00
DD80
EB80
F780
EB80
DD80
3E00
3E00
ENDCHAR
STARTCHAR uE030
ENCODING 57392
SWIDTH 1000 0
DWIDTH 10 0
BBX 9 9 0 -1
BITMAP
1C00
1400
1C00
E380
A280
E380
1C00
1400
1C00
ENDCHAR
STARTCHAR uE031
ENCODING 57393
SWIDTH 1000 0
DWIDTH 10 0
BBX 9 9 0 -1
BITMAP
1C00
1C00
1C00
E380
A280
E380
1C00
1400
1C00
ENDCHAR
STARTCHAR uE032
ENCODING 57394
SWIDTH 1000 0
DWIDTH 10 0
BBX 9 9 0 -1
BITMAP
1C00
1400
1C00
E380
A280
E380
1C00
1C00
1C00
ENDCHAR
STARTCHAR uE033
ENCODING 57395
SWIDTH 1000 0
DWIDTH 10 0
BBX 9 9 0 -1
BITMAP
1C00
1400
1C00
E380
E280
E380
1C00
1400
1C00
ENDCHAR
STARTCHAR uE034
ENCODING 57396
SWIDTH 1000 0
DWIDTH 10 0
BBX 9 9 0 -1
BITMAP
1C00
1400
1C00
E380
A380
E380
1C00
1400
1C00
ENDCHAR
STARTCHAR uE035
ENCODING 57397
SWIDTH 1000 0
DWIDTH 10 0
BBX 9 9 0 -1
BITMAP
1C00
1C00
1C00
E380
A280
E380
1C00
1C00
1C00
ENDCHAR
STARTCHAR uE036
ENCODING 57398
SWIDTH 1000 0
DWIDTH 10 0
BBX 9 9 0 -1
BITMAP
1C00
1400
1C00
E380
E380
E380
1C00
1400
1C00
ENDCHAR
STARTCHAR uE037
ENCODING 57399
SWIDTH 1000 0
DWIDTH 10 0
BBX 9 9 0 -1
BITMAP
1C00
1C00
1C00
E380
E280
E380
1C00
1400
1C00
ENDCHAR
STARTCHAR uE038
ENCODING 57400
SWIDTH 1000 0
DWIDTH 10 0
BBX 9 9 0 -1
BITMAP
1C00
1C00
1C00
E380
A380
E380
1C00
1400
1C00
ENDCHAR
STARTCHAR uE039
ENCODING 57401
SWIDTH 1000 0
DWIDTH 10 0
BBX 9 9 0 -1
BITMAP
1C00
1400
1C00
E380
E280
E380
1C00
1C00
1C00
ENDCHAR
STARTCHAR uE03A
ENCODING 57402
SWIDTH 1000 0
DWIDTH 10 0
BBX 9 9 0 -1
BITMAP
1C00
1400
1C00
E380
A380
E380
1C00
1C00
1C00
ENDCHAR
STARTCHAR uE03B
ENCODING 57403
SWIDTH 1000 0
DWIDTH 10 0
BBX 9 9 0 -1
BITMAP
1C00
1C00
1C00
E380
E380
E380
1C00
1400
1C00
ENDCHAR
STARTCHAR uE03C
ENCODING 57404
SWIDTH 1000 0
DWIDTH 10 0
BBX 9 9 0 -1
BITMAP
1C00
1400
1C00
E380
E380
E380
1C00
1C00
1C00
ENDCHAR
STARTCHAR uE03D
ENCODING 57405
SWIDTH 1000 0
DWIDTH 10 0
BBX 9 9 0 -1
BITMAP
1C00
1C00
1C00
E380
E280
E380
1C00
1C00
1C00
ENDCHAR
STARTCHAR uE03E
ENCODING 57406
SWIDTH 1000 0
DWIDTH 10 0
BBX 9 9 0 -1
BITMAP
1C00
1C00
1C00
E380
A380
E380
1C00
1C00
1C00
ENDCHAR
STARTCHAR uE03F
ENCODING 57407
SWIDTH 1000 0
DWIDTH 10 0
BBX 9 9 0 -1
BITMAP
1C00
1C00
1C00
E380
E380
E380
1C00
1C00
1C00
ENDCHAR
STARTCHAR uE040
ENCODING 57408
SWIDTH 1000 0
DWIDTH 10 0
BBX 9 9 0 -1
BITMAP
3E00
4100
9C80
A280
A280
BE80
A280
4100
3E00
ENDCHAR
STARTCHAR uE041
ENCODING 57409
SWIDTH 1000 0
DWIDTH 10 0
BBX 9 9 0 -1
BITMAP
3E00
4100
BC80
A280
BC80
A280
BC80
4100
3E00
ENDCHAR
STARTCHAR uE042
ENCODING 57410
SWIDTH 1000 0
DWIDTH 10 0
BBX 9 9 0 -1
BITMAP
3E00
4100
9C80
A280
A080
A280
9C80
4100
3E00
ENDCHAR
STARTCHAR uE043
ENCODING 57411
SWIDTH 1000 0
DWIDTH 10 0
BBX 9 9 0 -1
BITMAP
3E00
4100
A280
9480
8880
9480
A280
4100
3E00
ENDCHAR
STARTCHAR uE044
ENCODING 57412
SWIDTH 1000 0
DWIDTH 10 0
BBX 9 9 0 -1
BITMAP
3E00
4100
A280
9480
8880
8880
8880
4100
3E00
ENDCHAR
STARTCHAR uE045
ENCODING 57413
SWIDTH 1000 0
DWIDTH 10 0
BBX 9 9 0 -1
BITMAP
3E00
4100
BE80
8480
8880
9080
BE80
4100
3E00
ENDCHAR
STARTCHAR uE046
ENCODING 57414
SWIDTH 1000 0
DWIDTH 10 0
BBX 5 9 2 -1
BITMAP
70
88
88
88
88
88
88
88
70
ENDCHAR
STARTCHAR uE047
ENCODING 57415
SWIDTH 1000 0
DWIDTH 10 0
BBX 9 5 0 1
BITMAP
7F00
8080
8080
8080
7F00
ENDCHAR
STARTCHAR uE048
ENCODING 57416
SWIDTH 1000 0
DWIDTH 10 0
BBX 5 5 2 1
BITMAP
70
88
88
88
70
ENDCHAR
STARTCHAR uE049
ENCODING 57417
SWIDTH 1000 0
DWIDTH 10 0
BBX 9 5 0 1
BITMAP
0700
3880
C080
3880
0700
ENDCHAR
STARTCHAR uE04A
ENCODING 57418
SWIDTH 1000 0
DWIDTH 10 0
BBX 9 5 0 1
BITMAP
7000
8E00
8180
8E00
7000
ENDCHAR
STARTCHAR uE04F
ENCODING 57423
SWIDTH 1000 0
DWIDTH 10 0
BBX 9 9 0 -1
BITMAP
3E00
4100
8880
AA80
AA80
A280
9C80
4100
3E00
ENDCHAR
STARTCHAR uE050
ENCODING 57424
SWIDTH 1000 0
DWIDTH 10 0
BBX 9 9 0 -1
BITMAP
3E00
7F00
E380
DD80
DD80
C180
DD80
7F00
3E00
ENDCHAR
STARTCHAR uE051
ENCODING 57425
SWIDTH 1000 0
DWIDTH 10 0
BBX 9 9 0 -1
BITMAP
3E00
7F00
C380
DD80
C380
DD80
C380
7F00
3E00
ENDCHAR
STARTCHAR uE052
ENCODING 57426
SWIDTH 1000 0
DWIDTH 10 0
BBX 9 9 0 -1
BITMAP
3E00
7F00
E380
DD80
DF80
DD80
E380
7F00
3E00
ENDCHAR
STARTCHAR uE053
ENCODING 57427
SWIDTH 1000 0
DWIDTH 10 0
BBX 9 9 0 -1
BITMAP
3E00
7F00
DD80
EB80
F780
EB80
DD80
7F00
3E00
ENDCHAR
STARTCHAR uE054
ENCODING 57428
SWIDTH 1000 0
DWIDTH 10 0
BBX 9 9 0 -1
BITMAP
3E00
7F00
DD80
EB80
F780
F780
F780
7F00
3E00
ENDCHAR
STARTCHAR uE055
ENCODING 57429
SWIDTH 1000 0
DWIDTH 10 0
BBX 9 9 0 -1
BITMAP
3E00
7F00
C180
FB80
F780
EF80
C180
7F00
3E00
ENDCHAR
STARTCHAR uE056
ENCODING 57430
SWIDTH 1000 0
DWIDTH 10 0
BBX 5 9 2 -1
BITMAP
70
F8
F8
F8
F8
F8
F8
F8
70
ENDCHAR
STARTCHAR uE057
ENCODING 57431
SWIDTH 1000 0
DWIDTH 10 0
BBX 9 5 0 1
BITMAP
7F00
FF80
FF80
FF80
7F00
ENDCHAR
STARTCHAR uE058
ENCODING 57432
SWIDTH 1000 0
DWIDTH 10 0
BBX 5 5 2 1
BITMAP
70
F8
F8
F8
70
ENDCHAR
STARTCHAR uE059
ENCODING 57433
SWIDTH 1000 0
DWIDTH 10 0
BBX 9 5 0 1
BITMAP
0700
3F80
FF80
3F80
0700
ENDCHAR
STARTCHAR uE05A
ENCODING 57434
SWIDTH 1000 0
DWIDTH 10 0
BBX 9 5 0 1
BITMAP
7000
FE00
FF80
FE00
7000
ENDCHAR
STARTCHAR uE05F
ENCODING 57439
SWIDTH 1000 0
DWIDTH 10 0
BBX 9 9 0 -1
BITMAP
3E00
7700
D580
B680
B680
BE80
DD80
6300
3E00
ENDCHAR
STARTCHAR uE060
ENCODING 57440
SWIDTH 1000 0
DWIDTH 10 0
BBX 9 9 0 -1
BITMAP
3E00
6300
B680
9C80
B680
E380
C180
4100
3E00
ENDCHAR
STARTCHAR uE061
ENCODING 57441
SWIDTH 1000 0
DWIDTH 10 0
BBX 9 7 0 0
BITMAP
7F00
8680
9E80
FE80
9E80
8680
7F00
ENDCHAR
STARTCHAR uE062
ENCODING 57442
SWIDTH 1000 0
DWIDTH 10 0
BBX 9 7 0 0
BITMAP
7F00
B080
BC80
BF80
BC80
B080
7F00
ENDCHAR
STARTCHAR uE063
ENCODING 57443
SWIDTH 1000 0
DWIDTH 10 0
BBX 9 9 0 -1
BITMAP
0F00
3080
6680
A580
A680
A580
B680
8080
7F00
ENDCHAR
STARTCHAR uE064
ENCODING 57444
SWIDTH 1000 0
DWIDTH 10 0
BBX 9 9 0 -1
BITMAP
7800
8600
E700
D580
E680
D580
D680
8080
7F00
ENDCHAR
STARTCHAR uE065
ENCODING 57445
SWIDTH 1000 0
DWIDTH 10 0
BBX 9 9 0 -1
BITMAP
0F00
3080
6780
A280
A280
A280
BA80
8080
7F00
ENDCHAR
STARTCHAR uE066
ENCODING 57446
SWIDTH 1000 0
DWIDTH 10 0
BBX 9 9 0 -1
BITMAP
7800
8600
B700
AA80
B280
AA80
AA80
8080
7F00
ENDCHAR
STARTCHAR uE067
ENCODING 57447
SWIDTH 1000 0
DWIDTH 10 0
BBX 9 9 0 -1
BITMAP
3E00
4100
BC80
A080
AE80
8A80
8E80
4100
3E00
ENDCHAR
STARTCHAR uE068
ENCODING 57448
SWIDTH 1000 0
DWIDTH 10 0
BBX 9 9 0 -1
BITMAP
3E00
4100
BE80
8080
BE80
8080
BE80
4100
3E00
ENDCHAR
STARTCHAR uE069
ENCODING 57449
SWIDTH 1000 0
DWIDTH 10 0
BBX 9 7 0 0
BITMAP
7F00
8880
9C80
C980
FF80
8080
7F00
ENDCHAR
STARTCHAR uE070
ENCODING 57456
SWIDTH 1000 0
DWIDTH 10 0
BBX 9 9 0 -1
BITMAP
3E00
5D00
C980
E380
C980
9C80
BE80
7F00
3E00
ENDCHAR
STARTCHAR uE071
ENCODING 57457
SWIDTH 1000 0
DWIDTH 10 0
BBX 9 7 0 0
BITMAP
7F00
F980
E180
8180
E180
F980
7F00
ENDCHAR
STARTCHAR uE072
ENCODING 57458
SWIDTH 1000 0
DWIDTH 10 0
BBX 9 7 0 0
BITMAP
7F00
CF80
C380
C080
C380
CF80
7F00
ENDCHAR
STARTCHAR uE073
ENCODING 57459
SWIDTH 1000 0
DWIDTH 10 0
BBX 9 9 0 -1
BITMAP
0F00
3F80
5980
DA80
D980
DA80
C980
FF80
7F00
ENDCHAR
STARTCHAR uE074
ENCODING 57460
SWIDTH 1000 0
DWIDTH 10 0
BBX 9 9 0 -1
BITMAP
7800
FE00
9900
AA80
9980
AA80
A980
FF80
7F00
ENDCHAR
STARTCHAR uE075
ENCODING 57461
SWIDTH 1000 0
DWIDTH 10 0
BBX 9 9 0 -1
BITMAP
0F00
3F80
5880
DD80
DD80
DD80
C580
FF80
7F00
ENDCHAR
STARTCHAR uE076
ENCODING 57462
SWIDTH 1000 0
DWIDTH 10 0
BBX 9 9 0 -1
BITMAP
7800
FE00
9100
AB80
9B80
AB80
AB80
FF80
7F00
ENDCHAR
STARTCHAR uE077
ENCODING 57463
SWIDTH 1000 0
DWIDTH 10 0
BBX 9 9 0 -1
BITMAP
3E00
7F00
C380
DF80
D080
F680
F080
7F00
3E00
ENDCHAR
STARTCHAR uE078
ENCODING 57464
SWIDTH 1000 0
DWIDTH 10 0
BBX 9 9 0 -1
BITMAP
3E00
7F00
C180
FF80
C180
FF80
C180
7F00
3E00
ENDCHAR
STARTCHAR uE079
ENCODING 57465
SWIDTH 1000 0
DWIDTH 10 0
BBX 9 7 0 0
BITMAP
7F00
F780
E380
F780
B680
8080
7F00
ENDCHAR
STARTCHAR uE080
ENCODING 57472
SWIDTH 1000 0
DWIDTH 10 0
BBX 9 9 0 -1
BITMAP
3E00
4100
8880
9C80
9C80
BE80
BE80
4100
3E00
ENDCHAR
STARTCHAR uE081
ENCODING 57473
SWIDTH 1000 0
DWIDTH 10 0
BBX 9 9 0 -1
BITMAP
3E00
4100
BE80
BE80
9C80
9C80
8880
4100
3E00
ENDCHAR
STARTCHAR uE082
ENCODING 57474
SWIDTH 1000 0
DWIDTH 10 0
BBX 9 9 0 -1
BITMAP
3E00
4100
8680
9E80
BE80
9E80
8680
4100
3E00
ENDCHAR
STARTCHAR uE083
ENCODING 57475
SWIDTH 1000 0
DWIDTH 10 0
BBX 9 9 0 -1
BITMAP
3E00
4100
B080
BC80
BE80
BC80
B080
4100
3E00
ENDCHAR
STARTCHAR uE084
ENCODING 57476
SWIDTH 1000 0
DWIDTH 10 0
BBX 9 9 0 -1
BITMAP
0F00
3080
5080
9080
9080
9080
9E80
8080
7F00
ENDCHAR
STARTCHAR uE085
ENCODING 57477
SWIDTH 1000 0
DWIDTH 10 0
BBX 9 9 0 -1
BITMAP
7800
8600
B900
A480
B880
A880
A480
8080
7F00
ENDCHAR
STARTCHAR uE086
ENCODING 57478
SWIDTH 1000 0
DWIDTH 10 0
BBX 9 9 0 -1
BITMAP
0F00
3080
7480
9480
A480
A480
B680
8080
7F00
ENDCHAR
STARTCHAR uE087
ENCODING 57479
SWIDTH 1000 0
DWIDTH 10 0
BBX 9 9 0 -1
BITMAP
7800
8600
ED00
AA80
CC80
CA80
EA80
8080
7F00
ENDCHAR
STARTCHAR uE088
ENCODING 57480
SWIDTH 1000 0
DWIDTH 10 0
BBX 9 7 0 0
BITMAP
7F80
B480
E480
9480
E780
8080
7F80
ENDCHAR
STARTCHAR uE089
ENCODING 57481
SWIDTH 1000 0
DWIDTH 10 0
BBX 9 7 0 0
BITMAP
FF00
B680
E580
9680
E580
8080
FF00
ENDCHAR
STARTCHAR uE08A
ENCODING 57482
SWIDTH 1000 0
DWIDTH 10 0
BBX 9 9 0 -1
BITMAP
3E00
4100
8880
8880
BE80
8880
8880
4100
3E00
ENDCHAR
STARTCHAR uE08B
ENCODING 57483
SWIDTH 1000 0
DWIDTH 10 0
BBX 9 9 0 -1
BITMAP
3E00
4100
8080
8080
BE80
8080
8080
4100
3E00
ENDCHAR
STARTCHAR uE08C
ENCODING 57484
SWIDTH 1000 0
DWIDTH 10 0
BBX 7 7 1 0
BITMAP
38
28
EE
82
EE
28
38
ENDCHAR
STARTCHAR uE08D
ENCODING 57485
SWIDTH 1000 0
DWIDTH 10 0
BBX 7 3 1 2
BITMAP
FE
82
FE
ENDCHAR
STARTCHAR uE08E
ENCODING 57486
SWIDTH 1000 0
DWIDTH 10 0
BBX 9 9 0 -1
BITMAP
3E00
4100
8880
9C80
BE80
9480
9C80
4100
3E00
ENDCHAR
STARTCHAR uE08F
ENCODING 57487
SWIDTH 1000 0
DWIDTH 10 0
BBX 9 9 0 -1
BITMAP
7F00
8080
9C80
A280
A280
A280
9C80
8080
7F00
ENDCHAR
STARTCHAR uE090
ENCODING 57488
SWIDTH 1000 0
DWIDTH 10 0
BBX 9 9 0 -1
BITMAP
7F00
8080
9C80
A280
A080
A280
9C80
8080
7F00
ENDCHAR
STARTCHAR uE091
ENCODING 57489
SWIDTH 1000 0
DWIDTH 10 0
BBX 9 9 0 -1
BITMAP
0F00
3080
5A80
A280
AA80
AA80
9B80
8080
7F00
ENDCHAR
STARTCHAR uE092
ENCODING 57490
SWIDTH 1000 0
DWIDTH 10 0
BBX 9 9 0 -1
BITMAP
7800
8600
B700
C580
D680
D580
B580
8080
7F00
ENDCHAR
STARTCHAR uE0A0
ENCODING 57504
SWIDTH 1000 0
DWIDTH 10 0
BBX 9 9 0 -1
BITMAP
3E00
7F00
F780
E380
E380
C180
C180
7F00
3E00
ENDCHAR
STARTCHAR uE0A1
ENCODING 57505
SWIDTH 1000 0
DWIDTH 10 0
BBX 9 9 0 -1
BITMAP
3E00
7F00
C180
C180
E380
E380
F780
7F00
3E00
ENDCHAR
STARTCHAR uE0A2
ENCODING 57506
SWIDTH 1000 0
DWIDTH 10 0
BBX 9 9 0 -1
BITMAP
3E00
7F00
F980
E180
C180
E180
F980
7F00
3E00
ENDCHAR
STARTCHAR uE0A3
ENCODING 57507
SWIDTH 1000 0
DWIDTH 10 0
BBX 9 9 0 -1
BITMAP
3E00
7F00
CF80
C380
C180
C380
CF80
7F00
3E00
ENDCHAR
STARTCHAR uE0A4
ENCODING 57508
SWIDTH 1000 0
DWIDTH 10 0
BBX 9 9 0 -1
BITMAP
0F00
3F80
6F80
EF80
EF80
EF80
E180
FF80
7F00
ENDCHAR
STARTCHAR uE0A5
ENCODING 57509
SWIDTH 1000 0
DWIDTH 10 0
BBX 9 9 0 -1
BITMAP
7800
FE00
C700
DB80
C780
D780
DB80
FF80
7F00
ENDCHAR
STARTCHAR uE0A6
ENCODING 57510
SWIDTH 1000 0
DWIDTH 10 0
BBX 9 9 0 -1
BITMAP
0F00
3F80
4580
F580
ED80
DD80
C480
FF80
7F00
ENDCHAR
STARTCHAR uE0A7
ENCODING 57511
SWIDTH 1000 0
DWIDTH 10 0
BBX 9 9 0 -1
BITMAP
7800
FE00
8900
EA80
D980
BA80
8A80
FF80
7F00
ENDCHAR
STARTCHAR uE0A8
ENCODING 57512
SWIDTH 1000 0
DWIDTH 10 0
BBX 9 7 0 0
BITMAP
7F80
CB80
BB80
DB80
EB80
9880
7F80
ENDCHAR
STARTCHAR uE0A9
ENCODING 57513
SWIDTH 1000 0
DWIDTH 10 0
BBX 9 7 0 0
BITMAP
FF00
C980
BA80
D980
EA80
9A80
FF00
ENDCHAR
STARTCHAR uE0AA
ENCODING 57514
SWIDTH 1000 0
DWIDTH 10 0
BBX 9 9 0 -1
BITMAP
3E00
7F00
F780
F780
C180
F780
F780
7F00
3E00
ENDCHAR
STARTCHAR uE0AB
ENCODING 57515
SWIDTH 1000 0
DWIDTH 10 0
BBX 9 9 0 -1
BITMAP
3E00
7F00
FF80
FF80
C180
FF80
FF80
7F00
3E00
ENDCHAR
STARTCHAR uE0AC
ENCODING 57516
SWIDTH 1000 0
DWIDTH 10 0
BBX 7 7 1 0
BITMAP
38
38
FE
FE
FE
38
38
ENDCHAR
STARTCHAR uE0AD
ENCODING 57517
SWIDTH 1000 0
DWIDTH 10 0
BBX 7 3 1 2
BITMAP
FE
FE
FE
ENDCHAR
STARTCHAR uE0AE
ENCODING 57518
SWIDTH 1000 0
DWIDTH 10 0
BBX 9 9 0 -1
BITMAP
3E00
7F00
F780
E380
C180
EB80
E380
7F00
3E00
ENDCHAR
STARTCHAR uE0AF
ENCODING 57519
SWIDTH 1000 0
DWIDTH 10 0
BBX 9 9 0 -1
BITMAP
7F00
FF80
E380
DD80
DD80
DD80
E380
FF80
7F00
ENDCHAR
STARTCHAR uE0B0
ENCODING 57520
SWIDTH 1000 0
DWIDTH 10 0
BBX 9 9 0 -1
BITMAP
7F00
FF80
E380
DD80
DF80
DD80
E380
FF80
7F00
ENDCHAR
STARTCHAR uE0B1
ENCODING 57521
SWIDTH 1000 0
DWIDTH 10 0
BBX 9 9 0 -1
BITMAP
0F00
3F80
4B80
BB80
AB80
AB80
C880
FF80
7F00
ENDCHAR
STARTCHAR uE0B2
ENCODING 57522
SWIDTH 1000 0
DWIDTH 10 0
BBX 9 9 0 -1
BITMAP
7800
FE00
C900
BA80
A980
AA80
CA80
FF80
7F00
ENDCHAR
STARTCHAR uE0C0
ENCODING 57536
SWIDTH 1000 0
DWIDTH 10 0
BBX 9 9 0 -1
BITMAP
3E00
4D00
8A80
8A80
B880
CE80
B980
4700
3E00
ENDCHAR
STARTCHAR uE0C1
ENCODING 57537
SWIDTH 1000 0
DWIDTH 10 0
BBX 9 9 0 -1
BITMAP
3E00
4100
9C80
A280
A280
A280
9C80
4100
3E00
ENDCHAR
STARTCHAR uE0C2
ENCODING 57538
SWIDTH 1000 0
DWIDTH 10 0
BBX 9 9 0 -1
BITMAP
3E00
4100
BE80
A280
A280
A280
BE80
4100
3E00
ENDCHAR
STARTCHAR uE0C3
ENCODING 57539
SWIDTH 1000 0
DWIDTH 10 0
BBX 9 9 0 -1
BITMAP
3E00
4100
8880
9480
9480
A280
BE80
4100
3E00
ENDCHAR
STARTCHAR uE0C4
ENCODING 57540
SWIDTH 1000 0
DWIDTH 10 0
BBX 9 9 0 -1
BITMAP
3E00
4100
A280
9480
8880
9480
A280
4100
3E00
ENDCHAR
STARTCHAR uE0C5
ENCODING 57541
SWIDTH 1000 0
DWIDTH 10 0
BBX 9 9 0 -1
BITMAP
0F00
3080
6280
A680
A280
A280
BA80
8080
7F00
ENDCHAR
STARTCHAR uE0C6
ENCODING 57542
SWIDTH 1000 0
DWIDTH 10 0
BBX 9 9 0 -1
BITMAP
7800
8600
B300
AA80
B280
AA80
AA80
8080
7F00
ENDCHAR
STARTCHAR uE0C7
ENCODING 57543
SWIDTH 1000 0
DWIDTH 10 0
BBX 9 9 0 -1
BITMAP
0F00
3080
6480
A280
A280
A480
B680
8080
7F00
ENDCHAR
STARTCHAR uE0C8
ENCODING 57544
SWIDTH 1000 0
DWIDTH 10 0
BBX 9 9 0 -1
BITMAP
7800
8600
E500
D280
E280
D480
D680
8080
7F00
ENDCHAR
STARTCHAR uE0C9
ENCODING 57545
SWIDTH 1000 0
DWIDTH 10 0
BBX 5 9 2 -1
BITMAP
70
88
98
B8
F8
B8
98
88
70
ENDCHAR
STARTCHAR uE0CA
ENCODING 57546
SWIDTH 1000 0
DWIDTH 10 0
BBX 5 9 2 -1
BITMAP
70
88
C8
E8
F8
E8
C8
88
70
ENDCHAR
STARTCHAR uE0CB
ENCODING 57547
SWIDTH 1000 0
DWIDTH 10 0
BBX 9 7 0 0
BITMAP
7F00
8080
AA80
8080
AA80
8080
7F00
ENDCHAR
STARTCHAR uE0D0
ENCODING 57552
SWIDTH 1000 0
DWIDTH 10 0
BBX 9 9 0 -1
BITMAP
3E00
7300
F580
F580
C780
B180
C680
7900
3E00
ENDCHAR
STARTCHAR uE0D1
ENCODING 57553
SWIDTH 1000 0
DWIDTH 10 0
BBX 9 9 0 -1
BITMAP
3E00
7F00
E380
DD80
DD80
DD80
E380
7F00
3E00
ENDCHAR
STARTCHAR uE0D2
ENCODING 57554
SWIDTH 1000 0
DWIDTH 10 0
BBX 9 9 0 -1
BITMAP
3E00
7F00
C180
DD80
DD80
DD80
C180
7F00
3E00
ENDCHAR
STARTCHAR uE0D3
ENCODING 57555
SWIDTH 1000 0
DWIDTH 10 0
BBX 9 9 0 -1
BITMAP
3E00
7F00
F780
EB80
EB80
DD80
C180
7F00
3E00
ENDCHAR
STARTCHAR uE0D4
ENCODING 57556
SWIDTH 1000 0
DWIDTH 10 0
BBX 9 9 0 -1
BITMAP
3E00
7F00
DD80
EB80
F780
EB80
DD80
7F00
3E00
ENDCHAR
STARTCHAR uE0D5
ENCODING 57557
SWIDTH 1000 0
DWIDTH 10 0
BBX 9 9 0 -1
BITMAP
0F00
3F80
5D80
D980
DD80
DD80
C580
FF80
7F00
ENDCHAR
STARTCHAR uE0D6
ENCODING 57558
SWIDTH 1000 0
DWIDTH 10 0
BBX 9 9 0 -1
BITMAP
7800
FE00
9D00
A980
9D80
AD80
AD80
FF80
7F00
ENDCHAR
STARTCHAR uE0D7
ENCODING 57559
SWIDTH 1000 0
DWIDTH 10 0
BBX 9 9 0 -1
BITMAP
0F00
3F80
5980
DE80
DD80
DB80
C880
FF80
7F00
ENDCHAR
STARTCHAR uE0D8
ENCODING 57560
SWIDTH 1000 0
DWIDTH 10 0
BBX 9 9 0 -1
BITMAP
7800
FE00
9900
AE80
9D80
AB80
A880
FF80
7F00
ENDCHAR
STARTCHAR uE0D9
ENCODING 57561
SWIDTH 1000 0
DWIDTH 10 0
BBX 5 9 2 -1
BITMAP
70
F8
E8
C8
88
C8
E8
F8
70
ENDCHAR
STARTCHAR uE0DA
ENCODING 57562
SWIDTH 1000 0
DWIDTH 10 0
BBX 5 9 2 -1
BITMAP
70
F8
B8
98
88
98
B8
F8
70
ENDCHAR
STARTCHAR uE0DB
ENCODING 57563
SWIDTH 1000 0
DWIDTH 10 0
BBX 9 7 0 0
BITMAP
7F00
AA80
FF80
AA80
FF80
AA80
7F00
ENDCHAR
STARTCHAR uE0E0
ENCODING 57568
SWIDTH 1000 0
DWIDTH 10 0
BBX 9 9 0 -1
BITMAP
3E00
4700
8980
8980
8680
CC80
B880
5100
3E00
ENDCHAR
STARTCHAR uE0F0
ENCODING 57584
SWIDTH 1000 0
DWIDTH 10 0
BBX 9 9 0 -1
BITMAP
3E00
7900
F680
F680
F980
B380
C780
6F00
3E00
ENDCHAR
STARTCHAR uE100
ENCODING 57600
SWIDTH 2500 0
DWIDTH 25 0
BBX 23 9 1 -1
BITMAP
3FFFF8
400004
9B933A
A12A92
913B12
892A92
B12A92
400004
3FFFF8
ENDCHAR
STARTCHAR uE101
ENCODING 57601
SWIDTH 2500 0
DWIDTH 25 0
BBX 23 9 1 -1
BITMAP
3FFFF8
400004
9B4DBA
A24912
934D12
8A4912
B36D92
400004
3FFFF8
ENDCHAR
STARTCHAR uE110
ENCODING 57616
SWIDTH 2500 0
DWIDTH 25 0
BBX 23 9 1 -1
BITMAP
3FFFF8
7FFFFC
E46CC6
DED56E
EEC4EE
F6D56E
CED56E
7FFFFC
3FFFF8
ENDCHAR
STARTCHAR uE111
ENCODING 57617
SWIDTH 2500 0
DWIDTH 25 0
BBX 23 9 1 -1
BITMAP
3FFFF8
7FFFFC
E4B246
DDB6EE
ECB2EE
F5B6EE
CC926E
7FFFFC
3FFFF8
ENDCHAR
STARTCHAR uE200
ENCODING 57856
SWIDTH 500 0
DWIDTH 5 0
BBX 3 9 0 -1
BITMAP
20
60
A0
80
80
80
80
40
20
ENDCHAR
STARTCHAR uE201
ENCODING 57857
SWIDTH 500 0
DWIDTH 5 0
BBX 3 9 1 -1
BITMAP
80
40
20
20
20
20
A0
C0
80
ENDCHAR
STARTCHAR uE202
ENCODING 57858
SWIDTH 500 0
DWIDTH 5 0
BBX 3 9 0 -1
BITMAP
20
40
80
80
80
80
A0
60
20
ENDCHAR
STARTCHAR uE203
ENCODING 57859
SWIDTH 500 0
DWIDTH 5 0
BBX 3 9 1 -1
BITMAP
80
C0
A0
20
20
20
20
40
80
ENDCHAR
STARTCHAR uE220
ENCODING 57888
SWIDTH 1000 0
DWIDTH 10 0
BBX 9 9 0 -1
BITMAP
3E00
4100
8080
8080
8080
8080
4100
7F00
3E00
ENDCHAR
STARTCHAR uE221
ENCODING 57889
SWIDTH 1000 0
DWIDTH 10 0
BBX 9 9 0 -1
BITMAP
1C00
4900
8080
8080
8080
8080
4100
7F00
3E00
ENDCHAR
STARTCHAR uE222
ENCODING 57890
SWIDTH 1000 0
DWIDTH 10 0
BBX 9 9 0 -1
BITMAP
0800
5D00
8080
8080
8080
8080
4100
7F00
3E00
ENDCHAR
STARTCHAR uE223
ENCODING 57891
SWIDTH 1000 0
DWIDTH 10 0
BBX 9 9 0 -1
BITMAP
3E00
4100
8080
8080
8080
8080
4100
5D00
2A00
ENDCHAR
STARTCHAR uE224
ENCODING 57892
SWIDTH 1000 0
DWIDTH 10 0
BBX 9 9 0 -1
BITMAP
3E00
0100
4080
C080
4080
8080
4100
7F00
3E00
ENDCHAR
STARTCHAR uE225
ENCODING 57893
SWIDTH 1000 0
DWIDTH 10 0
BBX 9 9 0 -1
BITMAP
3E00
4000
8100
8180
8100
8080
4100
7F00
3E00
ENDCHAR
STARTCHAR uE226
ENCODING 57894
SWIDTH 1000 0
DWIDTH 10 0
BBX 9 9 0 -1
BITMAP
0800
5D00
8080
8080
8080
8080
4100
5D00
2A00
ENDCHAR
STARTCHAR uE227
ENCODING 57895
SWIDTH 1000 0
DWIDTH 10 0
BBX 9 9 0 -1
BITMAP
3E00
0000
4100
C180
4100
8080
4100
7F00
3E00
ENDCHAR
STARTCHAR uE228
ENCODING 57896
SWIDTH 1000 0
DWIDTH 10 0
BBX 9 9 0 -1
BITMAP
3E00
7F00
FF80
FF80
FF80
7F00
3E00
4100
3E00
ENDCHAR
STARTCHAR uE229
ENCODING 57897
SWIDTH 1000 0
DWIDTH 10 0
BBX 9 9 0 -1
BITMAP
3E00
6300
F780
FF80
FF80
7F00
3E00
4100
3E00
ENDCHAR
STARTCHAR uE22A
ENCODING 57898
SWIDTH 1000 0
DWIDTH 10 0
BBX 9 9 0 -1
BITMAP
3600
6300
FF80
FF80
FF80
7F00
3E00
4100
3E00
ENDCHAR
STARTCHAR uE22B
ENCODING 57899
SWIDTH 1000 0
DWIDTH 10 0
BBX 9 9 0 -1
BITMAP
3E00
7F00
FF80
FF80
FF80
7F00
3E00
6300
3600
ENDCHAR
STARTCHAR uE22C
ENCODING 57900
SWIDTH 1000 0
DWIDTH 10 0
BBX 9 9 0 -1
BITMAP
3E00
7F00
BF80
3F80
BF80
7F00
3E00
4100
3E00
ENDCHAR
STARTCHAR uE22D
ENCODING 57901
SWIDTH 1000 0
DWIDTH 10 0
BBX 9 9 0 -1
BITMAP
3E00
7F00
FE80
FE00
FE80
7F00
3E00
4100
3E00
ENDCHAR
STARTCHAR uE22E
ENCODING 57902
SWIDTH 1000 0
DWIDTH 10 0
BBX 9 9 0 -1
BITMAP
3600
6300
FF80
FF80
FF80
7F00
3E00
6300
3600
ENDCHAR
STARTCHAR uE22F
ENCODING 57903
SWIDTH 1000 0
DWIDTH 10 0
BBX 9 9 0 -1
BITMAP
3E00
7F00
BE80
3E00
BE80
7F00
3E00
4100
3E00
ENDCHAR
STARTCHAR uE230
ENCODING 57904
SWIDTH 1000 0
DWIDTH 10 0
BBX 9 9 0 -1
BITMAP
3E00
4100
9080
9080
9080
9C80
4100
7F00
3E00
ENDCHAR
STARTCHAR uE231
ENCODING 57905
SWIDTH 1000 0
DWIDTH 10 0
BBX 9 9 0 -1
BITMAP
1C00
4900
9080
9080
9080
9C80
4100
7F00
3E00
ENDCHAR
STARTCHAR uE232
ENCODING 57906
SWIDTH 1000 0
DWIDTH 10 0
BBX 9 9 0 -1
BITMAP
0800
5D00
8080
9080
9080
9C80
4100
7F00
3E00
ENDCHAR
STARTCHAR uE233
ENCODING 57907
SWIDTH 1000 0
DWIDTH 10 0
BBX 9 9 0 -1
BITMAP
3E00
4100
9080
9080
9080
9C80
4100
5D00
2A00
ENDCHAR
STARTCHAR uFE31
ENCODING 65073
SWIDTH 1000 0
DWIDTH 10 0
BBX 1 9 4 -1
BITMAP
80
80
80
80
80
80
80
80
80
ENDCHAR
STARTCHAR uFE33
ENCODING 65075
SWIDTH 1000 0
DWIDTH 10 0
BBX 1 9 0 -1
BITMAP
80
80
80
80
80
80
80
80
80
ENDCHAR
STARTCHAR uFE34
ENCODING 65076
SWIDTH 1000 0
DWIDTH 10 0
BBX 2 9 0 -1
BITMAP
80
40
40
80
80
80
40
40
80
ENDCHAR
STARTCHAR uFE35
ENCODING 65077
SWIDTH 1000 0
DWIDTH 10 0
BBX 9 3 0 0
BITMAP
1C00
6300
8080
ENDCHAR
STARTCHAR uFE36
ENCODING 65078
SWIDTH 1000 0
DWIDTH 10 0
BBX 9 3 0 4
BITMAP
8080
6300
1C00
ENDCHAR
STARTCHAR uFE37
ENCODING 65079
SWIDTH 1000 0
DWIDTH 10 0
BBX 9 4 0 0
BITMAP
0800
7700
8080
8080
ENDCHAR
STARTCHAR uFE38
ENCODING 65080
SWIDTH 1000 0
DWIDTH 10 0
BBX 9 4 0 3
BITMAP
8080
8080
7700
0800
ENDCHAR
STARTCHAR uFE39
ENCODING 65081
SWIDTH 1000 0
DWIDTH 10 0
BBX 9 3 0 0
BITMAP
3E00
4100
8080
ENDCHAR
STARTCHAR uFE3A
ENCODING 65082
SWIDTH 1000 0
DWIDTH 10 0
BBX 9 3 0 4
BITMAP
8080
4100
3E00
ENDCHAR
STARTCHAR uFE3B
ENCODING 65083
SWIDTH 1000 0
DWIDTH 10 0
BBX 9 4 0 0
BITMAP
FF80
FF80
C180
8080
ENDCHAR
STARTCHAR uFE3C
ENCODING 65084
SWIDTH 1000 0
DWIDTH 10 0
BBX 9 4 0 3
BITMAP
8080
C180
FF80
FF80
ENDCHAR
STARTCHAR uFE3D
ENCODING 65085
SWIDTH 1000 0
DWIDTH 10 0
BBX 9 6 0 0
BITMAP
0800
3600
C180
0800
3600
C180
ENDCHAR
STARTCHAR uFE3E
ENCODING 65086
SWIDTH 1000 0
DWIDTH 10 0
BBX 9 6 0 1
BITMAP
C180
3600
0800
C180
3600
0800
ENDCHAR
STARTCHAR uFE3F
ENCODING 65087
SWIDTH 1000 0
DWIDTH 10 0
BBX 9 3 0 0
BITMAP
0800
3600
C180
ENDCHAR
STARTCHAR uFE40
ENCODING 65088
SWIDTH 1000 0
DWIDTH 10 0
BBX 9 3 0 4
BITMAP
C180
3600
0800
ENDCHAR
STARTCHAR uFE41
ENCODING 65089
SWIDTH 1000 0
DWIDTH 10 0
BBX 7 3 2 0
BITMAP
FE
02
02
ENDCHAR
STARTCHAR uFE42
ENCODING 65090
SWIDTH 1000 0
DWIDTH 10 0
BBX 7 3 0 4
BITMAP
80
80
FE
ENDCHAR
STARTCHAR uFE43
ENCODING 65091
SWIDTH 1000 0
DWIDTH 10 0
BBX 7 5 2 0
BITMAP
FE
82
FA
0A
0E
ENDCHAR
STARTCHAR uFE44
ENCODING 65092
SWIDTH 1000 0
DWIDTH 10 0
BBX 7 5 0 2
BITMAP
E0
A0
BE
82
FE
ENDCHAR
STARTCHAR uFF01.zh_hans
ENCODING 65281
SWIDTH 1000 0
DWIDTH 10 0
BBX 1 9 2 -1
BITMAP
80
80
80
80
80
80
80
00
80
ENDCHAR
STARTCHAR uFF02
ENCODING 65282
SWIDTH 1000 0
DWIDTH 10 0
BBX 3 2 3 6
BITMAP
A0
A0
ENDCHAR
STARTCHAR uFF03
ENCODING 65283
SWIDTH 1000 0
DWIDTH 10 0
BBX 7 7 1 0
BITMAP
44
FE
44
44
44
FE
44
ENDCHAR
STARTCHAR uFF04
ENCODING 65284
SWIDTH 1000 0
DWIDTH 10 0
BBX 7 9 1 -1
BITMAP
10
7C
92
90
7C
12
92
7C
10
ENDCHAR
STARTCHAR uFF05
ENCODING 65285
SWIDTH 1000 0
DWIDTH 10 0
BBX 7 7 1 0
BITMAP
44
A8
48
10
24
2A
44
ENDCHAR
STARTCHAR uFF06
ENCODING 65286
SWIDTH 1000 0
DWIDTH 10 0
BBX 6 7 2 0
BITMAP
20
50
50
64
94
88
74
ENDCHAR
STARTCHAR uFF07
ENCODING 65287
SWIDTH 1000 0
DWIDTH 10 0
BBX 1 2 4 6
BITMAP
80
80
ENDCHAR
STARTCHAR uFF08
ENCODING 65288
SWIDTH 1000 0
DWIDTH 10 0
BBX 3 9 5 -1
BITMAP
20
40
40
80
80
80
40
40
20
ENDCHAR
STARTCHAR uFF09
ENCODING 65289
SWIDTH 1000 0
DWIDTH 10 0
BBX 3 9 1 -1
BITMAP
80
40
40
20
20
20
40
40
80
ENDCHAR
STARTCHAR uFF0A
ENCODING 65290
SWIDTH 1000 0
DWIDTH 10 0
BBX 5 5 2 1
BITMAP
20
A8
70
A8
20
ENDCHAR
STARTCHAR uFF0B
ENCODING 65291
SWIDTH 1000 0
DWIDTH 10 0
BBX 5 5 2 1
BITMAP
20
20
F8
20
20
ENDCHAR
STARTCHAR uFF0C
ENCODING 65292
SWIDTH 1000 0
DWIDTH 10 0
BBX 2 4 1 -1
BITMAP
C0
C0
40
80
ENDCHAR
STARTCHAR uFF0D
ENCODING 65293
SWIDTH 1000 0
DWIDTH 10 0
BBX 5 1 2 3
BITMAP
F8
ENDCHAR
STARTCHAR uFF0E
ENCODING 65294
SWIDTH 1000 0
DWIDTH 10 0
BBX 2 2 1 0
BITMAP
C0
C0
ENDCHAR
STARTCHAR uFF0F
ENCODING 65295
SWIDTH 1000 0
DWIDTH 10 0
BBX 9 9 0 -1
BITMAP
0080
0100
0200
0400
0800
1000
2000
4000
8000
ENDCHAR
STARTCHAR uFF10
ENCODING 65296
SWIDTH 1000 0
DWIDTH 10 0
BBX 5 7 2 0
BITMAP
70
88
98
A8
C8
88
70
ENDCHAR
STARTCHAR uFF11
ENCODING 65297
SWIDTH 1000 0
DWIDTH 10 0
BBX 3 7 3 0
BITMAP
40
C0
40
40
40
40
E0
ENDCHAR
STARTCHAR uFF12
ENCODING 65298
SWIDTH 1000 0
DWIDTH 10 0
BBX 5 7 2 0
BITMAP
70
88
08
30
40
80
F8
ENDCHAR
STARTCHAR uFF13
ENCODING 65299
SWIDTH 1000 0
DWIDTH 10 0
BBX 5 7 2 0
BITMAP
70
88
08
30
08
88
70
ENDCHAR
STARTCHAR uFF14
ENCODING 65300
SWIDTH 1000 0
DWIDTH 10 0
BBX 5 7 2 0
BITMAP
30
50
50
90
90
F8
10
ENDCHAR
STARTCHAR uFF15
ENCODING 65301
SWIDTH 1000 0
DWIDTH 10 0
BBX 5 7 2 0
BITMAP
F8
80
80
F0
08
08
F0
ENDCHAR
STARTCHAR uFF16
ENCODING 65302
SWIDTH 1000 0
DWIDTH 10 0
BBX 5 7 2 0
BITMAP
70
88
80
F0
88
88
70
ENDCHAR
STARTCHAR uFF17
ENCODING 65303
SWIDTH 1000 0
DWIDTH 10 0
BBX 5 7 2 0
BITMAP
F8
08
10
10
20
20
20
ENDCHAR
STARTCHAR uFF18
ENCODING 65304
SWIDTH 1000 0
DWIDTH 10 0
BBX 5 7 2 0
BITMAP
70
88
88
70
88
88
70
ENDCHAR
STARTCHAR uFF19
ENCODING 65305
SWIDTH 1000 0
DWIDTH 10 0
BBX 5 7 2 0
BITMAP
70
88
88
78
08
88
70
ENDCHAR
STARTCHAR uFF1A.zh_hans
ENCODING 65306
SWIDTH 1000 0
DWIDTH 10 0
BBX 2 7 1 0
BITMAP
C0
C0
00
00
00
C0
C0
ENDCHAR
STARTCHAR uFF1B.zh_hans
ENCODING 65307
SWIDTH 1000 0
DWIDTH 10 0
BBX 2 8 1 -1
BITMAP
C0
C0
00
00
C0
C0
40
80
ENDCHAR
STARTCHAR uFF1C
ENCODING 65308
SWIDTH 1000 0
DWIDTH 10 0
BBX 3 5 3 1
BITMAP
20
40
80
40
20
ENDCHAR
STARTCHAR uFF1D
ENCODING 65309
SWIDTH 1000 0
DWIDTH 10 0
BBX 5 3 2 2
BITMAP
F8
00
F8
ENDCHAR
STARTCHAR uFF1E
ENCODING 65310
SWIDTH 1000 0
DWIDTH 10 0
BBX 3 5 3 1
BITMAP
80
40
20
40
80
ENDCHAR
STARTCHAR uFF1F.zh_hans
ENCODING 65311
SWIDTH 1000 0
DWIDTH 10 0
BBX 5 9 0 -1
BITMAP
70
88
88
08
10
20
20
00
20
ENDCHAR
STARTCHAR uFF20
ENCODING 65312
SWIDTH 1000 0
DWIDTH 10 0
BBX 7 7 1 0
BITMAP
38
44
9A
AA
BE
40
3C
ENDCHAR
STARTCHAR uFF21
ENCODING 65313
SWIDTH 1000 0
DWIDTH 10 0
BBX 5 7 2 0
BITMAP
20
20
50
50
70
88
88
ENDCHAR
STARTCHAR uFF22
ENCODING 65314
SWIDTH 1000 0
DWIDTH 10 0
BBX 5 7 2 0
BITMAP
F0
88
88
F0
88
88
F0
ENDCHAR
STARTCHAR uFF23
ENCODING 65315
SWIDTH 1000 0
DWIDTH 10 0
BBX 5 7 2 0
BITMAP
70
88
80
80
80
88
70
ENDCHAR
STARTCHAR uFF24
ENCODING 65316
SWIDTH 1000 0
DWIDTH 10 0
BBX 5 7 2 0
BITMAP
F0
88
88
88
88
88
F0
ENDCHAR
STARTCHAR uFF25
ENCODING 65317
SWIDTH 1000 0
DWIDTH 10 0
BBX 5 7 2 0
BITMAP
F8
80
80
F0
80
80
F8
ENDCHAR
STARTCHAR uFF26
ENCODING 65318
SWIDTH 1000 0
DWIDTH 10 0
BBX 5 7 2 0
BITMAP
F8
80
80
F0
80
80
80
ENDCHAR
STARTCHAR uFF27
ENCODING 65319
SWIDTH 1000 0
DWIDTH 10 0
BBX 5 7 2 0
BITMAP
70
88
80
80
98
88
78
ENDCHAR
STARTCHAR uFF28
ENCODING 65320
SWIDTH 1000 0
DWIDTH 10 0
BBX 5 7 2 0
BITMAP
88
88
88
F8
88
88
88
ENDCHAR
STARTCHAR uFF29
ENCODING 65321
SWIDTH 1000 0
DWIDTH 10 0
BBX 3 7 3 0
BITMAP
E0
40
40
40
40
40
E0
ENDCHAR
STARTCHAR uFF2A
ENCODING 65322
SWIDTH 1000 0
DWIDTH 10 0
BBX 4 7 3 0
BITMAP
10
10
10
10
90
90
60
ENDCHAR
STARTCHAR uFF2B
ENCODING 65323
SWIDTH 1000 0
DWIDTH 10 0
BBX 5 7 2 0
BITMAP
88
90
A0
C0
A0
90
88
ENDCHAR
STARTCHAR uFF2C
ENCODING 65324
SWIDTH 1000 0
DWIDTH 10 0
BBX 4 7 3 0
BITMAP
80
80
80
80
80
80
F0
ENDCHAR
STARTCHAR uFF2D
ENCODING 65325
SWIDTH 1000 0
DWIDTH 10 0
BBX 7 7 1 0
BITMAP
82
C6
C6
AA
AA
92
92
ENDCHAR
STARTCHAR uFF2E
ENCODING 65326
SWIDTH 1000 0
DWIDTH 10 0
BBX 5 7 2 0
BITMAP
88
C8
C8
A8
98
98
88
ENDCHAR
STARTCHAR uFF2F
ENCODING 65327
SWIDTH 1000 0
DWIDTH 10 0
BBX 5 7 2 0
BITMAP
70
88
88
88
88
88
70
ENDCHAR
STARTCHAR uFF30
ENCODING 65328
SWIDTH 1000 0
DWIDTH 10 0
BBX 5 7 2 0
BITMAP
F0
88
88
F0
80
80
80
ENDCHAR
STARTCHAR uFF31
ENCODING 65329
SWIDTH 1000 0
DWIDTH 10 0
BBX 5 7 2 0
BITMAP
70
88
88
88
A8
90
68
ENDCHAR
STARTCHAR uFF32
ENCODING 65330
SWIDTH 1000 0
DWIDTH 10 0
BBX 5 7 2 0
BITMAP
F0
88
88
F0
90
88
88
ENDCHAR
STARTCHAR uFF33
ENCODING 65331
SWIDTH 1000 0
DWIDTH 10 0
BBX 5 7 2 0
BITMAP
70
88
80
70
08
88
70
ENDCHAR
STARTCHAR uFF34
ENCODING 65332
SWIDTH 1000 0
DWIDTH 10 0
BBX 5 7 2 0
BITMAP
F8
20
20
20
20
20
20
ENDCHAR
STARTCHAR uFF35
ENCODING 65333
SWIDTH 1000 0
DWIDTH 10 0
BBX 5 7 2 0
BITMAP
88
88
88
88
88
88
70
ENDCHAR
STARTCHAR uFF36
ENCODING 65334
SWIDTH 1000 0
DWIDTH 10 0
BBX 5 7 2 0
BITMAP
88
88
50
50
50
20
20
ENDCHAR
STARTCHAR uFF37
ENCODING 65335
SWIDTH 1000 0
DWIDTH 10 0
BBX 7 7 1 0
BITMAP
92
92
92
AA
AA
44
44
ENDCHAR
STARTCHAR uFF38
ENCODING 65336
SWIDTH 1000 0
DWIDTH 10 0
BBX 5 7 2 0
BITMAP
88
88
50
20
50
88
88
ENDCHAR
STARTCHAR uFF39
ENCODING 65337
SWIDTH 1000 0
DWIDTH 10 0
BBX 5 7 2 0
BITMAP
88
88
50
50
20
20
20
ENDCHAR
STARTCHAR uFF3A
ENCODING 65338
SWIDTH 1000 0
DWIDTH 10 0
BBX 5 7 2 0
BITMAP
F8
08
10
20
40
80
F8
ENDCHAR
STARTCHAR uFF3B
ENCODING 65339
SWIDTH 1000 0
DWIDTH 10 0
BBX 3 9 5 -1
BITMAP
E0
80
80
80
80
80
80
80
E0
ENDCHAR
STARTCHAR uFF3C
ENCODING 65340
SWIDTH 1000 0
DWIDTH 10 0
BBX 9 9 0 -1
BITMAP
8000
4000
2000
1000
0800
0400
0200
0100
0080
ENDCHAR
STARTCHAR uFF3D
ENCODING 65341
SWIDTH 1000 0
DWIDTH 10 0
BBX 3 9 1 -1
BITMAP
E0
20
20
20
20
20
20
20
E0
ENDCHAR
STARTCHAR uFF3E
ENCODING 65342
SWIDTH 1000 0
DWIDTH 10 0
BBX 3 2 3 6
BITMAP
40
A0
ENDCHAR
STARTCHAR uFF3F
ENCODING 65343
SWIDTH 1000 0
DWIDTH 10 0
BBX 9 1 0 -1
BITMAP
FF80
ENDCHAR
STARTCHAR uFF40
ENCODING 65344
SWIDTH 1000 0
DWIDTH 10 0
BBX 2 2 4 6
BITMAP
80
40
ENDCHAR
STARTCHAR uFF41
ENCODING 65345
SWIDTH 1000 0
DWIDTH 10 0
BBX 4 5 3 0
BITMAP
60
10
70
90
70
ENDCHAR
STARTCHAR uFF42
ENCODING 65346
SWIDTH 1000 0
DWIDTH 10 0
BBX 4 7 3 0
BITMAP
80
80
E0
90
90
90
E0
ENDCHAR
STARTCHAR uFF43
ENCODING 65347
SWIDTH 1000 0
DWIDTH 10 0
BBX 4 5 3 0
BITMAP
60
90
80
90
60
ENDCHAR
STARTCHAR uFF44
ENCODING 65348
SWIDTH 1000 0
DWIDTH 10 0
BBX 4 7 3 0
BITMAP
10
10
70
90
90
90
70
ENDCHAR
STARTCHAR uFF45
ENCODING 65349
SWIDTH 1000 0
DWIDTH 10 0
BBX 4 5 3 0
BITMAP
60
90
F0
80
60
ENDCHAR
STARTCHAR uFF46
ENCODING 65350
SWIDTH 1000 0
DWIDTH 10 0
BBX 4 7 3 0
BITMAP
30
40
F0
40
40
40
40
ENDCHAR
STARTCHAR uFF47
ENCODING 65351
SWIDTH 1000 0
DWIDTH 10 0
BBX 4 7 3 -2
BITMAP
70
90
90
90
70
10
60
ENDCHAR
STARTCHAR uFF48
ENCODING 65352
SWIDTH 1000 0
DWIDTH 10 0
BBX 4 7 3 0
BITMAP
80
80
E0
90
90
90
90
ENDCHAR
STARTCHAR uFF49
ENCODING 65353
SWIDTH 1000 0
DWIDTH 10 0
BBX 3 7 3 0
BITMAP
40
00
C0
40
40
40
E0
ENDCHAR
STARTCHAR uFF4A
ENCODING 65354
SWIDTH 1000 0
DWIDTH 10 0
BBX 3 9 3 -2
BITMAP
20
00
E0
20
20
20
20
20
C0
ENDCHAR
STARTCHAR uFF4B
ENCODING 65355
SWIDTH 1000 0
DWIDTH 10 0
BBX 4 7 3 0
BITMAP
80
80
90
A0
C0
A0
90
ENDCHAR
STARTCHAR uFF4C
ENCODING 65356
SWIDTH 1000 0
DWIDTH 10 0
BBX 3 7 3 0
BITMAP
C0
40
40
40
40
40
60
ENDCHAR
STARTCHAR uFF4D
ENCODING 65357
SWIDTH 1000 0
DWIDTH 10 0
BBX 5 5 2 0
BITMAP
D0
A8
A8
A8
A8
ENDCHAR
STARTCHAR uFF4E
ENCODING 65358
SWIDTH 1000 0
DWIDTH 10 0
BBX 4 5 3 0
BITMAP
E0
90
90
90
90
ENDCHAR
STARTCHAR uFF4F
ENCODING 65359
SWIDTH 1000 0
DWIDTH 10 0
BBX 4 5 3 0
BITMAP
60
90
90
90
60
ENDCHAR
STARTCHAR uFF50
ENCODING 65360
SWIDTH 1000 0
DWIDTH 10 0
BBX 4 7 3 -2
BITMAP
E0
90
90
90
E0
80
80
ENDCHAR
STARTCHAR uFF51
ENCODING 65361
SWIDTH 1000 0
DWIDTH 10 0
BBX 4 7 3 -2
BITMAP
70
90
90
90
70
10
10
ENDCHAR
STARTCHAR uFF52
ENCODING 65362
SWIDTH 1000 0
DWIDTH 10 0
BBX 3 5 3 0
BITMAP
A0
C0
80
80
80
ENDCHAR
STARTCHAR uFF53
ENCODING 65363
SWIDTH 1000 0
DWIDTH 10 0
BBX 4 5 3 0
BITMAP
70
80
60
10
E0
ENDCHAR
STARTCHAR uFF54
ENCODING 65364
SWIDTH 1000 0
DWIDTH 10 0
BBX 4 7 3 0
BITMAP
40
40
F0
40
40
40
30
ENDCHAR
STARTCHAR uFF55
ENCODING 65365
SWIDTH 1000 0
DWIDTH 10 0
BBX 4 5 3 0
BITMAP
90
90
90
90
70
ENDCHAR
STARTCHAR uFF56
ENCODING 65366
SWIDTH 1000 0
DWIDTH 10 0
BBX 5 5 2 0
BITMAP
88
88
50
50
20
ENDCHAR
STARTCHAR uFF57
ENCODING 65367
SWIDTH 1000 0
DWIDTH 10 0
BBX 5 5 2 0
BITMAP
A8
A8
A8
50
50
ENDCHAR
STARTCHAR uFF58
ENCODING 65368
SWIDTH 1000 0
DWIDTH 10 0
BBX 5 5 2 0
BITMAP
88
50
20
50
88
ENDCHAR
STARTCHAR uFF59
ENCODING 65369
SWIDTH 1000 0
DWIDTH 10 0
BBX 5 7 2 -2
BITMAP
88
88
50
50
20
20
C0
ENDCHAR
STARTCHAR uFF5A
ENCODING 65370
SWIDTH 1000 0
DWIDTH 10 0
BBX 4 5 3 0
BITMAP
F0
20
40
80
F0
ENDCHAR
STARTCHAR uFF5B
ENCODING 65371
SWIDTH 1000 0
DWIDTH 10 0
BBX 4 9 4 -1
BITMAP
30
40
40
40
80
40
40
40
30
ENDCHAR
STARTCHAR uFF5C
ENCODING 65372
SWIDTH 1000 0
DWIDTH 10 0
BBX 1 9 4 -1
BITMAP
80
80
80
80
80
80
80
80
80
ENDCHAR
STARTCHAR uFF5D
ENCODING 65373
SWIDTH 1000 0
DWIDTH 10 0
BBX 4 9 1 -1
BITMAP
C0
20
20
20
10
20
20
20
C0
ENDCHAR
STARTCHAR uFF5E
ENCODING 65374
SWIDTH 1000 0
DWIDTH 10 0
BBX 9 3 0 2
BITMAP
7000
8880
0700
ENDCHAR
STARTCHAR uFFE0
ENCODING 65504
SWIDTH 1000 0
DWIDTH 10 0
BBX 7 9 1 -1
BITMAP
10
7C
92
90
90
90
92
7C
10
ENDCHAR
STARTCHAR uFFE1
ENCODING 65505
SWIDTH 1000 0
DWIDTH 10 0
BBX 5 7 2 0
BITMAP
30
48
40
F0
40
80
F8
ENDCHAR
STARTCHAR uFFE3
ENCODING 65507
SWIDTH 1000 0
DWIDTH 10 0
BBX 9 1 0 7
BITMAP
FF80
ENDCHAR
STARTCHAR uFFE5
ENCODING 65509
SWIDTH 1000 0
DWIDTH 10 0
BBX 5 7 2 0
BITMAP
88
88
50
F8
20
F8
20
ENDCHAR
ENDFONT
