STARTFONT 2.1
FONT BarlowCondensed-Bold-80
SIZE 80 75 75
FONTBOUNDINGBOX 160 96 0 -16
STARTPROPERTIES 3
PIXEL_SIZE 80
FONT_ASCENT 80
FONT_DESCENT 16
ENDPROPERTIES
CHARS 219
STARTCHAR U+0020
ENCODING 32
SWIDTH 500 0
DWIDTH 16 0
BBX 0 0 0 0
BITMAP
ENDCHAR
STARTCHAR U+0021
ENCODING 33
SWIDTH 500 0
DWIDTH 22 0
BBX 12 56 5 0
BITMAP
7FF0
FFF0
FFF0
7FF0
7FF0
7FF0
7FF0
7FF0
7FE0
7FE0
7FE0
7FE0
7FE0
7FE0
7FE0
7FE0
7FE0
7FE0
7FE0
7FE0
7FE0
7FE0
7FE0
7FE0
7FE0
7FE0
7FE0
7FE0
7FE0
7FE0
7FE0
7FE0
3FE0
3FE0
3FE0
3FE0
3FC0
0000
0000
0000
0000
0000
0000
0F80
3FC0
7FE0
7FF0
FFF0
FFF0
FFF0
FFF0
FFF0
7FF0
7FE0
3FC0
0F80
ENDCHAR
STARTCHAR U+0022
ENCODING 34
SWIDTH 500 0
DWIDTH 28 0
BBX 25 18 1 38
BITMAP
FFE1FF80
FFE1FF80
FFE1FF80
FFE1FF80
FFE1FF80
FFC1FF80
7FC1FF80
7FC1FF80
7FC1FF80
7FC1FF80
7FC1FF80
7FC0FF80
7FC0FF80
7FC0FF80
7FC0FF80
7FC0FF00
7FC0FF00
7FC0FF00
ENDCHAR
STARTCHAR U+0023
ENCODING 35
SWIDTH 500 0
DWIDTH 49 0
BBX 44 52 3 2
BITMAP
001FF807FF00
003FFC07FF00
003FF807FF00
003FF807FF00
003FF807FF00
003FF80FFF00
003FF80FFF00
007FF80FFE00
007FF80FFE00
007FF00FFE00
007FF00FFE00
007FF00FFE00
1FFFFFFFFFE0
1FFFFFFFFFF0
1FFFFFFFFFF0
1FFFFFFFFFF0
1FFFFFFFFFF0
1FFFFFFFFFF0
1FFFFFFFFFF0
1FFFFFFFFFF0
1FFFFFFFFFF0
1FFFFFFFFFE0
01FFC03FF800
01FFC03FF800
01FFC03FF800
01FFC07FF800
01FFC07FF800
03FFC07FF000
03FFC07FF000
03FF807FF000
FFFFFFFFFF00
FFFFFFFFFF80
FFFFFFFFFF80
FFFFFFFFFF80
FFFFFFFFFF80
FFFFFFFFFF80
FFFFFFFFFF80
FFFFFFFFFF80
FFFFFFFFFF80
FFFFFFFFFF80
0FFF01FFE000
0FFF01FFC000
0FFE01FFC000
0FFE01FFC000
0FFE01FFC000
0FFE03FFC000
0FFE03FFC000
1FFE03FFC000
1FFE03FF8000
1FFE03FF8000
1FFC03FF8000
1FFC03FF8000
ENDCHAR
STARTCHAR U+0024
ENCODING 36
SWIDTH 500 0
DWIDTH 36 0
BBX 32 69 2 -6
BITMAP
000FF000
001FF000
001FF000
001FF000
001FF000
000FF000
001FF000
007FFC00
01FFFF00
07FFFFC0
0FFFFFE0
1FFFFFF0
1FFFFFF8
3FFFFFF8
3FFFFFFC
7FFFFFFC
7FFC3FFC
7FF01FFE
FFF01FFE
FFE00FFE
FFE00FFE
FFE00FFE
FFE00FFE
FFF00FFE
FFF007FC
7FF80000
7FFC0000
7FFE0000
3FFF0000
3FFF8000
1FFFE000
0FFFF000
0FFFF800
07FFFE00
03FFFF00
01FFFF80
007FFFC0
003FFFE0
001FFFF0
0007FFF8
0003FFFC
0001FFFC
0000FFFE
00003FFE
00001FFE
00000FFE
FFE00FFE
FFF00FFF
FFF00FFF
FFF00FFF
7FF00FFE
7FF00FFE
7FF81FFE
7FFC3FFE
7FFFFFFC
3FFFFFFC
3FFFFFF8
1FFFFFF8
0FFFFFF0
07FFFFE0
03FFFFC0
01FFFF00
007FFC00
001FF000
001FF000
001FF000
001FF000
001FF000
000FF000
ENDCHAR
STARTCHAR U+0025
ENCODING 37
SWIDTH 500 0
DWIDTH 61 0
BBX 54 56 4 0
BITMAP
01FF800007F800
07FFE00007F800
0FFFF0000FF000
1FFFF8000FF000
3FFFFC001FE000
7FFFFE001FE000
7F01FE003FC000
FE007F007FC000
FC007F007F8000
FC003F00FF0000
FC003F00FF0000
FC003F01FE0000
FC003F01FE0000
FC003F03FC0000
FC003F03FC0000
FE007F07F80000
FF00FE07F80000
7F81FE0FF00000
3FFFFC0FF00000
3FFFFC1FE00000
1FFFF83FE00000
0FFFE03FC00000
03FFC07F800000
00FE007F800000
000000FF000000
000000FF000000
000001FE000000
000001FE000000
000003FC000000
000003FC000000
000007F8000000
000007F803F800
00000FF00FFE00
00001FF03FFF80
00001FE07FFFC0
00003FE0FFFFE0
00003FC1FFFFF0
00007F81FE0FF0
00007F83F807F8
0000FF03F003F8
0000FF07F001F8
0001FE07E001FC
0001FE07E000FC
0003FC07E000FC
0003FC07E000FC
0007F807E000FC
000FF807F001F8
000FF003F001F8
001FF003F803F8
001FE003FC07F0
003FC001FFFFF0
003FC000FFFFE0
007F8000FFFFC0
007F80007FFF80
00FF00001FFF00
00FF000007FC00
ENDCHAR
STARTCHAR U+0026
ENCODING 38
SWIDTH 500 0
DWIDTH 48 0
BBX 43 56 2 0
BITMAP
000FFF000000
003FFFC00000
00FFFFE00000
01FFFFF80000
03FFFFFC0000
07FFFFFC0000
07FFFFFE0000
0FFFFFFF0000
0FFFFFFF0000
0FFF9FFF0000
1FFE07FF8000
1FFE07FF8000
1FFC03FF8000
1FFC03FF8000
1FFC03FF8000
1FFC03FF8000
1FFE07FF8000
1FFE07FF8000
0FFF0FFF0000
0FFF1FFF0000
07FFBFFF0000
07FFFFFE0000
03FFFFFE0000
01FFFFFC0000
01FFFFF80000
00FFFFF00000
007FFFE00000
00FFFFC00000
01FFFF000000
03FFFF000000
07FFFF800000
0FFFFF803000
1FFFFFC07C00
1FFFFFE07F00
3FFFFFF0FFC0
7FFEFFF1FFE0
7FFC7FF9FFC0
7FF87FFFFFC0
7FF03FFFFF80
FFF01FFFFF80
FFF00FFFFF00
FFF007FFFE00
FFF007FFFE00
FFF003FFFC00
FFF001FFF800
FFF807FFF800
7FFE1FFFF800
7FFFFFFFFC00
7FFFFFFFFE00
3FFFFFFFFE00
3FFFFFFFFF00
1FFFFFFFFF80
0FFFFFFFFFC0
07FFFFF3FFC0
01FFFFC1FFE0
007FFE00FFE0
ENDCHAR
STARTCHAR U+0027
ENCODING 39
SWIDTH 500 0
DWIDTH 14 0
BBX 11 18 1 38
BITMAP
FFE0
FFE0
FFE0
FFE0
FFE0
FFE0
7FE0
7FE0
7FE0
7FE0
7FE0
7FE0
7FE0
7FE0
7FC0
7FC0
7FC0
7FC0
ENDCHAR
STARTCHAR U+0028
ENCODING 40
SWIDTH 500 0
DWIDTH 25 0
BBX 20 68 0 -7
BITMAP
007FF0
00FFF0
00FFE0
01FFE0
01FFE0
03FFC0
03FFC0
07FF80
07FF80
0FFF80
0FFF00
0FFF00
1FFF00
1FFE00
1FFE00
3FFE00
3FFE00
3FFE00
3FFC00
7FFC00
7FFC00
7FFC00
7FFC00
7FF800
7FF800
7FF800
FFF800
FFF800
FFF800
FFF800
FFF800
FFF800
FFF800
FFF800
FFF800
FFF800
FFF800
FFF800
FFF800
FFF800
FFF800
FFF800
7FF800
7FF800
7FF800
7FFC00
7FFC00
7FFC00
7FFC00
3FFC00
3FFC00
3FFE00
3FFE00
1FFE00
1FFE00
1FFF00
0FFF00
0FFF00
0FFF80
07FF80
07FF80
03FFC0
03FFC0
01FFE0
01FFE0
00FFE0
00FFF0
007FF0
ENDCHAR
STARTCHAR U+0029
ENCODING 41
SWIDTH 500 0
DWIDTH 25 0
BBX 20 68 5 -7
BITMAP
FFE000
FFE000
FFF000
7FF800
7FF800
3FFC00
3FFC00
3FFE00
1FFE00
1FFE00
1FFF00
0FFF00
0FFF00
0FFF80
07FF80
07FF80
07FFC0
07FFC0
03FFC0
03FFC0
03FFE0
03FFE0
03FFE0
03FFE0
01FFE0
01FFE0
01FFE0
01FFF0
01FFF0
01FFF0
01FFF0
01FFF0
01FFF0
01FFF0
01FFF0
01FFF0
01FFF0
01FFF0
01FFF0
01FFF0
01FFF0
01FFE0
01FFE0
01FFE0
03FFE0
03FFE0
03FFE0
03FFE0
03FFC0
03FFC0
07FFC0
07FFC0
07FF80
07FF80
0FFF80
0FFF00
0FFF00
1FFF00
1FFE00
1FFE00
3FFE00
3FFC00
3FFC00
7FF800
7FF800
FFF000
FFE000
FFE000
ENDCHAR
STARTCHAR U+002A
ENCODING 42
SWIDTH 500 0
DWIDTH 29 0
BBX 25 28 2 32
BITMAP
003E0000
007F0000
007F0000
007F0000
007F0000
387F0E00
7C7F1F00
7F7F7F00
FFFFFF80
FFFFFF80
FFFFFF80
3FFFFE00
0FFFF800
07FFF000
03FFE000
0FFFF800
3FFFFE00
7FFFFF00
FFFFFF80
FFFFFF80
FF7FFF80
7E7F3F00
787F0F00
207F0600
007F0000
007F0000
007F0000
007E0000
ENDCHAR
STARTCHAR U+002B
ENCODING 43
SWIDTH 500 0
DWIDTH 35 0
BBX 31 31 2 10
BITMAP
001FF000
001FF000
001FF000
001FF000
001FF000
001FF000
001FF000
001FF000
001FF000
001FF000
001FF000
FFFFFFFE
FFFFFFFE
FFFFFFFE
FFFFFFFE
FFFFFFFE
FFFFFFFE
FFFFFFFE
FFFFFFFE
FFFFFFFE
001FF000
001FF000
001FF000
001FF000
001FF000
001FF000
001FF000
001FF000
001FF000
001FF000
001FF000
ENDCHAR
STARTCHAR U+002C
ENCODING 44
SWIDTH 500 0
DWIDTH 17 0
BBX 12 21 2 -8
BITMAP
3FF0
3FF0
3FF0
3FF0
3FE0
3FE0
3FE0
3FE0
7FC0
7FC0
7FC0
7FC0
7FC0
7F80
7F80
7F80
7F80
7F00
7F00
FF00
7F00
ENDCHAR
STARTCHAR U+002D
ENCODING 45
SWIDTH 500 0
DWIDTH 26 0
BBX 23 10 2 19
BITMAP
FFFFFC
FFFFFE
FFFFFE
FFFFFE
FFFFFE
FFFFFE
FFFFFE
FFFFFE
FFFFFE
FFFFFC
ENDCHAR
STARTCHAR U+002E
ENCODING 46
SWIDTH 500 0
DWIDTH 18 0
BBX 12 13 3 0
BITMAP
1F80
3FC0
7FE0
FFF0
FFF0
FFF0
FFF0
FFF0
FFF0
FFF0
7FE0
3FC0
1F00
ENDCHAR
STARTCHAR U+002F
ENCODING 47
SWIDTH 500 0
DWIDTH 33 0
BBX 28 56 2 0
BITMAP
00007FF0
00007FF0
0000FFF0
0000FFE0
0000FFE0
0001FFE0
0001FFC0
0001FFC0
0003FFC0
0003FF80
0003FF80
0007FF80
0007FF00
0007FF00
0007FF00
000FFE00
000FFE00
000FFE00
001FFE00
001FFC00
001FFC00
003FFC00
003FF800
003FF800
007FF800
007FF000
007FF000
00FFF000
00FFE000
00FFE000
01FFE000
01FFC000
01FFC000
03FFC000
03FF8000
03FF8000
07FF8000
07FF0000
07FF0000
0FFF0000
0FFE0000
0FFE0000
1FFE0000
1FFC0000
1FFC0000
3FFC0000
3FF80000
3FF80000
3FF80000
7FF00000
7FF00000
7FF00000
FFF00000
FFE00000
FFE00000
FFC00000
ENDCHAR
STARTCHAR U+0030
ENCODING 48
SWIDTH 500 0
DWIDTH 36 0
BBX 32 56 2 0
BITMAP
003FFC00
00FFFF00
03FFFFC0
07FFFFE0
0FFFFFF0
1FFFFFF8
1FFFFFFC
3FFFFFFC
3FFFFFFE
7FFE3FFE
7FF81FFE
7FF00FFE
7FF00FFF
FFF00FFF
FFF007FF
FFF007FF
FFF007FF
FFF007FF
FFF007FF
FFF007FF
FFF007FF
FFF007FF
FFF007FF
FFF007FF
FFF007FF
FFF007FF
FFF007FF
FFF007FF
FFF007FF
FFF007FF
FFF007FF
FFF007FF
FFF007FF
FFF007FF
FFF007FF
FFF007FF
FFF007FF
FFF007FF
FFF007FF
FFF007FF
FFF007FF
FFF007FF
FFF00FFF
7FF00FFF
7FF00FFE
7FF81FFE
7FFE3FFE
3FFFFFFE
3FFFFFFC
1FFFFFFC
1FFFFFF8
0FFFFFF0
07FFFFE0
03FFFFC0
00FFFF00
003FFC00
ENDCHAR
STARTCHAR U+0031
ENCODING 49
SWIDTH 500 0
DWIDTH 23 0
BBX 19 56 1 0
BITMAP
03FFE0
0FFFE0
7FFFE0
FFFFE0
FFFFE0
FFFFE0
FFFFE0
FFFFE0
FFFFE0
FFFFE0
FFFFE0
E0FFE0
00FFE0
00FFE0
00FFE0
00FFE0
00FFE0
00FFE0
00FFE0
00FFE0
00FFE0
00FFE0
00FFE0
00FFE0
00FFE0
00FFE0
00FFE0
00FFE0
00FFE0
00FFE0
00FFE0
00FFE0
00FFE0
00FFE0
00FFE0
00FFE0
00FFE0
00FFE0
00FFE0
00FFE0
00FFE0
00FFE0
00FFE0
00FFE0
00FFE0
00FFE0
00FFE0
00FFE0
00FFE0
00FFE0
00FFE0
00FFE0
00FFE0
00FFE0
00FFE0
00FFE0
ENDCHAR
STARTCHAR U+0032
ENCODING 50
SWIDTH 500 0
DWIDTH 35 0
BBX 32 56 2 0
BITMAP
003FFC00
01FFFF00
03FFFF80
07FFFFC0
0FFFFFE0
1FFFFFF0
3FFFFFF8
3FFFFFF8
7FFFFFFC
7FFC7FFC
FFF83FFC
FFF01FFE
FFF01FFE
FFE01FFE
FFE01FFE
FFE01FFE
FFE01FFE
FFE01FFE
FFE01FFE
00003FFC
00003FFC
00003FFC
00007FFC
00007FF8
0000FFF8
0000FFF0
0001FFF0
0003FFE0
0003FFE0
0007FFC0
000FFF80
000FFF80
001FFF00
003FFE00
007FFE00
007FFC00
00FFF800
01FFF000
03FFE000
07FFE000
07FFC000
0FFF8000
1FFF0000
3FFF0000
3FFE0000
7FFC0000
FFFFFFFE
FFFFFFFF
FFFFFFFF
FFFFFFFF
FFFFFFFF
FFFFFFFF
FFFFFFFF
FFFFFFFF
FFFFFFFF
FFFFFFFE
ENDCHAR
STARTCHAR U+0033
ENCODING 51
SWIDTH 500 0
DWIDTH 35 0
BBX 30 56 2 0
BITMAP
7FFFFFFC
7FFFFFFC
7FFFFFFC
7FFFFFFC
7FFFFFFC
7FFFFFFC
7FFFFFFC
7FFFFFFC
7FFFFFFC
7FFFFFFC
0000FFFC
0001FFF8
0001FFF0
0003FFE0
0007FFC0
000FFFC0
001FFF80
003FFF00
003FFE00
007FFC00
00FFFC00
01FFF800
01FFFE00
01FFFF80
00FFFFC0
007FFFE0
003FFFF0
001C7FF0
00003FF8
00001FF8
00001FFC
00001FFC
00001FFC
00001FFC
00000FFC
00000FFC
00000FFC
00000FFC
FFE00FFC
FFE01FFC
FFE01FFC
FFE01FFC
FFE01FFC
FFF01FFC
FFF01FFC
FFF83FFC
7FFC7FFC
7FFFFFF8
7FFFFFF8
3FFFFFF0
3FFFFFF0
1FFFFFE0
0FFFFFC0
07FFFF80
01FFFF00
007FFC00
ENDCHAR
STARTCHAR U+0034
ENCODING 52
SWIDTH 500 0
DWIDTH 39 0
BBX 37 56 1 0
BITMAP
001FFE0000
001FFE0000
003FFC0000
003FFC0000
003FFC0000
007FFC0000
007FF80000
007FF80000
00FFF80000
00FFF00000
00FFF00000
01FFF00000
01FFE00000
01FFE00000
03FFE00000
03FFC00000
03FFC00000
07FFC00000
07FF800000
07FF800000
0FFF800000
0FFF000000
0FFF03FF80
1FFF07FF80
1FFF07FF80
1FFE07FF80
3FFE07FF80
3FFE07FF80
3FFC07FF80
7FFC07FF80
7FFC07FF80
7FF807FF80
FFFFFFFFF0
FFFFFFFFF8
FFFFFFFFF8
FFFFFFFFF8
FFFFFFFFF8
FFFFFFFFF8
FFFFFFFFF8
FFFFFFFFF8
FFFFFFFFF8
7FFFFFFFF0
000007FF80
000007FF80
000007FF80
000007FF80
000007FF80
000007FF80
000007FF80
000007FF80
000007FF80
000007FF80
000007FF80
000007FF80
000007FF80
000003FF80
ENDCHAR
STARTCHAR U+0035
ENCODING 53
SWIDTH 500 0
DWIDTH 35 0
BBX 31 56 2 0
BITMAP
7FFFFFFC
FFFFFFFE
FFFFFFFE
FFFFFFFE
FFFFFFFE
FFFFFFFE
FFFFFFFE
FFFFFFFE
FFFFFFFE
FFFFFFFC
FFF00000
FFF00000
FFF00000
FFF00000
FFF00000
FFF00000
FFF00000
FFF00000
FFF00000
FFF00000
FFF00000
FFF0FE00
FFF3FFC0
FFFFFFE0
FFFFFFF0
FFFFFFF8
FFFFFFF8
FFFFFFFC
FFFFFFFC
FFFFFFFC
FFFFFFFE
FFF83FFE
FFF01FFE
7FF01FFE
00000FFE
00000FFE
00000FFE
00000FFE
00000FFE
00000FFE
00000FFE
7FF00FFE
7FF00FFE
7FF00FFE
7FF81FFE
7FF81FFE
7FFE7FFE
3FFFFFFC
3FFFFFFC
3FFFFFF8
1FFFFFF8
0FFFFFF0
07FFFFE0
03FFFFC0
01FFFF80
003FFC00
ENDCHAR
STARTCHAR U+0036
ENCODING 54
SWIDTH 500 0
DWIDTH 35 0
BBX 31 56 2 0
BITMAP
003FFC00
01FFFF00
03FFFF80
07FFFFE0
0FFFFFF0
1FFFFFF0
3FFFFFF8
3FFFFFF8
7FFFFFFC
7FFE7FFC
7FF83FFC
7FF01FFC
7FF01FFE
FFF01FFE
FFF01FFE
FFF01FFE
FFF00FFC
7FF00000
7FF00000
7FF00000
7FF0FC00
7FF3FF00
7FFFFFC0
7FFFFFE0
7FFFFFF0
7FFFFFF8
7FFFFFF8
7FFFFFFC
7FFFFFFC
7FFC3FFC
7FF81FFE
7FF01FFE
7FF00FFE
7FF00FFE
7FF00FFE
7FF00FFE
7FF00FFE
7FF00FFE
7FF00FFE
7FF00FFE
7FF00FFE
7FF00FFE
7FF00FFE
7FF01FFE
7FF81FFE
7FF81FFE
7FFE7FFE
3FFFFFFC
3FFFFFFC
1FFFFFFC
1FFFFFF8
0FFFFFF0
07FFFFE0
03FFFFC0
01FFFF80
003FFC00
ENDCHAR
STARTCHAR U+0037
ENCODING 55
SWIDTH 500 0
DWIDTH 33 0
BBX 31 56 1 0
BITMAP
FFFFFFFE
FFFFFFFE
FFFFFFFE
FFFFFFFE
FFFFFFFE
FFFFFFFE
FFFFFFFE
FFFFFFFE
FFFFFFFE
FFFFFFFE
FF801FFE
FF803FFC
FF803FFC
FF803FFC
00007FF8
00007FF8
00007FF8
00007FF0
0000FFF0
0000FFF0
0000FFF0
0001FFE0
0001FFE0
0001FFE0
0001FFC0
0003FFC0
0003FFC0
0003FFC0
0007FF80
0007FF80
0007FF80
000FFF00
000FFF00
000FFF00
000FFE00
001FFE00
001FFE00
001FFE00
003FFC00
003FFC00
003FFC00
003FF800
007FF800
007FF800
007FF800
00FFF000
00FFF000
00FFF000
00FFE000
01FFE000
01FFE000
01FFC000
03FFC000
03FFC000
03FFC000
03FF8000
ENDCHAR
STARTCHAR U+0038
ENCODING 56
SWIDTH 500 0
DWIDTH 35 0
BBX 31 56 2 0
BITMAP
003FFC00
01FFFF00
03FFFF80
07FFFFE0
0FFFFFE0
1FFFFFF0
3FFFFFF8
3FFFFFF8
7FFFFFFC
7FFC7FFC
7FF83FFC
7FF01FFE
7FF01FFE
FFF01FFE
FFF00FFE
FFF00FFE
FFF00FFE
7FF01FFE
7FF01FFC
7FF01FFC
7FF83FFC
3FFC7FF8
3FFFFFF8
1FFFFFF0
1FFFFFE0
0FFFFFC0
07FFFF80
03FFFFC0
0FFFFFE0
1FFFFFF0
1FFFFFF8
3FFC7FF8
3FF83FFC
7FF01FFC
7FF01FFC
7FF01FFC
7FF00FFE
7FF00FFE
FFF00FFE
FFF00FFE
FFF00FFE
FFF01FFE
7FF01FFE
7FF01FFC
7FF01FFC
7FF83FFC
7FFC7FFC
3FFFFFF8
3FFFFFF8
1FFFFFF0
1FFFFFF0
0FFFFFE0
07FFFFC0
03FFFF80
00FFFE00
003FF800
ENDCHAR
STARTCHAR U+0039
ENCODING 57
SWIDTH 500 0
DWIDTH 35 0
BBX 31 56 1 0
BITMAP
007FFC00
01FFFF00
03FFFFC0
0FFFFFE0
1FFFFFF0
1FFFFFF8
3FFFFFF8
3FFFFFFC
7FFFFFFC
7FFE7FFC
7FF81FFE
7FF81FFE
7FF01FFE
7FF00FFE
7FF00FFE
FFF00FFE
FFF00FFE
FFF00FFE
FFF00FFE
FFF00FFE
7FF00FFE
7FF00FFE
7FF00FFE
7FF00FFE
7FF81FFE
7FF81FFE
7FFC3FFE
3FFFFFFE
3FFFFFFE
1FFFFFFE
1FFFFFFE
0FFFFFFE
07FFFFFE
03FFFFFE
01FFCFFE
003F0FFE
00000FFE
00000FFE
00000FFE
3FF00FFE
7FF80FFE
7FF80FFE
7FF80FFE
7FF80FFE
7FF81FFE
7FFC1FFE
3FFE7FFE
3FFFFFFC
3FFFFFFC
1FFFFFFC
1FFFFFF8
0FFFFFF0
07FFFFE0
03FFFFC0
00FFFF00
003FFC00
ENDCHAR
STARTCHAR U+003A
ENCODING 58
SWIDTH 500 0
DWIDTH 22 0
BBX 12 40 5 0
BITMAP
0F80
3FC0
7FE0
FFF0
FFF0
FFF0
FFF0
FFF0
FFF0
FFF0
7FE0
3FC0
0F80
0000
0000
0000
0000
0000
0000
0000
0000
0000
0000
0000
0000
0000
0000
0F80
3FC0
7FE0
FFF0
FFF0
FFF0
FFF0
FFF0
FFF0
FFF0
7FE0
3FC0
0F80
ENDCHAR
STARTCHAR U+003B
ENCODING 59
SWIDTH 500 0
DWIDTH 19 0
BBX 13 47 3 -8
BITMAP
0F80
3FC0
7FE0
FFF0
FFF8
FFF8
FFF8
FFF8
FFF8
FFF8
FFF0
7FF0
3FE0
0F80
0000
0000
0000
0000
0000
0000
0000
0000
0000
0000
0000
0000
0000
3FE0
7FE0
7FE0
7FE0
7FE0
7FC0
7FC0
7FC0
7FC0
7FC0
7F80
7F80
7F80
FF80
FF80
FF00
FF00
FF00
FF00
FE00
ENDCHAR
STARTCHAR U+003C
ENCODING 60
SWIDTH 500 0
DWIDTH 35 0
BBX 31 38 2 4
BITMAP
00000006
0000001E
0000007E
000001FE
000007FE
00001FFE
0000FFFE
0003FFFE
000FFFFE
003FFFFE
00FFFFFE
03FFFFF8
1FFFFFC0
7FFFFF00
FFFFF800
FFFFE000
FFFF8000
FFFC0000
FFF00000
FFF00000
FFFE0000
FFFF8000
FFFFE000
FFFFFC00
3FFFFF00
0FFFFFE0
03FFFFF8
00FFFFFE
003FFFFE
000FFFFE
0001FFFE
00007FFE
00001FFE
000007FE
000001FE
0000007E
0000000E
00000002
ENDCHAR
STARTCHAR U+003D
ENCODING 61
SWIDTH 500 0
DWIDTH 35 0
BBX 31 23 2 13
BITMAP
FFFFFFFE
FFFFFFFE
FFFFFFFE
FFFFFFFE
FFFFFFFE
FFFFFFFE
FFFFFFFE
FFFFFFFE
00000000
00000000
00000000
00000000
00000000
00000000
00000000
FFFFFFFE
FFFFFFFE
FFFFFFFE
FFFFFFFE
FFFFFFFE
FFFFFFFE
FFFFFFFE
FFFFFFFE
ENDCHAR
STARTCHAR U+003E
ENCODING 62
SWIDTH 500 0
DWIDTH 35 0
BBX 31 38 2 4
BITMAP
C0000000
F0000000
FC000000
FF000000
FFC00000
FFF80000
FFFE0000
FFFF8000
FFFFE000
FFFFF800
FFFFFE00
3FFFFFC0
07FFFFF0
01FFFFFC
003FFFFE
000FFFFE
0001FFFE
00007FFE
00001FFE
00001FFE
00007FFE
0003FFFE
000FFFFE
007FFFFE
01FFFFFC
0FFFFFE0
3FFFFF80
FFFFFE00
FFFFF800
FFFFE000
FFFF8000
FFFC0000
FFF00000
FFC00000
FF000000
FC000000
F0000000
80000000
ENDCHAR
STARTCHAR U+003F
ENCODING 63
SWIDTH 500 0
DWIDTH 35 0
BBX 33 56 1 0
BITMAP
001FFE0000
00FFFF8000
01FFFFE000
07FFFFF000
0FFFFFF800
0FFFFFFC00
1FFFFFFC00
3FFFFFFE00
3FFFFFFE00
7FFFFFFF00
7FFC1FFF00
7FF80FFF00
7FF007FF00
FFF007FF00
FFF007FF80
FFF007FF00
FFF007FF00
000007FF00
00000FFF00
00000FFF00
00001FFF00
00003FFE00
00007FFE00
0001FFFC00
0003FFF800
0007FFF000
0007FFE000
000FFFC000
001FFF8000
001FFF0000
003FFE0000
003FFC0000
003FFC0000
003FF80000
003FF80000
003FF80000
003FF80000
003FF80000
0000000000
0000000000
0000000000
0000000000
0000000000
0007C00000
001FF00000
003FF00000
003FF80000
007FF80000
007FFC0000
007FFC0000
007FFC0000
007FF80000
003FF80000
003FF00000
001FF00000
0007C00000
ENDCHAR
STARTCHAR U+0040
ENCODING 64
SWIDTH 500 0
DWIDTH 61 0
BBX 56 59 2 -6
BITMAP
0000001FF80000
000001FFFF8000
00000FFFFFF000
00003FFFFFF800
0000FFFFFFFE00
0001FFFFFFFF00
0003FFFFFFFF80
000FFFE00FFFC0
001FFF0001FFE0
003FFC00007FF0
007FF000003FF8
00FFE000001FF8
00FF8000000FFC
01FF00000007FC
03FE00000003FE
03FE00F87C03FE
07FC03FEFE01FE
07F80FFFFE01FF
0FF00FFFFE01FF
0FF01FFFFE00FF
1FE01FFFFE00FF
1FE03FFFFE00FF
3FE03FE3FE00FF
3FC03FC3FC00FF
3FC07F81FC00FF
3FC07F81FC00FF
7F807F83FC00FF
7F807F83FC00FF
7F807F83FC00FF
7F807F03FC00FF
7F807F03FC00FF
7F007F03F801FE
7F00FF03F801FE
7F00FF03F801FE
FF00FF07FC03FC
7F00FF07FC03FC
7F00FF07FC07FC
7F80FF07FF1FF8
7F80FF8FFFFFF0
7F807FFFFFFFF0
7F807FFFFFFFE0
7FC03FFFFFFFC0
3FC01FFE7FFF00
3FE00FFC3FFE00
3FE003F007F000
1FF00000000000
1FF80000000000
0FFC0000000000
0FFE0000000000
07FF0000700000
07FFC000F80000
03FFF807F80000
01FFFFFFFC0000
00FFFFFFFE0000
007FFFFFFC0000
001FFFFFF80000
0007FFFFE00000
0001FFFF800000
00001FF8000000
ENDCHAR
STARTCHAR U+0041
ENCODING 65
SWIDTH 500 0
DWIDTH 39 0
BBX 36 56 1 0
BITMAP
000FFF8000
000FFF8000
000FFF8000
001FFF8000
001FFFC000
001FFFC000
001FFFC000
003FFFC000
003FFFC000
003FFFE000
003FFFE000
003FFFE000
007FFFE000
007FFFE000
007FFFF000
007FFFF000
00FFFFF000
00FFDFF000
00FF9FF800
00FF9FF800
00FF9FF800
01FF9FF800
01FF9FF800
01FF8FFC00
01FF0FFC00
01FF0FFC00
03FF0FFC00
03FF0FFE00
03FF0FFE00
03FF07FE00
07FE07FE00
07FE07FE00
07FE07FF00
07FE07FF00
07FE03FF00
0FFE03FF00
0FFC03FF00
0FFC03FF80
0FFFFFFF80
1FFFFFFF80
1FFFFFFF80
1FFFFFFFC0
1FFFFFFFC0
1FFFFFFFC0
3FFFFFFFC0
3FFFFFFFC0
3FFFFFFFE0
3FF800FFE0
3FF000FFE0
7FF000FFE0
7FF000FFE0
7FF000FFF0
7FF0007FF0
FFF0007FF0
FFE0007FF0
FFE0007FF0
ENDCHAR
STARTCHAR U+0042
ENCODING 66
SWIDTH 500 0
DWIDTH 38 0
BBX 32 56 4 0
BITMAP
FFFFE000
FFFFFC00
FFFFFF00
FFFFFFC0
FFFFFFE0
FFFFFFF0
FFFFFFF8
FFFFFFF8
FFFFFFFC
FFFFFFFC
FFE07FFC
FFE03FFE
FFE01FFE
FFE01FFE
FFE00FFE
FFE00FFE
FFE00FFE
FFE00FFE
FFE00FFE
FFE01FFC
FFE01FFC
FFE03FFC
FFE07FF8
FFFFFFF8
FFFFFFF0
FFFFFFE0
FFFFFFC0
FFFFFFC0
FFFFFFE0
FFFFFFF0
FFFFFFF8
FFE07FF8
FFE03FFC
FFE01FFC
FFE00FFE
FFE00FFE
FFE00FFE
FFE00FFE
FFE00FFF
FFE00FFF
FFE00FFF
FFE00FFF
FFE00FFF
FFE01FFE
FFE01FFE
FFE03FFE
FFFFFFFE
FFFFFFFC
FFFFFFFC
FFFFFFF8
FFFFFFF8
FFFFFFF0
FFFFFFC0
FFFFFF80
FFFFFE00
FFFFF000
ENDCHAR
STARTCHAR U+0043
ENCODING 67
SWIDTH 500 0
DWIDTH 37 0
BBX 32 56 3 0
BITMAP
007FFC00
01FFFF00
03FFFFC0
0FFFFFE0
1FFFFFF0
1FFFFFF8
3FFFFFF8
7FFFFFFC
7FFFFFFC
7FFC7FFE
FFF01FFE
FFF00FFE
FFE00FFE
FFE00FFF
FFE00FFF
FFE00FFF
FFE00FFE
FFE00000
FFE00000
FFE00000
FFE00000
FFE00000
FFE00000
FFE00000
FFE00000
FFE00000
FFE00000
FFE00000
FFE00000
FFE00000
FFE00000
FFE00000
FFE00000
FFE00000
FFE00000
FFE00000
FFE00000
FFE00000
FFE00000
FFE00FFF
FFE00FFF
FFE00FFF
FFE00FFF
FFE00FFE
FFF00FFE
FFF01FFE
7FFC7FFE
7FFFFFFC
7FFFFFFC
3FFFFFF8
1FFFFFF8
1FFFFFF0
0FFFFFE0
03FFFFC0
01FFFF00
007FFC00
ENDCHAR
STARTCHAR U+0044
ENCODING 68
SWIDTH 500 0
DWIDTH 38 0
BBX 31 56 4 0
BITMAP
FFFFF000
FFFFFE00
FFFFFF00
FFFFFFC0
FFFFFFE0
FFFFFFF0
FFFFFFF8
FFFFFFF8
FFFFFFFC
FFFFFFFC
FFE07FFC
FFE03FFE
FFE01FFE
FFE01FFE
FFE00FFE
FFE00FFE
FFE00FFE
FFE00FFE
FFE00FFE
FFE00FFE
FFE00FFE
FFE00FFE
FFE00FFE
FFE00FFE
FFE00FFE
FFE00FFE
FFE00FFE
FFE00FFE
FFE00FFE
FFE00FFE
FFE00FFE
FFE00FFE
FFE00FFE
FFE00FFE
FFE00FFE
FFE00FFE
FFE00FFE
FFE00FFE
FFE00FFE
FFE00FFE
FFE00FFE
FFE00FFE
FFE01FFE
FFE01FFE
FFE03FFE
FFE07FFC
FFFFFFFC
FFFFFFFC
FFFFFFF8
FFFFFFF8
FFFFFFF0
FFFFFFE0
FFFFFFC0
FFFFFF00
FFFFFE00
FFFFF000
ENDCHAR
STARTCHAR U+0045
ENCODING 69
SWIDTH 500 0
DWIDTH 35 0
BBX 29 56 4 0
BITMAP
FFFFFFF8
FFFFFFF8
FFFFFFF8
FFFFFFF8
FFFFFFF8
FFFFFFF8
FFFFFFF8
FFFFFFF8
FFFFFFF8
FFFFFFF0
FFE00000
FFE00000
FFE00000
FFE00000
FFE00000
FFE00000
FFE00000
FFE00000
FFE00000
FFE00000
FFE00000
FFE00000
FFE00000
FFFFFC00
FFFFFC00
FFFFFC00
FFFFFC00
FFFFFC00
FFFFFC00
FFFFFC00
FFFFFC00
FFFFFC00
FFFFF800
FFE00000
FFE00000
FFE00000
FFE00000
FFE00000
FFE00000
FFE00000
FFE00000
FFE00000
FFE00000
FFE00000
FFE00000
FFE00000
FFFFFFF0
FFFFFFF8
FFFFFFF8
FFFFFFF8
FFFFFFF8
FFFFFFF8
FFFFFFF8
FFFFFFF8
FFFFFFF8
FFFFFFF8
ENDCHAR
STARTCHAR U+0046
ENCODING 70
SWIDTH 500 0
DWIDTH 34 0
BBX 29 56 4 0
BITMAP
FFFFFFF8
FFFFFFF8
FFFFFFF8
FFFFFFF8
FFFFFFF8
FFFFFFF8
FFFFFFF8
FFFFFFF8
FFFFFFF8
FFFFFFF0
FFE00000
FFE00000
FFE00000
FFE00000
FFE00000
FFE00000
FFE00000
FFE00000
FFE00000
FFE00000
FFE00000
FFE00000
FFE00000
FFFFF800
FFFFFC00
FFFFFC00
FFFFFC00
FFFFFC00
FFFFFC00
FFFFFC00
FFFFFC00
FFFFFC00
FFFFF800
FFE00000
FFE00000
FFE00000
FFE00000
FFE00000
FFE00000
FFE00000
FFE00000
FFE00000
FFE00000
FFE00000
FFE00000
FFE00000
FFE00000
FFE00000
FFE00000
FFE00000
FFE00000
FFE00000
FFE00000
FFE00000
FFE00000
FFE00000
ENDCHAR
STARTCHAR U+0047
ENCODING 71
SWIDTH 500 0
DWIDTH 37 0
BBX 32 56 3 0
BITMAP
007FFC00
01FFFF00
07FFFFC0
0FFFFFE0
1FFFFFF0
3FFFFFF8
3FFFFFF8
7FFFFFFC
7FFFFFFE
FFFC7FFE
FFF81FFE
FFF00FFE
FFE00FFE
FFE00FFF
FFE00FFF
FFE00FFF
FFE00FFF
FFE00FFF
FFE007FE
FFE00000
FFE00000
FFE00000
FFE00000
FFE00000
FFE00000
FFE00000
FFE0FFFE
FFE1FFFF
FFE1FFFF
FFE1FFFF
FFE1FFFF
FFE1FFFF
FFE1FFFF
FFE1FFFF
FFE0FFFF
FFE00FFF
FFE00FFF
FFE00FFF
FFE00FFF
FFE00FFF
FFE00FFF
FFE00FFF
FFE00FFF
FFE00FFF
FFF00FFE
FFF81FFE
FFFC7FFE
7FFFFFFE
7FFFFFFC
3FFFFFFC
3FFFFFF8
1FFFFFF0
0FFFFFE0
07FFFFC0
01FFFF00
007FFC00
ENDCHAR
STARTCHAR U+0048
ENCODING 72
SWIDTH 500 0
DWIDTH 38 0
BBX 31 56 4 0
BITMAP
FFE00FFE
FFE00FFE
FFE00FFE
FFE00FFE
FFE00FFE
FFE00FFE
FFE00FFE
FFE00FFE
FFE00FFE
FFE00FFE
FFE00FFE
FFE00FFE
FFE00FFE
FFE00FFE
FFE00FFE
FFE00FFE
FFE00FFE
FFE00FFE
FFE00FFE
FFE00FFE
FFE00FFE
FFE00FFE
FFE00FFE
FFFFFFFE
FFFFFFFE
FFFFFFFE
FFFFFFFE
FFFFFFFE
FFFFFFFE
FFFFFFFE
FFFFFFFE
FFFFFFFE
FFFFFFFE
FFE00FFE
FFE00FFE
FFE00FFE
FFE00FFE
FFE00FFE
FFE00FFE
FFE00FFE
FFE00FFE
FFE00FFE
FFE00FFE
FFE00FFE
FFE00FFE
FFE00FFE
FFE00FFE
FFE00FFE
FFE00FFE
FFE00FFE
FFE00FFE
FFE00FFE
FFE00FFE
FFE00FFE
FFE00FFE
FFE00FFE
ENDCHAR
STARTCHAR U+0049
ENCODING 73
SWIDTH 500 0
DWIDTH 18 0
BBX 11 56 4 0
BITMAP
FFE0
FFE0
FFE0
FFE0
FFE0
FFE0
FFE0
FFE0
FFE0
FFE0
FFE0
FFE0
FFE0
FFE0
FFE0
FFE0
FFE0
FFE0
FFE0
FFE0
FFE0
FFE0
FFE0
FFE0
FFE0
FFE0
FFE0
FFE0
FFE0
FFE0
FFE0
FFE0
FFE0
FFE0
FFE0
FFE0
FFE0
FFE0
FFE0
FFE0
FFE0
FFE0
FFE0
FFE0
FFE0
FFE0
FFE0
FFE0
FFE0
FFE0
FFE0
FFE0
FFE0
FFE0
FFE0
FFE0
ENDCHAR
STARTCHAR U+004A
ENCODING 74
SWIDTH 500 0
DWIDTH 36 0
BBX 32 56 1 0
BITMAP
000007FE
00000FFF
00000FFF
00000FFF
00000FFF
00000FFF
00000FFF
00000FFF
00000FFF
00000FFF
00000FFF
00000FFF
00000FFF
00000FFF
00000FFF
00000FFF
00000FFF
00000FFF
00000FFF
00000FFF
00000FFF
00000FFF
00000FFF
00000FFF
00000FFF
00000FFF
00000FFF
00000FFF
00000FFF
00000FFF
00000FFF
00000FFF
00000FFF
00000FFF
00000FFF
FFE00FFF
FFE00FFF
FFE00FFF
FFE00FFF
FFE00FFF
FFE00FFF
FFE00FFF
FFE00FFF
FFF00FFF
FFF00FFE
7FF81FFE
7FFC7FFE
7FFFFFFE
3FFFFFFC
3FFFFFFC
1FFFFFF8
0FFFFFF0
07FFFFE0
03FFFFC0
01FFFF00
003FFC00
ENDCHAR
STARTCHAR U+004B
ENCODING 75
SWIDTH 500 0
DWIDTH 39 0
BBX 34 56 4 0
BITMAP
FFE003FF80
FFE007FF80
FFE007FF80
FFE00FFF00
FFE00FFF00
FFE01FFE00
FFE01FFE00
FFE03FFC00
FFE03FFC00
FFE07FF800
FFE07FF800
FFE0FFF000
FFE0FFF000
FFE1FFE000
FFE1FFE000
FFE3FFC000
FFE3FFC000
FFE7FF8000
FFE7FF8000
FFEFFF0000
FFEFFF0000
FFFFFE0000
FFFFFE0000
FFFFFC0000
FFFFFC0000
FFFFFC0000
FFFFFC0000
FFFFFE0000
FFFFFE0000
FFFFFE0000
FFFFFF0000
FFFFFF0000
FFFFFF8000
FFFFFF8000
FFFFFF8000
FFFBFFC000
FFF1FFC000
FFF1FFE000
FFE1FFE000
FFE0FFF000
FFE0FFF000
FFE07FF000
FFE07FF800
FFE07FF800
FFE03FFC00
FFE03FFC00
FFE01FFC00
FFE01FFE00
FFE01FFE00
FFE00FFF00
FFE00FFF00
FFE007FF80
FFE007FF80
FFE007FF80
FFE003FFC0
FFE003FFC0
ENDCHAR
STARTCHAR U+004C
ENCODING 76
SWIDTH 500 0
DWIDTH 34 0
BBX 29 56 4 0
BITMAP
FFE00000
FFE00000
FFE00000
FFE00000
FFE00000
FFE00000
FFE00000
FFE00000
FFE00000
FFE00000
FFE00000
FFE00000
FFE00000
FFE00000
FFE00000
FFE00000
FFE00000
FFE00000
FFE00000
FFE00000
FFE00000
FFE00000
FFE00000
FFE00000
FFE00000
FFE00000
FFE00000
FFE00000
FFE00000
FFE00000
FFE00000
FFE00000
FFE00000
FFE00000
FFE00000
FFE00000
FFE00000
FFE00000
FFE00000
FFE00000
FFE00000
FFE00000
FFE00000
FFE00000
FFE00000
FFE00000
FFFFFFF0
FFFFFFF8
FFFFFFF8
FFFFFFF8
FFFFFFF8
FFFFFFF8
FFFFFFF8
FFFFFFF8
FFFFFFF8
FFFFFFF8
ENDCHAR
STARTCHAR U+004D
ENCODING 77
SWIDTH 500 0
DWIDTH 44 0
BBX 38 56 3 0
BITMAP
7FE0003FF8
FFF0003FFC
FFF8007FFC
FFF8007FFC
FFFC00FFFC
FFFC00FFFC
FFFE01FFFC
FFFE01FFFC
FFFF03FFFC
FFFF07FFFC
FFFF87FFFC
FFFFCFFFFC
FFFFCFFFFC
FFFFFFFFFC
FFFFFFFFFC
FFFFFFFFFC
FFFFFFFFFC
FFFFFFFFFC
FFFFFFFFFC
FFFFFFFFFC
FFF7FFBFFC
FFF7FFBFFC
FFF3FF3FFC
FFF3FE3FFC
FFF1FE3FFC
FFF0FC3FFC
FFF0FC3FFC
FFF0783FFC
FFF0783FFC
FFF0303FFC
FFF0203FFC
FFF0003FFC
FFF0003FFC
FFF0003FFC
FFF0003FFC
FFF0003FFC
FFF0003FFC
FFF0003FFC
FFF0003FFC
FFF0003FFC
FFF0003FFC
FFF0003FFC
FFF0003FFC
FFF0003FFC
FFF0003FFC
FFF0003FFC
FFF0003FFC
FFF0003FFC
FFF0003FFC
FFF0003FFC
FFF0003FFC
FFF0003FFC
FFF0003FFC
FFF0003FFC
FFF0003FFC
FFE0003FF8
ENDCHAR
STARTCHAR U+004E
ENCODING 78
SWIDTH 500 0
DWIDTH 41 0
BBX 34 56 4 0
BITMAP
FFF001FF80
FFF003FFC0
FFF803FFC0
FFF803FFC0
FFF803FFC0
FFFC03FFC0
FFFC03FFC0
FFFC03FFC0
FFFC03FFC0
FFFE03FFC0
FFFE03FFC0
FFFE03FFC0
FFFF03FFC0
FFFF03FFC0
FFFF03FFC0
FFFF83FFC0
FFFF83FFC0
FFFF83FFC0
FFFFC3FFC0
FFFFC3FFC0
FFFFC3FFC0
FFFFE3FFC0
FFFFE3FFC0
FFFFE3FFC0
FFFFF3FFC0
FFFFF3FFC0
FFEFF3FFC0
FFEFFBFFC0
FFEFFBFFC0
FFE7FBFFC0
FFE7FFFFC0
FFE7FFFFC0
FFE3FFFFC0
FFE3FFFFC0
FFE3FFFFC0
FFE1FFFFC0
FFE1FFFFC0
FFE1FFFFC0
FFE0FFFFC0
FFE0FFFFC0
FFE0FFFFC0
FFE07FFFC0
FFE07FFFC0
FFE07FFFC0
FFE03FFFC0
FFE03FFFC0
FFE03FFFC0
FFE01FFFC0
FFE01FFFC0
FFE01FFFC0
FFE00FFFC0
FFE00FFFC0
FFE00FFFC0
FFE00FFFC0
FFE007FFC0
FFE007FF80
ENDCHAR
STARTCHAR U+004F
ENCODING 79
SWIDTH 500 0
DWIDTH 38 0
BBX 32 56 3 0
BITMAP
003FFC00
01FFFF80
03FFFFC0
0FFFFFE0
1FFFFFF0
1FFFFFF8
3FFFFFFC
7FFFFFFC
7FFFFFFE
7FFC7FFE
FFF81FFF
FFF00FFF
FFE00FFF
FFE007FF
FFE007FF
FFE007FF
FFE007FF
FFE007FF
FFE007FF
FFE007FF
FFE007FF
FFE007FF
FFE007FF
FFE007FF
FFE007FF
FFE007FF
FFE007FF
FFE007FF
FFE007FF
FFE007FF
FFE007FF
FFE007FF
FFE007FF
FFE007FF
FFE007FF
FFE007FF
FFE007FF
FFE007FF
FFE007FF
FFE007FF
FFE007FF
FFE007FF
FFE007FF
FFE00FFF
FFF00FFF
FFF81FFF
7FFC3FFE
7FFFFFFE
7FFFFFFC
3FFFFFFC
1FFFFFF8
1FFFFFF0
0FFFFFE0
03FFFFC0
01FFFF80
003FFC00
ENDCHAR
STARTCHAR U+0050
ENCODING 80
SWIDTH 500 0
DWIDTH 37 0
BBX 33 56 3 0
BITMAP
7FFFFC0000
FFFFFF0000
FFFFFFC000
FFFFFFE000
FFFFFFF000
FFFFFFF800
FFFFFFFC00
FFFFFFFC00
FFFFFFFE00
FFFFFFFE00
FFF03FFF00
FFF00FFF00
FFF00FFF00
FFF007FF00
FFF007FF00
FFF007FF80
FFF007FF80
FFF007FF80
FFF007FF00
FFF007FF00
FFF007FF00
FFF00FFF00
FFF01FFF00
FFF03FFF00
FFFFFFFE00
FFFFFFFE00
FFFFFFFC00
FFFFFFF800
FFFFFFF800
FFFFFFF000
FFFFFFC000
FFFFFF8000
FFFFFC0000
FFF0000000
FFF0000000
FFF0000000
FFF0000000
FFF0000000
FFF0000000
FFF0000000
FFF0000000
FFF0000000
FFF0000000
FFF0000000
FFF0000000
FFF0000000
FFF0000000
FFF0000000
FFF0000000
FFF0000000
FFF0000000
FFF0000000
FFF0000000
FFF0000000
FFF0000000
7FF0000000
ENDCHAR
STARTCHAR U+0051
ENCODING 81
SWIDTH 500 0
DWIDTH 37 0
BBX 31 64 3 -8
BITMAP
003FF800
01FFFF00
03FFFF80
07FFFFC0
0FFFFFE0
1FFFFFF0
3FFFFFF8
3FFFFFF8
7FFFFFFC
7FFC7FFC
FFF03FFC
FFF01FFE
FFE00FFE
FFE00FFE
FFE00FFE
FFE00FFE
FFE00FFE
FFE00FFE
FFE00FFE
FFE00FFE
FFE00FFE
FFE00FFE
FFE00FFE
FFE00FFE
FFE00FFE
FFE00FFE
FFE00FFE
FFE00FFE
FFE00FFE
FFE00FFE
FFE00FFE
FFE00FFE
FFE00FFE
FFE00FFE
FFE00FFE
FFE00FFE
FFE00FFE
FFE00FFE
FFE00FFE
FFE00FFE
FFE00FFE
FFE00FFE
FFE00FFE
FFE00FFE
FFF01FFE
FFF01FFE
7FF87FFC
7FFFFFFC
7FFFFFF8
3FFFFFF8
1FFFFFF0
1FFFFFE0
0FFFFFE0
07FFFF80
01FFFF00
007FFC00
003FF800
003FF800
003FF800
003FF800
003FF800
003FF800
003FF800
003FF800
ENDCHAR
STARTCHAR U+0052
ENCODING 82
SWIDTH 500 0
DWIDTH 38 0
BBX 32 56 4 0
BITMAP
FFFFF800
FFFFFE00
FFFFFF80
FFFFFFC0
FFFFFFE0
FFFFFFF0
FFFFFFF8
FFFFFFF8
FFFFFFFC
FFFFFFFC
FFE07FFE
FFE01FFE
FFE01FFE
FFE00FFE
FFE00FFF
FFE00FFF
FFE00FFF
FFE00FFF
FFE00FFF
FFE00FFF
FFE00FFE
FFE01FFE
FFE03FFE
FFE07FFE
FFFFFFFC
FFFFFFFC
FFFFFFF8
FFFFFFF8
FFFFFFF0
FFFFFFE0
FFFFFF80
FFFFFF80
FFFFFF80
FFE3FF80
FFE1FFC0
FFE1FFC0
FFE1FFC0
FFE1FFE0
FFE0FFE0
FFE0FFE0
FFE0FFE0
FFE07FF0
FFE07FF0
FFE07FF0
FFE07FF8
FFE03FF8
FFE03FF8
FFE03FFC
FFE01FFC
FFE01FFC
FFE01FFE
FFE01FFE
FFE00FFE
FFE00FFF
FFE00FFF
FFE007FF
ENDCHAR
STARTCHAR U+0053
ENCODING 83
SWIDTH 500 0
DWIDTH 36 0
BBX 32 56 2 0
BITMAP
007FFC00
01FFFF00
03FFFF80
0FFFFFE0
0FFFFFF0
1FFFFFF0
3FFFFFF8
3FFFFFFC
7FFFFFFC
7FFC7FFC
7FF81FFE
FFF01FFE
FFF00FFE
FFE00FFE
FFE00FFE
FFE00FFE
FFF00FFE
FFF007FE
7FF80000
7FFC0000
7FFE0000
3FFF0000
3FFF8000
1FFFC000
0FFFF000
0FFFF800
07FFFC00
03FFFF00
01FFFF80
007FFFC0
003FFFE0
001FFFF0
0007FFF8
0003FFF8
0001FFFC
00007FFE
00003FFE
00001FFE
00000FFE
FFE00FFE
FFF00FFF
FFF00FFF
FFF00FFF
FFF00FFE
7FF00FFE
7FF81FFE
7FFE7FFE
7FFFFFFE
3FFFFFFC
3FFFFFFC
1FFFFFF8
0FFFFFF0
07FFFFE0
03FFFFC0
01FFFF00
003FFC00
ENDCHAR
STARTCHAR U+0054
ENCODING 84
SWIDTH 500 0
DWIDTH 37 0
BBX 34 56 2 0
BITMAP
FFFFFFFF80
FFFFFFFFC0
FFFFFFFFC0
FFFFFFFFC0
FFFFFFFFC0
FFFFFFFFC0
FFFFFFFFC0
FFFFFFFFC0
FFFFFFFFC0
FFFFFFFF80
001FFC0000
001FFC0000
001FFC0000
001FFC0000
001FFC0000
001FFC0000
001FFC0000
001FFC0000
001FFC0000
001FFC0000
001FFC0000
001FFC0000
001FFC0000
001FFC0000
001FFC0000
001FFC0000
001FFC0000
001FFC0000
001FFC0000
001FFC0000
001FFC0000
001FFC0000
001FFC0000
001FFC0000
001FFC0000
001FFC0000
001FFC0000
001FFC0000
001FFC0000
001FFC0000
001FFC0000
001FFC0000
001FFC0000
001FFC0000
001FFC0000
001FFC0000
001FFC0000
001FFC0000
001FFC0000
001FFC0000
001FFC0000
001FFC0000
001FFC0000
001FFC0000
001FFC0000
001FFC0000
ENDCHAR
STARTCHAR U+0055
ENCODING 85
SWIDTH 500 0
DWIDTH 38 0
BBX 32 56 3 0
BITMAP
7FE007FF
FFF007FF
FFF007FF
FFF007FF
FFF007FF
FFF007FF
FFF007FF
FFF007FF
FFF007FF
FFF007FF
FFF007FF
FFF007FF
FFF007FF
FFF007FF
FFF007FF
FFF007FF
FFF007FF
FFF007FF
FFF007FF
FFF007FF
FFF007FF
FFF007FF
FFF007FF
FFF007FF
FFF007FF
FFF007FF
FFF007FF
FFF007FF
FFF007FF
FFF007FF
FFF007FF
FFF007FF
FFF007FF
FFF007FF
FFF007FF
FFF007FF
FFF007FF
FFF007FF
FFF007FF
FFF007FF
FFF007FF
FFF007FF
FFF007FF
7FF00FFF
7FF00FFF
7FF81FFE
7FFE3FFE
3FFFFFFE
3FFFFFFC
1FFFFFFC
1FFFFFF8
0FFFFFF0
07FFFFE0
03FFFFC0
00FFFF00
003FFC00
ENDCHAR
STARTCHAR U+0056
ENCODING 86
SWIDTH 500 0
DWIDTH 39 0
BBX 35 56 2 0
BITMAP
FFF000FFE0
FFF001FFE0
FFF001FFE0
FFF001FFE0
7FF801FFC0
7FF801FFC0
7FF801FFC0
7FF803FFC0
7FF803FFC0
3FF803FF80
3FFC03FF80
3FFC03FF80
3FFC03FF80
3FFC07FF80
1FFC07FF00
1FFC07FF00
1FFC07FF00
1FFE07FF00
0FFE07FE00
0FFE07FE00
0FFE0FFE00
0FFE0FFE00
0FFE0FFE00
07FF0FFC00
07FF0FFC00
07FF0FFC00
07FF1FFC00
07FF1FFC00
03FF1FF800
03FF1FF800
03FF9FF800
03FF9FF800
03FF9FF800
01FFBFF000
01FFBFF000
01FFBFF000
01FFFFF000
00FFFFE000
00FFFFE000
00FFFFE000
00FFFFE000
00FFFFE000
007FFFC000
007FFFC000
007FFFC000
007FFFC000
007FFFC000
003FFF8000
003FFF8000
003FFF8000
003FFF8000
001FFF0000
001FFF0000
001FFF0000
001FFF0000
000FFE0000
ENDCHAR
STARTCHAR U+0057
ENCODING 87
SWIDTH 500 0
DWIDTH 55 0
BBX 51 56 2 0
BITMAP
FFE007FE00FFE0
FFE007FE00FFE0
FFF00FFE00FFE0
FFF00FFE00FFE0
FFF00FFE00FFE0
7FF00FFF01FFE0
7FF00FFF01FFC0
7FF00FFF01FFC0
7FF01FFF01FFC0
7FF81FFF01FFC0
3FF81FFF01FFC0
3FF81FFF81FF80
3FF81FFF83FF80
3FF81FFF83FF80
3FF81FFF83FF80
1FFC3FFF83FF80
1FFC3FFF83FF80
1FFC3FFFC3FF00
1FFC3FFFC3FF00
1FFC3FFFC7FF00
0FFC3FFFC7FF00
0FFE3FFFC7FF00
0FFE7FFFC7FE00
0FFE7FFFE7FE00
0FFE7FFFE7FE00
07FE7FFFE7FE00
07FE7FBFEFFE00
07FE7FBFEFFC00
07FFFFBFEFFC00
07FFFFBFFFFC00
03FFFF9FFFFC00
03FFFF9FFFFC00
03FFFF1FFFFC00
03FFFF1FFFF800
03FFFF1FFFF800
01FFFF1FFFF800
01FFFF0FFFF800
01FFFF0FFFF800
01FFFF0FFFF000
01FFFE0FFFF000
00FFFE0FFFF000
00FFFE0FFFF000
00FFFE07FFF000
00FFFE07FFE000
00FFFE07FFE000
007FFE07FFE000
007FFC07FFE000
007FFC07FFE000
007FFC03FFE000
007FFC03FFC000
003FFC03FFC000
003FFC03FFC000
003FF803FFC000
003FF803FFC000
003FF803FF8000
001FF801FF8000
ENDCHAR
STARTCHAR U+0058
ENCODING 88
SWIDTH 500 0
DWIDTH 38 0
BBX 34 56 2 0
BITMAP
FFE001FFC0
FFF003FFC0
7FF003FF80
7FF003FF80
7FF807FF80
3FF807FF00
3FF807FF00
1FFC0FFE00
1FFC0FFE00
1FFC0FFE00
0FFE1FFC00
0FFE1FFC00
07FE1FF800
07FF3FF800
07FF3FF800
03FF3FF000
03FFFFF000
01FFFFE000
01FFFFE000
01FFFFC000
00FFFFC000
00FFFFC000
007FFF8000
007FFF8000
003FFF0000
003FFF0000
003FFF0000
001FFE0000
001FFE0000
001FFE0000
003FFF0000
003FFF0000
007FFF8000
007FFF8000
00FFFFC000
00FFFFC000
00FFFFC000
01FFFFE000
01FFFFE000
03FFFFF000
03FFFFF000
03FF3FF000
07FF3FF800
07FF3FF800
0FFE1FFC00
0FFE1FFC00
0FFC0FFC00
1FFC0FFE00
1FFC0FFE00
3FF807FF00
3FF807FF00
7FF807FF80
7FF003FF80
7FF003FF80
FFF003FFC0
FFE001FFC0
ENDCHAR
STARTCHAR U+0059
ENCODING 89
SWIDTH 500 0
DWIDTH 38 0
BBX 34 56 2 0
BITMAP
FFF003FFC0
FFF003FFC0
FFF003FF80
7FF007FF80
7FF807FF80
7FF807FF00
3FF807FF00
3FF80FFF00
1FFC0FFE00
1FFC0FFE00
1FFC0FFE00
0FFC1FFC00
0FFE1FFC00
0FFE1FFC00
07FE1FF800
07FE3FF800
07FF3FF800
03FF3FF000
03FF3FF000
03FF7FF000
01FFFFE000
01FFFFE000
01FFFFE000
00FFFFC000
00FFFFC000
00FFFFC000
007FFF8000
007FFF8000
007FFF8000
003FFF0000
003FFF0000
003FFE0000
001FFE0000
001FFE0000
001FFE0000
001FFE0000
001FFE0000
001FFE0000
001FFE0000
001FFE0000
001FFE0000
001FFE0000
001FFE0000
001FFE0000
001FFE0000
001FFE0000
001FFE0000
001FFE0000
001FFE0000
001FFE0000
001FFE0000
001FFE0000
001FFE0000
001FFE0000
001FFE0000
001FFC0000
ENDCHAR
STARTCHAR U+005A
ENCODING 90
SWIDTH 500 0
DWIDTH 33 0
BBX 29 56 2 0
BITMAP
FFFFFFF8
FFFFFFF8
FFFFFFF8
FFFFFFF8
FFFFFFF8
FFFFFFF8
FFFFFFF8
FFFFFFF8
FFFFFFF8
FFFFFFF8
00007FF8
0000FFF0
0000FFF0
0001FFE0
0001FFE0
0003FFC0
0003FFC0
0007FF80
0007FF80
000FFF00
000FFF00
000FFE00
001FFE00
001FFC00
003FFC00
003FF800
007FF800
007FF800
00FFF000
00FFF000
01FFE000
01FFE000
03FFC000
03FFC000
07FF8000
07FF8000
0FFF0000
0FFF0000
1FFE0000
1FFE0000
3FFC0000
3FFC0000
7FF80000
7FF80000
FFF00000
FFF00000
FFFFFFF8
FFFFFFF8
FFFFFFF8
FFFFFFF8
FFFFFFF8
FFFFFFF8
FFFFFFF8
FFFFFFF8
FFFFFFF8
FFFFFFF8
ENDCHAR
STARTCHAR U+005B
ENCODING 91
SWIDTH 500 0
DWIDTH 28 0
BBX 18 76 2 -12
BITMAP
FFFFC0
FFFFC0
FFFFC0
FFFFC0
FFFFC0
FFFFC0
FFFFC0
FFFFC0
FFFFC0
FFFFC0
FFF000
FFF000
FFF000
FFF000
FFF000
FFF000
FFF000
FFF000
FFF000
FFF000
FFF000
FFF000
FFF000
FFF000
FFF000
FFF000
FFF000
FFF000
FFF000
FFF000
FFF000
FFF000
FFF000
FFF000
FFF000
FFF000
FFF000
FFF000
FFF000
FFF000
FFF000
FFF000
FFF000
FFF000
FFF000
FFF000
FFF000
FFF000
FFF000
FFF000
FFF000
FFF000
FFF000
FFF000
FFF000
FFF000
FFF000
FFF000
FFF000
FFF000
FFF000
FFF000
FFF000
FFF000
FFF000
FFF000
FFFFC0
FFFFC0
FFFFC0
FFFFC0
FFFFC0
FFFFC0
FFFFC0
FFFFC0
FFFFC0
FFFFC0
ENDCHAR
STARTCHAR U+005C
ENCODING 92
SWIDTH 500 0
DWIDTH 33 0
BBX 29 56 3 0
BITMAP
FFE00000
FFE00000
FFF00000
7FF00000
7FF00000
7FF80000
3FF80000
3FF80000
3FFC0000
1FFC0000
1FFC0000
1FFE0000
0FFE0000
0FFE0000
0FFF0000
07FF0000
07FF0000
07FF8000
03FF8000
03FF8000
03FFC000
01FFC000
01FFC000
01FFE000
00FFE000
00FFE000
00FFF000
007FF000
007FF000
007FF800
003FF800
003FF800
003FFC00
001FFC00
001FFC00
001FFE00
000FFE00
000FFE00
000FFF00
0007FF00
0007FF00
0007FF00
0003FF80
0003FF80
0003FF80
0003FFC0
0001FFC0
0001FFC0
0001FFE0
0000FFE0
0000FFE0
0000FFF0
00007FF0
00007FF0
00007FF8
00003FF8
ENDCHAR
STARTCHAR U+005D
ENCODING 93
SWIDTH 500 0
DWIDTH 28 0
BBX 18 76 7 -12
BITMAP
FFFFC0
FFFFC0
FFFFC0
FFFFC0
FFFFC0
FFFFC0
FFFFC0
FFFFC0
FFFFC0
7FFFC0
01FFC0
01FFC0
01FFC0
01FFC0
01FFC0
01FFC0
01FFC0
01FFC0
01FFC0
01FFC0
01FFC0
01FFC0
01FFC0
01FFC0
01FFC0
01FFC0
01FFC0
01FFC0
01FFC0
01FFC0
01FFC0
01FFC0
01FFC0
01FFC0
01FFC0
01FFC0
01FFC0
01FFC0
01FFC0
01FFC0
01FFC0
01FFC0
01FFC0
01FFC0
01FFC0
01FFC0
01FFC0
01FFC0
01FFC0
01FFC0
01FFC0
01FFC0
01FFC0
01FFC0
01FFC0
01FFC0
01FFC0
01FFC0
01FFC0
01FFC0
01FFC0
01FFC0
01FFC0
01FFC0
01FFC0
01FFC0
7FFFC0
FFFFC0
FFFFC0
FFFFC0
FFFFC0
FFFFC0
FFFFC0
FFFFC0
FFFFC0
FFFFC0
ENDCHAR
STARTCHAR U+005E
ENCODING 94
SWIDTH 500 0
DWIDTH 34 0
BBX 30 33 2 24
BITMAP
001FC000
003FF000
007FF000
007FF000
007FF800
007FF800
00FFF800
00FFFC00
00FFFC00
01FFFC00
01FFFE00
01FFFE00
03FFFE00
03FFFF00
03FDFF00
07FCFF00
07FCFF80
07FCFF80
0FF8FF80
0FF87FC0
0FF87FC0
1FF87FC0
1FF03FE0
1FF03FE0
1FF03FE0
3FE03FF0
3FE01FF0
3FE01FF0
7FE01FF8
7FC01FF8
7FC00FF8
FFC00FF8
FF800FFC
ENDCHAR
STARTCHAR U+005F
ENCODING 95
SWIDTH 500 0
DWIDTH 34 0
BBX 32 9 1 0
BITMAP
FFFFFFFE
FFFFFFFF
FFFFFFFF
FFFFFFFF
FFFFFFFF
FFFFFFFF
FFFFFFFF
FFFFFFFF
FFFFFFFE
ENDCHAR
STARTCHAR U+0060
ENCODING 96
SWIDTH 500 0
DWIDTH 18 0
BBX 14 10 2 46
BITMAP
FF80
FF80
7FC0
7FE0
3FE0
1FF0
0FF0
07F8
07FC
03FC
ENDCHAR
STARTCHAR U+0061
ENCODING 97
SWIDTH 500 0
DWIDTH 36 0
BBX 31 41 2 0
BITMAP
003FFC00
00FFFF80
03FFFFC0
07FFFFE0
0FFFFFF0
1FFFFFF8
3FFFFFFC
3FFFFFFC
3FFFFFFE
7FFE7FFE
7FF81FFE
7FF81FFE
7FF00FFE
00000FFE
00000FFE
00000FFE
003FFFFE
01FFFFFE
07FFFFFE
1FFFFFFE
3FFFFFFE
3FFFFFFE
7FFFFFFE
7FFFFFFE
FFFC0FFE
FFF80FFE
FFF00FFE
FFF00FFE
FFE00FFE
FFF00FFE
FFF01FFE
FFF83FFE
FFFFFFFE
FFFFFFFE
FFFFFFFE
7FFFFFFE
7FFFFFFE
3FFFFFFE
1FFFEFFE
0FFFCFFE
03FF0FFE
ENDCHAR
STARTCHAR U+0062
ENCODING 98
SWIDTH 500 0
DWIDTH 36 0
BBX 30 56 3 0
BITMAP
FFE00000
FFE00000
FFE00000
FFE00000
FFE00000
FFE00000
FFE00000
FFE00000
FFE00000
FFE00000
FFE00000
FFE00000
FFE00000
FFE00000
FFE00000
FFE1FF00
FFE7FFC0
FFFFFFE0
FFFFFFF0
FFFFFFF0
FFFFFFF8
FFFFFFF8
FFFFFFF8
FFFFFFFC
FFFCFFFC
FFF03FFC
FFF03FFC
FFE01FFC
FFE01FFC
FFE01FFC
FFE01FFC
FFE01FFC
FFE01FFC
FFE01FFC
FFE01FFC
FFE01FFC
FFE01FFC
FFE01FFC
FFE01FFC
FFE01FFC
FFE01FFC
FFE01FFC
FFE01FFC
FFE01FFC
FFF03FFC
FFF03FFC
FFFCFFFC
FFFFFFFC
FFFFFFF8
FFFFFFF8
FFFFFFF8
FFFFFFF0
FFFFFFF0
FFFFFFE0
FFE7FFC0
FFE3FF00
ENDCHAR
STARTCHAR U+0063
ENCODING 99
SWIDTH 500 0
DWIDTH 35 0
BBX 31 41 2 0
BITMAP
007FFC00
01FFFF00
07FFFFC0
0FFFFFE0
1FFFFFF0
1FFFFFF8
3FFFFFF8
7FFFFFFC
7FFFFFFC
7FFC7FFC
7FF83FFE
7FF01FFE
7FF01FFE
FFF01FFE
FFF00FFC
FFF00000
FFF00000
FFF00000
FFF00000
FFF00000
FFF00000
FFF00000
FFF00000
FFF00000
FFF00000
FFF00000
FFF00FFE
FFF01FFE
7FF01FFE
7FF01FFE
7FF83FFE
7FFC7FFC
7FFFFFFC
7FFFFFFC
3FFFFFF8
3FFFFFF8
1FFFFFF0
0FFFFFE0
07FFFFC0
01FFFF00
007FFC00
ENDCHAR
STARTCHAR U+0064
ENCODING 100
SWIDTH 500 0
DWIDTH 36 0
BBX 31 56 2 0
BITMAP
00000FFC
00001FFE
00001FFE
00001FFE
00001FFE
00001FFE
00001FFE
00001FFE
00001FFE
00001FFE
00001FFE
00001FFE
00001FFE
00001FFE
00001FFE
01FF1FFE
07FFDFFE
0FFFFFFE
1FFFFFFE
3FFFFFFE
3FFFFFFE
7FFFFFFE
7FFFFFFE
7FFFFFFE
7FFC7FFE
7FF83FFE
7FF01FFE
7FF01FFE
FFF01FFE
FFF01FFE
FFF01FFE
FFF01FFE
FFF01FFE
FFF01FFE
FFF01FFE
FFF01FFE
FFF01FFE
FFF01FFE
FFF01FFE
FFF01FFE
FFF01FFE
FFF01FFE
FFF01FFE
7FF01FFE
7FF01FFE
7FF83FFE
7FFC7FFE
7FFFFFFE
7FFFFFFE
7FFFFFFE
3FFFFFFE
3FFFFFFE
1FFFFFFE
0FFFFFFE
07FFDFFE
01FF1FFC
ENDCHAR
STARTCHAR U+0065
ENCODING 101
SWIDTH 500 0
DWIDTH 35 0
BBX 31 41 2 0
BITMAP
007FFC00
01FFFF00
07FFFFC0
0FFFFFE0
1FFFFFF0
1FFFFFF8
3FFFFFF8
7FFFFFFC
7FFFFFFC
7FFC7FFC
7FF83FFE
7FF01FFE
7FF01FFE
FFF01FFE
FFF01FFE
FFF01FFE
FFF01FFE
FFFFFFFE
FFFFFFFE
FFFFFFFE
FFFFFFFE
FFFFFFFE
FFFFFFFE
FFFFFFFE
FFF00000
FFF00000
FFF00000
FFF00000
7FF01FFC
7FF01FFC
7FF83FFC
7FFC7FFC
7FFFFFFC
7FFFFFF8
3FFFFFF8
3FFFFFF0
1FFFFFF0
0FFFFFE0
07FFFFC0
01FFFF00
007FFC00
ENDCHAR
STARTCHAR U+0066
ENCODING 102
SWIDTH 500 0
DWIDTH 24 0
BBX 21 56 1 0
BITMAP
0007F0
003FF8
00FFF8
01FFF8
03FFF8
03FFF8
07FFF8
07FFF0
07FF80
0FFF00
0FFF00
0FFF00
0FFE00
0FFE00
0FFE00
7FFFF8
FFFFF8
FFFFF8
FFFFF8
FFFFF8
FFFFF8
FFFFF8
7FFFF8
0FFE00
0FFE00
0FFE00
0FFE00
0FFE00
0FFE00
0FFE00
0FFE00
0FFE00
0FFE00
0FFE00
0FFE00
0FFE00
0FFE00
0FFE00
0FFE00
0FFE00
0FFE00
0FFE00
0FFE00
0FFE00
0FFE00
0FFE00
0FFE00
0FFE00
0FFE00
0FFE00
0FFE00
0FFE00
0FFE00
0FFE00
0FFE00
0FFE00
ENDCHAR
STARTCHAR U+0067
ENCODING 103
SWIDTH 500 0
DWIDTH 35 0
BBX 31 57 2 -16
BITMAP
03FF0FFC
07FF9FFE
0FFFDFFE
1FFFFFFE
3FFFFFFE
3FFFFFFE
7FFFFFFE
7FFFFFFE
7FFFFFFE
7FFC7FFE
7FF83FFE
7FF01FFE
FFF01FFE
FFF01FFE
FFF01FFE
FFF01FFE
FFF01FFE
FFF01FFE
FFF01FFE
FFF01FFE
FFF01FFE
FFF01FFE
FFF01FFE
FFF01FFE
FFF01FFE
FFF01FFE
FFF01FFE
FFF01FFE
7FF01FFE
7FF01FFE
7FF83FFE
7FFFFFFE
7FFFFFFE
7FFFFFFE
3FFFFFFE
3FFFFFFE
1FFFFFFE
1FFFFFFE
0FFFDFFE
03FF9FFE
00FE1FFE
00001FFE
00001FFC
00003FFC
00003FFC
00007FFC
0003FFFC
01FFFFF8
01FFFFF8
01FFFFF0
01FFFFF0
01FFFFE0
01FFFFC0
01FFFF80
01FFFF00
01FFF800
01FFC000
ENDCHAR
STARTCHAR U+0068
ENCODING 104
SWIDTH 500 0
DWIDTH 36 0
BBX 30 56 3 0
BITMAP
FFE00000
FFE00000
FFE00000
FFE00000
FFE00000
FFE00000
FFE00000
FFE00000
FFE00000
FFE00000
FFE00000
FFE00000
FFE00000
FFE00000
FFE00000
FFE1FF00
FFE7FFC0
FFEFFFE0
FFFFFFF0
FFFFFFF0
FFFFFFF8
FFFFFFF8
FFFFFFF8
FFFFFFFC
FFFC7FFC
FFF03FFC
FFF03FFC
FFE01FFC
FFE01FFC
FFE01FFC
FFE01FFC
FFE01FFC
FFE01FFC
FFE01FFC
FFE01FFC
FFE01FFC
FFE01FFC
FFE01FFC
FFE01FFC
FFE01FFC
FFE01FFC
FFE01FFC
FFE01FFC
FFE01FFC
FFE01FFC
FFE01FFC
FFE01FFC
FFE01FFC
FFE01FFC
FFE01FFC
FFE01FFC
FFE01FFC
FFE01FFC
FFE01FFC
FFE01FFC
FFE01FFC
ENDCHAR
STARTCHAR U+0069
ENCODING 105
SWIDTH 500 0
DWIDTH 18 0
BBX 13 59 2 0
BITMAP
0F80
1FE0
3FF0
7FF0
7FF8
FFF8
FFF8
FFF8
7FF8
7FF0
3FF0
1FE0
0F80
0000
0000
0000
0000
0000
7FF0
7FF0
7FF0
7FF0
7FF0
7FF0
7FF0
7FF0
7FF0
7FF0
7FF0
7FF0
7FF0
7FF0
7FF0
7FF0
7FF0
7FF0
7FF0
7FF0
7FF0
7FF0
7FF0
7FF0
7FF0
7FF0
7FF0
7FF0
7FF0
7FF0
7FF0
7FF0
7FF0
7FF0
7FF0
7FF0
7FF0
7FF0
7FF0
7FF0
7FF0
ENDCHAR
STARTCHAR U+006A
ENCODING 106
SWIDTH 500 0
DWIDTH 17 0
BBX 19 76 -4 -17
BITMAP
003E00
00FF80
00FFC0
01FFC0
01FFE0
03FFE0
03FFE0
03FFE0
01FFE0
01FFC0
00FFC0
007F80
003E00
000000
000000
000000
000000
000000
01FFC0
01FFC0
01FFC0
01FFC0
01FFC0
01FFC0
01FFC0
01FFC0
01FFC0
01FFC0
01FFC0
01FFC0
01FFC0
01FFC0
01FFC0
01FFC0
01FFC0
01FFC0
01FFC0
01FFC0
01FFC0
01FFC0
01FFC0
01FFC0
01FFC0
01FFC0
01FFC0
01FFC0
01FFC0
01FFC0
01FFC0
01FFC0
01FFC0
01FFC0
01FFC0
01FFC0
01FFC0
01FFC0
01FFC0
01FFC0
01FFC0
01FFC0
01FFC0
01FFC0
01FFC0
03FFC0
07FFC0
0FFFC0
FFFFC0
FFFFC0
FFFF80
FFFF80
FFFF00
FFFF00
FFFC00
FFF800
FFE000
FC0000
ENDCHAR
STARTCHAR U+006B
ENCODING 107
SWIDTH 500 0
DWIDTH 36 0
BBX 31 56 3 0
BITMAP
FFE00000
FFE00000
FFE00000
FFE00000
FFE00000
FFE00000
FFE00000
FFE00000
FFE00000
FFE00000
FFE00000
FFE00000
FFE00000
FFE00000
FFE00000
FFE01FFC
FFE03FFC
FFE03FF8
FFE07FF8
FFE07FF0
FFE0FFE0
FFE1FFE0
FFE1FFC0
FFE3FFC0
FFE3FF80
FFE7FF00
FFE7FF00
FFEFFE00
FFFFFC00
FFFFFC00
FFFFFC00
FFFFFC00
FFFFFC00
FFFFFE00
FFFFFE00
FFFFFF00
FFFFFF00
FFFFFF00
FFFFFF80
FFFFFF80
FFF9FFC0
FFF9FFC0
FFF0FFC0
FFF0FFE0
FFE0FFE0
FFE07FF0
FFE07FF0
FFE07FF0
FFE03FF8
FFE03FF8
FFE03FF8
FFE01FFC
FFE01FFC
FFE01FFE
FFE01FFE
FFE00FFE
ENDCHAR
STARTCHAR U+006C
ENCODING 108
SWIDTH 500 0
DWIDTH 17 0
BBX 11 56 3 0
BITMAP
FFE0
FFE0
FFE0
FFE0
FFE0
FFE0
FFE0
FFE0
FFE0
FFE0
FFE0
FFE0
FFE0
FFE0
FFE0
FFE0
FFE0
FFE0
FFE0
FFE0
FFE0
FFE0
FFE0
FFE0
FFE0
FFE0
FFE0
FFE0
FFE0
FFE0
FFE0
FFE0
FFE0
FFE0
FFE0
FFE0
FFE0
FFE0
FFE0
FFE0
FFE0
FFE0
FFE0
FFE0
FFE0
FFE0
FFE0
FFE0
FFE0
FFE0
FFE0
FFE0
FFE0
FFE0
FFE0
FFE0
ENDCHAR
STARTCHAR U+006D
ENCODING 109
SWIDTH 500 0
DWIDTH 54 0
BBX 48 41 3 0
BITMAP
FFE3FF007FC0
FFE7FF81FFF0
FFFFFFE3FFF8
FFFFFFE7FFFC
FFFFFFFFFFFC
FFFFFFFFFFFE
FFFFFFFFFFFE
FFFFFFFFFFFF
FFFFFFFFFFFF
FFF87FFF1FFF
FFF03FFE0FFF
FFF03FFC07FF
FFE03FFC07FF
FFE03FFC07FF
FFE01FFC07FF
FFE01FFC07FF
FFE01FFC07FF
FFE01FFC07FF
FFE01FFC07FF
FFE01FFC07FF
FFE01FFC07FF
FFE01FFC07FF
FFE01FFC07FF
FFE01FFC07FF
FFE01FFC07FF
FFE01FFC07FF
FFE01FFC07FF
FFE01FFC07FF
FFE01FFC07FF
FFE01FFC07FF
FFE01FFC07FF
FFE01FFC07FF
FFE01FFC07FF
FFE01FFC07FF
FFE01FFC07FF
FFE01FFC07FF
FFE01FFC07FF
FFE01FFC07FF
FFE01FFC07FF
FFE01FFC07FF
FFE01FFC07FF
ENDCHAR
STARTCHAR U+006E
ENCODING 110
SWIDTH 500 0
DWIDTH 36 0
BBX 30 41 3 0
BITMAP
FFE1FF00
FFE7FFC0
FFEFFFE0
FFFFFFF0
FFFFFFF0
FFFFFFF8
FFFFFFF8
FFFFFFF8
FFFFFFFC
FFFC7FFC
FFF03FFC
FFF03FFC
FFE01FFC
FFE01FFC
FFE01FFC
FFE01FFC
FFE01FFC
FFE01FFC
FFE01FFC
FFE01FFC
FFE01FFC
FFE01FFC
FFE01FFC
FFE01FFC
FFE01FFC
FFE01FFC
FFE01FFC
FFE01FFC
FFE01FFC
FFE01FFC
FFE01FFC
FFE01FFC
FFE01FFC
FFE01FFC
FFE01FFC
FFE01FFC
FFE01FFC
FFE01FFC
FFE01FFC
FFE01FFC
FFE01FFC
ENDCHAR
STARTCHAR U+006F
ENCODING 111
SWIDTH 500 0
DWIDTH 35 0
BBX 31 41 2 0
BITMAP
007FFC00
01FFFF00
07FFFFC0
0FFFFFE0
1FFFFFF0
1FFFFFF8
3FFFFFF8
7FFFFFFC
7FFFFFFC
7FFC7FFE
7FF81FFE
7FF01FFE
FFF00FFE
FFF00FFE
FFF00FFE
FFF00FFE
FFF00FFE
FFF00FFE
FFF00FFE
FFF00FFE
FFF00FFE
FFF00FFE
FFF00FFE
FFF00FFE
FFF00FFE
FFF00FFE
FFF00FFE
FFF00FFE
7FF00FFE
7FF01FFE
7FF81FFE
7FFC7FFE
7FFFFFFC
7FFFFFFC
3FFFFFFC
3FFFFFF8
1FFFFFF0
0FFFFFE0
07FFFFC0
01FFFF80
007FFC00
ENDCHAR
STARTCHAR U+0070
ENCODING 112
SWIDTH 500 0
DWIDTH 36 0
BBX 30 56 3 -15
BITMAP
7FE1FF00
FFF7FFC0
FFFFFFE0
FFFFFFF0
FFFFFFF8
FFFFFFF8
FFFFFFF8
FFFFFFFC
FFFFFFFC
FFFC7FFC
FFF83FFC
FFF01FFC
FFF01FFC
FFF01FFC
FFF01FFC
FFF01FFC
FFF01FFC
FFF01FFC
FFF01FFC
FFF01FFC
FFF01FFC
FFF01FFC
FFF01FFC
FFF01FFC
FFF01FFC
FFF01FFC
FFF01FFC
FFF01FFC
FFF01FFC
FFF01FFC
FFF03FFC
FFFC7FFC
FFFFFFFC
FFFFFFFC
FFFFFFF8
FFFFFFF8
FFFFFFF8
FFFFFFF0
FFFFFFE0
FFF7FFC0
FFF1FF00
FFF00000
FFF00000
FFF00000
FFF00000
FFF00000
FFF00000
FFF00000
FFF00000
FFF00000
FFF00000
FFF00000
FFF00000
FFF00000
FFF00000
FFE00000
ENDCHAR
STARTCHAR U+0071
ENCODING 113
SWIDTH 500 0
DWIDTH 36 0
BBX 31 56 2 -15
BITMAP
01FF1FFC
07FFDFFE
0FFFFFFE
1FFFFFFE
3FFFFFFE
3FFFFFFE
7FFFFFFE
7FFFFFFE
7FFFFFFE
7FFC7FFE
7FF83FFE
7FF01FFE
7FF01FFE
FFF01FFE
FFF01FFE
FFF01FFE
FFF01FFE
FFF01FFE
FFF01FFE
FFF01FFE
FFF01FFE
FFF01FFE
FFF01FFE
FFF01FFE
FFF01FFE
FFF01FFE
FFF01FFE
FFF01FFE
7FF01FFE
7FF01FFE
7FF83FFE
7FFC7FFE
7FFFFFFE
7FFFFFFE
7FFFFFFE
3FFFFFFE
3FFFFFFE
1FFFFFFE
0FFFFFFE
07FFDFFE
01FF1FFE
00001FFE
00001FFE
00001FFE
00001FFE
00001FFE
00001FFE
00001FFE
00001FFE
00001FFE
00001FFE
00001FFE
00001FFE
00001FFE
00001FFE
00001FFC
ENDCHAR
STARTCHAR U+0072
ENCODING 114
SWIDTH 500 0
DWIDTH 26 0
BBX 22 41 3 0
BITMAP
FFE1FC
FFE3FC
FFE7FC
FFEFFC
FFFFFC
FFFFFC
FFFFFC
FFFFF8
FFFFF8
FFFFF8
FFFFF8
FFFFF8
FFFC00
FFF800
FFF000
FFF000
FFE000
FFE000
FFE000
FFE000
FFE000
FFE000
FFE000
FFE000
FFE000
FFE000
FFE000
FFE000
FFE000
FFE000
FFE000
FFE000
FFE000
FFE000
FFE000
FFE000
FFE000
FFE000
FFE000
FFE000
FFE000
ENDCHAR
STARTCHAR U+0073
ENCODING 115
SWIDTH 500 0
DWIDTH 33 0
BBX 30 41 2 0
BITMAP
00FFF800
03FFFE00
07FFFF00
0FFFFF80
1FFFFFC0
3FFFFFE0
7FFFFFE0
7FFFFFF0
7FFFFFF0
7FF07FF0
FFF03FF8
FFE03FF8
FFE03FF8
FFE01FF0
FFF00000
7FFC0000
7FFF0000
7FFFC000
3FFFF800
1FFFFE00
1FFFFF80
07FFFFC0
03FFFFE0
00FFFFF0
003FFFF0
0007FFF8
0001FFF8
00007FF8
7FC03FFC
FFE03FFC
FFE03FFC
FFE03FF8
FFF07FF8
7FFFFFF8
7FFFFFF8
7FFFFFF0
3FFFFFE0
1FFFFFC0
0FFFFF80
03FFFF00
00FFF800
ENDCHAR
STARTCHAR U+0074
ENCODING 116
SWIDTH 500 0
DWIDTH 23 0
BBX 21 52 1 0
BITMAP
07F800
0FFE00
0FFE00
0FFE00
0FFE00
0FFE00
0FFE00
0FFE00
0FFE00
0FFE00
0FFE00
FFFFF8
FFFFF8
FFFFF8
FFFFF8
FFFFF8
FFFFF8
FFFFF8
FFFFF8
0FFE00
0FFE00
0FFE00
0FFE00
0FFE00
0FFE00
0FFE00
0FFE00
0FFE00
0FFE00
0FFE00
0FFE00
0FFE00
0FFE00
0FFE00
0FFE00
0FFE00
0FFE00
0FFE00
0FFE00
0FFE00
0FFE00
0FFF00
0FFFE0
0FFFF0
0FFFF0
0FFFF0
07FFF0
07FFF0
03FFF0
03FFF0
00FFF0
001FF0
ENDCHAR
STARTCHAR U+0075
ENCODING 117
SWIDTH 500 0
DWIDTH 36 0
BBX 30 41 3 0
BITMAP
FFE01FFC
FFE03FFC
FFE03FFC
FFE03FFC
FFE03FFC
FFE03FFC
FFE03FFC
FFE03FFC
FFE03FFC
FFE03FFC
FFE03FFC
FFE03FFC
FFE03FFC
FFE03FFC
FFE03FFC
FFE03FFC
FFE03FFC
FFE03FFC
FFE03FFC
FFE03FFC
FFE03FFC
FFE03FFC
FFE03FFC
FFE03FFC
FFE03FFC
FFE03FFC
FFE03FFC
FFE03FFC
FFE03FFC
FFE03FFC
FFF07FFC
FFF8FFFC
FFFFFFFC
FFFFFFFC
FFFFFFFC
7FFFFFFC
7FFFFFFC
3FFFFFFC
1FFFFFFC
0FFFBFFC
03FF1FFC
ENDCHAR
STARTCHAR U+0076
ENCODING 118
SWIDTH 500 0
DWIDTH 35 0
BBX 32 41 1 0
BITMAP
FFF007FF
FFF80FFF
7FF80FFF
7FF80FFF
7FF80FFF
7FF80FFE
3FF81FFE
3FFC1FFE
3FFC1FFE
3FFC1FFC
1FFC1FFC
1FFC1FFC
1FFC3FFC
1FFE3FF8
0FFE3FF8
0FFE3FF8
0FFE3FF8
0FFE3FF0
07FE7FF0
07FF7FF0
07FF7FF0
07FF7FF0
03FF7FE0
03FFFFE0
03FFFFE0
03FFFFE0
01FFFFC0
01FFFFC0
01FFFFC0
01FFFFC0
00FFFF80
00FFFF80
00FFFF80
00FFFF80
007FFF00
007FFF00
007FFF00
007FFF00
003FFE00
003FFE00
003FFE00
ENDCHAR
STARTCHAR U+0077
ENCODING 119
SWIDTH 500 0
DWIDTH 49 0
BBX 47 41 1 0
BITMAP
FFE01FF00FFE
FFE03FF80FFE
7FE03FF80FFC
7FE03FF80FFC
7FF03FF80FFC
7FF03FF81FFC
7FF03FF81FFC
3FF07FFC1FF8
3FF07FFC1FF8
3FF07FFC1FF8
3FF87FFC1FF8
1FF87FFC3FF0
1FF87FFE3FF0
1FF8FFFE3FF0
1FF8FFFE3FF0
1FF8FFFE3FF0
0FFCFFFE3FE0
0FFCFFFE3FE0
0FFCFFFF7FE0
0FFCFFFF7FE0
07FDFEFF7FE0
07FDFEFF7FC0
07FFFEFF7FC0
07FFFEFFFFC0
07FFFCFFFFC0
03FFFCFFFF80
03FFFC7FFF80
03FFFC7FFF80
03FFFC7FFF80
01FFFC7FFF80
01FFF87FFF00
01FFF83FFF00
01FFF83FFF00
01FFF83FFF00
00FFF83FFE00
00FFF83FFE00
00FFF03FFE00
00FFF01FFE00
007FF01FFE00
007FF01FFC00
007FF01FFC00
ENDCHAR
STARTCHAR U+0078
ENCODING 120
SWIDTH 500 0
DWIDTH 35 0
BBX 33 41 1 0
BITMAP
FFF007FF80
7FF80FFF80
7FF80FFF00
7FFC0FFF00
3FFC1FFE00
3FFE1FFE00
1FFE3FFC00
1FFE3FFC00
0FFF7FF800
0FFF7FF800
07FFFFF000
07FFFFF000
03FFFFE000
03FFFFE000
01FFFFC000
01FFFFC000
00FFFF8000
00FFFF8000
007FFF8000
007FFF0000
007FFF0000
007FFF0000
007FFF0000
00FFFF8000
00FFFF8000
01FFFFC000
01FFFFC000
03FFFFE000
03FFFFE000
07FFFFF000
07FFFFF000
0FFF7FF800
0FFF3FF800
1FFE3FFC00
1FFE3FFC00
3FFC1FFE00
3FFC1FFE00
3FFC0FFF00
7FF80FFF00
7FF80FFF80
FFF007FF80
ENDCHAR
STARTCHAR U+0079
ENCODING 121
SWIDTH 500 0
DWIDTH 34 0
BBX 32 58 1 -17
BITMAP
FFF00FFF
FFF00FFF
FFF01FFE
FFF01FFE
7FF81FFE
7FF81FFE
7FF81FFC
3FF81FFC
3FF81FFC
3FF83FFC
3FFC3FF8
1FFC3FF8
1FFC3FF8
1FFC3FF8
1FFC3FF0
0FFC3FF0
0FFC7FF0
0FFE7FF0
0FFE7FE0
07FE7FE0
07FE7FE0
07FE7FE0
07FE7FC0
03FFFFC0
03FFFFC0
03FFFFC0
03FFFF80
01FFFF80
01FFFF80
01FFFF80
01FFFF00
00FFFF00
00FFFF00
00FFFF00
00FFFE00
007FFE00
007FFE00
007FFE00
007FFC00
003FFC00
003FFC00
003FFC00
003FF800
003FF800
003FF800
007FF000
00FFF000
03FFF000
3FFFE000
3FFFE000
3FFFE000
3FFFC000
3FFF8000
3FFF8000
3FFF0000
3FFC0000
3FF00000
3E000000
ENDCHAR
STARTCHAR U+007A
ENCODING 122
SWIDTH 500 0
DWIDTH 30 0
BBX 27 41 1 0
BITMAP
7FFFFFE0
7FFFFFE0
7FFFFFE0
7FFFFFE0
7FFFFFE0
7FFFFFE0
7FFFFFE0
7FFFFFE0
7FFFFFE0
7FFFFFE0
0007FFE0
000FFFC0
000FFF80
001FFF80
001FFF00
003FFE00
007FFE00
007FFC00
00FFF800
00FFF800
01FFF000
03FFF000
03FFE000
07FFC000
07FFC000
0FFF8000
1FFF0000
1FFF0000
3FFE0000
3FFC0000
7FFC0000
7FFFFFE0
FFFFFFE0
FFFFFFE0
FFFFFFE0
FFFFFFE0
FFFFFFE0
FFFFFFE0
FFFFFFE0
FFFFFFE0
7FFFFFE0
ENDCHAR
STARTCHAR U+007B
ENCODING 123
SWIDTH 500 0
DWIDTH 28 0
BBX 23 76 2 -12
BITMAP
000FFE
003FFE
00FFFE
00FFFE
01FFFE
01FFFE
03FFFE
03FFFE
03FFFE
03FFFE
03FFE0
03FFC0
03FF80
03FF80
03FF80
03FF80
03FF80
03FF80
03FF80
03FF80
03FF80
03FF80
03FF80
03FF80
03FF80
03FF80
03FF80
03FF80
03FF80
07FF80
07FF80
0FFF80
1FFF80
7FFF00
FFFF00
FFFE00
FFFC00
FFF800
FFF800
FFFC00
FFFE00
FFFF00
3FFF00
0FFF00
07FF80
07FF80
07FF80
03FF80
03FF80
03FF80
03FF80
03FF80
03FF80
03FF80
03FF80
03FF80
03FF80
03FF80
03FF80
03FF80
03FF80
03FF80
03FF80
03FF80
03FFC0
03FFE0
03FFFE
03FFFE
03FFFE
03FFFE
01FFFE
01FFFE
00FFFE
007FFE
003FFE
000FFE
ENDCHAR
STARTCHAR U+007C
ENCODING 124
SWIDTH 500 0
DWIDTH 15 0
BBX 11 68 2 -6
BITMAP
FFE0
FFE0
FFE0
FFE0
FFE0
FFE0
FFE0
FFE0
FFE0
FFE0
FFE0
FFE0
FFE0
FFE0
FFE0
FFE0
FFE0
FFE0
FFE0
FFE0
FFE0
FFE0
FFE0
FFE0
FFE0
FFE0
FFE0
FFE0
FFE0
FFE0
FFE0
FFE0
FFE0
FFE0
FFE0
FFE0
FFE0
FFE0
FFE0
FFE0
FFE0
FFE0
FFE0
FFE0
FFE0
FFE0
FFE0
FFE0
FFE0
FFE0
FFE0
FFE0
FFE0
FFE0
FFE0
FFE0
FFE0
FFE0
FFE0
FFE0
FFE0
FFE0
FFE0
FFE0
FFE0
FFE0
FFE0
FFE0
ENDCHAR
STARTCHAR U+007D
ENCODING 125
SWIDTH 500 0
DWIDTH 28 0
BBX 23 76 2 -12
BITMAP
FFE000
FFFC00
FFFE00
FFFF00
FFFF80
FFFF80
FFFF80
FFFFC0
FFFFC0
7FFFC0
07FFC0
03FFC0
03FFC0
03FFC0
01FFC0
01FFC0
01FFC0
01FFC0
01FFC0
01FFC0
01FFC0
01FFC0
01FFC0
01FFC0
01FFC0
01FFC0
01FFC0
01FFC0
01FFC0
01FFC0
01FFE0
01FFE0
01FFF0
01FFFE
00FFFE
00FFFE
007FFE
003FFE
001FFE
007FFE
007FFE
00FFFE
01FFF8
01FFF0
01FFE0
01FFC0
01FFC0
01FFC0
01FFC0
01FFC0
01FFC0
01FFC0
01FFC0
01FFC0
01FFC0
01FFC0
01FFC0
01FFC0
01FFC0
01FFC0
01FFC0
01FFC0
03FFC0
03FFC0
03FFC0
07FFC0
7FFFC0
FFFFC0
FFFFC0
FFFF80
FFFF80
FFFF80
FFFF00
FFFE00
FFFC00
FFF000
ENDCHAR
STARTCHAR U+007E
ENCODING 126
SWIDTH 500 0
DWIDTH 39 0
BBX 35 15 2 16
BITMAP
0078000000
03FF000000
07FF800C00
0FFFE01E00
1FFFF83F80
3FFFFFFFE0
7FFFFFFFE0
7FFFFFFFC0
FFFFFFFFC0
FFFFFFFF80
7FC3FFFF00
1F00FFFE00
0E007FFC00
00001FF800
000007E000
ENDCHAR
STARTCHAR U+00B7
ENCODING 183
SWIDTH 500 0
DWIDTH 18 0
BBX 12 13 3 17
BITMAP
1F80
3FC0
7FE0
FFF0
FFF0
FFF0
FFF0
FFF0
FFF0
FFF0
7FE0
3FC0
0F80
ENDCHAR
STARTCHAR U+00D7
ENCODING 215
SWIDTH 500 0
DWIDTH 32 0
BBX 28 27 2 11
BITMAP
0E000600
1F000F00
3F801F80
7FC03FC0
7FE07FE0
FFF0FFE0
7FF9FFE0
3FFFFFC0
1FFFFF80
0FFFFF00
07FFFE00
03FFFC00
01FFF800
01FFF000
01FFF800
03FFFC00
07FFFE00
0FFFFF00
1FFFFF80
3FFFFFC0
7FF9FFE0
FFF0FFF0
7FE07FE0
3FC03FC0
1F801F80
0F000F00
06000600
ENDCHAR
STARTCHAR U+2460
ENCODING 9312
SWIDTH 500 0
DWIDTH 32 0
BBX 32 56 0 0
BITMAP
FFFFFFFF
FFFFFFFF
FFFFFFFF
FFFFFFFF
FFFFFFFF
FFFFFFFF
FFFFFFFF
FFFFFFFF
FFF80FFF
FFE001FF
FF8000FF
FF00007F
FE00003F
FE00001F
FC00001F
FC00801F
F803E00F
F803F00F
F807F00F
F807F00F
F807F00F
FFFFE00F
FFFFE00F
FFFFC01F
FFFF801F
FFFF003F
FFFE007F
FFFC007F
FFF801FF
FFF803FF
FFF007FF
FFF00FFF
FFF00FFF
FFF00FFF
FFF00FFF
FFF00FFF
FFFFFFFF
FFFFFFFF
FFFFFFFF
FFFFFFFF
FFFC3FFF
FFF01FFF
FFF00FFF
FFE00FFF
FFE00FFF
FFE00FFF
FFF00FFF
FFF01FFF
FFFC3FFF
FFFFFFFF
FFFFFFFF
FFFFFFFF
FFFFFFFF
FFFFFFFF
FFFFFFFF
FFFFFFFF
ENDCHAR
STARTCHAR U+2461
ENCODING 9313
SWIDTH 500 0
DWIDTH 32 0
BBX 32 56 0 0
BITMAP
FFFFFFFF
FFFFFFFF
FFFFFFFF
FFFFFFFF
FFFFFFFF
FFFFFFFF
FFFFFFFF
FFFFFFFF
FFF80FFF
FFE001FF
FF8000FF
FF00007F
FE00003F
FE00001F
FC00001F
FC00801F
F803E00F
F803F00F
F807F00F
F807F00F
F807F00F
FFFFE00F
FFFFE00F
FFFFC01F
FFFF801F
FFFF003F
FFFE007F
FFFC007F
FFF801FF
FFF803FF
FFF007FF
FFF00FFF
FFF00FFF
FFF00FFF
FFF00FFF
FFF00FFF
FFFFFFFF
FFFFFFFF
FFFFFFFF
FFFFFFFF
FFFC3FFF
FFF01FFF
FFF00FFF
FFE00FFF
FFE00FFF
FFE00FFF
FFF00FFF
FFF01FFF
FFFC3FFF
FFFFFFFF
FFFFFFFF
FFFFFFFF
FFFFFFFF
FFFFFFFF
FFFFFFFF
FFFFFFFF
ENDCHAR
STARTCHAR U+2462
ENCODING 9314
SWIDTH 500 0
DWIDTH 32 0
BBX 32 56 0 0
BITMAP
FFFFFFFF
FFFFFFFF
FFFFFFFF
FFFFFFFF
FFFFFFFF
FFFFFFFF
FFFFFFFF
FFFFFFFF
FFF80FFF
FFE001FF
FF8000FF
FF00007F
FE00003F
FE00001F
FC00001F
FC00801F
F803E00F
F803F00F
F807F00F
F807F00F
F807F00F
FFFFE00F
FFFFE00F
FFFFC01F
FFFF801F
FFFF003F
FFFE007F
FFFC007F
FFF801FF
FFF803FF
FFF007FF
FFF00FFF
FFF00FFF
FFF00FFF
FFF00FFF
FFF00FFF
FFFFFFFF
FFFFFFFF
FFFFFFFF
FFFFFFFF
FFFC3FFF
FFF01FFF
FFF00FFF
FFE00FFF
FFE00FFF
FFE00FFF
FFF00FFF
FFF01FFF
FFFC3FFF
FFFFFFFF
FFFFFFFF
FFFFFFFF
FFFFFFFF
FFFFFFFF
FFFFFFFF
FFFFFFFF
ENDCHAR
STARTCHAR U+2463
ENCODING 9315
SWIDTH 500 0
DWIDTH 32 0
BBX 32 56 0 0
BITMAP
FFFFFFFF
FFFFFFFF
FFFFFFFF
FFFFFFFF
FFFFFFFF
FFFFFFFF
FFFFFFFF
FFFFFFFF
FFF80FFF
FFE001FF
FF8000FF
FF00007F
FE00003F
FE00001F
FC00001F
FC00801F
F803E00F
F803F00F
F807F00F
F807F00F
F807F00F
FFFFE00F
FFFFE00F
FFFFC01F
FFFF801F
FFFF003F
FFFE007F
FFFC007F
FFF801FF
FFF803FF
FFF007FF
FFF00FFF
FFF00FFF
FFF00FFF
FFF00FFF
FFF00FFF
FFFFFFFF
FFFFFFFF
FFFFFFFF
FFFFFFFF
FFFC3FFF
FFF01FFF
FFF00FFF
FFE00FFF
FFE00FFF
FFE00FFF
FFF00FFF
FFF01FFF
FFFC3FFF
FFFFFFFF
FFFFFFFF
FFFFFFFF
FFFFFFFF
FFFFFFFF
FFFFFFFF
FFFFFFFF
ENDCHAR
STARTCHAR U+2464
ENCODING 9316
SWIDTH 500 0
DWIDTH 32 0
BBX 32 56 0 0
BITMAP
FFFFFFFF
FFFFFFFF
FFFFFFFF
FFFFFFFF
FFFFFFFF
FFFFFFFF
FFFFFFFF
FFFFFFFF
FFF80FFF
FFE001FF
FF8000FF
FF00007F
FE00003F
FE00001F
FC00001F
FC00801F
F803E00F
F803F00F
F807F00F
F807F00F
F807F00F
FFFFE00F
FFFFE00F
FFFFC01F
FFFF801F
FFFF003F
FFFE007F
FFFC007F
FFF801FF
FFF803FF
FFF007FF
FFF00FFF
FFF00FFF
FFF00FFF
FFF00FFF
FFF00FFF
FFFFFFFF
FFFFFFFF
FFFFFFFF
FFFFFFFF
FFFC3FFF
FFF01FFF
FFF00FFF
FFE00FFF
FFE00FFF
FFE00FFF
FFF00FFF
FFF01FFF
FFFC3FFF
FFFFFFFF
FFFFFFFF
FFFFFFFF
FFFFFFFF
FFFFFFFF
FFFFFFFF
FFFFFFFF
ENDCHAR
STARTCHAR U+3001
ENCODING 12289
SWIDTH 500 0
DWIDTH 32 0
BBX 32 56 0 0
BITMAP
FFFFFFFF
FFFFFFFF
FFFFFFFF
FFFFFFFF
FFFFFFFF
FFFFFFFF
FFFFFFFF
FFFFFFFF
FFF80FFF
FFE001FF
FF8000FF
FF00007F
FE00003F
FE00001F
FC00001F
FC00801F
F803E00F
F803F00F
F807F00F
F807F00F
F807F00F
FFFFE00F
FFFFE00F
FFFFC01F
FFFF801F
FFFF003F
FFFE007F
FFFC007F
FFF801FF
FFF803FF
FFF007FF
FFF00FFF
FFF00FFF
FFF00FFF
FFF00FFF
FFF00FFF
FFFFFFFF
FFFFFFFF
FFFFFFFF
FFFFFFFF
FFFC3FFF
FFF01FFF
FFF00FFF
FFE00FFF
FFE00FFF
FFE00FFF
FFF00FFF
FFF01FFF
FFFC3FFF
FFFFFFFF
FFFFFFFF
FFFFFFFF
FFFFFFFF
FFFFFFFF
FFFFFFFF
FFFFFFFF
ENDCHAR
STARTCHAR U+3002
ENCODING 12290
SWIDTH 500 0
DWIDTH 32 0
BBX 32 56 0 0
BITMAP
FFFFFFFF
FFFFFFFF
FFFFFFFF
FFFFFFFF
FFFFFFFF
FFFFFFFF
FFFFFFFF
FFFFFFFF
FFF80FFF
FFE001FF
FF8000FF
FF00007F
FE00003F
FE00001F
FC00001F
FC00801F
F803E00F
F803F00F
F807F00F
F807F00F
F807F00F
FFFFE00F
FFFFE00F
FFFFC01F
FFFF801F
FFFF003F
FFFE007F
FFFC007F
FFF801FF
FFF803FF
FFF007FF
FFF00FFF
FFF00FFF
FFF00FFF
FFF00FFF
FFF00FFF
FFFFFFFF
FFFFFFFF
FFFFFFFF
FFFFFFFF
FFFC3FFF
FFF01FFF
FFF00FFF
FFE00FFF
FFE00FFF
FFE00FFF
FFF00FFF
FFF01FFF
FFFC3FFF
FFFFFFFF
FFFFFFFF
FFFFFFFF
FFFFFFFF
FFFFFFFF
FFFFFFFF
FFFFFFFF
ENDCHAR
STARTCHAR U+3010
ENCODING 12304
SWIDTH 500 0
DWIDTH 32 0
BBX 32 56 0 0
BITMAP
FFFFFFFF
FFFFFFFF
FFFFFFFF
FFFFFFFF
FFFFFFFF
FFFFFFFF
FFFFFFFF
FFFFFFFF
FFF80FFF
FFE001FF
FF8000FF
FF00007F
FE00003F
FE00001F
FC00001F
FC00801F
F803E00F
F803F00F
F807F00F
F807F00F
F807F00F
FFFFE00F
FFFFE00F
FFFFC01F
FFFF801F
FFFF003F
FFFE007F
FFFC007F
FFF801FF
FFF803FF
FFF007FF
FFF00FFF
FFF00FFF
FFF00FFF
FFF00FFF
FFF00FFF
FFFFFFFF
FFFFFFFF
FFFFFFFF
FFFFFFFF
FFFC3FFF
FFF01FFF
FFF00FFF
FFE00FFF
FFE00FFF
FFE00FFF
FFF00FFF
FFF01FFF
FFFC3FFF
FFFFFFFF
FFFFFFFF
FFFFFFFF
FFFFFFFF
FFFFFFFF
FFFFFFFF
FFFFFFFF
ENDCHAR
STARTCHAR U+3011
ENCODING 12305
SWIDTH 500 0
DWIDTH 32 0
BBX 32 56 0 0
BITMAP
FFFFFFFF
FFFFFFFF
FFFFFFFF
FFFFFFFF
FFFFFFFF
FFFFFFFF
FFFFFFFF
FFFFFFFF
FFF80FFF
FFE001FF
FF8000FF
FF00007F
FE00003F
FE00001F
FC00001F
FC00801F
F803E00F
F803F00F
F807F00F
F807F00F
F807F00F
FFFFE00F
FFFFE00F
FFFFC01F
FFFF801F
FFFF003F
FFFE007F
FFFC007F
FFF801FF
FFF803FF
FFF007FF
FFF00FFF
FFF00FFF
FFF00FFF
FFF00FFF
FFF00FFF
FFFFFFFF
FFFFFFFF
FFFFFFFF
FFFFFFFF
FFFC3FFF
FFF01FFF
FFF00FFF
FFE00FFF
FFE00FFF
FFE00FFF
FFF00FFF
FFF01FFF
FFFC3FFF
FFFFFFFF
FFFFFFFF
FFFFFFFF
FFFFFFFF
FFFFFFFF
FFFFFFFF
FFFFFFFF
ENDCHAR
STARTCHAR U+4E00
ENCODING 19968
SWIDTH 500 0
DWIDTH 32 0
BBX 32 56 0 0
BITMAP
FFFFFFFF
FFFFFFFF
FFFFFFFF
FFFFFFFF
FFFFFFFF
FFFFFFFF
FFFFFFFF
FFFFFFFF
FFF80FFF
FFE001FF
FF8000FF
FF00007F
FE00003F
FE00001F
FC00001F
FC00801F
F803E00F
F803F00F
F807F00F
F807F00F
F807F00F
FFFFE00F
FFFFE00F
FFFFC01F
FFFF801F
FFFF003F
FFFE007F
FFFC007F
FFF801FF
FFF803FF
FFF007FF
FFF00FFF
FFF00FFF
FFF00FFF
FFF00FFF
FFF00FFF
FFFFFFFF
FFFFFFFF
FFFFFFFF
FFFFFFFF
FFFC3FFF
FFF01FFF
FFF00FFF
FFE00FFF
FFE00FFF
FFE00FFF
FFF00FFF
FFF01FFF
FFFC3FFF
FFFFFFFF
FFFFFFFF
FFFFFFFF
FFFFFFFF
FFFFFFFF
FFFFFFFF
FFFFFFFF
ENDCHAR
STARTCHAR U+4E01
ENCODING 19969
SWIDTH 500 0
DWIDTH 32 0
BBX 32 56 0 0
BITMAP
FFFFFFFF
FFFFFFFF
FFFFFFFF
FFFFFFFF
FFFFFFFF
FFFFFFFF
FFFFFFFF
FFFFFFFF
FFF80FFF
FFE001FF
FF8000FF
FF00007F
FE00003F
FE00001F
FC00001F
FC00801F
F803E00F
F803F00F
F807F00F
F807F00F
F807F00F
FFFFE00F
FFFFE00F
FFFFC01F
FFFF801F
FFFF003F
FFFE007F
FFFC007F
FFF801FF
FFF803FF
FFF007FF
FFF00FFF
FFF00FFF
FFF00FFF
FFF00FFF
FFF00FFF
FFFFFFFF
FFFFFFFF
FFFFFFFF
FFFFFFFF
FFFC3FFF
FFF01FFF
FFF00FFF
FFE00FFF
FFE00FFF
FFE00FFF
FFF00FFF
FFF01FFF
FFFC3FFF
FFFFFFFF
FFFFFFFF
FFFFFFFF
FFFFFFFF
FFFFFFFF
FFFFFFFF
FFFFFFFF
ENDCHAR
STARTCHAR U+4E09
ENCODING 19977
SWIDTH 500 0
DWIDTH 32 0
BBX 32 56 0 0
BITMAP
FFFFFFFF
FFFFFFFF
FFFFFFFF
FFFFFFFF
FFFFFFFF
FFFFFFFF
FFFFFFFF
FFFFFFFF
FFF80FFF
FFE001FF
FF8000FF
FF00007F
FE00003F
FE00001F
FC00001F
FC00801F
F803E00F
F803F00F
F807F00F
F807F00F
F807F00F
FFFFE00F
FFFFE00F
FFFFC01F
FFFF801F
FFFF003F
FFFE007F
FFFC007F
FFF801FF
FFF803FF
FFF007FF
FFF00FFF
FFF00FFF
FFF00FFF
FFF00FFF
FFF00FFF
FFFFFFFF
FFFFFFFF
FFFFFFFF
FFFFFFFF
FFFC3FFF
FFF01FFF
FFF00FFF
FFE00FFF
FFE00FFF
FFE00FFF
FFF00FFF
FFF01FFF
FFFC3FFF
FFFFFFFF
FFFFFFFF
FFFFFFFF
FFFFFFFF
FFFFFFFF
FFFFFFFF
FFFFFFFF
ENDCHAR
STARTCHAR U+4E0A
ENCODING 19978
SWIDTH 500 0
DWIDTH 32 0
BBX 32 56 0 0
BITMAP
FFFFFFFF
FFFFFFFF
FFFFFFFF
FFFFFFFF
FFFFFFFF
FFFFFFFF
FFFFFFFF
FFFFFFFF
FFF80FFF
FFE001FF
FF8000FF
FF00007F
FE00003F
FE00001F
FC00001F
FC00801F
F803E00F
F803F00F
F807F00F
F807F00F
F807F00F
FFFFE00F
FFFFE00F
FFFFC01F
FFFF801F
FFFF003F
FFFE007F
FFFC007F
FFF801FF
FFF803FF
FFF007FF
FFF00FFF
FFF00FFF
FFF00FFF
FFF00FFF
FFF00FFF
FFFFFFFF
FFFFFFFF
FFFFFFFF
FFFFFFFF
FFFC3FFF
FFF01FFF
FFF00FFF
FFE00FFF
FFE00FFF
FFE00FFF
FFF00FFF
FFF01FFF
FFFC3FFF
FFFFFFFF
FFFFFFFF
FFFFFFFF
FFFFFFFF
FFFFFFFF
FFFFFFFF
FFFFFFFF
ENDCHAR
STARTCHAR U+4E11
ENCODING 19985
SWIDTH 500 0
DWIDTH 32 0
BBX 32 56 0 0
BITMAP
FFFFFFFF
FFFFFFFF
FFFFFFFF
FFFFFFFF
FFFFFFFF
FFFFFFFF
FFFFFFFF
FFFFFFFF
FFF80FFF
FFE001FF
FF8000FF
FF00007F
FE00003F
FE00001F
FC00001F
FC00801F
F803E00F
F803F00F
F807F00F
F807F00F
F807F00F
FFFFE00F
FFFFE00F
FFFFC01F
FFFF801F
FFFF003F
FFFE007F
FFFC007F
FFF801FF
FFF803FF
FFF007FF
FFF00FFF
FFF00FFF
FFF00FFF
FFF00FFF
FFF00FFF
FFFFFFFF
FFFFFFFF
FFFFFFFF
FFFFFFFF
FFFC3FFF
FFF01FFF
FFF00FFF
FFE00FFF
FFE00FFF
FFE00FFF
FFF00FFF
FFF01FFF
FFFC3FFF
FFFFFFFF
FFFFFFFF
FFFFFFFF
FFFFFFFF
FFFFFFFF
FFFFFFFF
FFFFFFFF
ENDCHAR
STARTCHAR U+4E19
ENCODING 19993
SWIDTH 500 0
DWIDTH 32 0
BBX 32 56 0 0
BITMAP
FFFFFFFF
FFFFFFFF
FFFFFFFF
FFFFFFFF
FFFFFFFF
FFFFFFFF
FFFFFFFF
FFFFFFFF
FFF80FFF
FFE001FF
FF8000FF
FF00007F
FE00003F
FE00001F
FC00001F
FC00801F
F803E00F
F803F00F
F807F00F
F807F00F
F807F00F
FFFFE00F
FFFFE00F
FFFFC01F
FFFF801F
FFFF003F
FFFE007F
FFFC007F
FFF801FF
FFF803FF
FFF007FF
FFF00FFF
FFF00FFF
FFF00FFF
FFF00FFF
FFF00FFF
FFFFFFFF
FFFFFFFF
FFFFFFFF
FFFFFFFF
FFFC3FFF
FFF01FFF
FFF00FFF
FFE00FFF
FFE00FFF
FFE00FFF
FFF00FFF
FFF01FFF
FFFC3FFF
FFFFFFFF
FFFFFFFF
FFFFFFFF
FFFFFFFF
FFFFFFFF
FFFFFFFF
FFFFFFFF
ENDCHAR
STARTCHAR U+4E2D
ENCODING 20013
SWIDTH 500 0
DWIDTH 32 0
BBX 32 56 0 0
BITMAP
FFFFFFFF
FFFFFFFF
FFFFFFFF
FFFFFFFF
FFFFFFFF
FFFFFFFF
FFFFFFFF
FFFFFFFF
FFF80FFF
FFE001FF
FF8000FF
FF00007F
FE00003F
FE00001F
FC00001F
FC00801F
F803E00F
F803F00F
F807F00F
F807F00F
F807F00F
FFFFE00F
FFFFE00F
FFFFC01F
FFFF801F
FFFF003F
FFFE007F
FFFC007F
FFF801FF
FFF803FF
FFF007FF
FFF00FFF
FFF00FFF
FFF00FFF
FFF00FFF
FFF00FFF
FFFFFFFF
FFFFFFFF
FFFFFFFF
FFFFFFFF
FFFC3FFF
FFF01FFF
FFF00FFF
FFE00FFF
FFE00FFF
FFE00FFF
FFF00FFF
FFF01FFF
FFFC3FFF
FFFFFFFF
FFFFFFFF
FFFFFFFF
FFFFFFFF
FFFFFFFF
FFFFFFFF
FFFFFFFF
ENDCHAR
STARTCHAR U+4E3E
ENCODING 20030
SWIDTH 500 0
DWIDTH 32 0
BBX 32 56 0 0
BITMAP
FFFFFFFF
FFFFFFFF
FFFFFFFF
FFFFFFFF
FFFFFFFF
FFFFFFFF
FFFFFFFF
FFFFFFFF
FFF80FFF
FFE001FF
FF8000FF
FF00007F
FE00003F
FE00001F
FC00001F
FC00801F
F803E00F
F803F00F
F807F00F
F807F00F
F807F00F
FFFFE00F
FFFFE00F
FFFFC01F
FFFF801F
FFFF003F
FFFE007F
FFFC007F
FFF801FF
FFF803FF
FFF007FF
FFF00FFF
FFF00FFF
FFF00FFF
FFF00FFF
FFF00FFF
FFFFFFFF
FFFFFFFF
FFFFFFFF
FFFFFFFF
FFFC3FFF
FFF01FFF
FFF00FFF
FFE00FFF
FFE00FFF
FFE00FFF
FFF00FFF
FFF01FFF
FFFC3FFF
FFFFFFFF
FFFFFFFF
FFFFFFFF
FFFFFFFF
FFFFFFFF
FFFFFFFF
FFFFFFFF
ENDCHAR
STARTCHAR U+4E59
ENCODING 20057
SWIDTH 500 0
DWIDTH 32 0
BBX 32 56 0 0
BITMAP
FFFFFFFF
FFFFFFFF
FFFFFFFF
FFFFFFFF
FFFFFFFF
FFFFFFFF
FFFFFFFF
FFFFFFFF
FFF80FFF
FFE001FF
FF8000FF
FF00007F
FE00003F
FE00001F
FC00001F
FC00801F
F803E00F
F803F00F
F807F00F
F807F00F
F807F00F
FFFFE00F
FFFFE00F
FFFFC01F
FFFF801F
FFFF003F
FFFE007F
FFFC007F
FFF801FF
FFF803FF
FFF007FF
FFF00FFF
FFF00FFF
FFF00FFF
FFF00FFF
FFF00FFF
FFFFFFFF
FFFFFFFF
FFFFFFFF
FFFFFFFF
FFFC3FFF
FFF01FFF
FFF00FFF
FFE00FFF
FFE00FFF
FFE00FFF
FFF00FFF
FFF01FFF
FFFC3FFF
FFFFFFFF
FFFFFFFF
FFFFFFFF
FFFFFFFF
FFFFFFFF
FFFFFFFF
FFFFFFFF
ENDCHAR
STARTCHAR U+4E5D
ENCODING 20061
SWIDTH 500 0
DWIDTH 32 0
BBX 32 56 0 0
BITMAP
FFFFFFFF
FFFFFFFF
FFFFFFFF
FFFFFFFF
FFFFFFFF
FFFFFFFF
FFFFFFFF
FFFFFFFF
FFF80FFF
FFE001FF
FF8000FF
FF00007F
FE00003F
FE00001F
FC00001F
FC00801F
F803E00F
F803F00F
F807F00F
F807F00F
F807F00F
FFFFE00F
FFFFE00F
FFFFC01F
FFFF801F
FFFF003F
FFFE007F
FFFC007F
FFF801FF
FFF803FF
FFF007FF
FFF00FFF
FFF00FFF
FFF00FFF
FFF00FFF
FFF00FFF
FFFFFFFF
FFFFFFFF
FFFFFFFF
FFFFFFFF
FFFC3FFF
FFF01FFF
FFF00FFF
FFE00FFF
FFE00FFF
FFE00FFF
FFF00FFF
FFF01FFF
FFFC3FFF
FFFFFFFF
FFFFFFFF
FFFFFFFF
FFFFFFFF
FFFFFFFF
FFFFFFFF
FFFFFFFF
ENDCHAR
STARTCHAR U+4E61
ENCODING 20065
SWIDTH 500 0
DWIDTH 32 0
BBX 32 56 0 0
BITMAP
FFFFFFFF
FFFFFFFF
FFFFFFFF
FFFFFFFF
FFFFFFFF
FFFFFFFF
FFFFFFFF
FFFFFFFF
FFF80FFF
FFE001FF
FF8000FF
FF00007F
FE00003F
FE00001F
FC00001F
FC00801F
F803E00F
F803F00F
F807F00F
F807F00F
F807F00F
FFFFE00F
FFFFE00F
FFFFC01F
FFFF801F
FFFF003F
FFFE007F
FFFC007F
FFF801FF
FFF803FF
FFF007FF
FFF00FFF
FFF00FFF
FFF00FFF
FFF00FFF
FFF00FFF
FFFFFFFF
FFFFFFFF
FFFFFFFF
FFFFFFFF
FFFC3FFF
FFF01FFF
FFF00FFF
FFE00FFF
FFE00FFF
FFE00FFF
FFF00FFF
FFF01FFF
FFFC3FFF
FFFFFFFF
FFFFFFFF
FFFFFFFF
FFFFFFFF
FFFFFFFF
FFFFFFFF
FFFFFFFF
ENDCHAR
STARTCHAR U+4E8C
ENCODING 20108
SWIDTH 500 0
DWIDTH 32 0
BBX 32 56 0 0
BITMAP
FFFFFFFF
FFFFFFFF
FFFFFFFF
FFFFFFFF
FFFFFFFF
FFFFFFFF
FFFFFFFF
FFFFFFFF
FFF80FFF
FFE001FF
FF8000FF
FF00007F
FE00003F
FE00001F
FC00001F
FC00801F
F803E00F
F803F00F
F807F00F
F807F00F
F807F00F
FFFFE00F
FFFFE00F
FFFFC01F
FFFF801F
FFFF003F
FFFE007F
FFFC007F
FFF801FF
FFF803FF
FFF007FF
FFF00FFF
FFF00FFF
FFF00FFF
FFF00FFF
FFF00FFF
FFFFFFFF
FFFFFFFF
FFFFFFFF
FFFFFFFF
FFFC3FFF
FFF01FFF
FFF00FFF
FFE00FFF
FFE00FFF
FFE00FFF
FFF00FFF
FFF01FFF
FFFC3FFF
FFFFFFFF
FFFFFFFF
FFFFFFFF
FFFFFFFF
FFFFFFFF
FFFFFFFF
FFFFFFFF
ENDCHAR
STARTCHAR U+4E94
ENCODING 20116
SWIDTH 500 0
DWIDTH 32 0
BBX 32 56 0 0
BITMAP
FFFFFFFF
FFFFFFFF
FFFFFFFF
FFFFFFFF
FFFFFFFF
FFFFFFFF
FFFFFFFF
FFFFFFFF
FFF80FFF
FFE001FF
FF8000FF
FF00007F
FE00003F
FE00001F
FC00001F
FC00801F
F803E00F
F803F00F
F807F00F
F807F00F
F807F00F
FFFFE00F
FFFFE00F
FFFFC01F
FFFF801F
FFFF003F
FFFE007F
FFFC007F
FFF801FF
FFF803FF
FFF007FF
FFF00FFF
FFF00FFF
FFF00FFF
FFF00FFF
FFF00FFF
FFFFFFFF
FFFFFFFF
FFFFFFFF
FFFFFFFF
FFFC3FFF
FFF01FFF
FFF00FFF
FFE00FFF
FFE00FFF
FFE00FFF
FFF00FFF
FFF01FFF
FFFC3FFF
FFFFFFFF
FFFFFFFF
FFFFFFFF
FFFFFFFF
FFFFFFFF
FFFFFFFF
FFFFFFFF
ENDCHAR
STARTCHAR U+4ECA
ENCODING 20170
SWIDTH 500 0
DWIDTH 32 0
BBX 32 56 0 0
BITMAP
FFFFFFFF
FFFFFFFF
FFFFFFFF
FFFFFFFF
FFFFFFFF
FFFFFFFF
FFFFFFFF
FFFFFFFF
FFF80FFF
FFE001FF
FF8000FF
FF00007F
FE00003F
FE00001F
FC00001F
FC00801F
F803E00F
F803F00F
F807F00F
F807F00F
F807F00F
FFFFE00F
FFFFE00F
FFFFC01F
FFFF801F
FFFF003F
FFFE007F
FFFC007F
FFF801FF
FFF803FF
FFF007FF
FFF00FFF
FFF00FFF
FFF00FFF
FFF00FFF
FFF00FFF
FFFFFFFF
FFFFFFFF
FFFFFFFF
FFFFFFFF
FFFC3FFF
FFF01FFF
FFF00FFF
FFE00FFF
FFE00FFF
FFE00FFF
FFF00FFF
FFF01FFF
FFFC3FFF
FFFFFFFF
FFFFFFFF
FFFFFFFF
FFFFFFFF
FFFFFFFF
FFFFFFFF
FFFFFFFF
ENDCHAR
STARTCHAR U+4F11
ENCODING 20241
SWIDTH 500 0
DWIDTH 32 0
BBX 32 56 0 0
BITMAP
FFFFFFFF
FFFFFFFF
FFFFFFFF
FFFFFFFF
FFFFFFFF
FFFFFFFF
FFFFFFFF
FFFFFFFF
FFF80FFF
FFE001FF
FF8000FF
FF00007F
FE00003F
FE00001F
FC00001F
FC00801F
F803E00F
F803F00F
F807F00F
F807F00F
F807F00F
FFFFE00F
FFFFE00F
FFFFC01F
FFFF801F
FFFF003F
FFFE007F
FFFC007F
FFF801FF
FFF803FF
FFF007FF
FFF00FFF
FFF00FFF
FFF00FFF
FFF00FFF
FFF00FFF
FFFFFFFF
FFFFFFFF
FFFFFFFF
FFFFFFFF
FFFC3FFF
FFF01FFF
FFF00FFF
FFE00FFF
FFE00FFF
FFE00FFF
FFF00FFF
FFF01FFF
FFFC3FFF
FFFFFFFF
FFFFFFFF
FFFFFFFF
FFFFFFFF
FFFFFFFF
FFFFFFFF
FFFFFFFF
ENDCHAR
STARTCHAR U+4F4E
ENCODING 20302
SWIDTH 500 0
DWIDTH 32 0
BBX 32 56 0 0
BITMAP
FFFFFFFF
FFFFFFFF
FFFFFFFF
FFFFFFFF
FFFFFFFF
FFFFFFFF
FFFFFFFF
FFFFFFFF
FFF80FFF
FFE001FF
FF8000FF
FF00007F
FE00003F
FE00001F
FC00001F
FC00801F
F803E00F
F803F00F
F807F00F
F807F00F
F807F00F
FFFFE00F
FFFFE00F
FFFFC01F
FFFF801F
FFFF003F
FFFE007F
FFFC007F
FFF801FF
FFF803FF
FFF007FF
FFF00FFF
FFF00FFF
FFF00FFF
FFF00FFF
FFF00FFF
FFFFFFFF
FFFFFFFF
FFFFFFFF
FFFFFFFF
FFFC3FFF
FFF01FFF
FFF00FFF
FFE00FFF
FFE00FFF
FFE00FFF
FFF00FFF
FFF01FFF
FFFC3FFF
FFFFFFFF
FFFFFFFF
FFFFFFFF
FFFFFFFF
FFFFFFFF
FFFFFFFF
FFFFFFFF
ENDCHAR
STARTCHAR U+4F53
ENCODING 20307
SWIDTH 500 0
DWIDTH 32 0
BBX 32 56 0 0
BITMAP
FFFFFFFF
FFFFFFFF
FFFFFFFF
FFFFFFFF
FFFFFFFF
FFFFFFFF
FFFFFFFF
FFFFFFFF
FFF80FFF
FFE001FF
FF8000FF
FF00007F
FE00003F
FE00001F
FC00001F
FC00801F
F803E00F
F803F00F
F807F00F
F807F00F
F807F00F
FFFFE00F
FFFFE00F
FFFFC01F
FFFF801F
FFFF003F
FFFE007F
FFFC007F
FFF801FF
FFF803FF
FFF007FF
FFF00FFF
FFF00FFF
FFF00FFF
FFF00FFF
FFF00FFF
FFFFFFFF
FFFFFFFF
FFFFFFFF
FFFFFFFF
FFFC3FFF
FFF01FFF
FFF00FFF
FFE00FFF
FFE00FFF
FFE00FFF
FFF00FFF
FFF01FFF
FFFC3FFF
FFFFFFFF
FFFFFFFF
FFFFFFFF
FFFFFFFF
FFFFFFFF
FFFFFFFF
FFFFFFFF
ENDCHAR
STARTCHAR U+4FA7
ENCODING 20391
SWIDTH 500 0
DWIDTH 32 0
BBX 32 56 0 0
BITMAP
FFFFFFFF
FFFFFFFF
FFFFFFFF
FFFFFFFF
FFFFFFFF
FFFFFFFF
FFFFFFFF
FFFFFFFF
FFF80FFF
FFE001FF
FF8000FF
FF00007F
FE00003F
FE00001F
FC00001F
FC00801F
F803E00F
F803F00F
F807F00F
F807F00F
F807F00F
FFFFE00F
FFFFE00F
FFFFC01F
FFFF801F
FFFF003F
FFFE007F
FFFC007F
FFF801FF
FFF803FF
FFF007FF
FFF00FFF
FFF00FFF
FFF00FFF
FFF00FFF
FFF00FFF
FFFFFFFF
FFFFFFFF
FFFFFFFF
FFFFFFFF
FFFC3FFF
FFF01FFF
FFF00FFF
FFE00FFF
FFE00FFF
FFE00FFF
FFF00FFF
FFF01FFF
FFFC3FFF
FFFFFFFF
FFFFFFFF
FFFFFFFF
FFFFFFFF
FFFFFFFF
FFFFFFFF
FFFFFFFF
ENDCHAR
STARTCHAR U+50CF
ENCODING 20687
SWIDTH 500 0
DWIDTH 32 0
BBX 32 56 0 0
BITMAP
FFFFFFFF
FFFFFFFF
FFFFFFFF
FFFFFFFF
FFFFFFFF
FFFFFFFF
FFFFFFFF
FFFFFFFF
FFF80FFF
FFE001FF
FF8000FF
FF00007F
FE00003F
FE00001F
FC00001F
FC00801F
F803E00F
F803F00F
F807F00F
F807F00F
F807F00F
FFFFE00F
FFFFE00F
FFFFC01F
FFFF801F
FFFF003F
FFFE007F
FFFC007F
FFF801FF
FFF803FF
FFF007FF
FFF00FFF
FFF00FFF
FFF00FFF
FFF00FFF
FFF00FFF
FFFFFFFF
FFFFFFFF
FFFFFFFF
FFFFFFFF
FFFC3FFF
FFF01FFF
FFF00FFF
FFE00FFF
FFE00FFF
FFE00FFF
FFF00FFF
FFF01FFF
FFFC3FFF
FFFFFFFF
FFFFFFFF
FFFFFFFF
FFFFFFFF
FFFFFFFF
FFFFFFFF
FFFFFFFF
ENDCHAR
STARTCHAR U+5149
ENCODING 20809
SWIDTH 500 0
DWIDTH 32 0
BBX 32 56 0 0
BITMAP
FFFFFFFF
FFFFFFFF
FFFFFFFF
FFFFFFFF
FFFFFFFF
FFFFFFFF
FFFFFFFF
FFFFFFFF
FFF80FFF
FFE001FF
FF8000FF
FF00007F
FE00003F
FE00001F
FC00001F
FC00801F
F803E00F
F803F00F
F807F00F
F807F00F
F807F00F
FFFFE00F
FFFFE00F
FFFFC01F
FFFF801F
FFFF003F
FFFE007F
FFFC007F
FFF801FF
FFF803FF
FFF007FF
FFF00FFF
FFF00FFF
FFF00FFF
FFF00FFF
FFF00FFF
FFFFFFFF
FFFFFFFF
FFFFFFFF
FFFFFFFF
FFFC3FFF
FFF01FFF
FFF00FFF
FFE00FFF
FFE00FFF
FFE00FFF
FFF00FFF
FFF01FFF
FFFC3FFF
FFFFFFFF
FFFFFFFF
FFFFFFFF
FFFFFFFF
FFFFFFFF
FFFFFFFF
FFFFFFFF
ENDCHAR
STARTCHAR U+516B
ENCODING 20843
SWIDTH 500 0
DWIDTH 32 0
BBX 32 56 0 0
BITMAP
FFFFFFFF
FFFFFFFF
FFFFFFFF
FFFFFFFF
FFFFFFFF
FFFFFFFF
FFFFFFFF
FFFFFFFF
FFF80FFF
FFE001FF
FF8000FF
FF00007F
FE00003F
FE00001F
FC00001F
FC00801F
F803E00F
F803F00F
F807F00F
F807F00F
F807F00F
FFFFE00F
FFFFE00F
FFFFC01F
FFFF801F
FFFF003F
FFFE007F
FFFC007F
FFF801FF
FFF803FF
FFF007FF
FFF00FFF
FFF00FFF
FFF00FFF
FFF00FFF
FFF00FFF
FFFFFFFF
FFFFFFFF
FFFFFFFF
FFFFFFFF
FFFC3FFF
FFF01FFF
FFF00FFF
FFE00FFF
FFE00FFF
FFE00FFF
FFF00FFF
FFF01FFF
FFFC3FFF
FFFFFFFF
FFFFFFFF
FFFFFFFF
FFFFFFFF
FFFFFFFF
FFFFFFFF
FFFFFFFF
ENDCHAR
STARTCHAR U+519C
ENCODING 20892
SWIDTH 500 0
DWIDTH 32 0
BBX 32 56 0 0
BITMAP
FFFFFFFF
FFFFFFFF
FFFFFFFF
FFFFFFFF
FFFFFFFF
FFFFFFFF
FFFFFFFF
FFFFFFFF
FFF80FFF
FFE001FF
FF8000FF
FF00007F
FE00003F
FE00001F
FC00001F
FC00801F
F803E00F
F803F00F
F807F00F
F807F00F
F807F00F
FFFFE00F
FFFFE00F
FFFFC01F
FFFF801F
FFFF003F
FFFE007F
FFFC007F
FFF801FF
FFF803FF
FFF007FF
FFF00FFF
FFF00FFF
FFF00FFF
FFF00FFF
FFF00FFF
FFFFFFFF
FFFFFFFF
FFFFFFFF
FFFFFFFF
FFFC3FFF
FFF01FFF
FFF00FFF
FFE00FFF
FFE00FFF
FFE00FFF
FFF00FFF
FFF01FFF
FFFC3FFF
FFFFFFFF
FFFFFFFF
FFFFFFFF
FFFFFFFF
FFFFFFFF
FFFFFFFF
FFFFFFFF
ENDCHAR
STARTCHAR U+51FA
ENCODING 20986
SWIDTH 500 0
DWIDTH 32 0
BBX 32 56 0 0
BITMAP
FFFFFFFF
FFFFFFFF
FFFFFFFF
FFFFFFFF
FFFFFFFF
FFFFFFFF
FFFFFFFF
FFFFFFFF
FFF80FFF
FFE001FF
FF8000FF
FF00007F
FE00003F
FE00001F
FC00001F
FC00801F
F803E00F
F803F00F
F807F00F
F807F00F
F807F00F
FFFFE00F
FFFFE00F
FFFFC01F
FFFF801F
FFFF003F
FFFE007F
FFFC007F
FFF801FF
FFF803FF
FFF007FF
FFF00FFF
FFF00FFF
FFF00FFF
FFF00FFF
FFF00FFF
FFFFFFFF
FFFFFFFF
FFFFFFFF
FFFFFFFF
FFFC3FFF
FFF01FFF
FFF00FFF
FFE00FFF
FFE00FFF
FFE00FFF
FFF00FFF
FFF01FFF
FFFC3FFF
FFFFFFFF
FFFFFFFF
FFFFFFFF
FFFFFFFF
FFFFFFFF
FFFFFFFF
FFFFFFFF
ENDCHAR
STARTCHAR U+521D
ENCODING 21021
SWIDTH 500 0
DWIDTH 32 0
BBX 32 56 0 0
BITMAP
FFFFFFFF
FFFFFFFF
FFFFFFFF
FFFFFFFF
FFFFFFFF
FFFFFFFF
FFFFFFFF
FFFFFFFF
FFF80FFF
FFE001FF
FF8000FF
FF00007F
FE00003F
FE00001F
FC00001F
FC00801F
F803E00F
F803F00F
F807F00F
F807F00F
F807F00F
FFFFE00F
FFFFE00F
FFFFC01F
FFFF801F
FFFF003F
FFFE007F
FFFC007F
FFF801FF
FFF803FF
FFF007FF
FFF00FFF
FFF00FFF
FFF00FFF
FFF00FFF
FFF00FFF
FFFFFFFF
FFFFFFFF
FFFFFFFF
FFFFFFFF
FFFC3FFF
FFF01FFF
FFF00FFF
FFE00FFF
FFE00FFF
FFE00FFF
FFF00FFF
FFF01FFF
FFFC3FFF
FFFFFFFF
FFFFFFFF
FFFFFFFF
FFFFFFFF
FFFFFFFF
FFFFFFFF
FFFFFFFF
ENDCHAR
STARTCHAR U+524D
ENCODING 21069
SWIDTH 500 0
DWIDTH 32 0
BBX 32 56 0 0
BITMAP
FFFFFFFF
FFFFFFFF
FFFFFFFF
FFFFFFFF
FFFFFFFF
FFFFFFFF
FFFFFFFF
FFFFFFFF
FFF80FFF
FFE001FF
FF8000FF
FF00007F
FE00003F
FE00001F
FC00001F
FC00801F
F803E00F
F803F00F
F807F00F
F807F00F
F807F00F
FFFFE00F
FFFFE00F
FFFFC01F
FFFF801F
FFFF003F
FFFE007F
FFFC007F
FFF801FF
FFF803FF
FFF007FF
FFF00FFF
FFF00FFF
FFF00FFF
FFF00FFF
FFF00FFF
FFFFFFFF
FFFFFFFF
FFFFFFFF
FFFFFFFF
FFFC3FFF
FFF01FFF
FFF00FFF
FFE00FFF
FFE00FFF
FFE00FFF
FFF00FFF
FFF01FFF
FFFC3FFF
FFFFFFFF
FFFFFFFF
FFFFFFFF
FFFFFFFF
FFFFFFFF
FFFFFFFF
FFFFFFFF
ENDCHAR
STARTCHAR U+52A8
ENCODING 21160
SWIDTH 500 0
DWIDTH 32 0
BBX 32 56 0 0
BITMAP
FFFFFFFF
FFFFFFFF
FFFFFFFF
FFFFFFFF
FFFFFFFF
FFFFFFFF
FFFFFFFF
FFFFFFFF
FFF80FFF
FFE001FF
FF8000FF
FF00007F
FE00003F
FE00001F
FC00001F
FC00801F
F803E00F
F803F00F
F807F00F
F807F00F
F807F00F
FFFFE00F
FFFFE00F
FFFFC01F
FFFF801F
FFFF003F
FFFE007F
FFFC007F
FFF801FF
FFF803FF
FFF007FF
FFF00FFF
FFF00FFF
FFF00FFF
FFF00FFF
FFF00FFF
FFFFFFFF
FFFFFFFF
FFFFFFFF
FFFFFFFF
FFFC3FFF
FFF01FFF
FFF00FFF
FFE00FFF
FFE00FFF
FFE00FFF
FFF00FFF
FFF01FFF
FFFC3FFF
FFFFFFFF
FFFFFFFF
FFFFFFFF
FFFFFFFF
FFFFFFFF
FFFFFFFF
FFFFFFFF
ENDCHAR
STARTCHAR U+5341
ENCODING 21313
SWIDTH 500 0
DWIDTH 32 0
BBX 32 56 0 0
BITMAP
FFFFFFFF
FFFFFFFF
FFFFFFFF
FFFFFFFF
FFFFFFFF
FFFFFFFF
FFFFFFFF
FFFFFFFF
FFF80FFF
FFE001FF
FF8000FF
FF00007F
FE00003F
FE00001F
FC00001F
FC00801F
F803E00F
F803F00F
F807F00F
F807F00F
F807F00F
FFFFE00F
FFFFE00F
FFFFC01F
FFFF801F
FFFF003F
FFFE007F
FFFC007F
FFF801FF
FFF803FF
FFF007FF
FFF00FFF
FFF00FFF
FFF00FFF
FFF00FFF
FFF00FFF
FFFFFFFF
FFFFFFFF
FFFFFFFF
FFFFFFFF
FFFC3FFF
FFF01FFF
FFF00FFF
FFE00FFF
FFE00FFF
FFE00FFF
FFF00FFF
FFF01FFF
FFFC3FFF
FFFFFFFF
FFFFFFFF
FFFFFFFF
FFFFFFFF
FFFFFFFF
FFFFFFFF
FFFFFFFF
ENDCHAR
STARTCHAR U+5348
ENCODING 21320
SWIDTH 500 0
DWIDTH 32 0
BBX 32 56 0 0
BITMAP
FFFFFFFF
FFFFFFFF
FFFFFFFF
FFFFFFFF
FFFFFFFF
FFFFFFFF
FFFFFFFF
FFFFFFFF
FFF80FFF
FFE001FF
FF8000FF
FF00007F
FE00003F
FE00001F
FC00001F
FC00801F
F803E00F
F803F00F
F807F00F
F807F00F
F807F00F
FFFFE00F
FFFFE00F
FFFFC01F
FFFF801F
FFFF003F
FFFE007F
FFFC007F
FFF801FF
FFF803FF
FFF007FF
FFF00FFF
FFF00FFF
FFF00FFF
FFF00FFF
FFF00FFF
FFFFFFFF
FFFFFFFF
FFFFFFFF
FFFFFFFF
FFFC3FFF
FFF01FFF
FFF00FFF
FFE00FFF
FFE00FFF
FFE00FFF
FFF00FFF
FFF01FFF
FFFC3FFF
FFFFFFFF
FFFFFFFF
FFFFFFFF
FFFFFFFF
FFFFFFFF
FFFFFFFF
FFFFFFFF
ENDCHAR
STARTCHAR U+536F
ENCODING 21359
SWIDTH 500 0
DWIDTH 32 0
BBX 32 56 0 0
BITMAP
FFFFFFFF
FFFFFFFF
FFFFFFFF
FFFFFFFF
FFFFFFFF
FFFFFFFF
FFFFFFFF
FFFFFFFF
FFF80FFF
FFE001FF
FF8000FF
FF00007F
FE00003F
FE00001F
FC00001F
FC00801F
F803E00F
F803F00F
F807F00F
F807F00F
F807F00F
FFFFE00F
FFFFE00F
FFFFC01F
FFFF801F
FFFF003F
FFFE007F
FFFC007F
FFF801FF
FFF803FF
FFF007FF
FFF00FFF
FFF00FFF
FFF00FFF
FFF00FFF
FFF00FFF
FFFFFFFF
FFFFFFFF
FFFFFFFF
FFFFFFFF
FFFC3FFF
FFF01FFF
FFF00FFF
FFE00FFF
FFE00FFF
FFE00FFF
FFF00FFF
FFF01FFF
FFFC3FFF
FFFFFFFF
FFFFFFFF
FFFFFFFF
FFFFFFFF
FFFFFFFF
FFFFFFFF
FFFFFFFF
ENDCHAR
STARTCHAR U+5386
ENCODING 21382
SWIDTH 500 0
DWIDTH 32 0
BBX 32 56 0 0
BITMAP
FFFFFFFF
FFFFFFFF
FFFFFFFF
FFFFFFFF
FFFFFFFF
FFFFFFFF
FFFFFFFF
FFFFFFFF
FFF80FFF
FFE001FF
FF8000FF
FF00007F
FE00003F
FE00001F
FC00001F
FC00801F
F803E00F
F803F00F
F807F00F
F807F00F
F807F00F
FFFFE00F
FFFFE00F
FFFFC01F
FFFF801F
FFFF003F
FFFE007F
FFFC007F
FFF801FF
FFF803FF
FFF007FF
FFF00FFF
FFF00FFF
FFF00FFF
FFF00FFF
FFF00FFF
FFFFFFFF
FFFFFFFF
FFFFFFFF
FFFFFFFF
FFFC3FFF
FFF01FFF
FFF00FFF
FFE00FFF
FFE00FFF
FFE00FFF
FFF00FFF
FFF01FFF
FFFC3FFF
FFFFFFFF
FFFFFFFF
FFFFFFFF
FFFFFFFF
FFFFFFFF
FFFFFFFF
FFFFFFFF
ENDCHAR
STARTCHAR U+539F
ENCODING 21407
SWIDTH 500 0
DWIDTH 32 0
BBX 32 56 0 0
BITMAP
FFFFFFFF
FFFFFFFF
FFFFFFFF
FFFFFFFF
FFFFFFFF
FFFFFFFF
FFFFFFFF
FFFFFFFF
FFF80FFF
FFE001FF
FF8000FF
FF00007F
FE00003F
FE00001F
FC00001F
FC00801F
F803E00F
F803F00F
F807F00F
F807F00F
F807F00F
FFFFE00F
FFFFE00F
FFFFC01F
FFFF801F
FFFF003F
FFFE007F
FFFC007F
FFF801FF
FFF803FF
FFF007FF
FFF00FFF
FFF00FFF
FFF00FFF
FFF00FFF
FFF00FFF
FFFFFFFF
FFFFFFFF
FFFFFFFF
FFFFFFFF
FFFC3FFF
FFF01FFF
FFF00FFF
FFE00FFF
FFE00FFF
FFE00FFF
FFF00FFF
FFF01FFF
FFFC3FFF
FFFFFFFF
FFFFFFFF
FFFFFFFF
FFFFFFFF
FFFFFFFF
FFFFFFFF
FFFFFFFF
ENDCHAR
STARTCHAR U+53C2
ENCODING 21442
SWIDTH 500 0
DWIDTH 32 0
BBX 32 56 0 0
BITMAP
FFFFFFFF
FFFFFFFF
FFFFFFFF
FFFFFFFF
FFFFFFFF
FFFFFFFF
FFFFFFFF
FFFFFFFF
FFF80FFF
FFE001FF
FF8000FF
FF00007F
FE00003F
FE00001F
FC00001F
FC00801F
F803E00F
F803F00F
F807F00F
F807F00F
F807F00F
FFFFE00F
FFFFE00F
FFFFC01F
FFFF801F
FFFF003F
FFFE007F
FFFC007F
FFF801FF
FFF803FF
FFF007FF
FFF00FFF
FFF00FFF
FFF00FFF
FFF00FFF
FFF00FFF
FFFFFFFF
FFFFFFFF
FFFFFFFF
FFFFFFFF
FFFC3FFF
FFF01FFF
FFF00FFF
FFE00FFF
FFE00FFF
FFE00FFF
FFF00FFF
FFF01FFF
FFFC3FFF
FFFFFFFF
FFFFFFFF
FFFFFFFF
FFFFFFFF
FFFFFFFF
FFFFFFFF
FFFFFFFF
ENDCHAR
STARTCHAR U+53F3
ENCODING 21491
SWIDTH 500 0
DWIDTH 32 0
BBX 32 56 0 0
BITMAP
FFFFFFFF
FFFFFFFF
FFFFFFFF
FFFFFFFF
FFFFFFFF
FFFFFFFF
FFFFFFFF
FFFFFFFF
FFF80FFF
FFE001FF
FF8000FF
FF00007F
FE00003F
FE00001F
FC00001F
FC00801F
F803E00F
F803F00F
F807F00F
F807F00F
F807F00F
FFFFE00F
FFFFE00F
FFFFC01F
FFFF801F
FFFF003F
FFFE007F
FFFC007F
FFF801FF
FFF803FF
FFF007FF
FFF00FFF
FFF00FFF
FFF00FFF
FFF00FFF
FFF00FFF
FFFFFFFF
FFFFFFFF
FFFFFFFF
FFFFFFFF
FFFC3FFF
FFF01FFF
FFF00FFF
FFE00FFF
FFE00FFF
FFE00FFF
FFF00FFF
FFF01FFF
FFFC3FFF
FFFFFFFF
FFFFFFFF
FFFFFFFF
FFFFFFFF
FFFFFFFF
FFFFFFFF
FFFFFFFF
ENDCHAR
STARTCHAR U+53F7
ENCODING 21495
SWIDTH 500 0
DWIDTH 32 0
BBX 32 56 0 0
BITMAP
FFFFFFFF
FFFFFFFF
FFFFFFFF
FFFFFFFF
FFFFFFFF
FFFFFFFF
FFFFFFFF
FFFFFFFF
FFF80FFF
FFE001FF
FF8000FF
FF00007F
FE00003F
FE00001F
FC00001F
FC00801F
F803E00F
F803F00F
F807F00F
F807F00F
F807F00F
FFFFE00F
FFFFE00F
FFFFC01F
FFFF801F
FFFF003F
FFFE007F
FFFC007F
FFF801FF
FFF803FF
FFF007FF
FFF00FFF
FFF00FFF
FFF00FFF
FFF00FFF
FFF00FFF
FFFFFFFF
FFFFFFFF
FFFFFFFF
FFFFFFFF
FFFC3FFF
FFF01FFF
FFF00FFF
FFE00FFF
FFE00FFF
FFE00FFF
FFF00FFF
FFF01FFF
FFFC3FFF
FFFFFFFF
FFFFFFFF
FFFFFFFF
FFFFFFFF
FFFFFFFF
FFFFFFFF
FFFFFFFF
ENDCHAR
STARTCHAR U+540D
ENCODING 21517
SWIDTH 500 0
DWIDTH 32 0
BBX 32 56 0 0
BITMAP
FFFFFFFF
FFFFFFFF
FFFFFFFF
FFFFFFFF
FFFFFFFF
FFFFFFFF
FFFFFFFF
FFFFFFFF
FFF80FFF
FFE001FF
FF8000FF
FF00007F
FE00003F
FE00001F
FC00001F
FC00801F
F803E00F
F803F00F
F807F00F
F807F00F
F807F00F
FFFFE00F
FFFFE00F
FFFFC01F
FFFF801F
FFFF003F
FFFE007F
FFFC007F
FFF801FF
FFF803FF
FFF007FF
FFF00FFF
FFF00FFF
FFF00FFF
FFF00FFF
FFF00FFF
FFFFFFFF
FFFFFFFF
FFFFFFFF
FFFFFFFF
FFFC3FFF
FFF01FFF
FFF00FFF
FFE00FFF
FFE00FFF
FFE00FFF
FFF00FFF
FFF01FFF
FFFC3FFF
FFFFFFFF
FFFFFFFF
FFFFFFFF
FFFFFFFF
FFFFFFFF
FFFFFFFF
FFFFFFFF
ENDCHAR
STARTCHAR U+5468
ENCODING 21608
SWIDTH 500 0
DWIDTH 32 0
BBX 32 56 0 0
BITMAP
FFFFFFFF
FFFFFFFF
FFFFFFFF
FFFFFFFF
FFFFFFFF
FFFFFFFF
FFFFFFFF
FFFFFFFF
FFF80FFF
FFE001FF
FF8000FF
FF00007F
FE00003F
FE00001F
FC00001F
FC00801F
F803E00F
F803F00F
F807F00F
F807F00F
F807F00F
FFFFE00F
FFFFE00F
FFFFC01F
FFFF801F
FFFF003F
FFFE007F
FFFC007F
FFF801FF
FFF803FF
FFF007FF
FFF00FFF
FFF00FFF
FFF00FFF
FFF00FFF
FFF00FFF
FFFFFFFF
FFFFFFFF
FFFFFFFF
FFFFFFFF
FFFC3FFF
FFF01FFF
FFF00FFF
FFE00FFF
FFE00FFF
FFE00FFF
FFF00FFF
FFF01FFF
FFFC3FFF
FFFFFFFF
FFFFFFFF
FFFFFFFF
FFFFFFFF
FFFFFFFF
FFFFFFFF
FFFFFFFF
ENDCHAR
STARTCHAR U+56DB
ENCODING 22235
SWIDTH 500 0
DWIDTH 32 0
BBX 32 56 0 0
BITMAP
FFFFFFFF
FFFFFFFF
FFFFFFFF
FFFFFFFF
FFFFFFFF
FFFFFFFF
FFFFFFFF
FFFFFFFF
FFF80FFF
FFE001FF
FF8000FF
FF00007F
FE00003F
FE00001F
FC00001F
FC00801F
F803E00F
F803F00F
F807F00F
F807F00F
F807F00F
FFFFE00F
FFFFE00F
FFFFC01F
FFFF801F
FFFF003F
FFFE007F
FFFC007F
FFF801FF
FFF803FF
FFF007FF
FFF00FFF
FFF00FFF
FFF00FFF
FFF00FFF
FFF00FFF
FFFFFFFF
FFFFFFFF
FFFFFFFF
FFFFFFFF
FFFC3FFF
FFF01FFF
FFF00FFF
FFE00FFF
FFE00FFF
FFE00FFF
FFF00FFF
FFF01FFF
FFFC3FFF
FFFFFFFF
FFFFFFFF
FFFFFFFF
FFFFFFFF
FFFFFFFF
FFFFFFFF
FFFFFFFF
ENDCHAR
STARTCHAR U+5708
ENCODING 22280
SWIDTH 500 0
DWIDTH 32 0
BBX 32 56 0 0
BITMAP
FFFFFFFF
FFFFFFFF
FFFFFFFF
FFFFFFFF
FFFFFFFF
FFFFFFFF
FFFFFFFF
FFFFFFFF
FFF80FFF
FFE001FF
FF8000FF
FF00007F
FE00003F
FE00001F
FC00001F
FC00801F
F803E00F
F803F00F
F807F00F
F807F00F
F807F00F
FFFFE00F
FFFFE00F
FFFFC01F
FFFF801F
FFFF003F
FFFE007F
FFFC007F
FFF801FF
FFF803FF
FFF007FF
FFF00FFF
FFF00FFF
FFF00FFF
FFF00FFF
FFF00FFF
FFFFFFFF
FFFFFFFF
FFFFFFFF
FFFFFFFF
FFFC3FFF
FFF01FFF
FFF00FFF
FFE00FFF
FFE00FFF
FFE00FFF
FFF00FFF
FFF01FFF
FFFC3FFF
FFFFFFFF
FFFFFFFF
FFFFFFFF
FFFFFFFF
FFFFFFFF
FFFFFFFF
FFFFFFFF
ENDCHAR
STARTCHAR U+571F
ENCODING 22303
SWIDTH 500 0
DWIDTH 32 0
BBX 32 56 0 0
BITMAP
FFFFFFFF
FFFFFFFF
FFFFFFFF
FFFFFFFF
FFFFFFFF
FFFFFFFF
FFFFFFFF
FFFFFFFF
FFF80FFF
FFE001FF
FF8000FF
FF00007F
FE00003F
FE00001F
FC00001F
FC00801F
F803E00F
F803F00F
F807F00F
F807F00F
F807F00F
FFFFE00F
FFFFE00F
FFFFC01F
FFFF801F
FFFF003F
FFFE007F
FFFC007F
FFF801FF
FFF803FF
FFF007FF
FFF00FFF
FFF00FFF
FFF00FFF
FFF00FFF
FFF00FFF
FFFFFFFF
FFFFFFFF
FFFFFFFF
FFFFFFFF
FFFC3FFF
FFF01FFF
FFF00FFF
FFE00FFF
FFE00FFF
FFE00FFF
FFF00FFF
FFF01FFF
FFFC3FFF
FFFFFFFF
FFFFFFFF
FFFFFFFF
FFFFFFFF
FFFFFFFF
FFFFFFFF
FFFFFFFF
ENDCHAR
STARTCHAR U+5730
ENCODING 22320
SWIDTH 500 0
DWIDTH 32 0
BBX 32 56 0 0
BITMAP
FFFFFFFF
FFFFFFFF
FFFFFFFF
FFFFFFFF
FFFFFFFF
FFFFFFFF
FFFFFFFF
FFFFFFFF
FFF80FFF
FFE001FF
FF8000FF
FF00007F
FE00003F
FE00001F
FC00001F
FC00801F
F803E00F
F803F00F
F807F00F
F807F00F
F807F00F
FFFFE00F
FFFFE00F
FFFFC01F
FFFF801F
FFFF003F
FFFE007F
FFFC007F
FFF801FF
FFF803FF
FFF007FF
FFF00FFF
FFF00FFF
FFF00FFF
FFF00FFF
FFF00FFF
FFFFFFFF
FFFFFFFF
FFFFFFFF
FFFFFFFF
FFFC3FFF
FFF01FFF
FFF00FFF
FFE00FFF
FFE00FFF
FFE00FFF
FFF00FFF
FFF01FFF
FFFC3FFF
FFFFFFFF
FFFFFFFF
FFFFFFFF
FFFFFFFF
FFFFFFFF
FFFFFFFF
FFFFFFFF
ENDCHAR
STARTCHAR U+590F
ENCODING 22799
SWIDTH 500 0
DWIDTH 32 0
BBX 32 56 0 0
BITMAP
FFFFFFFF
FFFFFFFF
FFFFFFFF
FFFFFFFF
FFFFFFFF
FFFFFFFF
FFFFFFFF
FFFFFFFF
FFF80FFF
FFE001FF
FF8000FF
FF00007F
FE00003F
FE00001F
FC00001F
FC00801F
F803E00F
F803F00F
F807F00F
F807F00F
F807F00F
FFFFE00F
FFFFE00F
FFFFC01F
FFFF801F
FFFF003F
FFFE007F
FFFC007F
FFF801FF
FFF803FF
FFF007FF
FFF00FFF
FFF00FFF
FFF00FFF
FFF00FFF
FFF00FFF
FFFFFFFF
FFFFFFFF
FFFFFFFF
FFFFFFFF
FFFC3FFF
FFF01FFF
FFF00FFF
FFE00FFF
FFE00FFF
FFE00FFF
FFF00FFF
FFF01FFF
FFFC3FFF
FFFFFFFF
FFFFFFFF
FFFFFFFF
FFFFFFFF
FFFFFFFF
FFFFFFFF
FFFFFFFF
ENDCHAR
STARTCHAR U+5927
ENCODING 22823
SWIDTH 500 0
DWIDTH 32 0
BBX 32 56 0 0
BITMAP
FFFFFFFF
FFFFFFFF
FFFFFFFF
FFFFFFFF
FFFFFFFF
FFFFFFFF
FFFFFFFF
FFFFFFFF
FFF80FFF
FFE001FF
FF8000FF
FF00007F
FE00003F
FE00001F
FC00001F
FC00801F
F803E00F
F803F00F
F807F00F
F807F00F
F807F00F
FFFFE00F
FFFFE00F
FFFFC01F
FFFF801F
FFFF003F
FFFE007F
FFFC007F
FFF801FF
FFF803FF
FFF007FF
FFF00FFF
FFF00FFF
FFF00FFF
FFF00FFF
FFF00FFF
FFFFFFFF
FFFFFFFF
FFFFFFFF
FFFFFFFF
FFFC3FFF
FFF01FFF
FFF00FFF
FFE00FFF
FFE00FFF
FFE00FFF
FFF00FFF
FFF01FFF
FFFC3FFF
FFFFFFFF
FFFFFFFF
FFFFFFFF
FFFFFFFF
FFFFFFFF
FFFFFFFF
FFFFFFFF
ENDCHAR
STARTCHAR U+5929
ENCODING 22825
SWIDTH 500 0
DWIDTH 32 0
BBX 32 56 0 0
BITMAP
FFFFFFFF
FFFFFFFF
FFFFFFFF
FFFFFFFF
FFFFFFFF
FFFFFFFF
FFFFFFFF
FFFFFFFF
FFF80FFF
FFE001FF
FF8000FF
FF00007F
FE00003F
FE00001F
FC00001F
FC00801F
F803E00F
F803F00F
F807F00F
F807F00F
F807F00F
FFFFE00F
FFFFE00F
FFFFC01F
FFFF801F
FFFF003F
FFFE007F
FFFC007F
FFF801FF
FFF803FF
FFF007FF
FFF00FFF
FFF00FFF
FFF00FFF
FFF00FFF
FFF00FFF
FFFFFFFF
FFFFFFFF
FFFFFFFF
FFFFFFFF
FFFC3FFF
FFF01FFF
FFF00FFF
FFE00FFF
FFE00FFF
FFE00FFF
FFF00FFF
FFF01FFF
FFFC3FFF
FFFFFFFF
FFFFFFFF
FFFFFFFF
FFFFFFFF
FFFFFFFF
FFFFFFFF
FFFFFFFF
ENDCHAR
STARTCHAR U+5934
ENCODING 22836
SWIDTH 500 0
DWIDTH 32 0
BBX 32 56 0 0
BITMAP
FFFFFFFF
FFFFFFFF
FFFFFFFF
FFFFFFFF
FFFFFFFF
FFFFFFFF
FFFFFFFF
FFFFFFFF
FFF80FFF
FFE001FF
FF8000FF
FF00007F
FE00003F
FE00001F
FC00001F
FC00801F
F803E00F
F803F00F
F807F00F
F807F00F
F807F00F
FFFFE00F
FFFFE00F
FFFFC01F
FFFF801F
FFFF003F
FFFE007F
FFFC007F
FFF801FF
FFF803FF
FFF007FF
FFF00FFF
FFF00FFF
FFF00FFF
FFF00FFF
FFF00FFF
FFFFFFFF
FFFFFFFF
FFFFFFFF
FFFFFFFF
FFFC3FFF
FFF01FFF
FFF00FFF
FFE00FFF
FFE00FFF
FFE00FFF
FFF00FFF
FFF01FFF
FFFC3FFF
FFFFFFFF
FFFFFFFF
FFFFFFFF
FFFFFFFF
FFFFFFFF
FFFFFFFF
FFFFFFFF
ENDCHAR
STARTCHAR U+59CB
ENCODING 22987
SWIDTH 500 0
DWIDTH 32 0
BBX 32 56 0 0
BITMAP
FFFFFFFF
FFFFFFFF
FFFFFFFF
FFFFFFFF
FFFFFFFF
FFFFFFFF
FFFFFFFF
FFFFFFFF
FFF80FFF
FFE001FF
FF8000FF
FF00007F
FE00003F
FE00001F
FC00001F
FC00801F
F803E00F
F803F00F
F807F00F
F807F00F
F807F00F
FFFFE00F
FFFFE00F
FFFFC01F
FFFF801F
FFFF003F
FFFE007F
FFFC007F
FFF801FF
FFF803FF
FFF007FF
FFF00FFF
FFF00FFF
FFF00FFF
FFF00FFF
FFF00FFF
FFFFFFFF
FFFFFFFF
FFFFFFFF
FFFFFFFF
FFFC3FFF
FFF01FFF
FFF00FFF
FFE00FFF
FFE00FFF
FFE00FFF
FFF00FFF
FFF01FFF
FFFC3FFF
FFFFFFFF
FFFFFFFF
FFFFFFFF
FFFFFFFF
FFFFFFFF
FFFFFFFF
FFFFFFFF
ENDCHAR
STARTCHAR U+5B50
ENCODING 23376
SWIDTH 500 0
DWIDTH 32 0
BBX 32 56 0 0
BITMAP
FFFFFFFF
FFFFFFFF
FFFFFFFF
FFFFFFFF
FFFFFFFF
FFFFFFFF
FFFFFFFF
FFFFFFFF
FFF80FFF
FFE001FF
FF8000FF
FF00007F
FE00003F
FE00001F
FC00001F
FC00801F
F803E00F
F803F00F
F807F00F
F807F00F
F807F00F
FFFFE00F
FFFFE00F
FFFFC01F
FFFF801F
FFFF003F
FFFE007F
FFFC007F
FFF801FF
FFF803FF
FFF007FF
FFF00FFF
FFF00FFF
FFF00FFF
FFF00FFF
FFF00FFF
FFFFFFFF
FFFFFFFF
FFFFFFFF
FFFFFFFF
FFFC3FFF
FFF01FFF
FFF00FFF
FFE00FFF
FFE00FFF
FFE00FFF
FFF00FFF
FFF01FFF
FFFC3FFF
FFFFFFFF
FFFFFFFF
FFFFFFFF
FFFFFFFF
FFFFFFFF
FFFFFFFF
FFFFFFFF
ENDCHAR
STARTCHAR U+5B57
ENCODING 23383
SWIDTH 500 0
DWIDTH 32 0
BBX 32 56 0 0
BITMAP
FFFFFFFF
FFFFFFFF
FFFFFFFF
FFFFFFFF
FFFFFFFF
FFFFFFFF
FFFFFFFF
FFFFFFFF
FFF80FFF
FFE001FF
FF8000FF
FF00007F
FE00003F
FE00001F
FC00001F
FC00801F
F803E00F
F803F00F
F807F00F
F807F00F
F807F00F
FFFFE00F
FFFFE00F
FFFFC01F
FFFF801F
FFFF003F
FFFE007F
FFFC007F
FFF801FF
FFF803FF
FFF007FF
FFF00FFF
FFF00FFF
FFF00FFF
FFF00FFF
FFF00FFF
FFFFFFFF
FFFFFFFF
FFFFFFFF
FFFFFFFF
FFFC3FFF
FFF01FFF
FFF00FFF
FFE00FFF
FFE00FFF
FFE00FFF
FFF00FFF
FFF01FFF
FFFC3FFF
FFFFFFFF
FFFFFFFF
FFFFFFFF
FFFFFFFF
FFFFFFFF
FFFFFFFF
FFFFFFFF
ENDCHAR
STARTCHAR U+5B8B
ENCODING 23435
SWIDTH 500 0
DWIDTH 32 0
BBX 32 56 0 0
BITMAP
FFFFFFFF
FFFFFFFF
FFFFFFFF
FFFFFFFF
FFFFFFFF
FFFFFFFF
FFFFFFFF
FFFFFFFF
FFF80FFF
FFE001FF
FF8000FF
FF00007F
FE00003F
FE00001F
FC00001F
FC00801F
F803E00F
F803F00F
F807F00F
F807F00F
F807F00F
FFFFE00F
FFFFE00F
FFFFC01F
FFFF801F
FFFF003F
FFFE007F
FFFC007F
FFF801FF
FFF803FF
FFF007FF
FFF00FFF
FFF00FFF
FFF00FFF
FFF00FFF
FFF00FFF
FFFFFFFF
FFFFFFFF
FFFFFFFF
FFFFFFFF
FFFC3FFF
FFF01FFF
FFF00FFF
FFE00FFF
FFE00FFF
FFE00FFF
FFF00FFF
FFF01FFF
FFFC3FFF
FFFFFFFF
FFFFFFFF
FFFFFFFF
FFFFFFFF
FFFFFFFF
FFFFFFFF
FFFFFFFF
ENDCHAR
STARTCHAR U+5B9C
ENCODING 23452
SWIDTH 500 0
DWIDTH 32 0
BBX 32 56 0 0
BITMAP
FFFFFFFF
FFFFFFFF
FFFFFFFF
FFFFFFFF
FFFFFFFF
FFFFFFFF
FFFFFFFF
FFFFFFFF
FFF80FFF
FFE001FF
FF8000FF
FF00007F
FE00003F
FE00001F
FC00001F
FC00801F
F803E00F
F803F00F
F807F00F
F807F00F
F807F00F
FFFFE00F
FFFFE00F
FFFFC01F
FFFF801F
FFFF003F
FFFE007F
FFFC007F
FFF801FF
FFF803FF
FFF007FF
FFF00FFF
FFF00FFF
FFF00FFF
FFF00FFF
FFF00FFF
FFFFFFFF
FFFFFFFF
FFFFFFFF
FFFFFFFF
FFFC3FFF
FFF01FFF
FFF00FFF
FFE00FFF
FFE00FFF
FFE00FFF
FFF00FFF
FFF01FFF
FFFC3FFF
FFFFFFFF
FFFFFFFF
FFFFFFFF
FFFFFFFF
FFFFFFFF
FFFFFFFF
FFFFFFFF
ENDCHAR
STARTCHAR U+5BC5
ENCODING 23493
SWIDTH 500 0
DWIDTH 32 0
BBX 32 56 0 0
BITMAP
FFFFFFFF
FFFFFFFF
FFFFFFFF
FFFFFFFF
FFFFFFFF
FFFFFFFF
FFFFFFFF
FFFFFFFF
FFF80FFF
FFE001FF
FF8000FF
FF00007F
FE00003F
FE00001F
FC00001F
FC00801F
F803E00F
F803F00F
F807F00F
F807F00F
F807F00F
FFFFE00F
FFFFE00F
FFFFC01F
FFFF801F
FFFF003F
FFFE007F
FFFC007F
FFF801FF
FFF803FF
FFF007FF
FFF00FFF
FFF00FFF
FFF00FFF
FFF00FFF
FFF00FFF
FFFFFFFF
FFFFFFFF
FFFFFFFF
FFFFFFFF
FFFC3FFF
FFF01FFF
FFF00FFF
FFE00FFF
FFE00FFF
FFE00FFF
FFF00FFF
FFF01FFF
FFFC3FFF
FFFFFFFF
FFFFFFFF
FFFFFFFF
FFFFFFFF
FFFFFFFF
FFFFFFFF
FFFFFFFF
ENDCHAR
STARTCHAR U+5BD2
ENCODING 23506
SWIDTH 500 0
DWIDTH 32 0
BBX 32 56 0 0
BITMAP
FFFFFFFF
FFFFFFFF
FFFFFFFF
FFFFFFFF
FFFFFFFF
FFFFFFFF
FFFFFFFF
FFFFFFFF
FFF80FFF
FFE001FF
FF8000FF
FF00007F
FE00003F
FE00001F
FC00001F
FC00801F
F803E00F
F803F00F
F807F00F
F807F00F
F807F00F
FFFFE00F
FFFFE00F
FFFFC01F
FFFF801F
FFFF003F
FFFE007F
FFFC007F
FFF801FF
FFF803FF
FFF007FF
FFF00FFF
FFF00FFF
FFF00FFF
FFF00FFF
FFF00FFF
FFFFFFFF
FFFFFFFF
FFFFFFFF
FFFFFFFF
FFFC3FFF
FFF01FFF
FFF00FFF
FFE00FFF
FFE00FFF
FFE00FFF
FFF00FFF
FFF01FFF
FFFC3FFF
FFFFFFFF
FFFFFFFF
FFFFFFFF
FFFFFFFF
FFFFFFFF
FFFFFFFF
FFFFFFFF
ENDCHAR
STARTCHAR U+5BF9
ENCODING 23545
SWIDTH 500 0
DWIDTH 32 0
BBX 32 56 0 0
BITMAP
FFFFFFFF
FFFFFFFF
FFFFFFFF
FFFFFFFF
FFFFFFFF
FFFFFFFF
FFFFFFFF
FFFFFFFF
FFF80FFF
FFE001FF
FF8000FF
FF00007F
FE00003F
FE00001F
FC00001F
FC00801F
F803E00F
F803F00F
F807F00F
F807F00F
F807F00F
FFFFE00F
FFFFE00F
FFFFC01F
FFFF801F
FFFF003F
FFFE007F
FFFC007F
FFF801FF
FFF803FF
FFF007FF
FFF00FFF
FFF00FFF
FFF00FFF
FFF00FFF
FFF00FFF
FFFFFFFF
FFFFFFFF
FFFFFFFF
FFFFFFFF
FFFC3FFF
FFF01FFF
FFF00FFF
FFE00FFF
FFE00FFF
FFE00FFF
FFF00FFF
FFF01FFF
FFFC3FFF
FFFFFFFF
FFFFFFFF
FFFFFFFF
FFFFFFFF
FFFFFFFF
FFFFFFFF
FFFFFFFF
ENDCHAR
STARTCHAR U+5C0F
ENCODING 23567
SWIDTH 500 0
DWIDTH 32 0
BBX 32 56 0 0
BITMAP
FFFFFFFF
FFFFFFFF
FFFFFFFF
FFFFFFFF
FFFFFFFF
FFFFFFFF
FFFFFFFF
FFFFFFFF
FFF80FFF
FFE001FF
FF8000FF
FF00007F
FE00003F
FE00001F
FC00001F
FC00801F
F803E00F
F803F00F
F807F00F
F807F00F
F807F00F
FFFFE00F
FFFFE00F
FFFFC01F
FFFF801F
FFFF003F
FFFE007F
FFFC007F
FFF801FF
FFF803FF
FFF007FF
FFF00FFF
FFF00FFF
FFF00FFF
FFF00FFF
FFF00FFF
FFFFFFFF
FFFFFFFF
FFFFFFFF
FFFFFFFF
FFFC3FFF
FFF01FFF
FFF00FFF
FFE00FFF
FFE00FFF
FFE00FFF
FFF00FFF
FFF01FFF
FFFC3FFF
FFFFFFFF
FFFFFFFF
FFFFFFFF
FFFFFFFF
FFFFFFFF
FFFFFFFF
FFFFFFFF
ENDCHAR
STARTCHAR U+5E74
ENCODING 24180
SWIDTH 500 0
DWIDTH 32 0
BBX 32 56 0 0
BITMAP
FFFFFFFF
FFFFFFFF
FFFFFFFF
FFFFFFFF
FFFFFFFF
FFFFFFFF
FFFFFFFF
FFFFFFFF
FFF80FFF
FFE001FF
FF8000FF
FF00007F
FE00003F
FE00001F
FC00001F
FC00801F
F803E00F
F803F00F
F807F00F
F807F00F
F807F00F
FFFFE00F
FFFFE00F
FFFFC01F
FFFF801F
FFFF003F
FFFE007F
FFFC007F
FFF801FF
FFF803FF
FFF007FF
FFF00FFF
FFF00FFF
FFF00FFF
FFF00FFF
FFF00FFF
FFFFFFFF
FFFFFFFF
FFFFFFFF
FFFFFFFF
FFFC3FFF
FFF01FFF
FFF00FFF
FFE00FFF
FFE00FFF
FFE00FFF
FFF00FFF
FFF01FFF
FFFC3FFF
FFFFFFFF
FFFFFFFF
FFFFFFFF
FFFFFFFF
FFFFFFFF
FFFFFFFF
FFFFFFFF
ENDCHAR
STARTCHAR U+5E8A
ENCODING 24202
SWIDTH 500 0
DWIDTH 32 0
BBX 32 56 0 0
BITMAP
FFFFFFFF
FFFFFFFF
FFFFFFFF
FFFFFFFF
FFFFFFFF
FFFFFFFF
FFFFFFFF
FFFFFFFF
FFF80FFF
FFE001FF
FF8000FF
FF00007F
FE00003F
FE00001F
FC00001F
FC00801F
F803E00F
F803F00F
F807F00F
F807F00F
F807F00F
FFFFE00F
FFFFE00F
FFFFC01F
FFFF801F
FFFF003F
FFFE007F
FFFC007F
FFF801FF
FFF803FF
FFF007FF
FFF00FFF
FFF00FFF
FFF00FFF
FFF00FFF
FFF00FFF
FFFFFFFF
FFFFFFFF
FFFFFFFF
FFFFFFFF
FFFC3FFF
FFF01FFF
FFF00FFF
FFE00FFF
FFE00FFF
FFE00FFF
FFF00FFF
FFF01FFF
FFFC3FFF
FFFFFFFF
FFFFFFFF
FFFFFFFF
FFFFFFFF
FFFFFFFF
FFFFFFFF
FFFFFFFF
ENDCHAR
STARTCHAR U+5EFF
ENCODING 24319
SWIDTH 500 0
DWIDTH 32 0
BBX 32 56 0 0
BITMAP
FFFFFFFF
FFFFFFFF
FFFFFFFF
FFFFFFFF
FFFFFFFF
FFFFFFFF
FFFFFFFF
FFFFFFFF
FFF80FFF
FFE001FF
FF8000FF
FF00007F
FE00003F
FE00001F
FC00001F
FC00801F
F803E00F
F803F00F
F807F00F
F807F00F
F807F00F
FFFFE00F
FFFFE00F
FFFFC01F
FFFF801F
FFFF003F
FFFE007F
FFFC007F
FFF801FF
FFF803FF
FFF007FF
FFF00FFF
FFF00FFF
FFF00FFF
FFF00FFF
FFF00FFF
FFFFFFFF
FFFFFFFF
FFFFFFFF
FFFFFFFF
FFFC3FFF
FFF01FFF
FFF00FFF
FFE00FFF
FFE00FFF
FFE00FFF
FFF00FFF
FFF01FFF
FFFC3FFF
FFFFFFFF
FFFFFFFF
FFFFFFFF
FFFFFFFF
FFFFFFFF
FFFFFFFF
FFFFFFFF
ENDCHAR
STARTCHAR U+5F0F
ENCODING 24335
SWIDTH 500 0
DWIDTH 32 0
BBX 32 56 0 0
BITMAP
FFFFFFFF
FFFFFFFF
FFFFFFFF
FFFFFFFF
FFFFFFFF
FFFFFFFF
FFFFFFFF
FFFFFFFF
FFF80FFF
FFE001FF
FF8000FF
FF00007F
FE00003F
FE00001F
FC00001F
FC00801F
F803E00F
F803F00F
F807F00F
F807F00F
F807F00F
FFFFE00F
FFFFE00F
FFFFC01F
FFFF801F
FFFF003F
FFFE007F
FFFC007F
FFF801FF
FFF803FF
FFF007FF
FFF00FFF
FFF00FFF
FFF00FFF
FFF00FFF
FFF00FFF
FFFFFFFF
FFFFFFFF
FFFFFFFF
FFFFFFFF
FFFC3FFF
FFF01FFF
FFF00FFF
FFE00FFF
FFE00FFF
FFE00FFF
FFF00FFF
FFF01FFF
FFFC3FFF
FFFFFFFF
FFFFFFFF
FFFFFFFF
FFFFFFFF
FFFFFFFF
FFFFFFFF
FFFFFFFF
ENDCHAR
STARTCHAR U+5F53
ENCODING 24403
SWIDTH 500 0
DWIDTH 32 0
BBX 32 56 0 0
BITMAP
FFFFFFFF
FFFFFFFF
FFFFFFFF
FFFFFFFF
FFFFFFFF
FFFFFFFF
FFFFFFFF
FFFFFFFF
FFF80FFF
FFE001FF
FF8000FF
FF00007F
FE00003F
FE00001F
FC00001F
FC00801F
F803E00F
F803F00F
F807F00F
F807F00F
F807F00F
FFFFE00F
FFFFE00F
FFFFC01F
FFFF801F
FFFF003F
FFFE007F
FFFC007F
FFF801FF
FFF803FF
FFF007FF
FFF00FFF
FFF00FFF
FFF00FFF
FFF00FFF
FFF00FFF
FFFFFFFF
FFFFFFFF
FFFFFFFF
FFFFFFFF
FFFC3FFF
FFF01FFF
FFF00FFF
FFE00FFF
FFE00FFF
FFE00FFF
FFF00FFF
FFF01FFF
FFFC3FFF
FFFFFFFF
FFFFFFFF
FFFFFFFF
FFFFFFFF
FFFFFFFF
FFFFFFFF
FFFFFFFF
ENDCHAR
STARTCHAR U+5FCC
ENCODING 24524
SWIDTH 500 0
DWIDTH 32 0
BBX 32 56 0 0
BITMAP
FFFFFFFF
FFFFFFFF
FFFFFFFF
FFFFFFFF
FFFFFFFF
FFFFFFFF
FFFFFFFF
FFFFFFFF
FFF80FFF
FFE001FF
FF8000FF
FF00007F
FE00003F
FE00001F
FC00001F
FC00801F
F803E00F
F803F00F
F807F00F
F807F00F
F807F00F
FFFFE00F
FFFFE00F
FFFFC01F
FFFF801F
FFFF003F
FFFE007F
FFFC007F
FFF801FF
FFF803FF
FFF007FF
FFF00FFF
FFF00FFF
FFF00FFF
FFF00FFF
FFF00FFF
FFFFFFFF
FFFFFFFF
FFFFFFFF
FFFFFFFF
FFFC3FFF
FFF01FFF
FFF00FFF
FFE00FFF
FFE00FFF
FFE00FFF
FFF00FFF
FFF01FFF
FFFC3FFF
FFFFFFFF
FFFFFFFF
FFFFFFFF
FFFFFFFF
FFFFFFFF
FFFFFFFF
FFFFFFFF
ENDCHAR
STARTCHAR U+601D
ENCODING 24605
SWIDTH 500 0
DWIDTH 32 0
BBX 32 56 0 0
BITMAP
FFFFFFFF
FFFFFFFF
FFFFFFFF
FFFFFFFF
FFFFFFFF
FFFFFFFF
FFFFFFFF
FFFFFFFF
FFF80FFF
FFE001FF
FF8000FF
FF00007F
FE00003F
FE00001F
FC00001F
FC00801F
F803E00F
F803F00F
F807F00F
F807F00F
F807F00F
FFFFE00F
FFFFE00F
FFFFC01F
FFFF801F
FFFF003F
FFFE007F
FFFC007F
FFF801FF
FFF803FF
FFF007FF
FFF00FFF
FFF00FFF
FFF00FFF
FFF00FFF
FFF00FFF
FFFFFFFF
FFFFFFFF
FFFFFFFF
FFFFFFFF
FFFC3FFF
FFF01FFF
FFF00FFF
FFE00FFF
FFE00FFF
FFE00FFF
FFF00FFF
FFF01FFF
FFFC3FFF
FFFFFFFF
FFFFFFFF
FFFFFFFF
FFFFFFFF
FFFFFFFF
FFFFFFFF
FFFFFFFF
ENDCHAR
STARTCHAR U+653E
ENCODING 25918
SWIDTH 500 0
DWIDTH 32 0
BBX 32 56 0 0
BITMAP
FFFFFFFF
FFFFFFFF
FFFFFFFF
FFFFFFFF
FFFFFFFF
FFFFFFFF
FFFFFFFF
FFFFFFFF
FFF80FFF
FFE001FF
FF8000FF
FF00007F
FE00003F
FE00001F
FC00001F
FC00801F
F803E00F
F803F00F
F807F00F
F807F00F
F807F00F
FFFFE00F
FFFFE00F
FFFFC01F
FFFF801F
FFFF003F
FFFE007F
FFFC007F
FFF801FF
FFF803FF
FFF007FF
FFF00FFF
FFF00FFF
FFF00FFF
FFF00FFF
FFF00FFF
FFFFFFFF
FFFFFFFF
FFFFFFFF
FFFFFFFF
FFFC3FFF
FFF01FFF
FFF00FFF
FFE00FFF
FFE00FFF
FFE00FFF
FFF00FFF
FFF01FFF
FFFC3FFF
FFFFFFFF
FFFFFFFF
FFFFFFFF
FFFFFFFF
FFFFFFFF
FFFFFFFF
FFFFFFFF
ENDCHAR
STARTCHAR U+6545
ENCODING 25925
SWIDTH 500 0
DWIDTH 32 0
BBX 32 56 0 0
BITMAP
FFFFFFFF
FFFFFFFF
FFFFFFFF
FFFFFFFF
FFFFFFFF
FFFFFFFF
FFFFFFFF
FFFFFFFF
FFF80FFF
FFE001FF
FF8000FF
FF00007F
FE00003F
FE00001F
FC00001F
FC00801F
F803E00F
F803F00F
F807F00F
F807F00F
F807F00F
FFFFE00F
FFFFE00F
FFFFC01F
FFFF801F
FFFF003F
FFFE007F
FFFC007F
FFF801FF
FFF803FF
FFF007FF
FFF00FFF
FFF00FFF
FFF00FFF
FFF00FFF
FFF00FFF
FFFFFFFF
FFFFFFFF
FFFFFFFF
FFFFFFFF
FFFC3FFF
FFF01FFF
FFF00FFF
FFE00FFF
FFE00FFF
FFE00FFF
FFF00FFF
FFF01FFF
FFFC3FFF
FFFFFFFF
FFFFFFFF
FFFFFFFF
FFFFFFFF
FFFFFFFF
FFFFFFFF
FFFFFFFF
ENDCHAR
STARTCHAR U+6570
ENCODING 25968
SWIDTH 500 0
DWIDTH 32 0
BBX 32 56 0 0
BITMAP
FFFFFFFF
FFFFFFFF
FFFFFFFF
FFFFFFFF
FFFFFFFF
FFFFFFFF
FFFFFFFF
FFFFFFFF
FFF80FFF
FFE001FF
FF8000FF
FF00007F
FE00003F
FE00001F
FC00001F
FC00801F
F803E00F
F803F00F
F807F00F
F807F00F
F807F00F
FFFFE00F
FFFFE00F
FFFFC01F
FFFF801F
FFFF003F
FFFE007F
FFFC007F
FFF801FF
FFF803FF
FFF007FF
FFF00FFF
FFF00FFF
FFF00FFF
FFF00FFF
FFF00FFF
FFFFFFFF
FFFFFFFF
FFFFFFFF
FFFFFFFF
FFFC3FFF
FFF01FFF
FFF00FFF
FFE00FFF
FFE00FFF
FFE00FFF
FFF00FFF
FFF01FFF
FFFC3FFF
FFFFFFFF
FFFFFFFF
FFFFFFFF
FFFFFFFF
FFFFFFFF
FFFFFFFF
FFFFFFFF
ENDCHAR
STARTCHAR U+6587
ENCODING 25991
SWIDTH 500 0
DWIDTH 32 0
BBX 32 56 0 0
BITMAP
FFFFFFFF
FFFFFFFF
FFFFFFFF
FFFFFFFF
FFFFFFFF
FFFFFFFF
FFFFFFFF
FFFFFFFF
FFF80FFF
FFE001FF
FF8000FF
FF00007F
FE00003F
FE00001F
FC00001F
FC00801F
F803E00F
F803F00F
F807F00F
F807F00F
F807F00F
FFFFE00F
FFFFE00F
FFFFC01F
FFFF801F
FFFF003F
FFFE007F
FFFC007F
FFF801FF
FFF803FF
FFF007FF
FFF00FFF
FFF00FFF
FFF00FFF
FFF00FFF
FFF00FFF
FFFFFFFF
FFFFFFFF
FFFFFFFF
FFFFFFFF
FFFC3FFF
FFF01FFF
FFF00FFF
FFE00FFF
FFE00FFF
FFE00FFF
FFF00FFF
FFF01FFF
FFFC3FFF
FFFFFFFF
FFFFFFFF
FFFFFFFF
FFFFFFFF
FFFFFFFF
FFFFFFFF
FFFFFFFF
ENDCHAR
STARTCHAR U+65E5
ENCODING 26085
SWIDTH 500 0
DWIDTH 32 0
BBX 32 56 0 0
BITMAP
FFFFFFFF
FFFFFFFF
FFFFFFFF
FFFFFFFF
FFFFFFFF
FFFFFFFF
FFFFFFFF
FFFFFFFF
FFF80FFF
FFE001FF
FF8000FF
FF00007F
FE00003F
FE00001F
FC00001F
FC00801F
F803E00F
F803F00F
F807F00F
F807F00F
F807F00F
FFFFE00F
FFFFE00F
FFFFC01F
FFFF801F
FFFF003F
FFFE007F
FFFC007F
FFF801FF
FFF803FF
FFF007FF
FFF00FFF
FFF00FFF
FFF00FFF
FFF00FFF
FFF00FFF
FFFFFFFF
FFFFFFFF
FFFFFFFF
FFFFFFFF
FFFC3FFF
FFF01FFF
FFF00FFF
FFE00FFF
FFE00FFF
FFE00FFF
FFF00FFF
FFF01FFF
FFFC3FFF
FFFFFFFF
FFFFFFFF
FFFFFFFF
FFFFFFFF
FFFFFFFF
FFFFFFFF
FFFFFFFF
ENDCHAR
STARTCHAR U+660E
ENCODING 26126
SWIDTH 500 0
DWIDTH 32 0
BBX 32 56 0 0
BITMAP
FFFFFFFF
FFFFFFFF
FFFFFFFF
FFFFFFFF
FFFFFFFF
FFFFFFFF
FFFFFFFF
FFFFFFFF
FFF80FFF
FFE001FF
FF8000FF
FF00007F
FE00003F
FE00001F
FC00001F
FC00801F
F803E00F
F803F00F
F807F00F
F807F00F
F807F00F
FFFFE00F
FFFFE00F
FFFFC01F
FFFF801F
FFFF003F
FFFE007F
FFFC007F
FFF801FF
FFF803FF
FFF007FF
FFF00FFF
FFF00FFF
FFF00FFF
FFF00FFF
FFF00FFF
FFFFFFFF
FFFFFFFF
FFFFFFFF
FFFFFFFF
FFFC3FFF
FFF01FFF
FFF00FFF
FFE00FFF
FFE00FFF
FFE00FFF
FFF00FFF
FFF01FFF
FFFC3FFF
FFFFFFFF
FFFFFFFF
FFFFFFFF
FFFFFFFF
FFFFFFFF
FFFFFFFF
FFFFFFFF
ENDCHAR
STARTCHAR U+662F
ENCODING 26159
SWIDTH 500 0
DWIDTH 32 0
BBX 32 56 0 0
BITMAP
FFFFFFFF
FFFFFFFF
FFFFFFFF
FFFFFFFF
FFFFFFFF
FFFFFFFF
FFFFFFFF
FFFFFFFF
FFF80FFF
FFE001FF
FF8000FF
FF00007F
FE00003F
FE00001F
FC00001F
FC00801F
F803E00F
F803F00F
F807F00F
F807F00F
F807F00F
FFFFE00F
FFFFE00F
FFFFC01F
FFFF801F
FFFF003F
FFFE007F
FFFC007F
FFF801FF
FFF803FF
FFF007FF
FFF00FFF
FFF00FFF
FFF00FFF
FFF00FFF
FFF00FFF
FFFFFFFF
FFFFFFFF
FFFFFFFF
FFFFFFFF
FFFC3FFF
FFF01FFF
FFF00FFF
FFE00FFF
FFE00FFF
FFE00FFF
FFF00FFF
FFF01FFF
FFFC3FFF
FFFFFFFF
FFFFFFFF
FFFFFFFF
FFFFFFFF
FFFFFFFF
FFFFFFFF
FFFFFFFF
ENDCHAR
STARTCHAR U+6708
ENCODING 26376
SWIDTH 500 0
DWIDTH 32 0
BBX 32 56 0 0
BITMAP
FFFFFFFF
FFFFFFFF
FFFFFFFF
FFFFFFFF
FFFFFFFF
FFFFFFFF
FFFFFFFF
FFFFFFFF
FFF80FFF
FFE001FF
FF8000FF
FF00007F
FE00003F
FE00001F
FC00001F
FC00801F
F803E00F
F803F00F
F807F00F
F807F00F
F807F00F
FFFFE00F
FFFFE00F
FFFFC01F
FFFF801F
FFFF003F
FFFE007F
FFFC007F
FFF801FF
FFF803FF
FFF007FF
FFF00FFF
FFF00FFF
FFF00FFF
FFF00FFF
FFF00FFF
FFFFFFFF
FFFFFFFF
FFFFFFFF
FFFFFFFF
FFFC3FFF
FFF01FFF
FFF00FFF
FFE00FFF
FFE00FFF
FFE00FFF
FFF00FFF
FFF01FFF
FFFC3FFF
FFFFFFFF
FFFFFFFF
FFFFFFFF
FFFFFFFF
FFFFFFFF
FFFFFFFF
FFFFFFFF
ENDCHAR
STARTCHAR U+671B
ENCODING 26395
SWIDTH 500 0
DWIDTH 32 0
BBX 32 56 0 0
BITMAP
FFFFFFFF
FFFFFFFF
FFFFFFFF
FFFFFFFF
FFFFFFFF
FFFFFFFF
FFFFFFFF
FFFFFFFF
FFF80FFF
FFE001FF
FF8000FF
FF00007F
FE00003F
FE00001F
FC00001F
FC00801F
F803E00F
F803F00F
F807F00F
F807F00F
F807F00F
FFFFE00F
FFFFE00F
FFFFC01F
FFFF801F
FFFF003F
FFFE007F
FFFC007F
FFF801FF
FFF803FF
FFF007FF
FFF00FFF
FFF00FFF
FFF00FFF
FFF00FFF
FFF00FFF
FFFFFFFF
FFFFFFFF
FFFFFFFF
FFFFFFFF
FFFC3FFF
FFF01FFF
FFF00FFF
FFE00FFF
FFE00FFF
FFE00FFF
FFF00FFF
FFF01FFF
FFFC3FFF
FFFFFFFF
FFFFFFFF
FFFFFFFF
FFFFFFFF
FFFFFFFF
FFFFFFFF
FFFFFFFF
ENDCHAR
STARTCHAR U+671F
ENCODING 26399
SWIDTH 500 0
DWIDTH 32 0
BBX 32 56 0 0
BITMAP
FFFFFFFF
FFFFFFFF
FFFFFFFF
FFFFFFFF
FFFFFFFF
FFFFFFFF
FFFFFFFF
FFFFFFFF
FFF80FFF
FFE001FF
FF8000FF
FF00007F
FE00003F
FE00001F
FC00001F
FC00801F
F803E00F
F803F00F
F807F00F
F807F00F
F807F00F
FFFFE00F
FFFFE00F
FFFFC01F
FFFF801F
FFFF003F
FFFE007F
FFFC007F
FFF801FF
FFF803FF
FFF007FF
FFF00FFF
FFF00FFF
FFF00FFF
FFF00FFF
FFF00FFF
FFFFFFFF
FFFFFFFF
FFFFFFFF
FFFFFFFF
FFFC3FFF
FFF01FFF
FFF00FFF
FFE00FFF
FFE00FFF
FFE00FFF
FFF00FFF
FFF01FFF
FFFC3FFF
FFFFFFFF
FFFFFFFF
FFFFFFFF
FFFFFFFF
FFFFFFFF
FFFFFFFF
FFFFFFFF
ENDCHAR
STARTCHAR U+672A
ENCODING 26410
SWIDTH 500 0
DWIDTH 32 0
BBX 32 56 0 0
BITMAP
FFFFFFFF
FFFFFFFF
FFFFFFFF
FFFFFFFF
FFFFFFFF
FFFFFFFF
FFFFFFFF
FFFFFFFF
FFF80FFF
FFE001FF
FF8000FF
FF00007F
FE00003F
FE00001F
FC00001F
FC00801F
F803E00F
F803F00F
F807F00F
F807F00F
F807F00F
FFFFE00F
FFFFE00F
FFFFC01F
FFFF801F
FFFF003F
FFFE007F
FFFC007F
FFF801FF
FFF803FF
FFF007FF
FFF00FFF
FFF00FFF
FFF00FFF
FFF00FFF
FFF00FFF
FFFFFFFF
FFFFFFFF
FFFFFFFF
FFFFFFFF
FFFC3FFF
FFF01FFF
FFF00FFF
FFE00FFF
FFE00FFF
FFE00FFF
FFF00FFF
FFF01FFF
FFFC3FFF
FFFFFFFF
FFFFFFFF
FFFFFFFF
FFFFFFFF
FFFFFFFF
FFFFFFFF
FFFFFFFF
ENDCHAR
STARTCHAR U+672B
ENCODING 26411
SWIDTH 500 0
DWIDTH 32 0
BBX 32 56 0 0
BITMAP
FFFFFFFF
FFFFFFFF
FFFFFFFF
FFFFFFFF
FFFFFFFF
FFFFFFFF
FFFFFFFF
FFFFFFFF
FFF80FFF
FFE001FF
FF8000FF
FF00007F
FE00003F
FE00001F
FC00001F
FC00801F
F803E00F
F803F00F
F807F00F
F807F00F
F807F00F
FFFFE00F
FFFFE00F
FFFFC01F
FFFF801F
FFFF003F
FFFE007F
FFFC007F
FFF801FF
FFF803FF
FFF007FF
FFF00FFF
FFF00FFF
FFF00FFF
FFF00FFF
FFF00FFF
FFFFFFFF
FFFFFFFF
FFFFFFFF
FFFFFFFF
FFFC3FFF
FFF01FFF
FFF00FFF
FFE00FFF
FFE00FFF
FFE00FFF
FFF00FFF
FFF01FFF
FFFC3FFF
FFFFFFFF
FFFFFFFF
FFFFFFFF
FFFFFFFF
FFFFFFFF
FFFFFFFF
FFFFFFFF
ENDCHAR
STARTCHAR U+6837
ENCODING 26679
SWIDTH 500 0
DWIDTH 32 0
BBX 32 56 0 0
BITMAP
FFFFFFFF
FFFFFFFF
FFFFFFFF
FFFFFFFF
FFFFFFFF
FFFFFFFF
FFFFFFFF
FFFFFFFF
FFF80FFF
FFE001FF
FF8000FF
FF00007F
FE00003F
FE00001F
FC00001F
FC00801F
F803E00F
F803F00F
F807F00F
F807F00F
F807F00F
FFFFE00F
FFFFE00F
FFFFC01F
FFFF801F
FFFF003F
FFFE007F
FFFC007F
FFF801FF
FFF803FF
FFF007FF
FFF00FFF
FFF00FFF
FFF00FFF
FFF00FFF
FFF00FFF
FFFFFFFF
FFFFFFFF
FFFFFFFF
FFFFFFFF
FFFC3FFF
FFF01FFF
FFF00FFF
FFE00FFF
FFE00FFF
FFE00FFF
FFF00FFF
FFF01FFF
FFFC3FFF
FFFFFFFF
FFFFFFFF
FFFFFFFF
FFFFFFFF
FFFFFFFF
FFFFFFFF
FFFFFFFF
ENDCHAR
STARTCHAR U+683C
ENCODING 26684
SWIDTH 500 0
DWIDTH 32 0
BBX 32 56 0 0
BITMAP
FFFFFFFF
FFFFFFFF
FFFFFFFF
FFFFFFFF
FFFFFFFF
FFFFFFFF
FFFFFFFF
FFFFFFFF
FFF80FFF
FFE001FF
FF8000FF
FF00007F
FE00003F
FE00001F
FC00001F
FC00801F
F803E00F
F803F00F
F807F00F
F807F00F
F807F00F
FFFFE00F
FFFFE00F
FFFFC01F
FFFF801F
FFFF003F
FFFE007F
FFFC007F
FFF801FF
FFF803FF
FFF007FF
FFF00FFF
FFF00FFF
FFF00FFF
FFF00FFF
FFF00FFF
FFFFFFFF
FFFFFFFF
FFFFFFFF
FFFFFFFF
FFFC3FFF
FFF01FFF
FFF00FFF
FFE00FFF
FFE00FFF
FFE00FFF
FFF00FFF
FFF01FFF
FFFC3FFF
FFFFFFFF
FFFFFFFF
FFFFFFFF
FFFFFFFF
FFFFFFFF
FFFFFFFF
FFFFFFFF
ENDCHAR
STARTCHAR U+6977
ENCODING 26999
SWIDTH 500 0
DWIDTH 32 0
BBX 32 56 0 0
BITMAP
FFFFFFFF
FFFFFFFF
FFFFFFFF
FFFFFFFF
FFFFFFFF
FFFFFFFF
FFFFFFFF
FFFFFFFF
FFF80FFF
FFE001FF
FF8000FF
FF00007F
FE00003F
FE00001F
FC00001F
FC00801F
F803E00F
F803F00F
F807F00F
F807F00F
F807F00F
FFFFE00F
FFFFE00F
FFFFC01F
FFFF801F
FFFF003F
FFFE007F
FFFC007F
FFF801FF
FFF803FF
FFF007FF
FFF00FFF
FFF00FFF
FFF00FFF
FFF00FFF
FFF00FFF
FFFFFFFF
FFFFFFFF
FFFFFFFF
FFFFFFFF
FFFC3FFF
FFF01FFF
FFF00FFF
FFE00FFF
FFE00FFF
FFE00FFF
FFF00FFF
FFF01FFF
FFFC3FFF
FFFFFFFF
FFFFFFFF
FFFFFFFF
FFFFFFFF
FFFFFFFF
FFFFFFFF
FFFFFFFF
ENDCHAR
STARTCHAR U+6B63
ENCODING 27491
SWIDTH 500 0
DWIDTH 32 0
BBX 32 56 0 0
BITMAP
FFFFFFFF
FFFFFFFF
FFFFFFFF
FFFFFFFF
FFFFFFFF
FFFFFFFF
FFFFFFFF
FFFFFFFF
FFF80FFF
FFE001FF
FF8000FF
FF00007F
FE00003F
FE00001F
FC00001F
FC00801F
F803E00F
F803F00F
F807F00F
F807F00F
F807F00F
FFFFE00F
FFFFE00F
FFFFC01F
FFFF801F
FFFF003F
FFFE007F
FFFC007F
FFF801FF
FFF803FF
FFF007FF
FFF00FFF
FFF00FFF
FFF00FFF
FFF00FFF
FFF00FFF
FFFFFFFF
FFFFFFFF
FFFFFFFF
FFFFFFFF
FFFC3FFF
FFF01FFF
FFF00FFF
FFE00FFF
FFE00FFF
FFE00FFF
FFF00FFF
FFF01FFF
FFFC3FFF
FFFFFFFF
FFFFFFFF
FFFFFFFF
FFFFFFFF
FFFFFFFF
FFFFFFFF
FFFFFFFF
ENDCHAR
STARTCHAR U+6BD4
ENCODING 27604
SWIDTH 500 0
DWIDTH 32 0
BBX 32 56 0 0
BITMAP
FFFFFFFF
FFFFFFFF
FFFFFFFF
FFFFFFFF
FFFFFFFF
FFFFFFFF
FFFFFFFF
FFFFFFFF
FFF80FFF
FFE001FF
FF8000FF
FF00007F
FE00003F
FE00001F
FC00001F
FC00801F
F803E00F
F803F00F
F807F00F
F807F00F
F807F00F
FFFFE00F
FFFFE00F
FFFFC01F
FFFF801F
FFFF003F
FFFE007F
FFFC007F
FFF801FF
FFF803FF
FFF007FF
FFF00FFF
FFF00FFF
FFF00FFF
FFF00FFF
FFF00FFF
FFFFFFFF
FFFFFFFF
FFFFFFFF
FFFFFFFF
FFFC3FFF
FFF01FFF
FFF00FFF
FFE00FFF
FFE00FFF
FFE00FFF
FFF00FFF
FFF01FFF
FFFC3FFF
FFFFFFFF
FFFFFFFF
FFFFFFFF
FFFFFFFF
FFFFFFFF
FFFFFFFF
FFFFFFFF
ENDCHAR
STARTCHAR U+6CC9
ENCODING 27849
SWIDTH 500 0
DWIDTH 32 0
BBX 32 56 0 0
BITMAP
FFFFFFFF
FFFFFFFF
FFFFFFFF
FFFFFFFF
FFFFFFFF
FFFFFFFF
FFFFFFFF
FFFFFFFF
FFF80FFF
FFE001FF
FF8000FF
FF00007F
FE00003F
FE00001F
FC00001F
FC00801F
F803E00F
F803F00F
F807F00F
F807F00F
F807F00F
FFFFE00F
FFFFE00F
FFFFC01F
FFFF801F
FFFF003F
FFFE007F
FFFC007F
FFF801FF
FFF803FF
FFF007FF
FFF00FFF
FFF00FFF
FFF00FFF
FFF00FFF
FFF00FFF
FFFFFFFF
FFFFFFFF
FFFFFFFF
FFFFFFFF
FFFC3FFF
FFF01FFF
FFF00FFF
FFE00FFF
FFE00FFF
FFE00FFF
FFF00FFF
FFF01FFF
FFFC3FFF
FFFFFFFF
FFFFFFFF
FFFFFFFF
FFFFFFFF
FFFFFFFF
FFFFFFFF
FFFFFFFF
ENDCHAR
STARTCHAR U+6E05
ENCODING 28165
SWIDTH 500 0
DWIDTH 32 0
BBX 32 56 0 0
BITMAP
FFFFFFFF
FFFFFFFF
FFFFFFFF
FFFFFFFF
FFFFFFFF
FFFFFFFF
FFFFFFFF
FFFFFFFF
FFF80FFF
FFE001FF
FF8000FF
FF00007F
FE00003F
FE00001F
FC00001F
FC00801F
F803E00F
F803F00F
F807F00F
F807F00F
F807F00F
FFFFE00F
FFFFE00F
FFFFC01F
FFFF801F
FFFF003F
FFFE007F
FFFC007F
FFF801FF
FFF803FF
FFF007FF
FFF00FFF
FFF00FFF
FFF00FFF
FFF00FFF
FFF00FFF
FFFFFFFF
FFFFFFFF
FFFFFFFF
FFFFFFFF
FFFC3FFF
FFF01FFF
FFF00FFF
FFE00FFF
FFE00FFF
FFE00FFF
FFF00FFF
FFF01FFF
FFFC3FFF
FFFFFFFF
FFFFFFFF
FFFFFFFF
FFFFFFFF
FFFFFFFF
FFFFFFFF
FFFFFFFF
ENDCHAR
STARTCHAR U+6EE1
ENCODING 28385
SWIDTH 500 0
DWIDTH 32 0
BBX 32 56 0 0
BITMAP
FFFFFFFF
FFFFFFFF
FFFFFFFF
FFFFFFFF
FFFFFFFF
FFFFFFFF
FFFFFFFF
FFFFFFFF
FFF80FFF
FFE001FF
FF8000FF
FF00007F
FE00003F
FE00001F
FC00001F
FC00801F
F803E00F
F803F00F
F807F00F
F807F00F
F807F00F
FFFFE00F
FFFFE00F
FFFFC01F
FFFF801F
FFFF003F
FFFE007F
FFFC007F
FFF801FF
FFF803FF
FFF007FF
FFF00FFF
FFF00FFF
FFF00FFF
FFF00FFF
FFF00FFF
FFFFFFFF
FFFFFFFF
FFFFFFFF
FFFFFFFF
FFFC3FFF
FFF01FFF
FFF00FFF
FFE00FFF
FFE00FFF
FFE00FFF
FFF00FFF
FFF01FFF
FFFC3FFF
FFFFFFFF
FFFFFFFF
FFFFFFFF
FFFFFFFF
FFFFFFFF
FFFFFFFF
FFFFFFFF
ENDCHAR
STARTCHAR U+70B9
ENCODING 28857
SWIDTH 500 0
DWIDTH 32 0
BBX 32 56 0 0
BITMAP
FFFFFFFF
FFFFFFFF
FFFFFFFF
FFFFFFFF
FFFFFFFF
FFFFFFFF
FFFFFFFF
FFFFFFFF
FFF80FFF
FFE001FF
FF8000FF
FF00007F
FE00003F
FE00001F
FC00001F
FC00801F
F803E00F
F803F00F
F807F00F
F807F00F
F807F00F
FFFFE00F
FFFFE00F
FFFFC01F
FFFF801F
FFFF003F
FFFE007F
FFFC007F
FFF801FF
FFF803FF
FFF007FF
FFF00FFF
FFF00FFF
FFF00FFF
FFF00FFF
FFF00FFF
FFFFFFFF
FFFFFFFF
FFFFFFFF
FFFFFFFF
FFFC3FFF
FFF01FFF
FFF00FFF
FFE00FFF
FFE00FFF
FFE00FFF
FFF00FFF
FFF01FFF
FFFC3FFF
FFFFFFFF
FFFFFFFF
FFFFFFFF
FFFFFFFF
FFFFFFFF
FFFFFFFF
FFFFFFFF
ENDCHAR
STARTCHAR U+73ED
ENCODING 29677
SWIDTH 500 0
DWIDTH 32 0
BBX 32 56 0 0
BITMAP
FFFFFFFF
FFFFFFFF
FFFFFFFF
FFFFFFFF
FFFFFFFF
FFFFFFFF
FFFFFFFF
FFFFFFFF
FFF80FFF
FFE001FF
FF8000FF
FF00007F
FE00003F
FE00001F
FC00001F
FC00801F
F803E00F
F803F00F
F807F00F
F807F00F
F807F00F
FFFFE00F
FFFFE00F
FFFFC01F
FFFF801F
FFFF003F
FFFE007F
FFFC007F
FFF801FF
FFF803FF
FFF007FF
FFF00FFF
FFF00FFF
FFF00FFF
FFF00FFF
FFF00FFF
FFFFFFFF
FFFFFFFF
FFFFFFFF
FFFFFFFF
FFFC3FFF
FFF01FFF
FFF00FFF
FFE00FFF
FFE00FFF
FFE00FFF
FFF00FFF
FFF01FFF
FFFC3FFF
FFFFFFFF
FFFFFFFF
FFFFFFFF
FFFFFFFF
FFFFFFFF
FFFFFFFF
FFFFFFFF
ENDCHAR
STARTCHAR U+7532
ENCODING 30002
SWIDTH 500 0
DWIDTH 32 0
BBX 32 56 0 0
BITMAP
FFFFFFFF
FFFFFFFF
FFFFFFFF
FFFFFFFF
FFFFFFFF
FFFFFFFF
FFFFFFFF
FFFFFFFF
FFF80FFF
FFE001FF
FF8000FF
FF00007F
FE00003F
FE00001F
FC00001F
FC00801F
F803E00F
F803F00F
F807F00F
F807F00F
F807F00F
FFFFE00F
FFFFE00F
FFFFC01F
FFFF801F
FFFF003F
FFFE007F
FFFC007F
FFF801FF
FFF803FF
FFF007FF
FFF00FFF
FFF00FFF
FFF00FFF
FFF00FFF
FFF00FFF
FFFFFFFF
FFFFFFFF
FFFFFFFF
FFFFFFFF
FFFC3FFF
FFF01FFF
FFF00FFF
FFE00FFF
FFE00FFF
FFE00FFF
FFF00FFF
FFF01FFF
FFFC3FFF
FFFFFFFF
FFFFFFFF
FFFFFFFF
FFFFFFFF
FFFFFFFF
FFFFFFFF
FFFFFFFF
ENDCHAR
STARTCHAR U+7591
ENCODING 30097
SWIDTH 500 0
DWIDTH 32 0
BBX 32 56 0 0
BITMAP
FFFFFFFF
FFFFFFFF
FFFFFFFF
FFFFFFFF
FFFFFFFF
FFFFFFFF
FFFFFFFF
FFFFFFFF
FFF80FFF
FFE001FF
FF8000FF
FF00007F
FE00003F
FE00001F
FC00001F
FC00801F
F803E00F
F803F00F
F807F00F
F807F00F
F807F00F
FFFFE00F
FFFFE00F
FFFFC01F
FFFF801F
FFFF003F
FFFE007F
FFFC007F
FFF801FF
FFF803FF
FFF007FF
FFF00FFF
FFF00FFF
FFF00FFF
FFF00FFF
FFF00FFF
FFFFFFFF
FFFFFFFF
FFFFFFFF
FFFFFFFF
FFFC3FFF
FFF01FFF
FFF00FFF
FFE00FFF
FFE00FFF
FFE00FFF
FFF00FFF
FFF01FFF
FFFC3FFF
FFFFFFFF
FFFFFFFF
FFFFFFFF
FFFFFFFF
FFFFFFFF
FFFFFFFF
FFFFFFFF
ENDCHAR
STARTCHAR U+76EE
ENCODING 30446
SWIDTH 500 0
DWIDTH 32 0
BBX 32 56 0 0
BITMAP
FFFFFFFF
FFFFFFFF
FFFFFFFF
FFFFFFFF
FFFFFFFF
FFFFFFFF
FFFFFFFF
FFFFFFFF
FFF80FFF
FFE001FF
FF8000FF
FF00007F
FE00003F
FE00001F
FC00001F
FC00801F
F803E00F
F803F00F
F807F00F
F807F00F
F807F00F
FFFFE00F
FFFFE00F
FFFFC01F
FFFF801F
FFFF003F
FFFE007F
FFFC007F
FFF801FF
FFF803FF
FFF007FF
FFF00FFF
FFF00FFF
FFF00FFF
FFF00FFF
FFF00FFF
FFFFFFFF
FFFFFFFF
FFFFFFFF
FFFFFFFF
FFFC3FFF
FFF01FFF
FFF00FFF
FFE00FFF
FFE00FFF
FFE00FFF
FFF00FFF
FFF01FFF
FFFC3FFF
FFFFFFFF
FFFFFFFF
FFFFFFFF
FFFFFFFF
FFFFFFFF
FFFFFFFF
FFFFFFFF
ENDCHAR
STARTCHAR U+7940
ENCODING 31040
SWIDTH 500 0
DWIDTH 32 0
BBX 32 56 0 0
BITMAP
FFFFFFFF
FFFFFFFF
FFFFFFFF
FFFFFFFF
FFFFFFFF
FFFFFFFF
FFFFFFFF
FFFFFFFF
FFF80FFF
FFE001FF
FF8000FF
FF00007F
FE00003F
FE00001F
FC00001F
FC00801F
F803E00F
F803F00F
F807F00F
F807F00F
F807F00F
FFFFE00F
FFFFE00F
FFFFC01F
FFFF801F
FFFF003F
FFFE007F
FFFC007F
FFF801FF
FFF803FF
FFF007FF
FFF00FFF
FFF00FFF
FFF00FFF
FFF00FFF
FFF00FFF
FFFFFFFF
FFFFFFFF
FFFFFFFF
FFFFFFFF
FFFC3FFF
FFF01FFF
FFF00FFF
FFE00FFF
FFE00FFF
FFE00FFF
FFF00FFF
FFF01FFF
FFFC3FFF
FFFFFFFF
FFFFFFFF
FFFFFFFF
FFFFFFFF
FFFFFFFF
FFFFFFFF
FFFFFFFF
ENDCHAR
STARTCHAR U+7948
ENCODING 31048
SWIDTH 500 0
DWIDTH 32 0
BBX 32 56 0 0
BITMAP
FFFFFFFF
FFFFFFFF
FFFFFFFF
FFFFFFFF
FFFFFFFF
FFFFFFFF
FFFFFFFF
FFFFFFFF
FFF80FFF
FFE001FF
FF8000FF
FF00007F
FE00003F
FE00001F
FC00001F
FC00801F
F803E00F
F803F00F
F807F00F
F807F00F
F807F00F
FFFFE00F
FFFFE00F
FFFFC01F
FFFF801F
FFFF003F
FFFE007F
FFFC007F
FFF801FF
FFF803FF
FFF007FF
FFF00FFF
FFF00FFF
FFF00FFF
FFF00FFF
FFF00FFF
FFFFFFFF
FFFFFFFF
FFFFFFFF
FFFFFFFF
FFFC3FFF
FFF01FFF
FFF00FFF
FFE00FFF
FFE00FFF
FFE00FFF
FFF00FFF
FFF01FFF
FFFC3FFF
FFFFFFFF
FFFFFFFF
FFFFFFFF
FFFFFFFF
FFFFFFFF
FFFFFFFF
FFFFFFFF
ENDCHAR
STARTCHAR U+796D
ENCODING 31085
SWIDTH 500 0
DWIDTH 32 0
BBX 32 56 0 0
BITMAP
FFFFFFFF
FFFFFFFF
FFFFFFFF
FFFFFFFF
FFFFFFFF
FFFFFFFF
FFFFFFFF
FFFFFFFF
FFF80FFF
FFE001FF
FF8000FF
FF00007F
FE00003F
FE00001F
FC00001F
FC00801F
F803E00F
F803F00F
F807F00F
F807F00F
F807F00F
FFFFE00F
FFFFE00F
FFFFC01F
FFFF801F
FFFF003F
FFFE007F
FFFC007F
FFF801FF
FFF803FF
FFF007FF
FFF00FFF
FFF00FFF
FFF00FFF
FFF00FFF
FFF00FFF
FFFFFFFF
FFFFFFFF
FFFFFFFF
FFFFFFFF
FFFC3FFF
FFF01FFF
FFF00FFF
FFE00FFF
FFE00FFF
FFE00FFF
FFF00FFF
FFF01FFF
FFFC3FFF
FFFFFFFF
FFFFFFFF
FFFFFFFF
FFFFFFFF
FFFFFFFF
FFFFFFFF
FFFFFFFF
ENDCHAR
STARTCHAR U+798F
ENCODING 31119
SWIDTH 500 0
DWIDTH 32 0
BBX 32 56 0 0
BITMAP
FFFFFFFF
FFFFFFFF
FFFFFFFF
FFFFFFFF
FFFFFFFF
FFFFFFFF
FFFFFFFF
FFFFFFFF
FFF80FFF
FFE001FF
FF8000FF
FF00007F
FE00003F
FE00001F
FC00001F
FC00801F
F803E00F
F803F00F
F807F00F
F807F00F
F807F00F
FFFFE00F
FFFFE00F
FFFFC01F
FFFF801F
FFFF003F
FFFE007F
FFFC007F
FFF801FF
FFF803FF
FFF007FF
FFF00FFF
FFF00FFF
FFF00FFF
FFF00FFF
FFF00FFF
FFFFFFFF
FFFFFFFF
FFFFFFFF
FFFFFFFF
FFFC3FFF
FFF01FFF
FFF00FFF
FFE00FFF
FFE00FFF
FFE00FFF
FFF00FFF
FFF01FFF
FFFC3FFF
FFFFFFFF
FFFFFFFF
FFFFFFFF
FFFFFFFF
FFFFFFFF
FFFFFFFF
FFFFFFFF
ENDCHAR
STARTCHAR U+7A84
ENCODING 31364
SWIDTH 500 0
DWIDTH 32 0
BBX 32 56 0 0
BITMAP
FFFFFFFF
FFFFFFFF
FFFFFFFF
FFFFFFFF
FFFFFFFF
FFFFFFFF
FFFFFFFF
FFFFFFFF
FFF80FFF
FFE001FF
FF8000FF
FF00007F
FE00003F
FE00001F
FC00001F
FC00801F
F803E00F
F803F00F
F807F00F
F807F00F
F807F00F
FFFFE00F
FFFFE00F
FFFFC01F
FFFF801F
FFFF003F
FFFE007F
FFFC007F
FFF801FF
FFF803FF
FFF007FF
FFF00FFF
FFF00FFF
FFF00FFF
FFF00FFF
FFF00FFF
FFFFFFFF
FFFFFFFF
FFFFFFFF
FFFFFFFF
FFFC3FFF
FFF01FFF
FFF00FFF
FFE00FFF
FFE00FFF
FFE00FFF
FFF00FFF
FFF01FFF
FFFC3FFF
FFFFFFFF
FFFFFFFF
FFFFFFFF
FFFFFFFF
FFFFFFFF
FFFFFFFF
FFFFFFFF
ENDCHAR
STARTCHAR U+7ACB
ENCODING 31435
SWIDTH 500 0
DWIDTH 32 0
BBX 32 56 0 0
BITMAP
FFFFFFFF
FFFFFFFF
FFFFFFFF
FFFFFFFF
FFFFFFFF
FFFFFFFF
FFFFFFFF
FFFFFFFF
FFF80FFF
FFE001FF
FF8000FF
FF00007F
FE00003F
FE00001F
FC00001F
FC00801F
F803E00F
F803F00F
F807F00F
F807F00F
F807F00F
FFFFE00F
FFFFE00F
FFFFC01F
FFFF801F
FFFF003F
FFFE007F
FFFC007F
FFF801FF
FFF803FF
FFF007FF
FFF00FFF
FFF00FFF
FFF00FFF
FFF00FFF
FFF00FFF
FFFFFFFF
FFFFFFFF
FFFFFFFF
FFFFFFFF
FFFC3FFF
FFF01FFF
FFF00FFF
FFE00FFF
FFE00FFF
FFE00FFF
FFF00FFF
FFF01FFF
FFFC3FFF
FFFFFFFF
FFFFFFFF
FFFFFFFF
FFFFFFFF
FFFFFFFF
FFFFFFFF
FFFFFFFF
ENDCHAR
STARTCHAR U+7B2C
ENCODING 31532
SWIDTH 500 0
DWIDTH 32 0
BBX 32 56 0 0
BITMAP
FFFFFFFF
FFFFFFFF
FFFFFFFF
FFFFFFFF
FFFFFFFF
FFFFFFFF
FFFFFFFF
FFFFFFFF
FFF80FFF
FFE001FF
FF8000FF
FF00007F
FE00003F
FE00001F
FC00001F
FC00801F
F803E00F
F803F00F
F807F00F
F807F00F
F807F00F
FFFFE00F
FFFFE00F
FFFFC01F
FFFF801F
FFFF003F
FFFE007F
FFFC007F
FFF801FF
FFF803FF
FFF007FF
FFF00FFF
FFF00FFF
FFF00FFF
FFF00FFF
FFF00FFF
FFFFFFFF
FFFFFFFF
FFFFFFFF
FFFFFFFF
FFFC3FFF
FFF01FFF
FFF00FFF
FFE00FFF
FFE00FFF
FFE00FFF
FFF00FFF
FFF01FFF
FFFC3FFF
FFFFFFFF
FFFFFFFF
FFFFFFFF
FFFFFFFF
FFFFFFFF
FFFFFFFF
FFFFFFFF
ENDCHAR
STARTCHAR U+7C97
ENCODING 31895
SWIDTH 500 0
DWIDTH 32 0
BBX 32 56 0 0
BITMAP
FFFFFFFF
FFFFFFFF
FFFFFFFF
FFFFFFFF
FFFFFFFF
FFFFFFFF
FFFFFFFF
FFFFFFFF
FFF80FFF
FFE001FF
FF8000FF
FF00007F
FE00003F
FE00001F
FC00001F
FC00801F
F803E00F
F803F00F
F807F00F
F807F00F
F807F00F
FFFFE00F
FFFFE00F
FFFFC01F
FFFF801F
FFFF003F
FFFE007F
FFFC007F
FFF801FF
FFF803FF
FFF007FF
FFF00FFF
FFF00FFF
FFF00FFF
FFF00FFF
FFF00FFF
FFFFFFFF
FFFFFFFF
FFFFFFFF
FFFFFFFF
FFFC3FFF
FFF01FFF
FFF00FFF
FFE00FFF
FFE00FFF
FFE00FFF
FFF00FFF
FFF01FFF
FFFC3FFF
FFFFFFFF
FFFFFFFF
FFFFFFFF
FFFFFFFF
FFFFFFFF
FFFFFFFF
FFFFFFFF
ENDCHAR
STARTCHAR U+7D20
ENCODING 32032
SWIDTH 500 0
DWIDTH 32 0
BBX 32 56 0 0
BITMAP
FFFFFFFF
FFFFFFFF
FFFFFFFF
FFFFFFFF
FFFFFFFF
FFFFFFFF
FFFFFFFF
FFFFFFFF
FFF80FFF
FFE001FF
FF8000FF
FF00007F
FE00003F
FE00001F
FC00001F
FC00801F
F803E00F
F803F00F
F807F00F
F807F00F
F807F00F
FFFFE00F
FFFFE00F
FFFFC01F
FFFF801F
FFFF003F
FFFE007F
FFFC007F
FFF801FF
FFF803FF
FFF007FF
FFF00FFF
FFF00FFF
FFF00FFF
FFF00FFF
FFF00FFF
FFFFFFFF
FFFFFFFF
FFFFFFFF
FFFFFFFF
FFFC3FFF
FFF01FFF
FFF00FFF
FFE00FFF
FFE00FFF
FFE00FFF
FFF00FFF
FFF01FFF
FFFC3FFF
FFFFFFFF
FFFFFFFF
FFFFFFFF
FFFFFFFF
FFFFFFFF
FFFFFFFF
FFFFFFFF
ENDCHAR
STARTCHAR U+7EA2
ENCODING 32418
SWIDTH 500 0
DWIDTH 32 0
BBX 32 56 0 0
BITMAP
FFFFFFFF
FFFFFFFF
FFFFFFFF
FFFFFFFF
FFFFFFFF
FFFFFFFF
FFFFFFFF
FFFFFFFF
FFF80FFF
FFE001FF
FF8000FF
FF00007F
FE00003F
FE00001F
FC00001F
FC00801F
F803E00F
F803F00F
F807F00F
F807F00F
F807F00F
FFFFE00F
FFFFE00F
FFFFC01F
FFFF801F
FFFF003F
FFFE007F
FFFC007F
FFF801FF
FFF803FF
FFF007FF
FFF00FFF
FFF00FFF
FFF00FFF
FFF00FFF
FFF00FFF
FFFFFFFF
FFFFFFFF
FFFFFFFF
FFFFFFFF
FFFC3FFF
FFF01FFF
FFF00FFF
FFE00FFF
FFE00FFF
FFE00FFF
FFF00FFF
FFF01FFF
FFFC3FFF
FFFFFFFF
FFFFFFFF
FFFFFFFF
FFFFFFFF
FFFFFFFF
FFFFFFFF
FFFFFFFF
ENDCHAR
STARTCHAR U+7F29
ENCODING 32553
SWIDTH 500 0
DWIDTH 32 0
BBX 32 56 0 0
BITMAP
FFFFFFFF
FFFFFFFF
FFFFFFFF
FFFFFFFF
FFFFFFFF
FFFFFFFF
FFFFFFFF
FFFFFFFF
FFF80FFF
FFE001FF
FF8000FF
FF00007F
FE00003F
FE00001F
FC00001F
FC00801F
F803E00F
F803F00F
F807F00F
F807F00F
F807F00F
FFFFE00F
FFFFE00F
FFFFC01F
FFFF801F
FFFF003F
FFFE007F
FFFC007F
FFF801FF
FFF803FF
FFF007FF
FFF00FFF
FFF00FFF
FFF00FFF
FFF00FFF
FFF00FFF
FFFFFFFF
FFFFFFFF
FFFFFFFF
FFFFFFFF
FFFC3FFF
FFF01FFF
FFF00FFF
FFE00FFF
FFE00FFF
FFE00FFF
FFF00FFF
FFF01FFF
FFFC3FFF
FFFFFFFF
FFFFFFFF
FFFFFFFF
FFFFFFFF
FFFFFFFF
FFFFFFFF
FFFFFFFF
ENDCHAR
STARTCHAR U+8003
ENCODING 32771
SWIDTH 500 0
DWIDTH 32 0
BBX 32 56 0 0
BITMAP
FFFFFFFF
FFFFFFFF
FFFFFFFF
FFFFFFFF
FFFFFFFF
FFFFFFFF
FFFFFFFF
FFFFFFFF
FFF80FFF
FFE001FF
FF8000FF
FF00007F
FE00003F
FE00001F
FC00001F
FC00801F
F803E00F
F803F00F
F807F00F
F807F00F
F807F00F
FFFFE00F
FFFFE00F
FFFFC01F
FFFF801F
FFFF003F
FFFE007F
FFFC007F
FFF801FF
FFF803FF
FFF007FF
FFF00FFF
FFF00FFF
FFF00FFF
FFF00FFF
FFF00FFF
FFFFFFFF
FFFFFFFF
FFFFFFFF
FFFFFFFF
FFFC3FFF
FFF01FFF
FFF00FFF
FFE00FFF
FFE00FFF
FFE00FFF
FFF00FFF
FFF01FFF
FFFC3FFF
FFFFFFFF
FFFFFFFF
FFFFFFFF
FFFFFFFF
FFFFFFFF
FFFFFFFF
FFFFFFFF
ENDCHAR
STARTCHAR U+884C
ENCODING 34892
SWIDTH 500 0
DWIDTH 32 0
BBX 32 56 0 0
BITMAP
FFFFFFFF
FFFFFFFF
FFFFFFFF
FFFFFFFF
FFFFFFFF
FFFFFFFF
FFFFFFFF
FFFFFFFF
FFF80FFF
FFE001FF
FF8000FF
FF00007F
FE00003F
FE00001F
FC00001F
FC00801F
F803E00F
F803F00F
F807F00F
F807F00F
F807F00F
FFFFE00F
FFFFE00F
FFFFC01F
FFFF801F
FFFF003F
FFFE007F
FFFC007F
FFF801FF
FFF803FF
FFF007FF
FFF00FFF
FFF00FFF
FFF00FFF
FFF00FFF
FFF00FFF
FFFFFFFF
FFFFFFFF
FFFFFFFF
FFFFFFFF
FFFC3FFF
FFF01FFF
FFF00FFF
FFE00FFF
FFE00FFF
FFE00FFF
FFF00FFF
FFF01FFF
FFFC3FFF
FFFFFFFF
FFFFFFFF
FFFFFFFF
FFFFFFFF
FFFFFFFF
FFFFFFFF
FFFFFFFF
ENDCHAR
STARTCHAR U+8C37
ENCODING 35895
SWIDTH 500 0
DWIDTH 32 0
BBX 32 56 0 0
BITMAP
FFFFFFFF
FFFFFFFF
FFFFFFFF
FFFFFFFF
FFFFFFFF
FFFFFFFF
FFFFFFFF
FFFFFFFF
FFF80FFF
FFE001FF
FF8000FF
FF00007F
FE00003F
FE00001F
FC00001F
FC00801F
F803E00F
F803F00F
F807F00F
F807F00F
F807F00F
FFFFE00F
FFFFE00F
FFFFC01F
FFFF801F
FFFF003F
FFFE007F
FFFC007F
FFF801FF
FFF803FF
FFF007FF
FFF00FFF
FFF00FFF
FFF00FFF
FFF00FFF
FFF00FFF
FFFFFFFF
FFFFFFFF
FFFFFFFF
FFFFFFFF
FFFC3FFF
FFF01FFF
FFF00FFF
FFE00FFF
FFE00FFF
FFE00FFF
FFF00FFF
FFF01FFF
FFFC3FFF
FFFFFFFF
FFFFFFFF
FFFFFFFF
FFFFFFFF
FFFFFFFF
FFFFFFFF
FFFFFFFF
ENDCHAR
STARTCHAR U+9635
ENCODING 38453
SWIDTH 500 0
DWIDTH 32 0
BBX 32 56 0 0
BITMAP
FFFFFFFF
FFFFFFFF
FFFFFFFF
FFFFFFFF
FFFFFFFF
FFFFFFFF
FFFFFFFF
FFFFFFFF
FFF80FFF
FFE001FF
FF8000FF
FF00007F
FE00003F
FE00001F
FC00001F
FC00801F
F803E00F
F803F00F
F807F00F
F807F00F
F807F00F
FFFFE00F
FFFFE00F
FFFFC01F
FFFF801F
FFFF003F
FFFE007F
FFFC007F
FFF801FF
FFF803FF
FFF007FF
FFF00FFF
FFF00FFF
FFF00FFF
FFF00FFF
FFF00FFF
FFFFFFFF
FFFFFFFF
FFFFFFFF
FFFFFFFF
FFFC3FFF
FFF01FFF
FFF00FFF
FFE00FFF
FFE00FFF
FFE00FFF
FFF00FFF
FFF01FFF
FFFC3FFF
FFFFFFFF
FFFFFFFF
FFFFFFFF
FFFFFFFF
FFFFFFFF
FFFFFFFF
FFFFFFFF
ENDCHAR
STARTCHAR U+96E8
ENCODING 38632
SWIDTH 500 0
DWIDTH 32 0
BBX 32 56 0 0
BITMAP
FFFFFFFF
FFFFFFFF
FFFFFFFF
FFFFFFFF
FFFFFFFF
FFFFFFFF
FFFFFFFF
FFFFFFFF
FFF80FFF
FFE001FF
FF8000FF
FF00007F
FE00003F
FE00001F
FC00001F
FC00801F
F803E00F
F803F00F
F807F00F
F807F00F
F807F00F
FFFFE00F
FFFFE00F
FFFFC01F
FFFF801F
FFFF003F
FFFE007F
FFFC007F
FFF801FF
FFF803FF
FFF007FF
FFF00FFF
FFF00FFF
FFF00FFF
FFF00FFF
FFF00FFF
FFFFFFFF
FFFFFFFF
FFFFFFFF
FFFFFFFF
FFFC3FFF
FFF01FFF
FFF00FFF
FFE00FFF
FFE00FFF
FFE00FFF
FFF00FFF
FFF01FFF
FFFC3FFF
FFFFFFFF
FFFFFFFF
FFFFFFFF
FFFFFFFF
FFFFFFFF
FFFFFFFF
FFFFFFFF
ENDCHAR
STARTCHAR U+971C
ENCODING 38684
SWIDTH 500 0
DWIDTH 32 0
BBX 32 56 0 0
BITMAP
FFFFFFFF
FFFFFFFF
FFFFFFFF
FFFFFFFF
FFFFFFFF
FFFFFFFF
FFFFFFFF
FFFFFFFF
FFF80FFF
FFE001FF
FF8000FF
FF00007F
FE00003F
FE00001F
FC00001F
FC00801F
F803E00F
F803F00F
F807F00F
F807F00F
F807F00F
FFFFE00F
FFFFE00F
FFFFC01F
FFFF801F
FFFF003F
FFFE007F
FFFC007F
FFF801FF
FFF803FF
FFF007FF
FFF00FFF
FFF00FFF
FFF00FFF
FFF00FFF
FFF00FFF
FFFFFFFF
FFFFFFFF
FFFFFFFF
FFFFFFFF
FFFC3FFF
FFF01FFF
FFF00FFF
FFE00FFF
FFE00FFF
FFE00FFF
FFF00FFF
FFF01FFF
FFFC3FFF
FFFFFFFF
FFFFFFFF
FFFFFFFF
FFFFFFFF
FFFFFFFF
FFFFFFFF
FFFFFFFF
ENDCHAR
STARTCHAR U+971E
ENCODING 38686
SWIDTH 500 0
DWIDTH 32 0
BBX 32 56 0 0
BITMAP
FFFFFFFF
FFFFFFFF
FFFFFFFF
FFFFFFFF
FFFFFFFF
FFFFFFFF
FFFFFFFF
FFFFFFFF
FFF80FFF
FFE001FF
FF8000FF
FF00007F
FE00003F
FE00001F
FC00001F
FC00801F
F803E00F
F803F00F
F807F00F
F807F00F
F807F00F
FFFFE00F
FFFFE00F
FFFFC01F
FFFF801F
FFFF003F
FFFE007F
FFFC007F
FFF801FF
FFF803FF
FFF007FF
FFF00FFF
FFF00FFF
FFF00FFF
FFF00FFF
FFF00FFF
FFFFFFFF
FFFFFFFF
FFFFFFFF
FFFFFFFF
FFFC3FFF
FFF01FFF
FFF00FFF
FFE00FFF
FFE00FFF
FFE00FFF
FFF00FFF
FFF01FFF
FFFC3FFF
FFFFFFFF
FFFFFFFF
FFFFFFFF
FFFFFFFF
FFFFFFFF
FFFFFFFF
FFFFFFFF
ENDCHAR
STARTCHAR U+9732
ENCODING 38706
SWIDTH 500 0
DWIDTH 32 0
BBX 32 56 0 0
BITMAP
FFFFFFFF
FFFFFFFF
FFFFFFFF
FFFFFFFF
FFFFFFFF
FFFFFFFF
FFFFFFFF
FFFFFFFF
FFF80FFF
FFE001FF
FF8000FF
FF00007F
FE00003F
FE00001F
FC00001F
FC00801F
F803E00F
F803F00F
F807F00F
F807F00F
F807F00F
FFFFE00F
FFFFE00F
FFFFC01F
FFFF801F
FFFF003F
FFFE007F
FFFC007F
FFF801FF
FFF803FF
FFF007FF
FFF00FFF
FFF00FFF
FFF00FFF
FFF00FFF
FFF00FFF
FFFFFFFF
FFFFFFFF
FFFFFFFF
FFFFFFFF
FFFC3FFF
FFF01FFF
FFF00FFF
FFE00FFF
FFE00FFF
FFE00FFF
FFF00FFF
FFF01FFF
FFFC3FFF
FFFFFFFF
FFFFFFFF
FFFFFFFF
FFFFFFFF
FFFFFFFF
FFFFFFFF
FFFFFFFF
ENDCHAR
STARTCHAR U+9879
ENCODING 39033
SWIDTH 500 0
DWIDTH 32 0
BBX 32 56 0 0
BITMAP
FFFFFFFF
FFFFFFFF
FFFFFFFF
FFFFFFFF
FFFFFFFF
FFFFFFFF
FFFFFFFF
FFFFFFFF
FFF80FFF
FFE001FF
FF8000FF
FF00007F
FE00003F
FE00001F
FC00001F
FC00801F
F803E00F
F803F00F
F807F00F
F807F00F
F807F00F
FFFFE00F
FFFFE00F
FFFFC01F
FFFF801F
FFFF003F
FFFE007F
FFFC007F
FFF801FF
FFF803FF
FFF007FF
FFF00FFF
FFF00FFF
FFF00FFF
FFF00FFF
FFF00FFF
FFFFFFFF
FFFFFFFF
FFFFFFFF
FFFFFFFF
FFFC3FFF
FFF01FFF
FFF00FFF
FFE00FFF
FFE00FFF
FFE00FFF
FFF00FFF
FFF01FFF
FFFC3FFF
FFFFFFFF
FFFFFFFF
FFFFFFFF
FFFFFFFF
FFFFFFFF
FFFFFFFF
FFFFFFFF
ENDCHAR
STARTCHAR U+9A6C
ENCODING 39532
SWIDTH 500 0
DWIDTH 32 0
BBX 32 56 0 0
BITMAP
FFFFFFFF
FFFFFFFF
FFFFFFFF
FFFFFFFF
FFFFFFFF
FFFFFFFF
FFFFFFFF
FFFFFFFF
FFF80FFF
FFE001FF
FF8000FF
FF00007F
FE00003F
FE00001F
FC00001F
FC00801F
F803E00F
F803F00F
F807F00F
F807F00F
F807F00F
FFFFE00F
FFFFE00F
FFFFC01F
FFFF801F
FFFF003F
FFFE007F
FFFC007F
FFF801FF
FFF803FF
FFF007FF
FFF00FFF
FFF00FFF
FFF00FFF
FFF00FFF
FFF00FFF
FFFFFFFF
FFFFFFFF
FFFFFFFF
FFFFFFFF
FFFC3FFF
FFF01FFF
FFF00FFF
FFE00FFF
FFE00FFF
FFE00FFF
FFF00FFF
FFF01FFF
FFFC3FFF
FFFFFFFF
FFFFFFFF
FFFFFFFF
FFFFFFFF
FFFFFFFF
FFFFFFFF
FFFFFFFF
ENDCHAR
STARTCHAR U+9A7F
ENCODING 39551
SWIDTH 500 0
DWIDTH 32 0
BBX 32 56 0 0
BITMAP
FFFFFFFF
FFFFFFFF
FFFFFFFF
FFFFFFFF
FFFFFFFF
FFFFFFFF
FFFFFFFF
FFFFFFFF
FFF80FFF
FFE001FF
FF8000FF
FF00007F
FE00003F
FE00001F
FC00001F
FC00801F
F803E00F
F803F00F
F807F00F
F807F00F
F807F00F
FFFFE00F
FFFFE00F
FFFFC01F
FFFF801F
FFFF003F
FFFE007F
FFFC007F
FFF801FF
FFF803FF
FFF007FF
FFF00FFF
FFF00FFF
FFF00FFF
FFF00FFF
FFF00FFF
FFFFFFFF
FFFFFFFF
FFFFFFFF
FFFFFFFF
FFFC3FFF
FFF01FFF
FFF00FFF
FFE00FFF
FFE00FFF
FFE00FFF
FFF00FFF
FFF01FFF
FFFC3FFF
FFFFFFFF
FFFFFFFF
FFFFFFFF
FFFFFFFF
FFFFFFFF
FFFFFFFF
FFFFFFFF
ENDCHAR
STARTCHAR U+9E5C
ENCODING 40540
SWIDTH 500 0
DWIDTH 32 0
BBX 32 56 0 0
BITMAP
FFFFFFFF
FFFFFFFF
FFFFFFFF
FFFFFFFF
FFFFFFFF
FFFFFFFF
FFFFFFFF
FFFFFFFF
FFF80FFF
FFE001FF
FF8000FF
FF00007F
FE00003F
FE00001F
FC00001F
FC00801F
F803E00F
F803F00F
F807F00F
F807F00F
F807F00F
FFFFE00F
FFFFE00F
FFFFC01F
FFFF801F
FFFF003F
FFFE007F
FFFC007F
FFF801FF
FFF803FF
FFF007FF
FFF00FFF
FFF00FFF
FFF00FFF
FFF00FFF
FFF00FFF
FFFFFFFF
FFFFFFFF
FFFFFFFF
FFFFFFFF
FFFC3FFF
FFF01FFF
FFF00FFF
FFE00FFF
FFE00FFF
FFE00FFF
FFF00FFF
FFF01FFF
FFFC3FFF
FFFFFFFF
FFFFFFFF
FFFFFFFF
FFFFFFFF
FFFFFFFF
FFFFFFFF
FFFFFFFF
ENDCHAR
STARTCHAR U+9ED1
ENCODING 40657
SWIDTH 500 0
DWIDTH 32 0
BBX 32 56 0 0
BITMAP
FFFFFFFF
FFFFFFFF
FFFFFFFF
FFFFFFFF
FFFFFFFF
FFFFFFFF
FFFFFFFF
FFFFFFFF
FFF80FFF
FFE001FF
FF8000FF
FF00007F
FE00003F
FE00001F
FC00001F
FC00801F
F803E00F
F803F00F
F807F00F
F807F00F
F807F00F
FFFFE00F
FFFFE00F
FFFFC01F
FFFF801F
FFFF003F
FFFE007F
FFFC007F
FFF801FF
FFF803FF
FFF007FF
FFF00FFF
FFF00FFF
FFF00FFF
FFF00FFF
FFF00FFF
FFFFFFFF
FFFFFFFF
FFFFFFFF
FFFFFFFF
FFFC3FFF
FFF01FFF
FFF00FFF
FFE00FFF
FFE00FFF
FFE00FFF
FFF00FFF
FFF01FFF
FFFC3FFF
FFFFFFFF
FFFFFFFF
FFFFFFFF
FFFFFFFF
FFFFFFFF
FFFFFFFF
FFFFFFFF
ENDCHAR
STARTCHAR U+FF08
ENCODING 65288
SWIDTH 500 0
DWIDTH 32 0
BBX 32 56 0 0
BITMAP
FFFFFFFF
FFFFFFFF
FFFFFFFF
FFFFFFFF
FFFFFFFF
FFFFFFFF
FFFFFFFF
FFFFFFFF
FFF80FFF
FFE001FF
FF8000FF
FF00007F
FE00003F
FE00001F
FC00001F
FC00801F
F803E00F
F803F00F
F807F00F
F807F00F
F807F00F
FFFFE00F
FFFFE00F
FFFFC01F
FFFF801F
FFFF003F
FFFE007F
FFFC007F
FFF801FF
FFF803FF
FFF007FF
FFF00FFF
FFF00FFF
FFF00FFF
FFF00FFF
FFF00FFF
FFFFFFFF
FFFFFFFF
FFFFFFFF
FFFFFFFF
FFFC3FFF
FFF01FFF
FFF00FFF
FFE00FFF
FFE00FFF
FFE00FFF
FFF00FFF
FFF01FFF
FFFC3FFF
FFFFFFFF
FFFFFFFF
FFFFFFFF
FFFFFFFF
FFFFFFFF
FFFFFFFF
FFFFFFFF
ENDCHAR
STARTCHAR U+FF09
ENCODING 65289
SWIDTH 500 0
DWIDTH 32 0
BBX 32 56 0 0
BITMAP
FFFFFFFF
FFFFFFFF
FFFFFFFF
FFFFFFFF
FFFFFFFF
FFFFFFFF
FFFFFFFF
FFFFFFFF
FFF80FFF
FFE001FF
FF8000FF
FF00007F
FE00003F
FE00001F
FC00001F
FC00801F
F803E00F
F803F00F
F807F00F
F807F00F
F807F00F
FFFFE00F
FFFFE00F
FFFFC01F
FFFF801F
FFFF003F
FFFE007F
FFFC007F
FFF801FF
FFF803FF
FFF007FF
FFF00FFF
FFF00FFF
FFF00FFF
FFF00FFF
FFF00FFF
FFFFFFFF
FFFFFFFF
FFFFFFFF
FFFFFFFF
FFFC3FFF
FFF01FFF
FFF00FFF
FFE00FFF
FFE00FFF
FFE00FFF
FFF00FFF
FFF01FFF
FFFC3FFF
FFFFFFFF
FFFFFFFF
FFFFFFFF
FFFFFFFF
FFFFFFFF
FFFFFFFF
FFFFFFFF
ENDCHAR
STARTCHAR U+FF0C
ENCODING 65292
SWIDTH 500 0
DWIDTH 32 0
BBX 32 56 0 0
BITMAP
FFFFFFFF
FFFFFFFF
FFFFFFFF
FFFFFFFF
FFFFFFFF
FFFFFFFF
FFFFFFFF
FFFFFFFF
FFF80FFF
FFE001FF
FF8000FF
FF00007F
FE00003F
FE00001F
FC00001F
FC00801F
F803E00F
F803F00F
F807F00F
F807F00F
F807F00F
FFFFE00F
FFFFE00F
FFFFC01F
FFFF801F
FFFF003F
FFFE007F
FFFC007F
FFF801FF
FFF803FF
FFF007FF
FFF00FFF
FFF00FFF
FFF00FFF
FFF00FFF
FFF00FFF
FFFFFFFF
FFFFFFFF
FFFFFFFF
FFFFFFFF
FFFC3FFF
FFF01FFF
FFF00FFF
FFE00FFF
FFE00FFF
FFE00FFF
FFF00FFF
FFF01FFF
FFFC3FFF
FFFFFFFF
FFFFFFFF
FFFFFFFF
FFFFFFFF
FFFFFFFF
FFFFFFFF
FFFFFFFF
ENDCHAR
STARTCHAR U+FF1A
ENCODING 65306
SWIDTH 500 0
DWIDTH 32 0
BBX 32 56 0 0
BITMAP
FFFFFFFF
FFFFFFFF
FFFFFFFF
FFFFFFFF
FFFFFFFF
FFFFFFFF
FFFFFFFF
FFFFFFFF
FFF80FFF
FFE001FF
FF8000FF
FF00007F
FE00003F
FE00001F
FC00001F
FC00801F
F803E00F
F803F00F
F807F00F
F807F00F
F807F00F
FFFFE00F
FFFFE00F
FFFFC01F
FFFF801F
FFFF003F
FFFE007F
FFFC007F
FFF801FF
FFF803FF
FFF007FF
FFF00FFF
FFF00FFF
FFF00FFF
FFF00FFF
FFF00FFF
FFFFFFFF
FFFFFFFF
FFFFFFFF
FFFFFFFF
FFFC3FFF
FFF01FFF
FFF00FFF
FFE00FFF
FFE00FFF
FFE00FFF
FFF00FFF
FFF01FFF
FFFC3FFF
FFFFFFFF
FFFFFFFF
FFFFFFFF
FFFFFFFF
FFFFFFFF
FFFFFFFF
FFFFFFFF
ENDCHAR
ENDFONT
