// Generated by tools/make_cert_bundle.py from tools/certs/ -- do not edit.
// Root certificates trusted for HTTPS (38, 17467 bytes):
//   CN=Amazon Root CA 1,O=Amazon,C=US                                       until 2038-01  sha1 8da7f965ec5efc37
//   CN=GlobalSign Root R46,O=GlobalSign nv-sa,C=BE                          until 2046-03  sha1 53a2b04bca6bd645
//   CN=GTS Root R1,O=Google Trust Services LLC,C=US                         until 2036-06  sha1 e58c1cc4913b3863
//   CN=GTS Root R4,O=Google Trust Services LLC,C=US                         until 2036-06  sha1 77d30367b5e00c15
//   CN=GlobalSign,O=GlobalSign,OU=GlobalSign Root CA - R3                   until 2029-03  sha1 d69b561148f01c77
//   CN=GlobalSign,O=GlobalSign,OU=GlobalSign Root CA - R6                   until 2034-12  sha1 8094640eb5a7a1ca
//   CN=ISRG Root X1,O=Internet Security Research Group,C=US                 until 2035-06  sha1 cabd2a79a1076a31
//   CN=ISRG Root X2,O=Internet Security Research Group,C=US                 until 2040-09  sha1 bdb1b93cd5978d45
//   CN=GlobalSign,O=GlobalSign,OU=GlobalSign ECC Root CA - R5               until 2038-01  sha1 1f24c630cda418ef
//   CN=CFCA EV ROOT,O=China Financial Certification Authority,C=CN          until 2029-12  sha1 e2b8294b5584ab6b
//   CN=GlobalSign Root CA,OU=Root CA,O=GlobalSign nv-sa,C=BE                until 2028-01  sha1 b1bc968bd4f49d62
//   CN=Sectigo Public Server Authentication Root E46,O=Sectigo Limited,C=G  until 2046-03  sha1 ec8a396c40f02ebc
//   CN=Sectigo Public Server Authentication Root R46,O=Sectigo Limited,C=G  until 2046-03  sha1 ad98f9f3e47d753b
//   CN=DigiCert Global Root CA,OU=www.digicert.com,O=DigiCert Inc,C=US      until 2031-11  sha1 a8985d3a65e5e5c4
//   CN=DigiCert Global Root G2,OU=www.digicert.com,O=DigiCert Inc,C=US      until 2038-01  sha1 df3c24f9bfd66676
//   CN=DigiCert Global Root G3,OU=www.digicert.com,O=DigiCert Inc,C=US      until 2038-01  sha1 7e04de896a3e666d
//   CN=DigiCert Trusted Root G4,OU=www.digicert.com,O=DigiCert Inc,C=US     until 2038-01  sha1 ddfb16cd4931c973
//   CN=DigiCert Assured ID Root CA,OU=www.digicert.com,O=DigiCert Inc,C=US  until 2031-11  sha1 0563b8630d62d75a
//   CN=Microsoft ECC Root Certificate Authority 2017,O=Microsoft Corporati  until 2042-07  sha1 999a64c37ff47d9f
//   CN=Microsoft RSA Root Certificate Authority 2017,O=Microsoft Corporati  until 2042-07  sha1 73a5e64a3bff8316
//   CN=Actalis Authentication Root CA,O=Actalis S.p.A./03358520967,L=Milan  until 2030-09  sha1 f373b387065a2884
//   CN=DigiCert High Assurance EV Root CA,OU=www.digicert.com,O=DigiCert I  until 2031-11  sha1 5fb7ee0633e259db
//   CN=AAA Certificate Services,O=Comodo CA Limited,L=Salford,ST=Greater M  until 2028-12  sha1 d1eb23a46d17d68f
//   CN=SSL.com Root Certification Authority ECC,O=SSL Corporation,L=Housto  until 2041-02  sha1 c3197c3924e654af
//   CN=SSL.com Root Certification Authority RSA,O=SSL Corporation,L=Housto  until 2041-02  sha1 b7ab3308d1ea4477
//   CN=Certum Trusted Network CA,OU=Certum Certification Authority,O=Unize  until 2029-12  sha1 07e032e020b72c3f
//   CN=Certum Trusted Network CA 2,OU=Certum Certification Authority,O=Uni  until 2046-10  sha1 d3dd483e2bbf4c05
//   CN=SSL.com EV Root Certification Authority RSA R2,O=SSL Corporation,L=  until 2042-05  sha1 743af0529bd032a0
//   CN=Go Daddy Root Certificate Authority - G2,O=GoDaddy.com\, Inc.,L=Sco  until 2037-12  sha1 47beabc922eae80e
//   CN=COMODO ECC Certification Authority,O=COMODO CA Limited,L=Salford,ST  until 2038-01  sha1 9f744e9f2b4dbaec
//   CN=COMODO RSA Certification Authority,O=COMODO CA Limited,L=Salford,ST  until 2038-01  sha1 afe5d244a8d11942
//   CN=USERTrust ECC Certification Authority,O=The USERTRUST Network,L=Jer  until 2038-01  sha1 d1cbca5db2d52a7f
//   CN=USERTrust RSA Certification Authority,O=The USERTRUST Network,L=Jer  until 2038-01  sha1 2b8f1b57330dbba2
//   CN=Starfield Root Certificate Authority - G2,O=Starfield Technologies\  until 2037-12  sha1 b51c067cee2b0c3d
//   CN=Starfield Services Root Certificate Authority - G2,O=Starfield Tech  until 2037-12  sha1 925a8f8d2c6d04e0
//   CN=Entrust.net Certification Authority (2048),OU=(c) 1999 Entrust.net   until 2029-07  sha1 503006091d97d4f5
//   CN=Entrust Root Certification Authority - G2,OU=(c) 2009 Entrust\, Inc  until 2030-12  sha1 8cf427fd790c3ad1
//   CN=Entrust Root Certification Authority - EC1,OU=(c) 2012 Entrust\, In  until 2037-12  sha1 20d80640df9b25f5
#include "cert_bundle.h"

const uint8_t CERT_BUNDLE[] = {
  0x00, 0x26, 0x00, 0x3b, 0x01, 0x26, 0x30, 0x39, 0x31, 0x0b, 0x30, 0x09, 0x06, 0x03, 0x55, 0x04, 0x06, 0x13, 0x02, 0x55,
  0x53, 0x31, 0x0f, 0x30, 0x0d, 0x06, 0x03, 0x55, 0x04, 0x0a, 0x13, 0x06, 0x41, 0x6d, 0x61, 0x7a, 0x6f, 0x6e, 0x31, 0x19,
  0x30, 0x17, 0x06, 0x03, 0x55, 0x04, 0x03, 0x13, 0x10, 0x41, 0x6d, 0x61, 0x7a, 0x6f, 0x6e, 0x20, 0x52, 0x6f, 0x6f, 0x74,
  0x20, 0x43, 0x41, 0x20, 0x31, 0x30, 0x82, 0x01, 0x22, 0x30, 0x0d, 0x06, 0x09, 0x2a, 0x86, 0x48, 0x86, 0xf7, 0x0d, 0x01,
  0x01, 0x01, 0x05, 0x00, 0x03, 0x82, 0x01, 0x0f, 0x00, 0x30, 0x82, 0x01, 0x0a, 0x02, 0x82, 0x01, 0x01, 0x00, 0xb2, 0x78,
  0x80, 0x71, 0xca, 0x78, 0xd5, 0xe3, 0x71, 0xaf, 0x47, 0x80, 0x50, 0x74, 0x7d, 0x6e, 0xd8, 0xd7, 0x88, 0x76, 0xf4, 0x99,
  0x68, 0xf7, 0x58, 0x21, 0x60, 0xf9, 0x74, 0x84, 0x01, 0x2f, 0xac, 0x02, 0x2d, 0x86, 0xd3, 0xa0, 0x43, 0x7a, 0x4e, 0xb2,
  0xa4, 0xd0, 0x36, 0xba, 0x01, 0xbe, 0x8d, 0xdb, 0x48, 0xc8, 0x07, 0x17, 0x36, 0x4c, 0xf4, 0xee, 0x88, 0x23, 0xc7, 0x3e,
  0xeb, 0x37, 0xf5, 0xb5, 0x19, 0xf8, 0x49, 0x68, 0xb0, 0xde, 0xd7, 0xb9, 0x76, 0x38, 0x1d, 0x61, 0x9e, 0xa4, 0xfe, 0x82,
  0x36, 0xa5, 0xe5, 0x4a, 0x56, 0xe4, 0x45, 0xe1, 0xf9, 0xfd, 0xb4, 0x16, 0xfa, 0x74, 0xda, 0x9c, 0x9b, 0x35, 0x39, 0x2f,
  0xfa, 0xb0, 0x20, 0x50, 0x06, 0x6c, 0x7a, 0xd0, 0x80, 0xb2, 0xa6, 0xf9, 0xaf, 0xec, 0x47, 0x19, 0x8f, 0x50, 0x38, 0x07,
  0xdc, 0xa2, 0x87, 0x39, 0x58, 0xf8, 0xba, 0xd5, 0xa9, 0xf9, 0x48, 0x67, 0x30, 0x96, 0xee, 0x94, 0x78, 0x5e, 0x6f, 0x89,
  0xa3, 0x51, 0xc0, 0x30, 0x86, 0x66, 0xa1, 0x45, 0x66, 0xba, 0x54, 0xeb, 0xa3, 0xc3, 0x91, 0xf9, 0x48, 0xdc, 0xff, 0xd1,
  0xe8, 0x30, 0x2d, 0x7d, 0x2d, 0x74, 0x70, 0x35, 0xd7, 0x88, 0x24, 0xf7, 0x9e, 0xc4, 0x59, 0x6e, 0xbb, 0x73, 0x87, 0x17,
  0xf2, 0x32, 0x46, 0x28, 0xb8, 0x43, 0xfa, 0xb7, 0x1d, 0xaa, 0xca, 0xb4, 0xf2, 0x9f, 0x24, 0x0e, 0x2d, 0x4b, 0xf7, 0x71,
  0x5c, 0x5e, 0x69, 0xff, 0xea, 0x95, 0x02, 0xcb, 0x38, 0x8a, 0xae, 0x50, 0x38, 0x6f, 0xdb, 0xfb, 0x2d, 0x62, 0x1b, 0xc5,
  0xc7, 0x1e, 0x54, 0xe1, 0x77, 0xe0, 0x67, 0xc8, 0x0f, 0x9c, 0x87, 0x23, 0xd6, 0x3f, 0x40, 0x20, 0x7f, 0x20, 0x80, 0xc4,
  0x80, 0x4c, 0x3e, 0x3b, 0x24, 0x26, 0x8e, 0x04, 0xae, 0x6c, 0x9a, 0xc8, 0xaa, 0x0d, 0x02, 0x03, 0x01, 0x00, 0x01, 0x00,
  0x48, 0x02, 0x26, 0x30, 0x46, 0x31, 0x0b, 0x30, 0x09, 0x06, 0x03, 0x55, 0x04, 0x06, 0x13, 0x02, 0x42, 0x45, 0x31, 0x19,
  0x30, 0x17, 0x06, 0x03, 0x55, 0x04, 0x0a, 0x13, 0x10, 0x47, 0x6c, 0x6f, 0x62, 0x61, 0x6c, 0x53, 0x69, 0x67, 0x6e, 0x20,
  0x6e, 0x76, 0x2d, 0x73, 0x61, 0x31, 0x1c, 0x30, 0x1a, 0x06, 0x03, 0x55, 0x04, 0x03, 0x13, 0x13, 0x47, 0x6c, 0x6f, 0x62,
  0x61, 0x6c, 0x53, 0x69, 0x67, 0x6e, 0x20, 0x52, 0x6f, 0x6f, 0x74, 0x20, 0x52, 0x34, 0x36, 0x30, 0x82, 0x02, 0x22, 0x30,
  0x0d, 0x06, 0x09, 0x2a, 0x86, 0x48, 0x86, 0xf7, 0x0d, 0x01, 0x01, 0x01, 0x05, 0x00, 0x03, 0x82, 0x02, 0x0f, 0x00, 0x30,
  0x82, 0x02, 0x0a, 0x02, 0x82, 0x02, 0x01, 0x00, 0xac, 0xac, 0x74, 0x32, 0xe8, 0xb3, 0x65, 0xe5, 0xba, 0xed, 0x43, 0x26,
  0x1d, 0xa6, 0x89, 0x0d, 0x45, 0xba, 0x29, 0x88, 0xb2, 0xa4, 0x1d, 0x63, 0xdd, 0xd3, 0xc1, 0x2c, 0x09, 0x57, 0x89, 0x39,
  0xa1, 0x55, 0xe9, 0x67, 0x34, 0x77, 0x0c, 0x6e, 0xe4, 0x55, 0x1d, 0x52, 0x25, 0xd2, 0x13, 0x6b, 0x5e, 0xe1, 0x1d, 0xa9,
  0xb7, 0x7d, 0x89, 0x32, 0x5f, 0x0d, 0x9e, 0x9f, 0x2c, 0x7a, 0x63, 0x60, 0x40, 0x1f, 0xa6, 0xb0, 0xb6, 0x78, 0x8f, 0x99,
  0x54, 0x96, 0x08, 0x58, 0xae, 0xe4, 0x06, 0xbc, 0x62, 0x05, 0x02, 0x16, 0xbf, 0xaf, 0xa8, 0x23, 0x03, 0xb6, 0x94, 0x0f,
  0xbc, 0x6e, 0x6c, 0xc2, 0xcb, 0xd5, 0xa6, 0xbb, 0x0c, 0xe9, 0xf6, 0xc1, 0x02, 0xfb, 0x21, 0xde, 0x66, 0xdd, 0x17, 0xab,
  0x74, 0x42, 0xef, 0xf0, 0x74, 0x2f, 0x25, 0xf4, 0xea, 0x6b, 0x55, 0x5b, 0x90, 0xdb, 0x9d, 0xdf, 0x5e, 0x87, 0x0a, 0x40,
  0xfb, 0xad, 0x19, 0x6b, 0xfb, 0xf7, 0xca, 0x60, 0x88, 0xde, 0xda, 0xc1, 0x8f, 0xd6, 0xae, 0xd5, 0x7f, 0xd4, 0x3c, 0x83,
  0xee, 0xd7, 0x16, 0x4c, 0x83, 0x45, 0x33, 0x6b, 0x27, 0xd0, 0x86, 0xd0, 0x1c, 0x2d, 0x6b, 0xf3, 0xab, 0x7d, 0xf1, 0x85,
  0xa9, 0xf5, 0x28, 0xd2, 0xad, 0xef, 0xf3, 0x84, 0x4b, 0x1c, 0x87, 0xfc, 0x13, 0xa3, 0x3a, 0x72, 0xa2, 0x5a, 0x11, 0x2b,
  0xd6, 0x27, 0x71, 0x27, 0xed, 0x81, 0x2d, 0x6d, 0x66, 0x81, 0x92, 0x87, 0xb4, 0x1b, 0x58, 0x7a, 0xcc, 0x3f, 0x0a, 0xfa,
  0x46, 0x4f, 0x4d, 0x78, 0x5c, 0xf8, 0x2b, 0x48, 0xe3, 0x04, 0x84, 0xcb, 0x5d, 0xf6, 0xb4, 0x6a, 0xb3, 0x65, 0xfc, 0x42,
  0x9e, 0x51, 0x26, 0x23, 0x20, 0xcb, 0x3d, 0x14, 0xf9, 0x81, 0xed, 0x65, 0x16, 0x00, 0x4f, 0x1a, 0x64, 0x97, 0x66, 0x08,
  0xcf, 0x8c, 0x7b, 0xe3, 0x2b, 0xc0, 0x9d, 0xf9, 0x14, 0xf2, 0x1b, 0xf1, 0x56, 0x6a, 0x16, 0xbf, 0x2c, 0x85, 0x85, 0xcd,
  0x78, 0x38, 0x9a, 0xeb, 0x42, 0x6a, 0x02, 0x34, 0x18, 0x83, 0x17, 0x4e, 0x94, 0x56, 0xf8, 0xb6, 0x82, 0xb5, 0xf3, 0x96,
  0xdd, 0x3d, 0xf3, 0xbe, 0x7f, 0x20, 0x77, 0x3e, 0x7b, 0x19, 0x23, 0x6b, 0x2c, 0xd4, 0x72, 0x73, 0x43, 0x57, 0x7d, 0xe0,
  0xf8, 0xd7, 0x69, 0x4f, 0x17, 0x36, 0x04, 0xf9, 0xc0, 0x90, 0x60, 0x37, 0x45, 0xde, 0xe6, 0x0c, 0xd8, 0x74, 0x8d, 0xae,
  0x9c, 0xa2, 0x6d, 0x74, 0x5d, 0x42, 0xbe, 0x06, 0xf5, 0xd9, 0x64, 0x6e, 0x02, 0x10, 0xac, 0x89, 0xb0, 0x4c, 0x3b, 0x07,
  0x4d, 0x40, 0x7e, 0x24, 0xc5, 0x8a, 0x98, 0x82, 0x79, 0x8e, 0xa4, 0xa7, 0x82, 0x20, 0x8d, 0x23, 0xfa, 0x27, 0x71, 0xc9,
  0xdf, 0xc6, 0x41, 0x74, 0xa0, 0x4d, 0xf6, 0x91, 0x16, 0xdc, 0x46, 0x8c, 0x5f, 0x29, 0x63, 0x31, 0x59, 0x71, 0x0c, 0xd8,
  0x6f, 0xc2, 0xb6, 0x32, 0x7d, 0xfb, 0xe6, 0x5d, 0x53, 0xa6, 0x7e, 0x15, 0xfc, 0xbb, 0x75, 0x7c, 0x5d, 0xec, 0xf8, 0xf6,
  0x17, 0x1c, 0xec, 0xc7, 0x6b, 0x19, 0xcb, 0xf3, 0x7b, 0xf0, 0x2b, 0x07, 0xa5, 0xd9, 0x6c, 0x79, 0x54, 0x76, 0x6c, 0x9d,
  0x1c, 0xa6, 0x6e, 0x0e, 0xe9, 0x79, 0x0c, 0xa8, 0x23, 0x6a, 0xa3, 0xdf, 0x1b, 0x30, 0x31, 0x9f, 0xb1, 0x54, 0x7b, 0xfe,
  0x6a, 0xcb, 0x66, 0xaa, 0xdc, 0x65, 0xd0, 0xa2, 0x9e, 0x4a, 0x9a, 0x07, 0x21, 0x6b, 0x81, 0x8f, 0xdb, 0xc4, 0x59, 0xfa,
  0xde, 0x22, 0xc0, 0x04, 0x9c, 0xe3, 0xaa, 0x5b, 0x36, 0x93, 0xe8, 0x3d, 0xbd, 0x7a, 0xa1, 0x9d, 0x0b, 0x76, 0xb1, 0x0b,
  0xc7, 0x9d, 0xfd, 0xcf, 0x98, 0xa8, 0x06, 0xc2, 0xf8, 0x2a, 0xa3, 0xa1, 0x83, 0xa0, 0xb7, 0x25, 0x72, 0xa5, 0x02, 0xe3,
  0x02, 0x03, 0x01, 0x00, 0x01, 0x00, 0x49, 0x02, 0x26, 0x30, 0x47, 0x31, 0x0b, 0x30, 0x09, 0x06, 0x03, 0x55, 0x04, 0x06,
  0x13, 0x02, 0x55, 0x53, 0x31, 0x22, 0x30, 0x20, 0x06, 0x03, 0x55, 0x04, 0x0a, 0x13, 0x19, 0x47, 0x6f, 0x6f, 0x67, 0x6c,
  0x65, 0x20, 0x54, 0x72, 0x75, 0x73, 0x74, 0x20, 0x53, 0x65, 0x72, 0x76, 0x69, 0x63, 0x65, 0x73, 0x20, 0x4c, 0x4c, 0x43,
  0x31, 0x14, 0x30, 0x12, 0x06, 0x03, 0x55, 0x04, 0x03, 0x13, 0x0b, 0x47, 0x54, 0x53, 0x20, 0x52, 0x6f, 0x6f, 0x74, 0x20,
  0x52, 0x31, 0x30, 0x82, 0x02, 0x22, 0x30, 0x0d, 0x06, 0x09, 0x2a, 0x86, 0x48, 0x86, 0xf7, 0x0d, 0x01, 0x01, 0x01, 0x05,
  0x00, 0x03, 0x82, 0x02, 0x0f, 0x00, 0x30, 0x82, 0x02, 0x0a, 0x02, 0x82, 0x02, 0x01, 0x00, 0xb6, 0x11, 0x02, 0x8b, 0x1e,
  0xe3, 0xa1, 0x77, 0x9b, 0x3b, 0xdc, 0xbf, 0x94, 0x3e, 0xb7, 0x95, 0xa7, 0x40, 0x3c, 0xa1, 0xfd, 0x82, 0xf9, 0x7d, 0x32,
  0x06, 0x82, 0x71, 0xf6, 0xf6, 0x8c, 0x7f, 0xfb, 0xe8, 0xdb, 0xbc, 0x6a, 0x2e, 0x97, 0x97, 0xa3, 0x8c, 0x4b, 0xf9, 0x2b,
  0xf6, 0xb1, 0xf9, 0xce, 0x84, 0x1d, 0xb1, 0xf9, 0xc5, 0x97, 0xde, 0xef, 0xb9, 0xf2, 0xa3, 0xe9, 0xbc, 0x12, 0x89, 0x5e,
  0xa7, 0xaa, 0x52, 0xab, 0xf8, 0x23, 0x27, 0xcb, 0xa4, 0xb1, 0x9c, 0x63, 0xdb, 0xd7, 0x99, 0x7e, 0xf0, 0x0a, 0x5e, 0xeb,
  0x68, 0xa6, 0xf4, 0xc6, 0x5a, 0x47, 0x0d, 0x4d, 0x10, 0x33, 0xe3, 0x4e, 0xb1, 0x13, 0xa3, 0xc8, 0x18, 0x6c, 0x4b, 0xec,
  0xfc, 0x09, 0x90, 0xdf, 0x9d, 0x64, 0x29, 0x25, 0x23, 0x07, 0xa1, 0xb4, 0xd2, 0x3d, 0x2e, 0x60, 0xe0, 0xcf, 0xd2, 0x09,
  0x87, 0xbb, 0xcd, 0x48, 0xf0, 0x4d, 0xc2, 0xc2, 0x7a, 0x88, 0x8a, 0xbb, 0xba, 0xcf, 0x59, 0x19, 0xd6, 0xaf, 0x8f, 0xb0,
  0x07, 0xb0, 0x9e, 0x31, 0xf1, 0x82, 0xc1, 0xc0, 0xdf, 0x2e, 0xa6, 0x6d, 0x6c, 0x19, 0x0e, 0xb5, 0xd8, 0x7e, 0x26, 0x1a,
  0x45, 0x03, 0x3d, 0xb0, 0x79, 0xa4, 0x94, 0x28, 0xad, 0x0f, 0x7f, 0x26, 0xe5, 0xa8, 0x08, 0xfe, 0x96, 0xe8, 0x3c, 0x68,
  0x94, 0x53, 0xee, 0x83, 0x3a, 0x88, 0x2b, 0x15, 0x96, 0x09, 0xb2, 0xe0, 0x7a, 0x8c, 0x2e, 0x75, 0xd6, 0x9c, 0xeb, 0xa7,
  0x56, 0x64, 0x8f, 0x96, 0x4f, 0x68, 0xae, 0x3d, 0x97, 0xc2, 0x84, 0x8f, 0xc0, 0xbc, 0x40, 0xc0, 0x0b, 0x5c, 0xbd, 0xf6,
  0x87, 0xb3, 0x35, 0x6c, 0xac, 0x18, 0x50, 0x7f, 0x84, 0xe0, 0x4c, 0xcd, 0x92, 0xd3, 0x20, 0xe9, 0x33, 0xbc, 0x52, 0x99,
  0xaf, 0x32, 0xb5, 0x29, 0xb3, 0x25, 0x2a, 0xb4, 0x48, 0xf9, 0x72, 0xe1, 0xca, 0x64, 0xf7, 0xe6, 0x82, 0x10, 0x8d, 0xe8,
  0x9d, 0xc2, 0x8a, 0x88, 0xfa, 0x38, 0x66, 0x8a, 0xfc, 0x63, 0xf9, 0x01, 0xf9, 0x78, 0xfd, 0x7b, 0x5c, 0x77, 0xfa, 0x76,
  0x87, 0xfa, 0xec, 0xdf, 0xb1, 0x0e, 0x79, 0x95, 0x57, 0xb4, 0xbd, 0x26, 0xef, 0xd6, 0x01, 0xd1, 0xeb, 0x16, 0x0a, 0xbb,
  0x8e, 0x0b, 0xb5, 0xc5, 0xc5, 0x8a, 0x55, 0xab, 0xd3, 0xac, 0xea, 0x91, 0x4b, 0x29, 0xcc, 0x19, 0xa4, 0x32, 0x25, 0x4e,
  0x2a, 0xf1, 0x65, 0x44, 0xd0, 0x02, 0xce, 0xaa, 0xce, 0x49, 0xb4, 0xea, 0x9f, 0x7c, 0x83, 0xb0, 0x40, 0x7b, 0xe7, 0x43,
  0xab, 0xa7, 0x6c, 0xa3, 0x8f, 0x7d, 0x89, 0x81, 0xfa, 0x4c, 0xa5, 0xff, 0xd5, 0x8e, 0xc3, 0xce, 0x4b, 0xe0, 0xb5, 0xd8,
  0xb3, 0x8e, 0x45, 0xcf, 0x76, 0xc0, 0xed, 0x40, 0x2b, 0xfd, 0x53, 0x0f, 0xb0, 0xa7, 0xd5, 0x3b, 0x0d, 0xb1, 0x8a, 0xa2,
  0x03, 0xde, 0x31, 0xad, 0xcc, 0x77, 0xea, 0x6f, 0x7b, 0x3e, 0xd6, 0xdf, 0x91, 0x22, 0x12, 0xe6, 0xbe, 0xfa, 0xd8, 0x32,
  0xfc, 0x10, 0x63, 0x14, 0x51, 0x72, 0xde, 0x5d, 0xd6, 0x16, 0x93, 0xbd, 0x29, 0x68, 0x33, 0xef, 0x3a, 0x66, 0xec, 0x07,
  0x8a, 0x26, 0xdf, 0x13, 0xd7, 0x57, 0x65, 0x78, 0x27, 0xde, 0x5e, 0x49, 0x14, 0x00, 0xa2, 0x00, 0x7f, 0x9a, 0xa8, 0x21,
  0xb6, 0xa9, 0xb1, 0x95, 0xb0, 0xa5, 0xb9, 0x0d, 0x16, 0x11, 0xda, 0xc7, 0x6c, 0x48, 0x3c, 0x40, 0xe0, 0x7e, 0x0d, 0x5a,
  0xcd, 0x56, 0x3c, 0xd1, 0x97, 0x05, 0xb9, 0xcb, 0x4b, 0xed, 0x39, 0x4b, 0x9c, 0xc4, 0x3f, 0xd2, 0x55, 0x13, 0x6e, 0x24,
  0xb0, 0xd6, 0x71, 0xfa, 0xf4, 0xc1, 0xba, 0xcc, 0xed, 0x1b, 0xf5, 0xfe, 0x81, 0x41, 0xd8, 0x00, 0x98, 0x3d, 0x3a, 0xc8,
  0xae, 0x7a, 0x98, 0x37, 0x18, 0x05, 0x95, 0x02, 0x03, 0x01, 0x00, 0x01, 0x00, 0x49, 0x00, 0x78, 0x30, 0x47, 0x31, 0x0b,
  0x30, 0x09, 0x06, 0x03, 0x55, 0x04, 0x06, 0x13, 0x02, 0x55, 0x53, 0x31, 0x22, 0x30, 0x20, 0x06, 0x03, 0x55, 0x04, 0x0a,
  0x13, 0x19, 0x47, 0x6f, 0x6f, 0x67, 0x6c, 0x65, 0x20, 0x54, 0x72, 0x75, 0x73, 0x74, 0x20, 0x53, 0x65, 0x72, 0x76, 0x69,
  0x63, 0x65, 0x73, 0x20, 0x4c, 0x4c, 0x43, 0x31, 0x14, 0x30, 0x12, 0x06, 0x03, 0x55, 0x04, 0x03, 0x13, 0x0b, 0x47, 0x54,
  0x53, 0x20, 0x52, 0x6f, 0x6f, 0x74, 0x20, 0x52, 0x34, 0x30, 0x76, 0x30, 0x10, 0x06, 0x07, 0x2a, 0x86, 0x48, 0xce, 0x3d,
  0x02, 0x01, 0x06, 0x05, 0x2b, 0x81, 0x04, 0x00, 0x22, 0x03, 0x62, 0x00, 0x04, 0xf3, 0x74, 0x73, 0xa7, 0x68, 0x8b, 0x60,
  0xae, 0x43, 0xb8, 0x35, 0xc5, 0x81, 0x30, 0x7b, 0x4b, 0x49, 0x9d, 0xfb, 0xc1, 0x61, 0xce, 0xe6, 0xde, 0x46, 0xbd, 0x6b,
  0xd5, 0x61, 0x18, 0x35, 0xae, 0x40, 0xdd, 0x73, 0xf7, 0x89, 0x91, 0x30, 0x5a, 0xeb, 0x3c, 0xee, 0x85, 0x7c, 0xa2, 0x40,
  0x76, 0x3b, 0xa9, 0xc6, 0xb8, 0x47, 0xd8, 0x2a, 0xe7, 0x92, 0x91, 0x6a, 0x73, 0xe9, 0xb1, 0x72, 0x39, 0x9f, 0x29, 0x9f,
  0xa2, 0x98, 0xd3, 0x5f, 0x5e, 0x58, 0x86, 0x65, 0x0f, 0xa1, 0x84, 0x65, 0x06, 0xd1, 0xdc, 0x8b, 0xc9, 0xc7, 0x73, 0xc8,
  0x8c, 0x6a, 0x2f, 0xe5, 0xc4, 0xab, 0xd1, 0x1d, 0x8a, 0x00, 0x4e, 0x01, 0x26, 0x30, 0x4c, 0x31, 0x20, 0x30, 0x1e, 0x06,
  0x03, 0x55, 0x04, 0x0b, 0x13, 0x17, 0x47, 0x6c, 0x6f, 0x62, 0x61, 0x6c, 0x53, 0x69, 0x67, 0x6e, 0x20, 0x52, 0x6f, 0x6f,
  0x74, 0x20, 0x43, 0x41, 0x20, 0x2d, 0x20, 0x52, 0x33, 0x31, 0x13, 0x30, 0x11, 0x06, 0x03, 0x55, 0x04, 0x0a, 0x13, 0x0a,
  0x47, 0x6c, 0x6f, 0x62, 0x61, 0x6c, 0x53, 0x69, 0x67, 0x6e, 0x31, 0x13, 0x30, 0x11, 0x06, 0x03, 0x55, 0x04, 0x03, 0x13,
  0x0a, 0x47, 0x6c, 0x6f, 0x62, 0x61, 0x6c, 0x53, 0x69, 0x67, 0x6e, 0x30, 0x82, 0x01, 0x22, 0x30, 0x0d, 0x06, 0x09, 0x2a,
  0x86, 0x48, 0x86, 0xf7, 0x0d, 0x01, 0x01, 0x01, 0x05, 0x00, 0x03, 0x82, 0x01, 0x0f, 0x00, 0x30, 0x82, 0x01, 0x0a, 0x02,
  0x82, 0x01, 0x01, 0x00, 0xcc, 0x25, 0x76, 0x90, 0x79, 0x06, 0x78, 0x22, 0x16, 0xf5, 0xc0, 0x83, 0xb6, 0x84, 0xca, 0x28,
  0x9e, 0xfd, 0x05, 0x76, 0x11, 0xc5, 0xad, 0x88, 0x72, 0xfc, 0x46, 0x02, 0x43, 0xc7, 0xb2, 0x8a, 0x9d, 0x04, 0x5f, 0x24,
  0xcb, 0x2e, 0x4b, 0xe1, 0x60, 0x82, 0x46, 0xe1, 0x52, 0xab, 0x0c, 0x81, 0x47, 0x70, 0x6c, 0xdd, 0x64, 0xd1, 0xeb, 0xf5,
  0x2c, 0xa3, 0x0f, 0x82, 0x3d, 0x0c, 0x2b, 0xae, 0x97, 0xd7, 0xb6, 0x14, 0x86, 0x10, 0x79, 0xbb, 0x3b, 0x13, 0x80, 0x77,
  0x8c, 0x08, 0xe1, 0x49, 0xd2, 0x6a, 0x62, 0x2f, 0x1f, 0x5e, 0xfa, 0x96, 0x68, 0xdf, 0x89, 0x27, 0x95, 0x38, 0x9f, 0x06,
  0xd7, 0x3e, 0xc9, 0xcb, 0x26, 0x59, 0x0d, 0x73, 0xde, 0xb0, 0xc8, 0xe9, 0x26, 0x0e, 0x83, 0x15, 0xc6, 0xef, 0x5b, 0x8b,
  0xd2, 0x04, 0x60, 0xca, 0x49, 0xa6, 0x28, 0xf6, 0x69, 0x3b, 0xf6, 0xcb, 0xc8, 0x28, 0x91, 0xe5, 0x9d, 0x8a, 0x61, 0x57,
  0x37, 0xac, 0x74, 0x14, 0xdc, 0x74, 0xe0, 0x3a, 0xee, 0x72, 0x2f, 0x2e, 0x9c, 0xfb, 0xd0, 0xbb, 0xbf, 0xf5, 0x3d, 0x00,
  0xe1, 0x06, 0x33, 0xe8, 0x82, 0x2b, 0xae, 0x53, 0xa6, 0x3a, 0x16, 0x73, 0x8c, 0xdd, 0x41, 0x0e, 0x20, 0x3a, 0xc0, 0xb4,
  0xa7, 0xa1, 0xe9, 0xb2, 0x4f, 0x90, 0x2e, 0x32, 0x60, 0xe9, 0x57, 0xcb, 0xb9, 0x04, 0x92, 0x68, 0x68, 0xe5, 0x38, 0x26,
  0x60, 0x75, 0xb2, 0x9f, 0x77, 0xff, 0x91, 0x14, 0xef, 0xae, 0x20, 0x49, 0xfc, 0xad, 0x40, 0x15, 0x48, 0xd1, 0x02, 0x31,
  0x61, 0x19, 0x5e, 0xb8, 0x97, 0xef, 0xad, 0x77, 0xb7, 0x64, 0x9a, 0x7a, 0xbf, 0x5f, 0xc1, 0x13, 0xef, 0x9b, 0x62, 0xfb,
  0x0d, 0x6c, 0xe0, 0x54, 0x69, 0x16, 0xa9, 0x03, 0xda, 0x6e, 0xe9, 0x83, 0x93, 0x71, 0x76, 0xc6, 0x69, 0x85, 0x82, 0x17,
  0x02, 0x03, 0x01, 0x00, 0x01, 0x00, 0x4e, 0x02, 0x26, 0x30, 0x4c, 0x31, 0x20, 0x30, 0x1e, 0x06, 0x03, 0x55, 0x04, 0x0b,
  0x13, 0x17, 0x47, 0x6c, 0x6f, 0x62, 0x61, 0x6c, 0x53, 0x69, 0x67, 0x6e, 0x20, 0x52, 0x6f, 0x6f, 0x74, 0x20, 0x43, 0x41,
  0x20, 0x2d, 0x20, 0x52, 0x36, 0x31, 0x13, 0x30, 0x11, 0x06, 0x03, 0x55, 0x04, 0x0a, 0x13, 0x0a, 0x47, 0x6c, 0x6f, 0x62,
  0x61, 0x6c, 0x53, 0x69, 0x67, 0x6e, 0x31, 0x13, 0x30, 0x11, 0x06, 0x03, 0x55, 0x04, 0x03, 0x13, 0x0a, 0x47, 0x6c, 0x6f,
  0x62, 0x61, 0x6c, 0x53, 0x69, 0x67, 0x6e, 0x30, 0x82, 0x02, 0x22, 0x30, 0x0d, 0x06, 0x09, 0x2a, 0x86, 0x48, 0x86, 0xf7,
  0x0d, 0x01, 0x01, 0x01, 0x05, 0x00, 0x03, 0x82, 0x02, 0x0f, 0x00, 0x30, 0x82, 0x02, 0x0a, 0x02, 0x82, 0x02, 0x01, 0x00,
  0x95, 0x07, 0xe8, 0x73, 0xca, 0x66, 0xf9, 0xec, 0x14, 0xca, 0x7b, 0x3c, 0xf7, 0x0d, 0x08, 0xf1, 0xb4, 0x45, 0x0b, 0x2c,
  0x82, 0xb4, 0x48, 0xc6, 0xeb, 0x5b, 0x3c, 0xae, 0x83, 0xb8, 0x41, 0x92, 0x33, 0x14, 0xa4, 0x6f, 0x7f, 0xe9, 0x2a, 0xcc,
  0xc6, 0xb0, 0x88, 0x6b, 0xc5, 0xb6, 0x89, 0xd1, 0xc6, 0xb2, 0xff, 0x14, 0xce, 0x51, 0x14, 0x21, 0xec, 0x4a, 0xdd, 0x1b,
  0x5a, 0xc6, 0xd6, 0x87, 0xee, 0x4d, 0x3a, 0x15, 0x06, 0xed, 0x64, 0x66, 0x0b, 0x92, 0x80, 0xca, 0x44, 0xde, 0x73, 0x94,
  0x4e, 0xf3, 0xa7, 0x89, 0x7f, 0x4f, 0x78, 0x63, 0x08, 0xc8, 0x12, 0x50, 0x6d, 0x42, 0x66, 0x2f, 0x4d, 0xb9, 0x79, 0x28,
  0x4d, 0x52, 0x1a, 0x8a, 0x1a, 0x80, 0xb7, 0x19, 0x81, 0x0e, 0x7e, 0xc4, 0x8a, 0xbc, 0x64, 0x4c, 0x21, 0x1c, 0x43, 0x68,
  0xd7, 0x3d, 0x3c, 0x8a, 0xc5, 0xb2, 0x66, 0xd5, 0x90, 0x9a, 0xb7, 0x31, 0x06, 0xc5, 0xbe, 0xe2, 0x6d, 0x32, 0x06, 0xa6,
  0x1e, 0xf9, 0xb9, 0xeb, 0xaa, 0xa3, 0xb8, 0xbf, 0xbe, 0x82, 0x63, 0x50, 0xd0, 0xf0, 0x18, 0x89, 0xdf, 0xe4, 0x0f, 0x79,
  0xf5, 0xea, 0xa2, 0x1f, 0x2a, 0xd2, 0x70, 0x2e, 0x7b, 0xe7, 0xbc, 0x93, 0xbb, 0x6d, 0x53, 0xe2, 0x48, 0x7c, 0x8c, 0x10,
  0x07, 0x38, 0xff, 0x66, 0xb2, 0x77, 0x61, 0x7e, 0xe0, 0xea, 0x8c, 0x3c, 0xaa, 0xb4, 0xa4, 0xf6, 0xf3, 0x95, 0x4a, 0x12,
  0x07, 0x6d, 0xfd, 0x8c, 0xb2, 0x89, 0xcf, 0xd0, 0xa0, 0x61, 0x77, 0xc8, 0x58, 0x74, 0xb0, 0xd4, 0x23, 0x3a, 0xf7, 0x5d,
  0x3a, 0xca, 0xa2, 0xdb, 0x9d, 0x09, 0xde, 0x5d, 0x44, 0x2d, 0x90, 0xf1, 0x81, 0xcd, 0x57, 0x92, 0xfa, 0x7e, 0xbc, 0x50,
  0x04, 0x63, 0x34, 0xdf, 0x6b, 0x93, 0x18, 0xbe, 0x6b, 0x36, 0xb2, 0x39, 0xe4, 0xac, 0x24, 0x36, 0xb7, 0xf0, 0xef, 0xb6,
  0x1c, 0x13, 0x57, 0x93, 0xb6, 0xde, 0xb2, 0xf8, 0xe2, 0x85, 0xb7, 0x73, 0xa2, 0xb8, 0x35, 0xaa, 0x45, 0xf2, 0xe0, 0x9d,
  0x36, 0xa1, 0x6f, 0x54, 0x8a, 0xf1, 0x72, 0x56, 0x6e, 0x2e, 0x88, 0xc5, 0x51, 0x42, 0x44, 0x15, 0x94, 0xee, 0xa3, 0xc5,
  0x38, 0x96, 0x9b, 0x4e, 0x4e, 0x5a, 0x0b, 0x47, 0xf3, 0x06, 0x36, 0x49, 0x77, 0x30, 0xbc, 0x71, 0x37, 0xe5, 0xa6, 0xec,
  0x21, 0x08, 0x75, 0xfc, 0xe6, 0x61, 0x16, 0x3f, 0x77, 0xd5, 0xd9, 0x91, 0x97, 0x84, 0x0a, 0x6c, 0xd4, 0x02, 0x4d, 0x74,
  0xc0, 0x14, 0xed, 0xfd, 0x39, 0xfb, 0x83, 0xf2, 0x5e, 0x14, 0xa1, 0x04, 0xb0, 0x0b, 0xe9, 0xfe, 0xee, 0x8f, 0xe1, 0x6e,
  0x0b, 0xb2, 0x08, 0xb3, 0x61, 0x66, 0x09, 0x6a, 0xb1, 0x06, 0x3a, 0x65, 0x96, 0x59, 0xc0, 0xf0, 0x35, 0xfd, 0xc9, 0xda,
  0x28, 0x8d, 0x1a, 0x11, 0x87, 0x70, 0x81, 0x0a, 0xa8, 0x9a, 0x75, 0x1d, 0x9e, 0x3a, 0x86, 0x05, 0x00, 0x9e, 0xdb, 0x80,
  0xd6, 0x25, 0xf9, 0xdc, 0x05, 0x9e, 0x27, 0x59, 0x4c, 0x76, 0x39, 0x5b, 0xea, 0xf9, 0xa5, 0xa1, 0xd8, 0x83, 0x0f, 0xd1,
  0xff, 0xdf, 0x30, 0x11, 0xf9, 0x85, 0xcf, 0x33, 0x48, 0xf5, 0xca, 0x6d, 0x64, 0x14, 0x2c, 0x7a, 0x58, 0x4f, 0xd3, 0x4b,
  0x08, 0x49, 0xc5, 0x95, 0x64, 0x1a, 0x63, 0x0e, 0x79, 0x3d, 0xf5, 0xb3, 0x8c, 0xca, 0x58, 0xad, 0x9c, 0x42, 0x45, 0x79,
  0x6e, 0x0e, 0x87, 0x19, 0x5c, 0x54, 0xb1, 0x65, 0xb6, 0xbf, 0x8c, 0x9b, 0xdc, 0x13, 0xe9, 0x0d, 0x6f, 0xb8, 0x2e, 0xdc,
  0x67, 0x6e, 0xc9, 0x8b, 0x11, 0xb5, 0x84, 0x14, 0x8a, 0x00, 0x19, 0x70, 0x83, 0x79, 0x91, 0x97, 0x91, 0xd4, 0x1a, 0x27,
  0xbf, 0x37, 0x1e, 0x32, 0x07, 0xd8, 0x14, 0x63, 0x3c, 0x28, 0x4c, 0xaf, 0x02, 0x03, 0x01, 0x00, 0x01, 0x00, 0x51, 0x02,
  0x26, 0x30, 0x4f, 0x31, 0x0b, 0x30, 0x09, 0x06, 0x03, 0x55, 0x04, 0x06, 0x13, 0x02, 0x55, 0x53, 0x31, 0x29, 0x30, 0x27,
  0x06, 0x03, 0x55, 0x04, 0x0a, 0x13, 0x20, 0x49, 0x6e, 0x74, 0x65, 0x72, 0x6e, 0x65, 0x74, 0x20, 0x53, 0x65, 0x63, 0x75,
  0x72, 0x69, 0x74, 0x79, 0x20, 0x52, 0x65, 0x73, 0x65, 0x61, 0x72, 0x63, 0x68, 0x20, 0x47, 0x72, 0x6f, 0x75, 0x70, 0x31,
  0x15, 0x30, 0x13, 0x06, 0x03, 0x55, 0x04, 0x03, 0x13, 0x0c, 0x49, 0x53, 0x52, 0x47, 0x20, 0x52, 0x6f, 0x6f, 0x74, 0x20,
  0x58, 0x31, 0x30, 0x82, 0x02, 0x22, 0x30, 0x0d, 0x06, 0x09, 0x2a, 0x86, 0x48, 0x86, 0xf7, 0x0d, 0x01, 0x01, 0x01, 0x05,
  0x00, 0x03, 0x82, 0x02, 0x0f, 0x00, 0x30, 0x82, 0x02, 0x0a, 0x02, 0x82, 0x02, 0x01, 0x00, 0xad, 0xe8, 0x24, 0x73, 0xf4,
  0x14, 0x37, 0xf3, 0x9b, 0x9e, 0x2b, 0x57, 0x28, 0x1c, 0x87, 0xbe, 0xdc, 0xb7, 0xdf, 0x38, 0x90, 0x8c, 0x6e, 0x3c, 0xe6,
  0x57, 0xa0, 0x78, 0xf7, 0x75, 0xc2, 0xa2, 0xfe, 0xf5, 0x6a, 0x6e, 0xf6, 0x00, 0x4f, 0x28, 0xdb, 0xde, 0x68, 0x86, 0x6c,
  0x44, 0x93, 0xb6, 0xb1, 0x63, 0xfd, 0x14, 0x12, 0x6b, 0xbf, 0x1f, 0xd2, 0xea, 0x31, 0x9b, 0x21, 0x7e, 0xd1, 0x33, 0x3c,
  0xba, 0x48, 0xf5, 0xdd, 0x79, 0xdf, 0xb3, 0xb8, 0xff, 0x12, 0xf1, 0x21, 0x9a, 0x4b, 0xc1, 0x8a, 0x86, 0x71, 0x69, 0x4a,
  0x66, 0x66, 0x6c, 0x8f, 0x7e, 0x3c, 0x70, 0xbf, 0xad, 0x29, 0x22, 0x06, 0xf3, 0xe4, 0xc0, 0xe6, 0x80, 0xae, 0xe2, 0x4b,
  0x8f, 0xb7, 0x99, 0x7e, 0x94, 0x03, 0x9f, 0xd3, 0x47, 0x97, 0x7c, 0x99, 0x48, 0x23, 0x53, 0xe8, 0x38, 0xae, 0x4f, 0x0a,
  0x6f, 0x83, 0x2e, 0xd1, 0x49, 0x57, 0x8c, 0x80, 0x74, 0xb6, 0xda, 0x2f, 0xd0, 0x38, 0x8d, 0x7b, 0x03, 0x70, 0x21, 0x1b,
  0x75, 0xf2, 0x30, 0x3c, 0xfa, 0x8f, 0xae, 0xdd, 0xda, 0x63, 0xab, 0xeb, 0x16, 0x4f, 0xc2, 0x8e, 0x11, 0x4b, 0x7e, 0xcf,
  0x0b, 0xe8, 0xff, 0xb5, 0x77, 0x2e, 0xf4, 0xb2, 0x7b, 0x4a, 0xe0, 0x4c, 0x12, 0x25, 0x0c, 0x70, 0x8d, 0x03, 0x29, 0xa0,
  0xe1, 0x53, 0x24, 0xec, 0x13, 0xd9, 0xee, 0x19, 0xbf, 0x10, 0xb3, 0x4a, 0x8c, 0x3f, 0x89, 0xa3, 0x61, 0x51, 0xde, 0xac,
  0x87, 0x07, 0x94, 0xf4, 0x63, 0x71, 0xec, 0x2e, 0xe2, 0x6f, 0x5b, 0x98, 0x81, 0xe1, 0x89, 0x5c, 0x34, 0x79, 0x6c, 0x76,
  0xef, 0x3b, 0x90, 0x62, 0x79, 0xe6, 0xdb, 0xa4, 0x9a, 0x2f, 0x26, 0xc5, 0xd0, 0x10, 0xe1, 0x0e, 0xde, 0xd9, 0x10, 0x8e,
  0x16, 0xfb, 0xb7, 0xf7, 0xa8, 0xf7, 0xc7, 0xe5, 0x02, 0x07, 0x98, 0x8f, 0x36, 0x08, 0x95, 0xe7, 0xe2, 0x37, 0x96, 0x0d,
  0x36, 0x75, 0x9e, 0xfb, 0x0e, 0x72, 0xb1, 0x1d, 0x9b, 0xbc, 0x03, 0xf9, 0x49, 0x05, 0xd8, 0x81, 0xdd, 0x05, 0xb4, 0x2a,
  0xd6, 0x41, 0xe9, 0xac, 0x01, 0x76, 0x95, 0x0a, 0x0f, 0xd8, 0xdf, 0xd5, 0xbd, 0x12, 0x1f, 0x35, 0x2f, 0x28, 0x17, 0x6c,
  0xd2, 0x98, 0xc1, 0xa8, 0x09, 0x64, 0x77, 0x6e, 0x47, 0x37, 0xba, 0xce, 0xac, 0x59, 0x5e, 0x68, 0x9d, 0x7f, 0x72, 0xd6,
  0x89, 0xc5, 0x06, 0x41, 0x29, 0x3e, 0x59, 0x3e, 0xdd, 0x26, 0xf5, 0x24, 0xc9, 0x11, 0xa7, 0x5a, 0xa3, 0x4c, 0x40, 0x1f,
  0x46, 0xa1, 0x99, 0xb5, 0xa7, 0x3a, 0x51, 0x6e, 0x86, 0x3b, 0x9e, 0x7d, 0x72, 0xa7, 0x12, 0x05, 0x78, 0x59, 0xed, 0x3e,
  0x51, 0x78, 0x15, 0x0b, 0x03, 0x8f, 0x8d, 0xd0, 0x2f, 0x05, 0xb2, 0x3e, 0x7b, 0x4a, 0x1c, 0x4b, 0x73, 0x05, 0x12, 0xfc,
  0xc6, 0xea, 0xe0, 0x50, 0x13, 0x7c, 0x43, 0x93, 0x74, 0xb3, 0xca, 0x74, 0xe7, 0x8e, 0x1f, 0x01, 0x08, 0xd0, 0x30, 0xd4,
  0x5b, 0x71, 0x36, 0xb4, 0x07, 0xba, 0xc1, 0x30, 0x30, 0x5c, 0x48, 0xb7, 0x82, 0x3b, 0x98, 0xa6, 0x7d, 0x60, 0x8a, 0xa2,
  0xa3, 0x29, 0x82, 0xcc, 0xba, 0xbd, 0x83, 0x04, 0x1b, 0xa2, 0x83, 0x03, 0x41, 0xa1, 0xd6, 0x05, 0xf1, 0x1b, 0xc2, 0xb6,
  0xf0, 0xa8, 0x7c, 0x86, 0x3b, 0x46, 0xa8, 0x48, 0x2a, 0x88, 0xdc, 0x76, 0x9a, 0x76, 0xbf, 0x1f, 0x6a, 0xa5, 0x3d, 0x19,
  0x8f, 0xeb, 0x38, 0xf3, 0x64, 0xde, 0xc8, 0x2b, 0x0d, 0x0a, 0x28, 0xff, 0xf7, 0xdb, 0xe2, 0x15, 0x42, 0xd4, 0x22, 0xd0,
  0x27, 0x5d, 0xe1, 0x79, 0xfe, 0x18, 0xe7, 0x70, 0x88, 0xad, 0x4e, 0xe6, 0xd9, 0x8b, 0x3a, 0xc6, 0xdd, 0x27, 0x51, 0x6e,
  0xff, 0xbc, 0x64, 0xf5, 0x33, 0x43, 0x4f, 0x02, 0x03, 0x01, 0x00, 0x01, 0x00, 0x51, 0x00, 0x78, 0x30, 0x4f, 0x31, 0x0b,
  0x30, 0x09, 0x06, 0x03, 0x55, 0x04, 0x06, 0x13, 0x02, 0x55, 0x53, 0x31, 0x29, 0x30, 0x27, 0x06, 0x03, 0x55, 0x04, 0x0a,
  0x13, 0x20, 0x49, 0x6e, 0x74, 0x65, 0x72, 0x6e, 0x65, 0x74, 0x20, 0x53, 0x65, 0x63, 0x75, 0x72, 0x69, 0x74, 0x79, 0x20,
  0x52, 0x65, 0x73, 0x65, 0x61, 0x72, 0x63, 0x68, 0x20, 0x47, 0x72, 0x6f, 0x75, 0x70, 0x31, 0x15, 0x30, 0x13, 0x06, 0x03,
  0x55, 0x04, 0x03, 0x13, 0x0c, 0x49, 0x53, 0x52, 0x47, 0x20, 0x52, 0x6f, 0x6f, 0x74, 0x20, 0x58, 0x32, 0x30, 0x76, 0x30,
  0x10, 0x06, 0x07, 0x2a, 0x86, 0x48, 0xce, 0x3d, 0x02, 0x01, 0x06, 0x05, 0x2b, 0x81, 0x04, 0x00, 0x22, 0x03, 0x62, 0x00,
  0x04, 0xcd, 0x9b, 0xd5, 0x9f, 0x80, 0x83, 0x0a, 0xec, 0x09, 0x4a, 0xf3, 0x16, 0x4a, 0x3e, 0x5c, 0xcf, 0x77, 0xac, 0xde,
  0x67, 0x05, 0x0d, 0x1d, 0x07, 0xb6, 0xdc, 0x16, 0xfb, 0x5a, 0x8b, 0x14, 0xdb, 0xe2, 0x71, 0x60, 0xc4, 0xba, 0x45, 0x95,
  0x11, 0x89, 0x8e, 0xea, 0x06, 0xdf, 0xf7, 0x2a, 0x16, 0x1c, 0xa4, 0xb9, 0xc5, 0xc5, 0x32, 0xe0, 0x03, 0xe0, 0x1e, 0x82,
  0x18, 0x38, 0x8b, 0xd7, 0x45, 0xd8, 0x0a, 0x6a, 0x6e, 0xe6, 0x00, 0x77, 0xfb, 0x02, 0x51, 0x7d, 0x22, 0xd8, 0x0a, 0x6e,
  0x9a, 0x5b, 0x77, 0xdf, 0xf0, 0xfa, 0x41, 0xec, 0x39, 0xdc, 0x75, 0xca, 0x68, 0x07, 0x0c, 0x1f, 0xea, 0x00, 0x52, 0x00,
  0x78, 0x30, 0x50, 0x31, 0x24, 0x30, 0x22, 0x06, 0x03, 0x55, 0x04, 0x0b, 0x13, 0x1b, 0x47, 0x6c, 0x6f, 0x62, 0x61, 0x6c,
  0x53, 0x69, 0x67, 0x6e, 0x20, 0x45, 0x43, 0x43, 0x20, 0x52, 0x6f, 0x6f, 0x74, 0x20, 0x43, 0x41, 0x20, 0x2d, 0x20, 0x52,
  0x35, 0x31, 0x13, 0x30, 0x11, 0x06, 0x03, 0x55, 0x04, 0x0a, 0x13, 0x0a, 0x47, 0x6c, 0x6f, 0x62, 0x61, 0x6c, 0x53, 0x69,
  0x67, 0x6e, 0x31, 0x13, 0x30, 0x11, 0x06, 0x03, 0x55, 0x04, 0x03, 0x13, 0x0a, 0x47, 0x6c, 0x6f, 0x62, 0x61, 0x6c, 0x53,
  0x69, 0x67, 0x6e, 0x30, 0x76, 0x30, 0x10, 0x06, 0x07, 0x2a, 0x86, 0x48, 0xce, 0x3d, 0x02, 0x01, 0x06, 0x05, 0x2b, 0x81,
  0x04, 0x00, 0x22, 0x03, 0x62, 0x00, 0x04, 0x47, 0x45, 0x0e, 0x96, 0xfb, 0x7d, 0x5d, 0xbf, 0xe9, 0x39, 0xd1, 0x21, 0xf8,
  0x9f, 0x0b, 0xb6, 0xd5, 0x7b, 0x1e, 0x92, 0x3a, 0x48, 0x59, 0x1c, 0xf0, 0x62, 0x31, 0x2d, 0xc0, 0x7a, 0x28, 0xfe, 0x1a,
  0xa7, 0x5c, 0xb3, 0xb6, 0xcc, 0x97, 0xe7, 0x45, 0xd4, 0x58, 0xfa, 0xd1, 0x77, 0x6d, 0x43, 0xa2, 0xc0, 0x87, 0x65, 0x34,
  0x0a, 0x1f, 0x7a, 0xdd, 0xeb, 0x3c, 0x33, 0xa1, 0xc5, 0x9d, 0x4d, 0xa4, 0x6f, 0x41, 0x95, 0x38, 0x7f, 0xc9, 0x1e, 0x84,
  0xeb, 0xd1, 0x9e, 0x49, 0x92, 0x87, 0x94, 0x87, 0x0c, 0x3a, 0x85, 0x4a, 0x66, 0x9f, 0x9d, 0x59, 0x93, 0x4d, 0x97, 0x61,
  0x06, 0x86, 0x4a, 0x00, 0x58, 0x02, 0x26, 0x30, 0x56, 0x31, 0x0b, 0x30, 0x09, 0x06, 0x03, 0x55, 0x04, 0x06, 0x13, 0x02,
  0x43, 0x4e, 0x31, 0x30, 0x30, 0x2e, 0x06, 0x03, 0x55, 0x04, 0x0a, 0x0c, 0x27, 0x43, 0x68, 0x69, 0x6e, 0x61, 0x20, 0x46,
  0x69, 0x6e, 0x61, 0x6e, 0x63, 0x69, 0x61, 0x6c, 0x20, 0x43, 0x65, 0x72, 0x74, 0x69, 0x66, 0x69, 0x63, 0x61, 0x74, 0x69,
  0x6f, 0x6e, 0x20, 0x41, 0x75, 0x74, 0x68, 0x6f, 0x72, 0x69, 0x74, 0x79, 0x31, 0x15, 0x30, 0x13, 0x06, 0x03, 0x55, 0x04,
  0x03, 0x0c, 0x0c, 0x43, 0x46, 0x43, 0x41, 0x20, 0x45, 0x56, 0x20, 0x52, 0x4f, 0x4f, 0x54, 0x30, 0x82, 0x02, 0x22, 0x30,
  0x0d, 0x06, 0x09, 0x2a, 0x86, 0x48, 0x86, 0xf7, 0x0d, 0x01, 0x01, 0x01, 0x05, 0x00, 0x03, 0x82, 0x02, 0x0f, 0x00, 0x30,
  0x82, 0x02, 0x0a, 0x02, 0x82, 0x02, 0x01, 0x00, 0xd7, 0x5d, 0x6b, 0xcd, 0x10, 0x3f, 0x1f, 0x05, 0x59, 0xd5, 0x05, 0x4d,
  0x37, 0xb1, 0x0e, 0xec, 0x98, 0x2b, 0x8e, 0x15, 0x1d, 0xfa, 0x93, 0x4b, 0x17, 0x82, 0x21, 0x71, 0x10, 0x52, 0xd7, 0x51,
  0x64, 0x70, 0x16, 0xc2, 0x55, 0x69, 0x4d, 0x8e, 0x15, 0x6d, 0x9f, 0xbf, 0x0c, 0x1b, 0xc2, 0xe0, 0xa3, 0x67, 0xd6, 0x0c,
  0xac, 0xcf, 0x22, 0xae, 0xaf, 0x77, 0x54, 0x2a, 0x4b, 0x4c, 0x8a, 0x53, 0x52, 0x7a, 0xc3, 0xee, 0x2e, 0xde, 0xb3, 0x71,
  0x25, 0xc1, 0xe9, 0x5d, 0x3d, 0xee, 0xa1, 0x2f, 0xa3, 0xf7, 0x2a, 0x3c, 0xc9, 0x23, 0x1d, 0x6a, 0xab, 0x1d, 0xa1, 0xa7,
  0xf1, 0xf3, 0xec, 0xa0, 0xd5, 0x44, 0xcf, 0x15, 0xcf, 0x72, 0x2f, 0x1d, 0x63, 0x97, 0xe8, 0x99, 0xf9, 0xfd, 0x93, 0xa4,
  0x54, 0x80, 0x4c, 0x52, 0xd4, 0x52, 0xab, 0x2e, 0x49, 0xdf, 0x90, 0xcd, 0xb8, 0x5f, 0xbe, 0x3f, 0xde, 0xa1, 0xca, 0x4d,
  0x20, 0xd4, 0x25, 0xe8, 0x84, 0x29, 0x53, 0xb7, 0xb1, 0x88, 0x1f, 0xff, 0xfa, 0xda, 0x90, 0x9f, 0x0a, 0xa9, 0x2d, 0x41,
  0x3f, 0xb1, 0xf1, 0x18, 0x29, 0xee, 0x16, 0x59, 0x2c, 0x34, 0x49, 0x1a, 0xa8, 0x06, 0xd7, 0xa8, 0x88, 0xd2, 0x03, 0x72,
  0x7a, 0x32, 0xe2, 0xea, 0x68, 0x4d, 0x6e, 0x2c, 0x96, 0x65, 0x7b, 0xca, 0x59, 0xfa, 0xf2, 0xe2, 0xdd, 0xee, 0x30, 0x2c,
  0xfb, 0xcc, 0x46, 0xac, 0xc4, 0x63, 0xeb, 0x6f, 0x7f, 0x36, 0x2b, 0x34, 0x73, 0x12, 0x94, 0x7f, 0xdf, 0xcc, 0x26, 0x9e,
  0xf1, 0x72, 0x5d, 0x50, 0x65, 0x59, 0x8f, 0x69, 0xb3, 0x87, 0x5e, 0x32, 0x6f, 0xc3, 0x18, 0x8a, 0xb5, 0x95, 0x8f, 0xb0,
  0x7a, 0x37, 0xde, 0x5a, 0x45, 0x3b, 0xc7, 0x36, 0xe1, 0xef, 0x67, 0xd1, 0x39, 0xd3, 0x97, 0x5b, 0x73, 0x62, 0x19, 0x48,
  0x2d, 0x87, 0x1c, 0x06, 0xfb, 0x74, 0x98, 0x20, 0x49, 0x73, 0xf0, 0x05, 0xd2, 0x1b, 0xb1, 0xa0, 0xa3, 0xb7, 0x1b, 0x70,
  0xd3, 0x88, 0x69, 0xb9, 0x5a, 0xd6, 0x38, 0xf4, 0x62, 0xdc, 0x25, 0x8b, 0x78, 0xbf, 0xf8, 0xe8, 0x7e, 0xb8, 0x5c, 0xc9,
  0x95, 0x4f, 0x5f, 0xa7, 0x2d, 0xb9, 0x20, 0x6b, 0xcf, 0x6b, 0xdd, 0xf5, 0x0d, 0xf4, 0x82, 0xb7, 0xf4, 0xb2, 0x66, 0x2e,
  0x10, 0x28, 0xf6, 0x97, 0x5a, 0x7b, 0x96, 0x16, 0x8f, 0x01, 0x19, 0x2d, 0x6c, 0x6e, 0x7f, 0x39, 0x58, 0x06, 0x64, 0x83,
  0x01, 0x83, 0x83, 0xc3, 0x4d, 0x92, 0xdd, 0x32, 0xc6, 0x87, 0xa4, 0x37, 0xe9, 0x16, 0xce, 0xaa, 0x2d, 0x68, 0xaf, 0x0a,
  0x81, 0x65, 0x3a, 0x70, 0xc1, 0x9b, 0xad, 0x4d, 0x6d, 0x54, 0xca, 0x2a, 0x2d, 0x4b, 0x85, 0x1b, 0xb3, 0x80, 0xe6, 0x70,
  0x45, 0x0d, 0x6b, 0x5e, 0x35, 0xf0, 0x7f, 0x3b, 0xb8, 0x9c, 0xe4, 0x04, 0x70, 0x89, 0x12, 0x25, 0x93, 0xda, 0x0a, 0x99,
  0x22, 0x60, 0x6a, 0x63, 0x60, 0x4e, 0x76, 0x06, 0x98, 0x4e, 0xbd, 0x83, 0xad, 0x1d, 0x58, 0x8a, 0x25, 0x85, 0xd2, 0xc7,
  0x65, 0x1e, 0x2d, 0x8e, 0xc6, 0xdf, 0xb6, 0xc6, 0xe1, 0x7f, 0x8a, 0x04, 0x21, 0x15, 0x29, 0x74, 0xf0, 0x3e, 0x9c, 0x90,
  0x9d, 0x0c, 0x2e, 0xf1, 0x8a, 0x3e, 0x5a, 0xaa, 0x0c, 0x09, 0x1e, 0xc7, 0xd5, 0x3c, 0xa3, 0xed, 0x97, 0xc3, 0x1e, 0x34,
  0xfa, 0x38, 0xf9, 0x08, 0x0e, 0xe3, 0xc0, 0x5d, 0x2b, 0x83, 0xd1, 0x56, 0x6a, 0xc9, 0xb6, 0xa8, 0x54, 0x53, 0x2e, 0x78,
  0x32, 0x67, 0x3d, 0x82, 0x7f, 0x74, 0xd0, 0xfb, 0xe1, 0xb6, 0x05, 0x60, 0xb9, 0x70, 0xdb, 0x8e, 0x0b, 0xf9, 0x13, 0x58,
  0x6f, 0x71, 0x60, 0x10, 0x52, 0x10, 0xb9, 0xc1, 0x41, 0x09, 0xef, 0x72, 0x1f, 0x67, 0x31, 0x78, 0xff, 0x96, 0x05, 0x8d,
  0x02, 0x03, 0x01, 0x00, 0x01, 0x00, 0x59, 0x01, 0x26, 0x30, 0x57, 0x31, 0x0b, 0x30, 0x09, 0x06, 0x03, 0x55, 0x04, 0x06,
  0x13, 0x02, 0x42, 0x45, 0x31, 0x19, 0x30, 0x17, 0x06, 0x03, 0x55, 0x04, 0x0a, 0x13, 0x10, 0x47, 0x6c, 0x6f, 0x62, 0x61,
  0x6c, 0x53, 0x69, 0x67, 0x6e, 0x20, 0x6e, 0x76, 0x2d, 0x73, 0x61, 0x31, 0x10, 0x30, 0x0e, 0x06, 0x03, 0x55, 0x04, 0x0b,
  0x13, 0x07, 0x52, 0x6f, 0x6f, 0x74, 0x20, 0x43, 0x41, 0x31, 0x1b, 0x30, 0x19, 0x06, 0x03, 0x55, 0x04, 0x03, 0x13, 0x12,
  0x47, 0x6c, 0x6f, 0x62, 0x61, 0x6c, 0x53, 0x69, 0x67, 0x6e, 0x20, 0x52, 0x6f, 0x6f, 0x74, 0x20, 0x43, 0x41, 0x30, 0x82,
  0x01, 0x22, 0x30, 0x0d, 0x06, 0x09, 0x2a, 0x86, 0x48, 0x86, 0xf7, 0x0d, 0x01, 0x01, 0x01, 0x05, 0x00, 0x03, 0x82, 0x01,
  0x0f, 0x00, 0x30, 0x82, 0x01, 0x0a, 0x02, 0x82, 0x01, 0x01, 0x00, 0xda, 0x0e, 0xe6, 0x99, 0x8d, 0xce, 0xa3, 0xe3, 0x4f,
  0x8a, 0x7e, 0xfb, 0xf1, 0x8b, 0x83, 0x25, 0x6b, 0xea, 0x48, 0x1f, 0xf1, 0x2a, 0xb0, 0xb9, 0x95, 0x11, 0x04, 0xbd, 0xf0,
  0x63, 0xd1, 0xe2, 0x67, 0x66, 0xcf, 0x1c, 0xdd, 0xcf, 0x1b, 0x48, 0x2b, 0xee, 0x8d, 0x89, 0x8e, 0x9a, 0xaf, 0x29, 0x80,
  0x65, 0xab, 0xe9, 0xc7, 0x2d, 0x12, 0xcb, 0xab, 0x1c, 0x4c, 0x70, 0x07, 0xa1, 0x3d, 0x0a, 0x30, 0xcd, 0x15, 0x8d, 0x4f,
  0xf8, 0xdd, 0xd4, 0x8c, 0x50, 0x15, 0x1c, 0xef, 0x50, 0xee, 0xc4, 0x2e, 0xf7, 0xfc, 0xe9, 0x52, 0xf2, 0x91, 0x7d, 0xe0,
  0x6d, 0xd5, 0x35, 0x30, 0x8e, 0x5e, 0x43, 0x73, 0xf2, 0x41, 0xe9, 0xd5, 0x6a, 0xe3, 0xb2, 0x89, 0x3a, 0x56, 0x39, 0x38,
  0x6f, 0x06, 0x3c, 0x88, 0x69, 0x5b, 0x2a, 0x4d, 0xc5, 0xa7, 0x54, 0xb8, 0x6c, 0x89, 0xcc, 0x9b, 0xf9, 0x3c, 0xca, 0xe5,
  0xfd, 0x89, 0xf5, 0x12, 0x3c, 0x92, 0x78, 0x96, 0xd6, 0xdc, 0x74, 0x6e, 0x93, 0x44, 0x61, 0xd1, 0x8d, 0xc7, 0x46, 0xb2,
  0x75, 0x0e, 0x86, 0xe8, 0x19, 0x8a, 0xd5, 0x6d, 0x6c, 0xd5, 0x78, 0x16, 0x95, 0xa2, 0xe9, 0xc8, 0x0a, 0x38, 0xeb, 0xf2,
  0x24, 0x13, 0x4f, 0x73, 0x54, 0x93, 0x13, 0x85, 0x3a, 0x1b, 0xbc, 0x1e, 0x34, 0xb5, 0x8b, 0x05, 0x8c, 0xb9, 0x77, 0x8b,
  0xb1, 0xdb, 0x1f, 0x20, 0x91, 0xab, 0x09, 0x53, 0x6e, 0x90, 0xce, 0x7b, 0x37, 0x74, 0xb9, 0x70, 0x47, 0x91, 0x22, 0x51,
  0x63, 0x16, 0x79, 0xae, 0xb1, 0xae, 0x41, 0x26, 0x08, 0xc8, 0x19, 0x2b, 0xd1, 0x46, 0xaa, 0x48, 0xd6, 0x64, 0x2a, 0xd7,
  0x83, 0x34, 0xff, 0x2c, 0x2a, 0xc1, 0x6c, 0x19, 0x43, 0x4a, 0x07, 0x85, 0xe7, 0xd3, 0x7c, 0xf6, 0x21, 0x68, 0xef, 0xea,
  0xf2, 0x52, 0x9f, 0x7f, 0x93, 0x90, 0xcf, 0x02, 0x03, 0x01, 0x00, 0x01, 0x00, 0x61, 0x00, 0x78, 0x30, 0x5f, 0x31, 0x0b,
  0x30, 0x09, 0x06, 0x03, 0x55, 0x04, 0x06, 0x13, 0x02, 0x47, 0x42, 0x31, 0x18, 0x30, 0x16, 0x06, 0x03, 0x55, 0x04, 0x0a,
  0x13, 0x0f, 0x53, 0x65, 0x63, 0x74, 0x69, 0x67, 0x6f, 0x20, 0x4c, 0x69, 0x6d, 0x69, 0x74, 0x65, 0x64, 0x31, 0x36, 0x30,
  0x34, 0x06, 0x03, 0x55, 0x04, 0x03, 0x13, 0x2d, 0x53, 0x65, 0x63, 0x74, 0x69, 0x67, 0x6f, 0x20, 0x50, 0x75, 0x62, 0x6c,
  0x69, 0x63, 0x20, 0x53, 0x65, 0x72, 0x76, 0x65, 0x72, 0x20, 0x41, 0x75, 0x74, 0x68, 0x65, 0x6e, 0x74, 0x69, 0x63, 0x61,
  0x74, 0x69, 0x6f, 0x6e, 0x20, 0x52, 0x6f, 0x6f, 0x74, 0x20, 0x45, 0x34, 0x36, 0x30, 0x76, 0x30, 0x10, 0x06, 0x07, 0x2a,
  0x86, 0x48, 0xce, 0x3d, 0x02, 0x01, 0x06, 0x05, 0x2b, 0x81, 0x04, 0x00, 0x22, 0x03, 0x62, 0x00, 0x04, 0x76, 0xfa, 0x99,
  0xa9, 0x6e, 0x20, 0xed, 0xf9, 0xd7, 0x77, 0xe3, 0x07, 0x3b, 0xa8, 0xdb, 0x3d, 0x5f, 0x38, 0xe8, 0xab, 0x55, 0xa6, 0x56,
  0x4f, 0xd6, 0x48, 0xea, 0xec, 0x7f, 0x2d, 0xaa, 0xc3, 0xb2, 0xc5, 0x79, 0xec, 0x99, 0x61, 0x7f, 0x10, 0x79, 0xc7, 0x02,
  0x5a, 0xf9, 0x04, 0x37, 0xf5, 0x34, 0x35, 0x2b, 0x77, 0xce, 0x7f, 0x20, 0x8f, 0x52, 0xa3, 0x00, 0x89, 0xec, 0xd5, 0xa7,
  0xa2, 0x6d, 0x5b, 0xe3, 0x4b, 0x92, 0x93, 0xa0, 0x80, 0xf5, 0x01, 0x94, 0xdc, 0xf0, 0x68, 0x07, 0x1e, 0xcd, 0xee, 0xfe,
  0x25, 0x52, 0xb5, 0x20, 0x43, 0x1c, 0x1b, 0xfe, 0xeb, 0x19, 0xce, 0x43, 0xa3, 0x00, 0x61, 0x02, 0x26, 0x30, 0x5f, 0x31,
  0x0b, 0x30, 0x09, 0x06, 0x03, 0x55, 0x04, 0x06, 0x13, 0x02, 0x47, 0x42, 0x31, 0x18, 0x30, 0x16, 0x06, 0x03, 0x55, 0x04,
  0x0a, 0x13, 0x0f, 0x53, 0x65, 0x63, 0x74, 0x69, 0x67, 0x6f, 0x20, 0x4c, 0x69, 0x6d, 0x69, 0x74, 0x65, 0x64, 0x31, 0x36,
  0x30, 0x34, 0x06, 0x03, 0x55, 0x04, 0x03, 0x13, 0x2d, 0x53, 0x65, 0x63, 0x74, 0x69, 0x67, 0x6f, 0x20, 0x50, 0x75, 0x62,
  0x6c, 0x69, 0x63, 0x20, 0x53, 0x65, 0x72, 0x76, 0x65, 0x72, 0x20, 0x41, 0x75, 0x74, 0x68, 0x65, 0x6e, 0x74, 0x69, 0x63,
  0x61, 0x74, 0x69, 0x6f, 0x6e, 0x20, 0x52, 0x6f, 0x6f, 0x74, 0x20, 0x52, 0x34, 0x36, 0x30, 0x82, 0x02, 0x22, 0x30, 0x0d,
  0x06, 0x09, 0x2a, 0x86, 0x48, 0x86, 0xf7, 0x0d, 0x01, 0x01, 0x01, 0x05, 0x00, 0x03, 0x82, 0x02, 0x0f, 0x00, 0x30, 0x82,
  0x02, 0x0a, 0x02, 0x82, 0x02, 0x01, 0x00, 0x93, 0xbe, 0xd5, 0x36, 0x52, 0x75, 0xd8, 0x01, 0x23, 0xa0, 0x1c, 0x47, 0x42,
  0x49, 0xee, 0x63, 0xb6, 0xb7, 0x21, 0xfd, 0xc4, 0x95, 0xd5, 0x48, 0x2b, 0x26, 0x7c, 0x14, 0x53, 0x10, 0xda, 0x79, 0xfd,
  0x2b, 0xb7, 0x2d, 0xa4, 0xd4, 0x2c, 0xfa, 0xea, 0x32, 0xdd, 0x49, 0xc2, 0xb9, 0xbd, 0x0f, 0x48, 0x3d, 0x7b, 0x5a, 0x98,
  0x54, 0xaf, 0x9e, 0x5d, 0x31, 0x74, 0x4f, 0x07, 0xfc, 0x50, 0x21, 0xdd, 0xa4, 0xcf, 0x68, 0x4f, 0x1b, 0x12, 0x63, 0x6d,
  0x25, 0x99, 0x4c, 0x2a, 0x99, 0xf3, 0x48, 0x30, 0x61, 0xfa, 0x81, 0x7c, 0x1e, 0xa7, 0x08, 0x4a, 0xdc, 0x3e, 0x2b, 0x1c,
  0x1f, 0x18, 0x4c, 0x71, 0xaa, 0x35, 0x8c, 0xad, 0xf8, 0x6e, 0xe8, 0x3b, 0x4a, 0xd9, 0xe5, 0x94, 0x02, 0xd6, 0x89, 0x84,
  0x13, 0xaa, 0x6d, 0xc8, 0x4f, 0x33, 0xcc, 0x50, 0x96, 0x37, 0x92, 0x33, 0xdc, 0x5f, 0x88, 0xe7, 0x9f, 0x54, 0xd9, 0x48,
  0xf0, 0x98, 0x43, 0xd6, 0x66, 0xfd, 0x9f, 0x17, 0x38, 0x43, 0xc5, 0x01, 0x51, 0x0b, 0xd7, 0xe3, 0x23, 0x0f, 0x14, 0x5d,
  0x5b, 0x14, 0xe7, 0x4b, 0xbe, 0xdd, 0xf4, 0xc8, 0xda, 0x03, 0x37, 0xd1, 0xd6, 0x39, 0xa1, 0x21, 0x51, 0x30, 0x83, 0xb0,
  0x6d, 0xd7, 0x30, 0x4e, 0x96, 0x5b, 0x91, 0xf0, 0x70, 0x24, 0xab, 0xbf, 0x45, 0x81, 0x64, 0x43, 0x0d, 0xbd, 0x21, 0x3a,
  0x2f, 0x3c, 0xe9, 0x9e, 0x0d, 0xcb, 0x20, 0xb5, 0x42, 0x27, 0xcc, 0xda, 0x6f, 0x9b, 0xee, 0x64, 0x30, 0x90, 0x39, 0xcd,
  0x93, 0x65, 0x81, 0x21, 0x31, 0xb5, 0x23, 0x50, 0x33, 0x37, 0x22, 0xe3, 0x38, 0xed, 0xf8, 0x31, 0x30, 0xcc, 0x45, 0xfe,
  0x62, 0xf9, 0xd1, 0x5d, 0x32, 0x79, 0x42, 0x87, 0xdf, 0x6a, 0xcc, 0x56, 0x19, 0x40, 0x4d, 0xce, 0xaa, 0xbb, 0xf9, 0xb5,
  0x76, 0x49, 0x94, 0xf1, 0x27, 0xf8, 0x91, 0xa5, 0x83, 0xe5, 0x06, 0xb3, 0x63, 0x0e, 0x80, 0xdc, 0xe0, 0x12, 0x55, 0x80,
  0xa6, 0x3b, 0x66, 0xb4, 0x39, 0x87, 0x2d, 0xc8, 0xf0, 0xd0, 0xd1, 0x14, 0xe9, 0xe4, 0x0d, 0x4d, 0x0e, 0xf6, 0x5d, 0x57,
  0x72, 0xc5, 0x3b, 0x1c, 0x47, 0x56, 0x9d, 0xe2, 0xd5, 0xfb, 0x81, 0x61, 0x8c, 0xcc, 0x4d, 0x80, 0x90, 0x34, 0x5b, 0xb7,
  0xd7, 0x14, 0x75, 0xdc, 0xd8, 0x04, 0x48, 0x9f, 0xc0, 0xc1, 0x28, 0x88, 0xb4, 0xe9, 0x1c, 0xca, 0xa7, 0xb1, 0xf1, 0x56,
  0xb7, 0x7b, 0x49, 0x4c, 0x59, 0xe5, 0x20, 0x15, 0xa8, 0x84, 0x02, 0x29, 0xfa, 0x38, 0x94, 0x69, 0x9a, 0x49, 0x06, 0x8f,
  0xcd, 0x1f, 0x79, 0x14, 0x17, 0x12, 0x0c, 0x83, 0x7a, 0xde, 0x1f, 0xb1, 0x97, 0xee, 0xf9, 0x97, 0x78, 0x28, 0xa4, 0xc8,
  0x44, 0x92, 0xe9, 0x7d, 0x26, 0x05, 0xa6, 0x58, 0x72, 0x9b, 0x79, 0x13, 0xd8, 0x11, 0x5f, 0xae, 0xc5, 0x38, 0x62, 0x34,
  0x68, 0xb2, 0x86, 0x30, 0x8e, 0xf8, 0x90, 0x61, 0x9e, 0x32, 0x6c, 0xf5, 0x07, 0x36, 0xcd, 0xa2, 0x4c, 0x6e, 0xec, 0x8a,
  0x36, 0xed, 0xf2, 0xe6, 0x99, 0x15, 0x44, 0x70, 0xc3, 0x7c, 0xbc, 0x9c, 0x39, 0xc0, 0xb4, 0xe1, 0x6b, 0xf7, 0x83, 0x25,
  0x23, 0x57, 0xd9, 0x12, 0x80, 0xe5, 0x49, 0xf0, 0x75, 0x0f, 0xef, 0x8d, 0xeb, 0x1c, 0x9b, 0x54, 0x28, 0xb4, 0x21, 0x3c,
  0xfc, 0x7c, 0x0a, 0xff, 0xef, 0x7b, 0x6b, 0x75, 0xff, 0x8b, 0x1d, 0xa0, 0x19, 0x05, 0xab, 0xfa, 0xf8, 0x2b, 0x81, 0x42,
  0xe8, 0x38, 0xba, 0xbb, 0xfb, 0xaa, 0xfd, 0x3d, 0xe0, 0xf3, 0xca, 0xdf, 0x4e, 0x97, 0x97, 0x29, 0xed, 0xf3, 0x18, 0x56,
  0xe9, 0xa5, 0x96, 0xac, 0xbd, 0xc3, 0x90, 0x98, 0xb2, 0xe0, 0xf9, 0xa2, 0xd4, 0xa6, 0x47, 0x43, 0x7c, 0x6d, 0xcf, 0x02,
  0x03, 0x01, 0x00, 0x01, 0x00, 0x63, 0x01, 0x26, 0x30, 0x61, 0x31, 0x0b, 0x30, 0x09, 0x06, 0x03, 0x55, 0x04, 0x06, 0x13,
  0x02, 0x55, 0x53, 0x31, 0x15, 0x30, 0x13, 0x06, 0x03, 0x55, 0x04, 0x0a, 0x13, 0x0c, 0x44, 0x69, 0x67, 0x69, 0x43, 0x65,
  0x72, 0x74, 0x20, 0x49, 0x6e, 0x63, 0x31, 0x19, 0x30, 0x17, 0x06, 0x03, 0x55, 0x04, 0x0b, 0x13, 0x10, 0x77, 0x77, 0x77,
  0x2e, 0x64, 0x69, 0x67, 0x69, 0x63, 0x65, 0x72, 0x74, 0x2e, 0x63, 0x6f, 0x6d, 0x31, 0x20, 0x30, 0x1e, 0x06, 0x03, 0x55,
  0x04, 0x03, 0x13, 0x17, 0x44, 0x69, 0x67, 0x69, 0x43, 0x65, 0x72, 0x74, 0x20, 0x47, 0x6c, 0x6f, 0x62, 0x61, 0x6c, 0x20,
  0x52, 0x6f, 0x6f, 0x74, 0x20, 0x43, 0x41, 0x30, 0x82, 0x01, 0x22, 0x30, 0x0d, 0x06, 0x09, 0x2a, 0x86, 0x48, 0x86, 0xf7,
  0x0d, 0x01, 0x01, 0x01, 0x05, 0x00, 0x03, 0x82, 0x01, 0x0f, 0x00, 0x30, 0x82, 0x01, 0x0a, 0x02, 0x82, 0x01, 0x01, 0x00,
  0xe2, 0x3b, 0xe1, 0x11, 0x72, 0xde, 0xa8, 0xa4, 0xd3, 0xa3, 0x57, 0xaa, 0x50, 0xa2, 0x8f, 0x0b, 0x77, 0x90, 0xc9, 0xa2,
  0xa5, 0xee, 0x12, 0xce, 0x96, 0x5b, 0x01, 0x09, 0x20, 0xcc, 0x01, 0x93, 0xa7, 0x4e, 0x30, 0xb7, 0x53, 0xf7, 0x43, 0xc4,
  0x69, 0x00, 0x57, 0x9d, 0xe2, 0x8d, 0x22, 0xdd, 0x87, 0x06, 0x40, 0x00, 0x81, 0x09, 0xce, 0xce, 0x1b, 0x83, 0xbf, 0xdf,
  0xcd, 0x3b, 0x71, 0x46, 0xe2, 0xd6, 0x66, 0xc7, 0x05, 0xb3, 0x76, 0x27, 0x16, 0x8f, 0x7b, 0x9e, 0x1e, 0x95, 0x7d, 0xee,
  0xb7, 0x48, 0xa3, 0x08, 0xda, 0xd6, 0xaf, 0x7a, 0x0c, 0x39, 0x06, 0x65, 0x7f, 0x4a, 0x5d, 0x1f, 0xbc, 0x17, 0xf8, 0xab,
  0xbe, 0xee, 0x28, 0xd7, 0x74, 0x7f, 0x7a, 0x78, 0x99, 0x59, 0x85, 0x68, 0x6e, 0x5c, 0x23, 0x32, 0x4b, 0xbf, 0x4e, 0xc0,
  0xe8, 0x5a, 0x6d, 0xe3, 0x70, 0xbf, 0x77, 0x10, 0xbf, 0xfc, 0x01, 0xf6, 0x85, 0xd9, 0xa8, 0x44, 0x10, 0x58, 0x32, 0xa9,
  0x75, 0x18, 0xd5, 0xd1, 0xa2, 0xbe, 0x47, 0xe2, 0x27, 0x6a, 0xf4, 0x9a, 0x33, 0xf8, 0x49, 0x08, 0x60, 0x8b, 0xd4, 0x5f,
  0xb4, 0x3a, 0x84, 0xbf, 0xa1, 0xaa, 0x4a, 0x4c, 0x7d, 0x3e, 0xcf, 0x4f, 0x5f, 0x6c, 0x76, 0x5e, 0xa0, 0x4b, 0x37, 0x91,
  0x9e, 0xdc, 0x22, 0xe6, 0x6d, 0xce, 0x14, 0x1a, 0x8e, 0x6a, 0xcb, 0xfe, 0xcd, 0xb3, 0x14, 0x64, 0x17, 0xc7, 0x5b, 0x29,
  0x9e, 0x32, 0xbf, 0xf2, 0xee, 0xfa, 0xd3, 0x0b, 0x42, 0xd4, 0xab, 0xb7, 0x41, 0x32, 0xda, 0x0c, 0xd4, 0xef, 0xf8, 0x81,
  0xd5, 0xbb, 0x8d, 0x58, 0x3f, 0xb5, 0x1b, 0xe8, 0x49, 0x28, 0xa2, 0x70, 0xda, 0x31, 0x04, 0xdd, 0xf7, 0xb2, 0x16, 0xf2,
  0x4c, 0x0a, 0x4e, 0x07, 0xa8, 0xed, 0x4a, 0x3d, 0x5e, 0xb5, 0x7f, 0xa3, 0x90, 0xc3, 0xaf, 0x27, 0x02, 0x03, 0x01, 0x00,
  0x01, 0x00, 0x63, 0x01, 0x26, 0x30, 0x61, 0x31, 0x0b, 0x30, 0x09, 0x06, 0x03, 0x55, 0x04, 0x06, 0x13, 0x02, 0x55, 0x53,
  0x31, 0x15, 0x30, 0x13, 0x06, 0x03, 0x55, 0x04, 0x0a, 0x13, 0x0c, 0x44, 0x69, 0x67, 0x69, 0x43, 0x65, 0x72, 0x74, 0x20,
  0x49, 0x6e, 0x63, 0x31, 0x19, 0x30, 0x17, 0x06, 0x03, 0x55, 0x04, 0x0b, 0x13, 0x10, 0x77, 0x77, 0x77, 0x2e, 0x64, 0x69,
  0x67, 0x69, 0x63, 0x65, 0x72, 0x74, 0x2e, 0x63, 0x6f, 0x6d, 0x31, 0x20, 0x30, 0x1e, 0x06, 0x03, 0x55, 0x04, 0x03, 0x13,
  0x17, 0x44, 0x69, 0x67, 0x69, 0x43, 0x65, 0x72, 0x74, 0x20, 0x47, 0x6c, 0x6f, 0x62, 0x61, 0x6c, 0x20, 0x52, 0x6f, 0x6f,
  0x74, 0x20, 0x47, 0x32, 0x30, 0x82, 0x01, 0x22, 0x30, 0x0d, 0x06, 0x09, 0x2a, 0x86, 0x48, 0x86, 0xf7, 0x0d, 0x01, 0x01,
  0x01, 0x05, 0x00, 0x03, 0x82, 0x01, 0x0f, 0x00, 0x30, 0x82, 0x01, 0x0a, 0x02, 0x82, 0x01, 0x01, 0x00, 0xbb, 0x37, 0xcd,
  0x34, 0xdc, 0x7b, 0x6b, 0xc9, 0xb2, 0x68, 0x90, 0xad, 0x4a, 0x75, 0xff, 0x46, 0xba, 0x21, 0x0a, 0x08, 0x8d, 0xf5, 0x19,
  0x54, 0xc9, 0xfb, 0x88, 0xdb, 0xf3, 0xae, 0xf2, 0x3a, 0x89, 0x91, 0x3c, 0x7a, 0xe6, 0xab, 0x06, 0x1a, 0x6b, 0xcf, 0xac,
  0x2d, 0xe8, 0x5e, 0x09, 0x24, 0x44, 0xba, 0x62, 0x9a, 0x7e, 0xd6, 0xa3, 0xa8, 0x7e, 0xe0, 0x54, 0x75, 0x20, 0x05, 0xac,
  0x50, 0xb7, 0x9c, 0x63, 0x1a, 0x6c, 0x30, 0xdc, 0xda, 0x1f, 0x19, 0xb1, 0xd7, 0x1e, 0xde, 0xfd, 0xd7, 0xe0, 0xcb, 0x94,
  0x83, 0x37, 0xae, 0xec, 0x1f, 0x43, 0x4e, 0xdd, 0x7b, 0x2c, 0xd2, 0xbd, 0x2e, 0xa5, 0x2f, 0xe4, 0xa9, 0xb8, 0xad, 0x3a,
  0xd4, 0x99, 0xa4, 0xb6, 0x25, 0xe9, 0x9b, 0x6b, 0x00, 0x60, 0x92, 0x60, 0xff, 0x4f, 0x21, 0x49, 0x18, 0xf7, 0x67, 0x90,
  0xab, 0x61, 0x06, 0x9c, 0x8f, 0xf2, 0xba, 0xe9, 0xb4, 0xe9, 0x92, 0x32, 0x6b, 0xb5, 0xf3, 0x57, 0xe8, 0x5d, 0x1b, 0xcd,
  0x8c, 0x1d, 0xab, 0x95, 0x04, 0x95, 0x49, 0xf3, 0x35, 0x2d, 0x96, 0xe3, 0x49, 0x6d, 0xdd, 0x77, 0xe3, 0xfb, 0x49, 0x4b,
  0xb4, 0xac, 0x55, 0x07, 0xa9, 0x8f, 0x95, 0xb3, 0xb4, 0x23, 0xbb, 0x4c, 0x6d, 0x45, 0xf0, 0xf6, 0xa9, 0xb2, 0x95, 0x30,
  0xb4, 0xfd, 0x4c, 0x55, 0x8c, 0x27, 0x4a, 0x57, 0x14, 0x7c, 0x82, 0x9d, 0xcd, 0x73, 0x92, 0xd3, 0x16, 0x4a, 0x06, 0x0c,
  0x8c, 0x50, 0xd1, 0x8f, 0x1e, 0x09, 0xbe, 0x17, 0xa1, 0xe6, 0x21, 0xca, 0xfd, 0x83, 0xe5, 0x10, 0xbc, 0x83, 0xa5, 0x0a,
  0xc4, 0x67, 0x28, 0xf6, 0x73, 0x14, 0x14, 0x3d, 0x46, 0x76, 0xc3, 0x87, 0x14, 0x89, 0x21, 0x34, 0x4d, 0xaf, 0x0f, 0x45,
  0x0c, 0xa6, 0x49, 0xa1, 0xba, 0xbb, 0x9c, 0xc5, 0xb1, 0x33, 0x83, 0x29, 0x85, 0x02, 0x03, 0x01, 0x00, 0x01, 0x00, 0x63,
  0x00, 0x78, 0x30, 0x61, 0x31, 0x0b, 0x30, 0x09, 0x06, 0x03, 0x55, 0x04, 0x06, 0x13, 0x02, 0x55, 0x53, 0x31, 0x15, 0x30,
  0x13, 0x06, 0x03, 0x55, 0x04, 0x0a, 0x13, 0x0c, 0x44, 0x69, 0x67, 0x69, 0x43, 0x65, 0x72, 0x74, 0x20, 0x49, 0x6e, 0x63,
  0x31, 0x19, 0x30, 0x17, 0x06, 0x03, 0x55, 0x04, 0x0b, 0x13, 0x10, 0x77, 0x77, 0x77, 0x2e, 0x64, 0x69, 0x67, 0x69, 0x63,
  0x65, 0x72, 0x74, 0x2e, 0x63, 0x6f, 0x6d, 0x31, 0x20, 0x30, 0x1e, 0x06, 0x03, 0x55, 0x04, 0x03, 0x13, 0x17, 0x44, 0x69,
  0x67, 0x69, 0x43, 0x65, 0x72, 0x74, 0x20, 0x47, 0x6c, 0x6f, 0x62, 0x61, 0x6c, 0x20, 0x52, 0x6f, 0x6f, 0x74, 0x20, 0x47,
  0x33, 0x30, 0x76, 0x30, 0x10, 0x06, 0x07, 0x2a, 0x86, 0x48, 0xce, 0x3d, 0x02, 0x01, 0x06, 0x05, 0x2b, 0x81, 0x04, 0x00,
  0x22, 0x03, 0x62, 0x00, 0x04, 0xdd, 0xa7, 0xd9, 0xbb, 0x8a, 0xb8, 0x0b, 0xfb, 0x0b, 0x7f, 0x21, 0xd2, 0xf0, 0xbe, 0xbe,
  0x73, 0xf3, 0x33, 0x5d, 0x1a, 0xbc, 0x34, 0xea, 0xde, 0xc6, 0x9b, 0xbc, 0xd0, 0x95, 0xf6, 0xf0, 0xcc, 0xd0, 0x0b, 0xba,
  0x61, 0x5b, 0x51, 0x46, 0x7e, 0x9e, 0x2d, 0x9f, 0xee, 0x8e, 0x63, 0x0c, 0x17, 0xec, 0x07, 0x70, 0xf5, 0xcf, 0x84, 0x2e,
  0x40, 0x83, 0x9c, 0xe8, 0x3f, 0x41, 0x6d, 0x3b, 0xad, 0xd3, 0xa4, 0x14, 0x59, 0x36, 0x78, 0x9d, 0x03, 0x43, 0xee, 0x10,
  0x13, 0x6c, 0x72, 0xde, 0xae, 0x88, 0xa7, 0xa1, 0x6b, 0xb5, 0x43, 0xce, 0x67, 0xdc, 0x23, 0xff, 0x03, 0x1c, 0xa3, 0xe2,
  0x3e, 0x00, 0x64, 0x02, 0x26, 0x30, 0x62, 0x31, 0x0b, 0x30, 0x09, 0x06, 0x03, 0x55, 0x04, 0x06, 0x13, 0x02, 0x55, 0x53,
  0x31, 0x15, 0x30, 0x13, 0x06, 0x03, 0x55, 0x04, 0x0a, 0x13, 0x0c, 0x44, 0x69, 0x67, 0x69, 0x43, 0x65, 0x72, 0x74, 0x20,
  0x49, 0x6e, 0x63, 0x31, 0x19, 0x30, 0x17, 0x06, 0x03, 0x55, 0x04, 0x0b, 0x13, 0x10, 0x77, 0x77, 0x77, 0x2e, 0x64, 0x69,
  0x67, 0x69, 0x63, 0x65, 0x72, 0x74, 0x2e, 0x63, 0x6f, 0x6d, 0x31, 0x21, 0x30, 0x1f, 0x06, 0x03, 0x55, 0x04, 0x03, 0x13,
  0x18, 0x44, 0x69, 0x67, 0x69, 0x43, 0x65, 0x72, 0x74, 0x20, 0x54, 0x72, 0x75, 0x73, 0x74, 0x65, 0x64, 0x20, 0x52, 0x6f,
  0x6f, 0x74, 0x20, 0x47, 0x34, 0x30, 0x82, 0x02, 0x22, 0x30, 0x0d, 0x06, 0x09, 0x2a, 0x86, 0x48, 0x86, 0xf7, 0x0d, 0x01,
  0x01, 0x01, 0x05, 0x00, 0x03, 0x82, 0x02, 0x0f, 0x00, 0x30, 0x82, 0x02, 0x0a, 0x02, 0x82, 0x02, 0x01, 0x00, 0xbf, 0xe6,
  0x90, 0x73, 0x68, 0xde, 0xbb, 0xe4, 0x5d, 0x4a, 0x3c, 0x30, 0x22, 0x30, 0x69, 0x33, 0xec, 0xc2, 0xa7, 0x25, 0x2e, 0xc9,
  0x21, 0x3d, 0xf2, 0x8a, 0xd8, 0x59, 0xc2, 0xe1, 0x29, 0xa7, 0x3d, 0x58, 0xab, 0x76, 0x9a, 0xcd, 0xae, 0x7b, 0x1b, 0x84,
  0x0d, 0xc4, 0x30, 0x1f, 0xf3, 0x1b, 0xa4, 0x38, 0x16, 0xeb, 0x56, 0xc6, 0x97, 0x6d, 0x1d, 0xab, 0xb2, 0x79, 0xf2, 0xca,
  0x11, 0xd2, 0xe4, 0x5f, 0xd6, 0x05, 0x3c, 0x52, 0x0f, 0x52, 0x1f, 0xc6, 0x9e, 0x15, 0xa5, 0x7e, 0xbe, 0x9f, 0xa9, 0x57,
  0x16, 0x59, 0x55, 0x72, 0xaf, 0x68, 0x93, 0x70, 0xc2, 0xb2, 0xba, 0x75, 0x99, 0x6a, 0x73, 0x32, 0x94, 0xd1, 0x10, 0x44,
  0x10, 0x2e, 0xdf, 0x82, 0xf3, 0x07, 0x84, 0xe6, 0x74, 0x3b, 0x6d, 0x71, 0xe2, 0x2d, 0x0c, 0x1b, 0xee, 0x20, 0xd5, 0xc9,
  0x20, 0x1d, 0x63, 0x29, 0x2d, 0xce, 0xec, 0x5e, 0x4e, 0xc8, 0x93, 0xf8, 0x21, 0x61, 0x9b, 0x34, 0xeb, 0x05, 0xc6, 0x5e,
  0xec, 0x5b, 0x1a, 0xbc, 0xeb, 0xc9, 0xcf, 0xcd, 0xac, 0x34, 0x40, 0x5f, 0xb1, 0x7a, 0x66, 0xee, 0x77, 0xc8, 0x48, 0xa8,
  0x66, 0x57, 0x57, 0x9f, 0x54, 0x58, 0x8e, 0x0c, 0x2b, 0xb7, 0x4f, 0xa7, 0x30, 0xd9, 0x56, 0xee, 0xca, 0x7b, 0x5d, 0xe3,
  0xad, 0xc9, 0x4f, 0x5e, 0xe5, 0x35, 0xe7, 0x31, 0xcb, 0xda, 0x93, 0x5e, 0xdc, 0x8e, 0x8f, 0x80, 0xda, 0xb6, 0x91, 0x98,
  0x40, 0x90, 0x79, 0xc3, 0x78, 0xc7, 0xb6, 0xb1, 0xc4, 0xb5, 0x6a, 0x18, 0x38, 0x03, 0x10, 0x8d, 0xd8, 0xd4, 0x37, 0xa4,
  0x2e, 0x05, 0x7d, 0x88, 0xf5, 0x82, 0x3e, 0x10, 0x91, 0x70, 0xab, 0x55, 0x82, 0x41, 0x32, 0xd7, 0xdb, 0x04, 0x73, 0x2a,
  0x6e, 0x91, 0x01, 0x7c, 0x21, 0x4c, 0xd4, 0xbc, 0xae, 0x1b, 0x03, 0x75, 0x5d, 0x78, 0x66, 0xd9, 0x3a, 0x31, 0x44, 0x9a,
  0x33, 0x40, 0xbf, 0x08, 0xd7, 0x5a, 0x49, 0xa4, 0xc2, 0xe6, 0xa9, 0xa0, 0x67, 0xdd, 0xa4, 0x27, 0xbc, 0xa1, 0x4f, 0x39,
  0xb5, 0x11, 0x58, 0x17, 0xf7, 0x24, 0x5c, 0x46, 0x8f, 0x64, 0xf7, 0xc1, 0x69, 0x88, 0x76, 0x98, 0x76, 0x3d, 0x59, 0x5d,
  0x42, 0x76, 0x87, 0x89, 0x97, 0x69, 0x7a, 0x48, 0xf0, 0xe0, 0xa2, 0x12, 0x1b, 0x66, 0x9a, 0x74, 0xca, 0xde, 0x4b, 0x1e,
  0xe7, 0x0e, 0x63, 0xae, 0xe6, 0xd4, 0xef, 0x92, 0x92, 0x3a, 0x9e, 0x3d, 0xdc, 0x00, 0xe4, 0x45, 0x25, 0x89, 0xb6, 0x9a,
  0x44, 0x19, 0x2b, 0x7e, 0xc0, 0x94, 0xb4, 0xd2, 0x61, 0x6d, 0xeb, 0x33, 0xd9, 0xc5, 0xdf, 0x4b, 0x04, 0x00, 0xcc, 0x7d,
  0x1c, 0x95, 0xc3, 0x8f, 0xf7, 0x21, 0xb2, 0xb2, 0x11, 0xb7, 0xbb, 0x7f, 0xf2, 0xd5, 0x8c, 0x70, 0x2c, 0x41, 0x60, 0xaa,
  0xb1, 0x63, 0x18, 0x44, 0x95, 0x1a, 0x76, 0x62, 0x7e, 0xf6, 0x80, 0xb0, 0xfb, 0xe8, 0x64, 0xa6, 0x33, 0xd1, 0x89, 0x07,
  0xe1, 0xbd, 0xb7, 0xe6, 0x43, 0xa4, 0x18, 0xb8, 0xa6, 0x77, 0x01, 0xe1, 0x0f, 0x94, 0x0c, 0x21, 0x1d, 0xb2, 0x54, 0x29,
  0x25, 0x89, 0x6c, 0xe5, 0x0e, 0x52, 0x51, 0x47, 0x74, 0xbe, 0x26, 0xac, 0xb6, 0x41, 0x75, 0xde, 0x7a, 0xac, 0x5f, 0x8d,
  0x3f, 0xc9, 0xbc, 0xd3, 0x41, 0x11, 0x12, 0x5b, 0xe5, 0x10, 0x50, 0xeb, 0x31, 0xc5, 0xca, 0x72, 0x16, 0x22, 0x09, 0xdf,
  0x7c, 0x4c, 0x75, 0x3f, 0x63, 0xec, 0x21, 0x5f, 0xc4, 0x20, 0x51, 0x6b, 0x6f, 0xb1, 0xab, 0x86, 0x8b, 0x4f, 0xc2, 0xd6,
  0x45, 0x5f, 0x9d, 0x20, 0xfc, 0xa1, 0x1e, 0xc5, 0xc0, 0x8f, 0xa2, 0xb1, 0x7e, 0x0a, 0x26, 0x99, 0xf5, 0xe4, 0x69, 0x2f,
  0x98, 0x1d, 0x2d, 0xf5, 0xd9, 0xa9, 0xb2, 0x1d, 0xe5, 0x1b, 0x02, 0x03, 0x01, 0x00, 0x01, 0x00, 0x67, 0x01, 0x26, 0x30,
  0x65, 0x31, 0x0b, 0x30, 0x09, 0x06, 0x03, 0x55, 0x04, 0x06, 0x13, 0x02, 0x55, 0x53, 0x31, 0x15, 0x30, 0x13, 0x06, 0x03,
  0x55, 0x04, 0x0a, 0x13, 0x0c, 0x44, 0x69, 0x67, 0x69, 0x43, 0x65, 0x72, 0x74, 0x20, 0x49, 0x6e, 0x63, 0x31, 0x19, 0x30,
  0x17, 0x06, 0x03, 0x55, 0x04, 0x0b, 0x13, 0x10, 0x77, 0x77, 0x77, 0x2e, 0x64, 0x69, 0x67, 0x69, 0x63, 0x65, 0x72, 0x74,
  0x2e, 0x63, 0x6f, 0x6d, 0x31, 0x24, 0x30, 0x22, 0x06, 0x03, 0x55, 0x04, 0x03, 0x13, 0x1b, 0x44, 0x69, 0x67, 0x69, 0x43,
  0x65, 0x72, 0x74, 0x20, 0x41, 0x73, 0x73, 0x75, 0x72, 0x65, 0x64, 0x20, 0x49, 0x44, 0x20, 0x52, 0x6f, 0x6f, 0x74, 0x20,
  0x43, 0x41, 0x30, 0x82, 0x01, 0x22, 0x30, 0x0d, 0x06, 0x09, 0x2a, 0x86, 0x48, 0x86, 0xf7, 0x0d, 0x01, 0x01, 0x01, 0x05,
  0x00, 0x03, 0x82, 0x01, 0x0f, 0x00, 0x30, 0x82, 0x01, 0x0a, 0x02, 0x82, 0x01, 0x01, 0x00, 0xad, 0x0e, 0x15, 0xce, 0xe4,
  0x43, 0x80, 0x5c, 0xb1, 0x87, 0xf3, 0xb7, 0x60, 0xf9, 0x71, 0x12, 0xa5, 0xae, 0xdc, 0x26, 0x94, 0x88, 0xaa, 0xf4, 0xce,
  0xf5, 0x20, 0x39, 0x28, 0x58, 0x60, 0x0c, 0xf8, 0x80, 0xda, 0xa9, 0x15, 0x95, 0x32, 0x61, 0x3c, 0xb5, 0xb1, 0x28, 0x84,
  0x8a, 0x8a, 0xdc, 0x9f, 0x0a, 0x0c, 0x83, 0x17, 0x7a, 0x8f, 0x90, 0xac, 0x8a, 0xe7, 0x79, 0x53, 0x5c, 0x31, 0x84, 0x2a,
  0xf6, 0x0f, 0x98, 0x32, 0x36, 0x76, 0xcc, 0xde, 0xdd, 0x3c, 0xa8, 0xa2, 0xef, 0x6a, 0xfb, 0x21, 0xf2, 0x52, 0x61, 0xdf,
  0x9f, 0x20, 0xd7, 0x1f, 0xe2, 0xb1, 0xd9, 0xfe, 0x18, 0x64, 0xd2, 0x12, 0x5b, 0x5f, 0xf9, 0x58, 0x18, 0x35, 0xbc, 0x47,
  0xcd, 0xa1, 0x36, 0xf9, 0x6b, 0x7f, 0xd4, 0xb0, 0x38, 0x3e, 0xc1, 0x1b, 0xc3, 0x8c, 0x33, 0xd9, 0xd8, 0x2f, 0x18, 0xfe,
  0x28, 0x0f, 0xb3, 0xa7, 0x83, 0xd6, 0xc3, 0x6e, 0x44, 0xc0, 0x61, 0x35, 0x96, 0x16, 0xfe, 0x59, 0x9c, 0x8b, 0x76, 0x6d,
  0xd7, 0xf1, 0xa2, 0x4b, 0x0d, 0x2b, 0xff, 0x0b, 0x72, 0xda, 0x9e, 0x60, 0xd0, 0x8e, 0x90, 0x35, 0xc6, 0x78, 0x55, 0x87,
  0x20, 0xa1, 0xcf, 0xe5, 0x6d, 0x0a, 0xc8, 0x49, 0x7c, 0x31, 0x98, 0x33, 0x6c, 0x22, 0xe9, 0x87, 0xd0, 0x32, 0x5a, 0xa2,
  0xba, 0x13, 0x82, 0x11, 0xed, 0x39, 0x17, 0x9d, 0x99, 0x3a, 0x72, 0xa1, 0xe6, 0xfa, 0xa4, 0xd9, 0xd5, 0x17, 0x31, 0x75,
  0xae, 0x85, 0x7d, 0x22, 0xae, 0x3f, 0x01, 0x46, 0x86, 0xf6, 0x28, 0x79, 0xc8, 0xb1, 0xda, 0xe4, 0x57, 0x17, 0xc4, 0x7e,
  0x1c, 0x0e, 0xb0, 0xb4, 0x92, 0xa6, 0x56, 0xb3, 0xbd, 0xb2, 0x97, 0xed, 0xaa, 0xa7, 0xf0, 0xb7, 0xc5, 0xa8, 0x3f, 0x95,
  0x16, 0xd0, 0xff, 0xa1, 0x96, 0xeb, 0x08, 0x5f, 0x18, 0x77, 0x4f, 0x02, 0x03, 0x01, 0x00, 0x01, 0x00, 0x67, 0x00, 0x78,
  0x30, 0x65, 0x31, 0x0b, 0x30, 0x09, 0x06, 0x03, 0x55, 0x04, 0x06, 0x13, 0x02, 0x55, 0x53, 0x31, 0x1e, 0x30, 0x1c, 0x06,
  0x03, 0x55, 0x04, 0x0a, 0x13, 0x15, 0x4d, 0x69, 0x63, 0x72, 0x6f, 0x73, 0x6f, 0x66, 0x74, 0x20, 0x43, 0x6f, 0x72, 0x70,
  0x6f, 0x72, 0x61, 0x74, 0x69, 0x6f, 0x6e, 0x31, 0x36, 0x30, 0x34, 0x06, 0x03, 0x55, 0x04, 0x03, 0x13, 0x2d, 0x4d, 0x69,
  0x63, 0x72, 0x6f, 0x73, 0x6f, 0x66, 0x74, 0x20, 0x45, 0x43, 0x43, 0x20, 0x52, 0x6f, 0x6f, 0x74, 0x20, 0x43, 0x65, 0x72,
  0x74, 0x69, 0x66, 0x69, 0x63, 0x61, 0x74, 0x65, 0x20, 0x41, 0x75, 0x74, 0x68, 0x6f, 0x72, 0x69, 0x74, 0x79, 0x20, 0x32,
  0x30, 0x31, 0x37, 0x30, 0x76, 0x30, 0x10, 0x06, 0x07, 0x2a, 0x86, 0x48, 0xce, 0x3d, 0x02, 0x01, 0x06, 0x05, 0x2b, 0x81,
  0x04, 0x00, 0x22, 0x03, 0x62, 0x00, 0x04, 0xd4, 0xbc, 0x3d, 0x02, 0x42, 0x75, 0x41, 0x13, 0x23, 0xcd, 0x80, 0x04, 0x86,
  0x02, 0x51, 0x2f, 0x6a, 0xa8, 0x81, 0x62, 0x0b, 0x65, 0xcc, 0xf6, 0xca, 0x9d, 0x1e, 0x6f, 0x4a, 0x66, 0x51, 0xa2, 0x03,
  0xd9, 0x9d, 0x91, 0xfa, 0xb6, 0x16, 0xb1, 0x8c, 0x6e, 0xde, 0x7c, 0xcd, 0xdb, 0x79, 0xa6, 0x2f, 0xce, 0xbb, 0xce, 0x71,
  0x2f, 0xe5, 0xa5, 0xab, 0x28, 0xec, 0x63, 0x04, 0x66, 0x99, 0xf8, 0xfa, 0xf2, 0x93, 0x10, 0x05, 0xe1, 0x81, 0x28, 0x42,
  0xe3, 0xc6, 0x68, 0xf4, 0xe6, 0x1b, 0x84, 0x60, 0x4a, 0x89, 0xaf, 0xed, 0x79, 0x0f, 0x3b, 0xce, 0xf1, 0xf6, 0x44, 0xf5,
  0x01, 0x78, 0xc0, 0x00, 0x67, 0x02, 0x26, 0x30, 0x65, 0x31, 0x0b, 0x30, 0x09, 0x06, 0x03, 0x55, 0x04, 0x06, 0x13, 0x02,
  0x55, 0x53, 0x31, 0x1e, 0x30, 0x1c, 0x06, 0x03, 0x55, 0x04, 0x0a, 0x13, 0x15, 0x4d, 0x69, 0x63, 0x72, 0x6f, 0x73, 0x6f,
  0x66, 0x74, 0x20, 0x43, 0x6f, 0x72, 0x70, 0x6f, 0x72, 0x61, 0x74, 0x69, 0x6f, 0x6e, 0x31, 0x36, 0x30, 0x34, 0x06, 0x03,
  0x55, 0x04, 0x03, 0x13, 0x2d, 0x4d, 0x69, 0x63, 0x72, 0x6f, 0x73, 0x6f, 0x66, 0x74, 0x20, 0x52, 0x53, 0x41, 0x20, 0x52,
  0x6f, 0x6f, 0x74, 0x20, 0x43, 0x65, 0x72, 0x74, 0x69, 0x66, 0x69, 0x63, 0x61, 0x74, 0x65, 0x20, 0x41, 0x75, 0x74, 0x68,
  0x6f, 0x72, 0x69, 0x74, 0x79, 0x20, 0x32, 0x30, 0x31, 0x37, 0x30, 0x82, 0x02, 0x22, 0x30, 0x0d, 0x06, 0x09, 0x2a, 0x86,
  0x48, 0x86, 0xf7, 0x0d, 0x01, 0x01, 0x01, 0x05, 0x00, 0x03, 0x82, 0x02, 0x0f, 0x00, 0x30, 0x82, 0x02, 0x0a, 0x02, 0x82,
  0x02, 0x01, 0x00, 0xca, 0x5b, 0xbe, 0x94, 0x33, 0x8c, 0x29, 0x95, 0x91, 0x16, 0x0a, 0x95, 0xbd, 0x47, 0x62, 0xc1, 0x89,
  0xf3, 0x99, 0x36, 0xdf, 0x46, 0x90, 0xc9, 0xa5, 0xed, 0x78, 0x6a, 0x6f, 0x47, 0x91, 0x68, 0xf8, 0x27, 0x67, 0x50, 0x33,
  0x1d, 0xa1, 0xa6, 0xfb, 0xe0, 0xe5, 0x43, 0xa3, 0x84, 0x02, 0x57, 0x01, 0x5d, 0x9c, 0x48, 0x40, 0x82, 0x53, 0x10, 0xbc,
  0xbf, 0xc7, 0x3b, 0x68, 0x90, 0xb6, 0x82, 0x2d, 0xe5, 0xf4, 0x65, 0xd0, 0xcc, 0x6d, 0x19, 0xcc, 0x95, 0xf9, 0x7b, 0xac,
  0x4a, 0x94, 0xad, 0x0e, 0xde, 0x4b, 0x43, 0x1d, 0x87, 0x07, 0x92, 0x13, 0x90, 0x80, 0x83, 0x64, 0x35, 0x39, 0x04, 0xfc,
  0xe5, 0xe9, 0x6c, 0xb3, 0xb6, 0x1f, 0x50, 0x94, 0x38, 0x65, 0x50, 0x5c, 0x17, 0x46, 0xb9, 0xb6, 0x85, 0xb5, 0x1c, 0xb5,
  0x17, 0xe8, 0xd6, 0x45, 0x9d, 0xd8, 0xb2, 0x26, 0xb0, 0xca, 0xc4, 0x70, 0x4a, 0xae, 0x60, 0xa4, 0xdd, 0xb3, 0xd9, 0xec,
  0xfc, 0x3b, 0xd5, 0x57, 0x72, 0xbc, 0x3f, 0xc8, 0xc9, 0xb2, 0xde, 0x4b, 0x6b, 0xf8, 0x23, 0x6c, 0x03, 0xc0, 0x05, 0xbd,
  0x95, 0xc7, 0xcd, 0x73, 0x3b, 0x66, 0x80, 0x64, 0xe3, 0x1a, 0xac, 0x2e, 0xf9, 0x47, 0x05, 0xf2, 0x06, 0xb6, 0x9b, 0x73,
  0xf5, 0x78, 0x33, 0x5b, 0xc7, 0xa1, 0xfb, 0x27, 0x2a, 0xa1, 0xb4, 0x9a, 0x91, 0x8c, 0x91, 0xd3, 0x3a, 0x82, 0x3e, 0x76,
  0x40, 0xb4, 0xcd, 0x52, 0x61, 0x51, 0x70, 0x28, 0x3f, 0xc5, 0xc5, 0x5a, 0xf2, 0xc9, 0x8c, 0x49, 0xbb, 0x14, 0x5b, 0x4d,
  0xc8, 0xff, 0x67, 0x4d, 0x4c, 0x12, 0x96, 0xad, 0xf5, 0xfe, 0x78, 0xa8, 0x97, 0x87, 0xd7, 0xfd, 0x5e, 0x20, 0x80, 0xdc,
  0xa1, 0x4b, 0x22, 0xfb, 0xd4, 0x89, 0xad, 0xba, 0xce, 0x47, 0x97, 0x47, 0x55, 0x7b, 0x8f, 0x45, 0xc8, 0x67, 0x28, 0x84,
  0x95, 0x1c, 0x68, 0x30, 0xef, 0xef, 0x49, 0xe0, 0x35, 0x7b, 0x64, 0xe7, 0x98, 0xb0, 0x94, 0xda, 0x4d, 0x85, 0x3b, 0x3e,
  0x55, 0xc4, 0x28, 0xaf, 0x57, 0xf3, 0x9e, 0x13, 0xdb, 0x46, 0x27, 0x9f, 0x1e, 0xa2, 0x5e, 0x44, 0x83, 0xa4, 0xa5, 0xca,
  0xd5, 0x13, 0xb3, 0x4b, 0x3f, 0xc4, 0xe3, 0xc2, 0xe6, 0x86, 0x61, 0xa4, 0x52, 0x30, 0xb9, 0x7a, 0x20, 0x4f, 0x6f, 0x0f,
  0x38, 0x53, 0xcb, 0x33, 0x0c, 0x13, 0x2b, 0x8f, 0xd6, 0x9a, 0xbd, 0x2a, 0xc8, 0x2d, 0xb1, 0x1c, 0x7d, 0x4b, 0x51, 0xca,
  0x47, 0xd1, 0x48, 0x27, 0x72, 0x5d, 0x87, 0xeb, 0xd5, 0x45, 0xe6, 0x48, 0x65, 0x9d, 0xaf, 0x52, 0x90, 0xba, 0x5b, 0xa2,
  0x18, 0x65, 0x57, 0x12, 0x9f, 0x68, 0xb9, 0xd4, 0x15, 0x6b, 0x94, 0xc4, 0x69, 0x22, 0x98, 0xf4, 0x33, 0xe0, 0xed, 0xf9,
  0x51, 0x8e, 0x41, 0x50, 0xc9, 0x34, 0x4f, 0x76, 0x90, 0xac, 0xfc, 0x38, 0xc1, 0xd8, 0xe1, 0x7b, 0xb9, 0xe3, 0xe3, 0x94,
  0xe1, 0x46, 0x69, 0xcb, 0x0e, 0x0a, 0x50, 0x6b, 0x13, 0xba, 0xac, 0x0f, 0x37, 0x5a, 0xb7, 0x12, 0xb5, 0x90, 0x81, 0x1e,
  0x56, 0xae, 0x57, 0x22, 0x86, 0xd9, 0xc9, 0xd2, 0xd1, 0xd7, 0x51, 0xe3, 0xab, 0x3b, 0xc6, 0x55, 0xfd, 0x1e, 0x0e, 0xd3,
  0x74, 0x0a, 0xd1, 0xda, 0xaa, 0xea, 0x69, 0xb8, 0x97, 0x28, 0x8f, 0x48, 0xc4, 0x07, 0xf8, 0x52, 0x43, 0x3a, 0xf4, 0xca,
  0x55, 0x35, 0x2c, 0xb0, 0xa6, 0x6a, 0xc0, 0x9c, 0xf9, 0xf2, 0x81, 0xe1, 0x12, 0x6a, 0xc0, 0x45, 0xd9, 0x67, 0xb3, 0xce,
  0xff, 0x23, 0xa2, 0x89, 0x0a, 0x54, 0xd4, 0x14, 0xb9, 0x2a, 0xa8, 0xd7, 0xec, 0xf9, 0xab, 0xcd, 0x25, 0x58, 0x32, 0x79,
  0x8f, 0x90, 0x5b, 0x98, 0x39, 0xc4, 0x08, 0x06, 0xc1, 0xac, 0x7f, 0x0e, 0x3d, 0x00, 0xa5, 0x02, 0x03, 0x01, 0x00, 0x01,
  0x00, 0x6d, 0x02, 0x26, 0x30, 0x6b, 0x31, 0x0b, 0x30, 0x09, 0x06, 0x03, 0x55, 0x04, 0x06, 0x13, 0x02, 0x49, 0x54, 0x31,
  0x0e, 0x30, 0x0c, 0x06, 0x03, 0x55, 0x04, 0x07, 0x0c, 0x05, 0x4d, 0x69, 0x6c, 0x61, 0x6e, 0x31, 0x23, 0x30, 0x21, 0x06,
  0x03, 0x55, 0x04, 0x0a, 0x0c, 0x1a, 0x41, 0x63, 0x74, 0x61, 0x6c, 0x69, 0x73, 0x20, 0x53, 0x2e, 0x70, 0x2e, 0x41, 0x2e,
  0x2f, 0x30, 0x33, 0x33, 0x35, 0x38, 0x35, 0x32, 0x30, 0x39, 0x36, 0x37, 0x31, 0x27, 0x30, 0x25, 0x06, 0x03, 0x55, 0x04,
  0x03, 0x0c, 0x1e, 0x41, 0x63, 0x74, 0x61, 0x6c, 0x69, 0x73, 0x20, 0x41, 0x75, 0x74, 0x68, 0x65, 0x6e, 0x74, 0x69, 0x63,
  0x61, 0x74, 0x69, 0x6f, 0x6e, 0x20, 0x52, 0x6f, 0x6f, 0x74, 0x20, 0x43, 0x41, 0x30, 0x82, 0x02, 0x22, 0x30, 0x0d, 0x06,
  0x09, 0x2a, 0x86, 0x48, 0x86, 0xf7, 0x0d, 0x01, 0x01, 0x01, 0x05, 0x00, 0x03, 0x82, 0x02, 0x0f, 0x00, 0x30, 0x82, 0x02,
  0x0a, 0x02, 0x82, 0x02, 0x01, 0x00, 0xa7, 0xc6, 0xc4, 0xa5, 0x29, 0xa4, 0x2c, 0xef, 0xe5, 0x18, 0xc5, 0xb0, 0x50, 0xa3,
  0x6f, 0x51, 0x3b, 0x9f, 0x0a, 0x5a, 0xc9, 0xc2, 0x48, 0x38, 0x0a, 0xc2, 0x1c, 0xa0, 0x18, 0x7f, 0x91, 0xb5, 0x87, 0xb9,
  0x40, 0x3f, 0xdd, 0x1d, 0x68, 0x1f, 0x08, 0x83, 0xd5, 0x2d, 0x1e, 0x88, 0xa0, 0xf8, 0x8f, 0x56, 0x8f, 0x6d, 0x99, 0x02,
  0x92, 0x90, 0x16, 0xd5, 0x5f, 0x08, 0x6c, 0x89, 0xd7, 0xe1, 0xac, 0xbc, 0x20, 0xc2, 0xb1, 0xe0, 0x83, 0x51, 0x8a, 0x69,
  0x4d, 0x00, 0x96, 0x5a, 0x6f, 0x2f, 0xc0, 0x44, 0x7e, 0xa3, 0x0e, 0xe4, 0x91, 0xcd, 0x58, 0xee, 0xdc, 0xfb, 0xc7, 0x1e,
  0x45, 0x47, 0xdd, 0x27, 0xb9, 0x08, 0x01, 0x9f, 0xa6, 0x21, 0x1d, 0xf5, 0x41, 0x2d, 0x2f, 0x4c, 0xfd, 0x28, 0xad, 0xe0,
  0x8a, 0xad, 0x22, 0xb4, 0x56, 0x65, 0x8e, 0x86, 0x54, 0x8f, 0x93, 0x43, 0x29, 0xde, 0x39, 0x46, 0x78, 0xa3, 0x30, 0x23,
  0xba, 0xcd, 0xf0, 0x7d, 0x13, 0x57, 0xc0, 0x5d, 0xd2, 0x83, 0x6b, 0x48, 0x4c, 0xc4, 0xab, 0x9f, 0x80, 0x5a, 0x5b, 0x3a,
  0xbd, 0xc9, 0xa7, 0x22, 0x3f, 0x80, 0x27, 0x33, 0x5b, 0x0e, 0xb7, 0x8a, 0x0c, 0x5d, 0x07, 0x37, 0x08, 0xcb, 0x6c, 0xd2,
  0x7a, 0x47, 0x22, 0x44, 0x35, 0xc5, 0xcc, 0xcc, 0x2e, 0x8e, 0xdd, 0x2a, 0xed, 0xb7, 0x7d, 0x66, 0x0d, 0x5f, 0x61, 0x51,
  0x22, 0x55, 0x1b, 0xe3, 0x46, 0xe3, 0xe3, 0x3d, 0xd0, 0x35, 0x62, 0x9a, 0xdb, 0xaf, 0x14, 0xc8, 0x5b, 0xa1, 0xcc, 0x89,
  0x1b, 0xe1, 0x30, 0x26, 0xfc, 0xa0, 0x9b, 0x1f, 0x81, 0xa7, 0x47, 0x1f, 0x04, 0xeb, 0xa3, 0x39, 0x92, 0x06, 0x9f, 0x99,
  0xd3, 0xbf, 0xd3, 0xea, 0x4f, 0x50, 0x9c, 0x19, 0xfe, 0x96, 0x87, 0x1e, 0x3c, 0x65, 0xf6, 0xa3, 0x18, 0x24, 0x83, 0x86,
  0x10, 0xe7, 0x54, 0x3e, 0xa8, 0x3a, 0x76, 0x24, 0x4f, 0x81, 0x21, 0xc5, 0xe3, 0x0f, 0x02, 0xf8, 0x93, 0x94, 0x47, 0x20,
  0xbb, 0xfe, 0xd4, 0x0e, 0xd3, 0x68, 0xb9, 0xdd, 0xc4, 0x7a, 0x84, 0x82, 0xe3, 0x53, 0x54, 0x79, 0xdd, 0xdb, 0x9c, 0xd2,
  0xf2, 0x07, 0x9b, 0x2e, 0xb6, 0xbc, 0x3e, 0xed, 0x85, 0x6d, 0xef, 0x25, 0x11, 0xf2, 0x97, 0x1a, 0x42, 0x61, 0xf7, 0x4a,
  0x97, 0xe8, 0x8b, 0xb1, 0x10, 0x07, 0xfa, 0x65, 0x81, 0xb2, 0xa2, 0x39, 0xcf, 0xf7, 0x3c, 0xff, 0x18, 0xfb, 0xc6, 0xf1,
  0x5a, 0x8b, 0x59, 0xe2, 0x02, 0xac, 0x7b, 0x92, 0xd0, 0x4e, 0x14, 0x4f, 0x59, 0x45, 0xf6, 0x0c, 0x5e, 0x28, 0x5f, 0xb0,
  0xe8, 0x3f, 0x45, 0xcf, 0xcf, 0xaf, 0x9b, 0x6f, 0xfb, 0x84, 0xd3, 0x77, 0x5a, 0x95, 0x6f, 0xac, 0x94, 0x84, 0x9e, 0xee,
  0xbc, 0xc0, 0x4a, 0x8f, 0x4a, 0x93, 0xf8, 0x44, 0x21, 0xe2, 0x31, 0x45, 0x61, 0x50, 0x4e, 0x10, 0xd8, 0xe3, 0x35, 0x7c,
  0x4c, 0x19, 0xb4, 0xde, 0x05, 0xbf, 0xa3, 0x06, 0x9f, 0xc8, 0xb5, 0xcd, 0xe4, 0x1f, 0xd7, 0x17, 0x06, 0x0d, 0x7a, 0x95,
  0x74, 0x55, 0x0d, 0x68, 0x1a, 0xfc, 0x10, 0x1b, 0x62, 0x64, 0x9d, 0x6d, 0xe0, 0x95, 0xa0, 0xc3, 0x94, 0x07, 0x57, 0x0d,
  0x14, 0xe6, 0xbd, 0x05, 0xfb, 0xb8, 0x9f, 0xe6, 0xdf, 0x8b, 0xe2, 0xc6, 0xe7, 0x7e, 0x96, 0xf6, 0x53, 0xc5, 0x80, 0x34,
  0x50, 0x28, 0x58, 0xf0, 0x12, 0x50, 0x71, 0x17, 0x30, 0xba, 0xe6, 0x78, 0x63, 0xbc, 0xf4, 0xb2, 0xad, 0x9b, 0x2b, 0xb2,
  0xfe, 0xe1, 0x39, 0x8c, 0x5e, 0xba, 0x0b, 0x20, 0x94, 0xde, 0x7b, 0x83, 0xb8, 0xff, 0xe3, 0x56, 0x8d, 0xb7, 0x11, 0xe9,
  0x3b, 0x8c, 0xf2, 0xb1, 0xc1, 0x5d, 0x9d, 0xa4, 0x0b, 0x4c, 0x2b, 0xd9, 0xb2, 0x18, 0xf5, 0xb5, 0x9f, 0x4b, 0x02, 0x03,
  0x01, 0x00, 0x01, 0x00, 0x6e, 0x01, 0x26, 0x30, 0x6c, 0x31, 0x0b, 0x30, 0x09, 0x06, 0x03, 0x55, 0x04, 0x06, 0x13, 0x02,
  0x55, 0x53, 0x31, 0x15, 0x30, 0x13, 0x06, 0x03, 0x55, 0x04, 0x0a, 0x13, 0x0c, 0x44, 0x69, 0x67, 0x69, 0x43, 0x65, 0x72,
  0x74, 0x20, 0x49, 0x6e, 0x63, 0x31, 0x19, 0x30, 0x17, 0x06, 0x03, 0x55, 0x04, 0x0b, 0x13, 0x10, 0x77, 0x77, 0x77, 0x2e,
  0x64, 0x69, 0x67, 0x69, 0x63, 0x65, 0x72, 0x74, 0x2e, 0x63, 0x6f, 0x6d, 0x31, 0x2b, 0x30, 0x29, 0x06, 0x03, 0x55, 0x04,
  0x03, 0x13, 0x22, 0x44, 0x69, 0x67, 0x69, 0x43, 0x65, 0x72, 0x74, 0x20, 0x48, 0x69, 0x67, 0x68, 0x20, 0x41, 0x73, 0x73,
  0x75, 0x72, 0x61, 0x6e, 0x63, 0x65, 0x20, 0x45, 0x56, 0x20, 0x52, 0x6f, 0x6f, 0x74, 0x20, 0x43, 0x41, 0x30, 0x82, 0x01,
  0x22, 0x30, 0x0d, 0x06, 0x09, 0x2a, 0x86, 0x48, 0x86, 0xf7, 0x0d, 0x01, 0x01, 0x01, 0x05, 0x00, 0x03, 0x82, 0x01, 0x0f,
  0x00, 0x30, 0x82, 0x01, 0x0a, 0x02, 0x82, 0x01, 0x01, 0x00, 0xc6, 0xcc, 0xe5, 0x73, 0xe6, 0xfb, 0xd4, 0xbb, 0xe5, 0x2d,
  0x2d, 0x32, 0xa6, 0xdf, 0xe5, 0x81, 0x3f, 0xc9, 0xcd, 0x25, 0x49, 0xb6, 0x71, 0x2a, 0xc3, 0xd5, 0x94, 0x34, 0x67, 0xa2,
  0x0a, 0x1c, 0xb0, 0x5f, 0x69, 0xa6, 0x40, 0xb1, 0xc4, 0xb7, 0xb2, 0x8f, 0xd0, 0x98, 0xa4, 0xa9, 0x41, 0x59, 0x3a, 0xd3,
  0xdc, 0x94, 0xd6, 0x3c, 0xdb, 0x74, 0x38, 0xa4, 0x4a, 0xcc, 0x4d, 0x25, 0x82, 0xf7, 0x4a, 0xa5, 0x53, 0x12, 0x38, 0xee,
  0xf3, 0x49, 0x6d, 0x71, 0x91, 0x7e, 0x63, 0xb6, 0xab, 0xa6, 0x5f, 0xc3, 0xa4, 0x84, 0xf8, 0x4f, 0x62, 0x51, 0xbe, 0xf8,
  0xc5, 0xec, 0xdb, 0x38, 0x92, 0xe3, 0x06, 0xe5, 0x08, 0x91, 0x0c, 0xc4, 0x28, 0x41, 0x55, 0xfb, 0xcb, 0x5a, 0x89, 0x15,
  0x7e, 0x71, 0xe8, 0x35, 0xbf, 0x4d, 0x72, 0x09, 0x3d, 0xbe, 0x3a, 0x38, 0x50, 0x5b, 0x77, 0x31, 0x1b, 0x8d, 0xb3, 0xc7,
  0x24, 0x45, 0x9a, 0xa7, 0xac, 0x6d, 0x00, 0x14, 0x5a, 0x04, 0xb7, 0xba, 0x13, 0xeb, 0x51, 0x0a, 0x98, 0x41, 0x41, 0x22,
  0x4e, 0x65, 0x61, 0x87, 0x81, 0x41, 0x50, 0xa6, 0x79, 0x5c, 0x89, 0xde, 0x19, 0x4a, 0x57, 0xd5, 0x2e, 0xe6, 0x5d, 0x1c,
  0x53, 0x2c, 0x7e, 0x98, 0xcd, 0x1a, 0x06, 0x16, 0xa4, 0x68, 0x73, 0xd0, 0x34, 0x04, 0x13, 0x5c, 0xa1, 0x71, 0xd3, 0x5a,
  0x7c, 0x55, 0xdb, 0x5e, 0x64, 0xe1, 0x37, 0x87, 0x30, 0x56, 0x04, 0xe5, 0x11, 0xb4, 0x29, 0x80, 0x12, 0xf1, 0x79, 0x39,
  0x88, 0xa2, 0x02, 0x11, 0x7c, 0x27, 0x66, 0xb7, 0x88, 0xb7, 0x78, 0xf2, 0xca, 0x0a, 0xa8, 0x38, 0xab, 0x0a, 0x64, 0xc2,
  0xbf, 0x66, 0x5d, 0x95, 0x84, 0xc1, 0xa1, 0x25, 0x1e, 0x87, 0x5d, 0x1a, 0x50, 0x0b, 0x20, 0x12, 0xcc, 0x41, 0xbb, 0x6e,
  0x0b, 0x51, 0x38, 0xb8, 0x4b, 0xcb, 0x02, 0x03, 0x01, 0x00, 0x01, 0x00, 0x7d, 0x01, 0x26, 0x30, 0x7b, 0x31, 0x0b, 0x30,
  0x09, 0x06, 0x03, 0x55, 0x04, 0x06, 0x13, 0x02, 0x47, 0x42, 0x31, 0x1b, 0x30, 0x19, 0x06, 0x03, 0x55, 0x04, 0x08, 0x0c,
  0x12, 0x47, 0x72, 0x65, 0x61, 0x74, 0x65, 0x72, 0x20, 0x4d, 0x61, 0x6e, 0x63, 0x68, 0x65, 0x73, 0x74, 0x65, 0x72, 0x31,
  0x10, 0x30, 0x0e, 0x06, 0x03, 0x55, 0x04, 0x07, 0x0c, 0x07, 0x53, 0x61, 0x6c, 0x66, 0x6f, 0x72, 0x64, 0x31, 0x1a, 0x30,
  0x18, 0x06, 0x03, 0x55, 0x04, 0x0a, 0x0c, 0x11, 0x43, 0x6f, 0x6d, 0x6f, 0x64, 0x6f, 0x20, 0x43, 0x41, 0x20, 0x4c, 0x69,
  0x6d, 0x69, 0x74, 0x65, 0x64, 0x31, 0x21, 0x30, 0x1f, 0x06, 0x03, 0x55, 0x04, 0x03, 0x0c, 0x18, 0x41, 0x41, 0x41, 0x20,
  0x43, 0x65, 0x72, 0x74, 0x69, 0x66, 0x69, 0x63, 0x61, 0x74, 0x65, 0x20, 0x53, 0x65, 0x72, 0x76, 0x69, 0x63, 0x65, 0x73,
  0x30, 0x82, 0x01, 0x22, 0x30, 0x0d, 0x06, 0x09, 0x2a, 0x86, 0x48, 0x86, 0xf7, 0x0d, 0x01, 0x01, 0x01, 0x05, 0x00, 0x03,
  0x82, 0x01, 0x0f, 0x00, 0x30, 0x82, 0x01, 0x0a, 0x02, 0x82, 0x01, 0x01, 0x00, 0xbe, 0x40, 0x9d, 0xf4, 0x6e, 0xe1, 0xea,
  0x76, 0x87, 0x1c, 0x4d, 0x45, 0x44, 0x8e, 0xbe, 0x46, 0xc8, 0x83, 0x06, 0x9d, 0xc1, 0x2a, 0xfe, 0x18, 0x1f, 0x8e, 0xe4,
  0x02, 0xfa, 0xf3, 0xab, 0x5d, 0x50, 0x8a, 0x16, 0x31, 0x0b, 0x9a, 0x06, 0xd0, 0xc5, 0x70, 0x22, 0xcd, 0x49, 0x2d, 0x54,
  0x63, 0xcc, 0xb6, 0x6e, 0x68, 0x46, 0x0b, 0x53, 0xea, 0xcb, 0x4c, 0x24, 0xc0, 0xbc, 0x72, 0x4e, 0xea, 0xf1, 0x15, 0xae,
  0xf4, 0x54, 0x9a, 0x12, 0x0a, 0xc3, 0x7a, 0xb2, 0x33, 0x60, 0xe2, 0xda, 0x89, 0x55, 0xf3, 0x22, 0x58, 0xf3, 0xde, 0xdc,
  0xcf, 0xef, 0x83, 0x86, 0xa2, 0x8c, 0x94, 0x4f, 0x9f, 0x68, 0xf2, 0x98, 0x90, 0x46, 0x84, 0x27, 0xc7, 0x76, 0xbf, 0xe3,
  0xcc, 0x35, 0x2c, 0x8b, 0x5e, 0x07, 0x64, 0x65, 0x82, 0xc0, 0x48, 0xb0, 0xa8, 0x91, 0xf9, 0x61, 0x9f, 0x76, 0x20, 0x50,
  0xa8, 0x91, 0xc7, 0x66, 0xb5, 0xeb, 0x78, 0x62, 0x03, 0x56, 0xf0, 0x8a, 0x1a, 0x13, 0xea, 0x31, 0xa3, 0x1e, 0xa0, 0x99,
  0xfd, 0x38, 0xf6, 0xf6, 0x27, 0x32, 0x58, 0x6f, 0x07, 0xf5, 0x6b, 0xb8, 0xfb, 0x14, 0x2b, 0xaf, 0xb7, 0xaa, 0xcc, 0xd6,
  0x63, 0x5f, 0x73, 0x8c, 0xda, 0x05, 0x99, 0xa8, 0x38, 0xa8, 0xcb, 0x17, 0x78, 0x36, 0x51, 0xac, 0xe9, 0x9e, 0xf4, 0x78,
  0x3a, 0x8d, 0xcf, 0x0f, 0xd9, 0x42, 0xe2, 0x98, 0x0c, 0xab, 0x2f, 0x9f, 0x0e, 0x01, 0xde, 0xef, 0x9f, 0x99, 0x49, 0xf1,
  0x2d, 0xdf, 0xac, 0x74, 0x4d, 0x1b, 0x98, 0xb5, 0x47, 0xc5, 0xe5, 0x29, 0xd1, 0xf9, 0x90, 0x18, 0xc7, 0x62, 0x9c, 0xbe,
  0x83, 0xc7, 0x26, 0x7b, 0x3e, 0x8a, 0x25, 0xc7, 0xc0, 0xdd, 0x9d, 0xe6, 0x35, 0x68, 0x10, 0x20, 0x9d, 0x8f, 0xd8, 0xde,
  0xd2, 0xc3, 0x84, 0x9c, 0x0d, 0x5e, 0xe8, 0x2f, 0xc9, 0x02, 0x03, 0x01, 0x00, 0x01, 0x00, 0x7e, 0x00, 0x78, 0x30, 0x7c,
  0x31, 0x0b, 0x30, 0x09, 0x06, 0x03, 0x55, 0x04, 0x06, 0x13, 0x02, 0x55, 0x53, 0x31, 0x0e, 0x30, 0x0c, 0x06, 0x03, 0x55,
  0x04, 0x08, 0x0c, 0x05, 0x54, 0x65, 0x78, 0x61, 0x73, 0x31, 0x10, 0x30, 0x0e, 0x06, 0x03, 0x55, 0x04, 0x07, 0x0c, 0x07,
  0x48, 0x6f, 0x75, 0x73, 0x74, 0x6f, 0x6e, 0x31, 0x18, 0x30, 0x16, 0x06, 0x03, 0x55, 0x04, 0x0a, 0x0c, 0x0f, 0x53, 0x53,
  0x4c, 0x20, 0x43, 0x6f, 0x72, 0x70, 0x6f, 0x72, 0x61, 0x74, 0x69, 0x6f, 0x6e, 0x31, 0x31, 0x30, 0x2f, 0x06, 0x03, 0x55,
  0x04, 0x03, 0x0c, 0x28, 0x53, 0x53, 0x4c, 0x2e, 0x63, 0x6f, 0x6d, 0x20, 0x52, 0x6f, 0x6f, 0x74, 0x20, 0x43, 0x65, 0x72,
  0x74, 0x69, 0x66, 0x69, 0x63, 0x61, 0x74, 0x69, 0x6f, 0x6e, 0x20, 0x41, 0x75, 0x74, 0x68, 0x6f, 0x72, 0x69, 0x74, 0x79,
  0x20, 0x45, 0x43, 0x43, 0x30, 0x76, 0x30, 0x10, 0x06, 0x07, 0x2a, 0x86, 0x48, 0xce, 0x3d, 0x02, 0x01, 0x06, 0x05, 0x2b,
  0x81, 0x04, 0x00, 0x22, 0x03, 0x62, 0x00, 0x04, 0x45, 0x6e, 0xa9, 0x50, 0xc4, 0xa6, 0x23, 0x36, 0x9e, 0x5f, 0x28, 0x8d,
  0x17, 0xcb, 0x96, 0x22, 0x64, 0x3f, 0xdc, 0x7a, 0x8e, 0x1d, 0xcc, 0x08, 0xb3, 0xa2, 0x71, 0x24, 0xba, 0x8e, 0x49, 0xb9,
  0x04, 0x1b, 0x47, 0x96, 0x58, 0xab, 0x2d, 0x95, 0xc8, 0xed, 0x9e, 0x08, 0x35, 0xc8, 0x27, 0xeb, 0x89, 0x8c, 0x53, 0x58,
  0xeb, 0x62, 0x8a, 0xfe, 0xf0, 0x5b, 0x0f, 0x6b, 0x31, 0x52, 0x63, 0x41, 0x3b, 0x89, 0xcd, 0xec, 0xec, 0xb6, 0x8d, 0x19,
  0xd3, 0x34, 0x07, 0xdc, 0xbb, 0xc6, 0x06, 0x7f, 0xc2, 0x45, 0x95, 0xec, 0xcb, 0x7f, 0xa8, 0x23, 0xe0, 0x09, 0xe9, 0x81,
  0xfa, 0xf3, 0x47, 0xd3, 0x00, 0x7e, 0x02, 0x26, 0x30, 0x7c, 0x31, 0x0b, 0x30, 0x09, 0x06, 0x03, 0x55, 0x04, 0x06, 0x13,
  0x02, 0x55, 0x53, 0x31, 0x0e, 0x30, 0x0c, 0x06, 0x03, 0x55, 0x04, 0x08, 0x0c, 0x05, 0x54, 0x65, 0x78, 0x61, 0x73, 0x31,
  0x10, 0x30, 0x0e, 0x06, 0x03, 0x55, 0x04, 0x07, 0x0c, 0x07, 0x48, 0x6f, 0x75, 0x73, 0x74, 0x6f, 0x6e, 0x31, 0x18, 0x30,
  0x16, 0x06, 0x03, 0x55, 0x04, 0x0a, 0x0c, 0x0f, 0x53, 0x53, 0x4c, 0x20, 0x43, 0x6f, 0x72, 0x70, 0x6f, 0x72, 0x61, 0x74,
  0x69, 0x6f, 0x6e, 0x31, 0x31, 0x30, 0x2f, 0x06, 0x03, 0x55, 0x04, 0x03, 0x0c, 0x28, 0x53, 0x53, 0x4c, 0x2e, 0x63, 0x6f,
  0x6d, 0x20, 0x52, 0x6f, 0x6f, 0x74, 0x20, 0x43, 0x65, 0x72, 0x74, 0x69, 0x66, 0x69, 0x63, 0x61, 0x74, 0x69, 0x6f, 0x6e,
  0x20, 0x41, 0x75, 0x74, 0x68, 0x6f, 0x72, 0x69, 0x74, 0x79, 0x20, 0x52, 0x53, 0x41, 0x30, 0x82, 0x02, 0x22, 0x30, 0x0d,
  0x06, 0x09, 0x2a, 0x86, 0x48, 0x86, 0xf7, 0x0d, 0x01, 0x01, 0x01, 0x05, 0x00, 0x03, 0x82, 0x02, 0x0f, 0x00, 0x30, 0x82,
  0x02, 0x0a, 0x02, 0x82, 0x02, 0x01, 0x00, 0xf9, 0x0f, 0xdd, 0xa3, 0x2b, 0x7d, 0xcb, 0xd0, 0x2a, 0xfe, 0xec, 0x67, 0x85,
  0xa6, 0xe7, 0x2e, 0x1b, 0xba, 0x77, 0xe1, 0xe3, 0xf5, 0xaf, 0xa4, 0xec, 0xfa, 0x4a, 0x5d, 0x91, 0xc4, 0x57, 0x47, 0x6b,
  0x18, 0x77, 0x6b, 0x76, 0xf2, 0xfd, 0x93, 0xe4, 0x3d, 0x0f, 0xc2, 0x16, 0x9e, 0x0b, 0x66, 0xc3, 0x56, 0x94, 0x9e, 0x17,
  0x83, 0x85, 0xce, 0x56, 0xef, 0xf2, 0x16, 0xfd, 0x00, 0x62, 0xf5, 0x22, 0x09, 0x54, 0xe8, 0x65, 0x17, 0x4e, 0x41, 0xb9,
  0xe0, 0x4f, 0x46, 0x97, 0xaa, 0x1b, 0xc8, 0xb8, 0x6e, 0x62, 0x5e, 0x69, 0xb1, 0x5f, 0xdb, 0x2a, 0x02, 0x7e, 0xfc, 0x6c,
  0xca, 0xf3, 0x41, 0xd8, 0xed, 0xd0, 0xe8, 0xfc, 0x3f, 0x61, 0x48, 0xed, 0xb0, 0x03, 0x14, 0x1d, 0x10, 0x0e, 0x4b, 0x19,
  0xe0, 0xbb, 0x4e, 0xec, 0x86, 0x65, 0xff, 0x36, 0xf3, 0x5e, 0x67, 0x02, 0x0b, 0x9d, 0x86, 0x55, 0x61, 0xfd, 0x7a, 0x38,
  0xed, 0xfe, 0xe2, 0x19, 0x00, 0xb7, 0x6f, 0xa1, 0x50, 0x62, 0x75, 0x74, 0x3c, 0xa0, 0xfa, 0xc8, 0x25, 0x92, 0xb4, 0x6e,
  0x7a, 0x22, 0xc7, 0xf8, 0x1e, 0xa1, 0xe3, 0xb2, 0xdd, 0x91, 0x31, 0xab, 0x2b, 0x1d, 0x04, 0xff, 0xa5, 0x4a, 0x04, 0x37,
  0xe9, 0x85, 0xa4, 0x33, 0x2b, 0xfd, 0xe2, 0xd6, 0x55, 0x34, 0x7c, 0x19, 0xa4, 0x4a, 0x68, 0xc7, 0xb2, 0xa8, 0xd3, 0xb7,
  0xca, 0xa1, 0x93, 0x88, 0xeb, 0xc1, 0x97, 0xbc, 0x8c, 0xf9, 0x1d, 0xd9, 0x22, 0x84, 0x24, 0x74, 0xc7, 0x04, 0x3d, 0x6a,
  0xa9, 0x29, 0x93, 0xcc, 0xeb, 0xb8, 0x5b, 0xe1, 0xfe, 0x5f, 0x25, 0xaa, 0x34, 0x58, 0xc8, 0xc1, 0x23, 0x54, 0x9d, 0x1b,
  0x98, 0x11, 0xc3, 0x38, 0x9c, 0x7e, 0x3d, 0x86, 0x6c, 0xa5, 0x0f, 0x40, 0x86, 0x7c, 0x02, 0xf4, 0x5c, 0x02, 0x4f, 0x28,
  0xcb, 0xae, 0x71, 0x9f, 0x0f, 0x3a, 0xc8, 0x33, 0xfe, 0x11, 0x25, 0x35, 0xea, 0xfc, 0xba, 0xc5, 0x60, 0x3d, 0xd9, 0x7c,
  0x18, 0xd5, 0xb2, 0xa9, 0xd3, 0x75, 0x78, 0x03, 0x72, 0x22, 0xca, 0x3a, 0xc3, 0x1f, 0xef, 0x2c, 0xe5, 0x2e, 0xa9, 0xfa,
  0x9e, 0x2c, 0xb6, 0x51, 0x46, 0xfd, 0xaf, 0x03, 0xd6, 0xea, 0x60, 0x68, 0xea, 0x85, 0x16, 0x36, 0x6b, 0x85, 0xe9, 0x1e,
  0xc0, 0xb3, 0xdd, 0xc4, 0x24, 0xdc, 0x80, 0x2a, 0x81, 0x41, 0x6d, 0x94, 0x3e, 0xc8, 0xe0, 0xc9, 0x81, 0x41, 0x00, 0x9e,
  0x5e, 0xbf, 0x7f, 0xc5, 0x08, 0x98, 0xa2, 0x18, 0x2c, 0x42, 0x40, 0xb3, 0xf9, 0x6f, 0x38, 0x27, 0x4b, 0x4e, 0x80, 0xf4,
  0x3d, 0x81, 0x47, 0xe0, 0x88, 0x7c, 0xea, 0x1c, 0xce, 0xb5, 0x75, 0x5c, 0x51, 0x2e, 0x1c, 0x2b, 0x7f, 0x1a, 0x72, 0x28,
  0xe7, 0x00, 0xb5, 0xd1, 0x74, 0xc6, 0xd7, 0xe4, 0x9f, 0xad, 0x07, 0x93, 0xb6, 0x53, 0x35, 0x35, 0xfc, 0x37, 0xe4, 0xc3,
  0xf6, 0x5d, 0x16, 0xbe, 0x21, 0x73, 0xde, 0x92, 0x0a, 0xf8, 0xa0, 0x63, 0x6a, 0xbc, 0x96, 0x92, 0x6a, 0x3e, 0xf8, 0xbc,
  0x65, 0x55, 0x9b, 0xde, 0xf5, 0x0d, 0x89, 0x26, 0x04, 0xfc, 0x25, 0x1a, 0xa6, 0x25, 0x69, 0xcb, 0xc2, 0x6d, 0xca, 0x7c,
  0xe2, 0x59, 0x5f, 0x97, 0xac, 0xeb, 0xef, 0x2e, 0xc8, 0xbc, 0xd7, 0x1b, 0x59, 0x3c, 0x2b, 0xcc, 0xf2, 0x19, 0xc8, 0x93,
  0x6b, 0x27, 0x63, 0x19, 0xcf, 0xfc, 0xe9, 0x26, 0xf8, 0xca, 0x71, 0x9b, 0x7f, 0x93, 0xfe, 0x34, 0x67, 0x84, 0x4e, 0x99,
  0xeb, 0xfc, 0xb3, 0x78, 0x09, 0x33, 0x70, 0xba, 0x66, 0xa6, 0x76, 0xed, 0x1b, 0x73, 0xeb, 0x1a, 0xa5, 0x0d, 0xc4, 0x22,
  0x13, 0x20, 0x94, 0x56, 0x0a, 0x4e, 0x2c, 0x6c, 0x4e, 0xb1, 0xfd, 0xcf, 0x9c, 0x09, 0xba, 0xa2, 0x33, 0xed, 0x87, 0x02,
  0x03, 0x01, 0x00, 0x01, 0x00, 0x80, 0x01, 0x26, 0x30, 0x7e, 0x31, 0x0b, 0x30, 0x09, 0x06, 0x03, 0x55, 0x04, 0x06, 0x13,
  0x02, 0x50, 0x4c, 0x31, 0x22, 0x30, 0x20, 0x06, 0x03, 0x55, 0x04, 0x0a, 0x13, 0x19, 0x55, 0x6e, 0x69, 0x7a, 0x65, 0x74,
  0x6f, 0x20, 0x54, 0x65, 0x63, 0x68, 0x6e, 0x6f, 0x6c, 0x6f, 0x67, 0x69, 0x65, 0x73, 0x20, 0x53, 0x2e, 0x41, 0x2e, 0x31,
  0x27, 0x30, 0x25, 0x06, 0x03, 0x55, 0x04, 0x0b, 0x13, 0x1e, 0x43, 0x65, 0x72, 0x74, 0x75, 0x6d, 0x20, 0x43, 0x65, 0x72,
  0x74, 0x69, 0x66, 0x69, 0x63, 0x61, 0x74, 0x69, 0x6f, 0x6e, 0x20, 0x41, 0x75, 0x74, 0x68, 0x6f, 0x72, 0x69, 0x74, 0x79,
  0x31, 0x22, 0x30, 0x20, 0x06, 0x03, 0x55, 0x04, 0x03, 0x13, 0x19, 0x43, 0x65, 0x72, 0x74, 0x75, 0x6d, 0x20, 0x54, 0x72,
  0x75, 0x73, 0x74, 0x65, 0x64, 0x20, 0x4e, 0x65, 0x74, 0x77, 0x6f, 0x72, 0x6b, 0x20, 0x43, 0x41, 0x30, 0x82, 0x01, 0x22,
  0x30, 0x0d, 0x06, 0x09, 0x2a, 0x86, 0x48, 0x86, 0xf7, 0x0d, 0x01, 0x01, 0x01, 0x05, 0x00, 0x03, 0x82, 0x01, 0x0f, 0x00,
  0x30, 0x82, 0x01, 0x0a, 0x02, 0x82, 0x01, 0x01, 0x00, 0xe3, 0xfb, 0x7d, 0xa3, 0x72, 0xba, 0xc2, 0xf0, 0xc9, 0x14, 0x87,
  0xf5, 0x6b, 0x01, 0x4e, 0xe1, 0x6e, 0x40, 0x07, 0xba, 0x6d, 0x27, 0x5d, 0x7f, 0xf7, 0x5b, 0x2d, 0xb3, 0x5a, 0xc7, 0x51,
  0x5f, 0xab, 0xa4, 0x32, 0xa6, 0x61, 0x87, 0xb6, 0x6e, 0x0f, 0x86, 0xd2, 0x30, 0x02, 0x97, 0xf8, 0xd7, 0x69, 0x57, 0xa1,
  0x18, 0x39, 0x5d, 0x6a, 0x64, 0x79, 0xc6, 0x01, 0x59, 0xac, 0x3c, 0x31, 0x4a, 0x38, 0x7c, 0xd2, 0x04, 0xd2, 0x4b, 0x28,
  0xe8, 0x20, 0x5f, 0x3b, 0x07, 0xa2, 0xcc, 0x4d, 0x73, 0xdb, 0xf3, 0xae, 0x4f, 0xc7, 0x56, 0xd5, 0x5a, 0xa7, 0x96, 0x89,
  0xfa, 0xf3, 0xab, 0x68, 0xd4, 0x23, 0x86, 0x59, 0x27, 0xcf, 0x09, 0x27, 0xbc, 0xac, 0x6e, 0x72, 0x83, 0x1c, 0x30, 0x72,
  0xdf, 0xe0, 0xa2, 0xe9, 0xd2, 0xe1, 0x74, 0x75, 0x19, 0xbd, 0x2a, 0x9e, 0x7b, 0x15, 0x54, 0x04, 0x1b, 0xd7, 0x43, 0x39,
  0xad, 0x55, 0x28, 0xc5, 0xe2, 0x1a, 0xbb, 0xf4, 0xc0, 0xe4, 0xae, 0x38, 0x49, 0x33, 0xcc, 0x76, 0x85, 0x9f, 0x39, 0x45,
  0xd2, 0xa4, 0x9e, 0xf2, 0x12, 0x8c, 0x51, 0xf8, 0x7c, 0xe4, 0x2d, 0x7f, 0xf5, 0xac, 0x5f, 0xeb, 0x16, 0x9f, 0xb1, 0x2d,
  0xd1, 0xba, 0xcc, 0x91, 0x42, 0x77, 0x4c, 0x25, 0xc9, 0x90, 0x38, 0x6f, 0xdb, 0xf0, 0xcc, 0xfb, 0x8e, 0x1e, 0x97, 0x59,
  0x3e, 0xd5, 0x60, 0x4e, 0xe6, 0x05, 0x28, 0xed, 0x49, 0x79, 0x13, 0x4b, 0xba, 0x48, 0xdb, 0x2f, 0xf9, 0x72, 0xd3, 0x39,
  0xca, 0xfe, 0x1f, 0xd8, 0x34, 0x72, 0xf5, 0xb4, 0x40, 0xcf, 0x31, 0x01, 0xc3, 0xec, 0xde, 0x11, 0x2d, 0x17, 0x5d, 0x1f,
  0xb8, 0x50, 0xd1, 0x5e, 0x19, 0xa7, 0x69, 0xde, 0x07, 0x33, 0x28, 0xca, 0x50, 0x95, 0xf9, 0xa7, 0x54, 0xcb, 0x54, 0x86,
  0x50, 0x45, 0xa9, 0xf9, 0x49, 0x02, 0x03, 0x01, 0x00, 0x01, 0x00, 0x83, 0x02, 0x26, 0x30, 0x81, 0x80, 0x31, 0x0b, 0x30,
  0x09, 0x06, 0x03, 0x55, 0x04, 0x06, 0x13, 0x02, 0x50, 0x4c, 0x31, 0x22, 0x30, 0x20, 0x06, 0x03, 0x55, 0x04, 0x0a, 0x13,
  0x19, 0x55, 0x6e, 0x69, 0x7a, 0x65, 0x74, 0x6f, 0x20, 0x54, 0x65, 0x63, 0x68, 0x6e, 0x6f, 0x6c, 0x6f, 0x67, 0x69, 0x65,
  0x73, 0x20, 0x53, 0x2e, 0x41, 0x2e, 0x31, 0x27, 0x30, 0x25, 0x06, 0x03, 0x55, 0x04, 0x0b, 0x13, 0x1e, 0x43, 0x65, 0x72,
  0x74, 0x75, 0x6d, 0x20, 0x43, 0x65, 0x72, 0x74, 0x69, 0x66, 0x69, 0x63, 0x61, 0x74, 0x69, 0x6f, 0x6e, 0x20, 0x41, 0x75,
  0x74, 0x68, 0x6f, 0x72, 0x69, 0x74, 0x79, 0x31, 0x24, 0x30, 0x22, 0x06, 0x03, 0x55, 0x04, 0x03, 0x13, 0x1b, 0x43, 0x65,
  0x72, 0x74, 0x75, 0x6d, 0x20, 0x54, 0x72, 0x75, 0x73, 0x74, 0x65, 0x64, 0x20, 0x4e, 0x65, 0x74, 0x77, 0x6f, 0x72, 0x6b,
  0x20, 0x43, 0x41, 0x20, 0x32, 0x30, 0x82, 0x02, 0x22, 0x30, 0x0d, 0x06, 0x09, 0x2a, 0x86, 0x48, 0x86, 0xf7, 0x0d, 0x01,
  0x01, 0x01, 0x05, 0x00, 0x03, 0x82, 0x02, 0x0f, 0x00, 0x30, 0x82, 0x02, 0x0a, 0x02, 0x82, 0x02, 0x01, 0x00, 0xbd, 0xf9,
  0x78, 0xf8, 0xe6, 0xd5, 0x80, 0x0c, 0x64, 0x9d, 0x86, 0x1b, 0x96, 0x64, 0x67, 0x3f, 0x22, 0x3a, 0x1e, 0x75, 0x01, 0x7d,
  0xef, 0xfb, 0x5c, 0x67, 0x8c, 0xc9, 0xcc, 0x5c, 0x6b, 0xa9, 0x91, 0xe6, 0xb9, 0x42, 0xe5, 0x20, 0x4b, 0x9b, 0xda, 0x9b,
  0x7b, 0xb9, 0x99, 0x5d, 0xd9, 0x9b, 0x80, 0x4b, 0xd7, 0x84, 0x40, 0x2b, 0x27, 0xd3, 0xe8, 0xba, 0x30, 0xbb, 0x3e, 0x09,
  0x1a, 0xa7, 0x49, 0x95, 0xef, 0x2b, 0x40, 0x24, 0xc2, 0x97, 0xc7, 0xa7, 0xee, 0x9b, 0x25, 0xef, 0xa8, 0x0a, 0x00, 0x97,
  0x85, 0x5a, 0xaa, 0x9d, 0xdc, 0x29, 0xc9, 0xe2, 0x35, 0x07, 0xeb, 0x70, 0x4d, 0x4a, 0xd6, 0xc1, 0xb3, 0x56, 0xb8, 0xa1,
  0x41, 0x38, 0x9b, 0xd1, 0xfb, 0x31, 0x7f, 0x8f, 0xe0, 0x5f, 0xe1, 0xb1, 0x3f, 0x0f, 0x8e, 0x16, 0x49, 0x60, 0xd7, 0x06,
  0x8d, 0x18, 0xf9, 0xaa, 0x26, 0x10, 0xab, 0x2a, 0xd3, 0xd0, 0xd1, 0x67, 0x8d, 0x1b, 0x46, 0xbe, 0x47, 0x30, 0xd5, 0x2e,
  0x72, 0xd1, 0xc5, 0x63, 0xda, 0xe7, 0x63, 0x79, 0x44, 0x7e, 0x4b, 0x63, 0x24, 0x89, 0x86, 0x2e, 0x34, 0x3f, 0x29, 0x4c,
  0x52, 0x8b, 0x2a, 0xa7, 0xc0, 0xe2, 0x91, 0x28, 0x89, 0xb9, 0xc0, 0x5b, 0xf9, 0x1d, 0xd9, 0xe7, 0x27, 0xad, 0xff, 0x9a,
  0x02, 0x97, 0xc1, 0xc6, 0x50, 0x92, 0x9b, 0x02, 0x2c, 0xbd, 0xa9, 0xb9, 0x34, 0x59, 0x0a, 0xbf, 0x84, 0x4a, 0xff, 0xdf,
  0xfe, 0xb3, 0x9f, 0xeb, 0xd9, 0x9e, 0xe0, 0x98, 0x23, 0xec, 0xa6, 0x6b, 0x77, 0x16, 0x2a, 0xdb, 0xcc, 0xad, 0x3b, 0x1c,
  0xa4, 0x87, 0xdc, 0x46, 0x73, 0x5e, 0x19, 0x62, 0x68, 0x45, 0x57, 0xe4, 0x90, 0x82, 0x42, 0xbb, 0x42, 0xd6, 0xf0, 0x61,
  0xe0, 0xc1, 0xa3, 0x3d, 0x66, 0xa3, 0x5d, 0xf4, 0x18, 0xee, 0x88, 0xc9, 0x8d, 0x17, 0x45, 0x29, 0x99, 0x32, 0x75, 0x02,
  0x31, 0xee, 0x29, 0x26, 0xc8, 0x6b, 0x02, 0xe6, 0xb5, 0x62, 0x45, 0x7f, 0x37, 0x15, 0x5a, 0x23, 0x68, 0x89, 0xd4, 0x3e,
  0xde, 0x4e, 0x27, 0xb0, 0xf0, 0x40, 0x0c, 0xbc, 0x4d, 0x17, 0xcb, 0x4d, 0xa2, 0xb3, 0x1e, 0xd0, 0x06, 0x5a, 0xdd, 0xf6,
  0x93, 0xcf, 0x57, 0x75, 0x99, 0xf5, 0xfa, 0x86, 0x1a, 0x67, 0x78, 0xb3, 0xbf, 0x96, 0xfe, 0x34, 0xdc, 0xbd, 0xe7, 0x52,
  0x56, 0xe5, 0xb3, 0xe5, 0x75, 0x7b, 0xd7, 0x41, 0x91, 0x05, 0xdc, 0x5d, 0x69, 0xe3, 0x95, 0x0d, 0x43, 0xb9, 0xfc, 0x83,
  0x96, 0x39, 0x95, 0x7b, 0x6c, 0x80, 0x5a, 0x4f, 0x13, 0x72, 0xc6, 0xd7, 0x7d, 0x29, 0x7a, 0x44, 0xba, 0x52, 0xa4, 0x2a,
  0xd5, 0x41, 0x46, 0x09, 0x20, 0xfe, 0x22, 0xa0, 0xb6, 0x5b, 0x30, 0x8d, 0xbc, 0x89, 0x0c, 0xd5, 0xd7, 0x70, 0xf8, 0x87,
  0x52, 0xfd, 0xda, 0xef, 0xac, 0x51, 0x2e, 0x07, 0xb3, 0x4e, 0xfe, 0xd0, 0x09, 0xda, 0x70, 0xef, 0x98, 0xfa, 0x56, 0xe6,
  0x6d, 0xdb, 0xb5, 0x57, 0x4b, 0xdc, 0xe5, 0x2c, 0x25, 0x15, 0xc8, 0x9e, 0x2e, 0x78, 0x4e, 0xf8, 0xda, 0x9c, 0x9e, 0x86,
  0x2c, 0xca, 0x57, 0xf3, 0x1a, 0xe5, 0xc8, 0x92, 0x8b, 0x1a, 0x82, 0x96, 0x7a, 0xc3, 0xbc, 0x50, 0x12, 0x69, 0xd8, 0x0e,
  0x5a, 0x46, 0x8b, 0x3a, 0xeb, 0x26, 0xfa, 0x23, 0xc9, 0xb6, 0xb0, 0x81, 0xbe, 0x42, 0x00, 0xa4, 0xf8, 0xd6, 0xfe, 0x30,
  0x2e, 0xc7, 0xd2, 0x46, 0xf6, 0xe5, 0x8e, 0x75, 0xfd, 0xf2, 0xcc, 0xb9, 0xd0, 0x87, 0x5b, 0xcc, 0x06, 0x10, 0x60, 0xbb,
  0x83, 0x35, 0xb7, 0x5e, 0x67, 0xde, 0x47, 0xec, 0x99, 0x48, 0xf1, 0xa4, 0xa1, 0x15, 0xfe, 0xad, 0x8c, 0x62, 0x8e, 0x39,
  0x55, 0x4f, 0x39, 0x16, 0xb9, 0xb1, 0x63, 0x9d, 0xff, 0xb7, 0x02, 0x03, 0x01, 0x00, 0x01, 0x00, 0x85, 0x02, 0x26, 0x30,
  0x81, 0x82, 0x31, 0x0b, 0x30, 0x09, 0x06, 0x03, 0x55, 0x04, 0x06, 0x13, 0x02, 0x55, 0x53, 0x31, 0x0e, 0x30, 0x0c, 0x06,
  0x03, 0x55, 0x04, 0x08, 0x0c, 0x05, 0x54, 0x65, 0x78, 0x61, 0x73, 0x31, 0x10, 0x30, 0x0e, 0x06, 0x03, 0x55, 0x04, 0x07,
  0x0c, 0x07, 0x48, 0x6f, 0x75, 0x73, 0x74, 0x6f, 0x6e, 0x31, 0x18, 0x30, 0x16, 0x06, 0x03, 0x55, 0x04, 0x0a, 0x0c, 0x0f,
  0x53, 0x53, 0x4c, 0x20, 0x43, 0x6f, 0x72, 0x70, 0x6f, 0x72, 0x61, 0x74, 0x69, 0x6f, 0x6e, 0x31, 0x37, 0x30, 0x35, 0x06,
  0x03, 0x55, 0x04, 0x03, 0x0c, 0x2e, 0x53, 0x53, 0x4c, 0x2e, 0x63, 0x6f, 0x6d, 0x20, 0x45, 0x56, 0x20, 0x52, 0x6f, 0x6f,
  0x74, 0x20, 0x43, 0x65, 0x72, 0x74, 0x69, 0x66, 0x69, 0x63, 0x61, 0x74, 0x69, 0x6f, 0x6e, 0x20, 0x41, 0x75, 0x74, 0x68,
  0x6f, 0x72, 0x69, 0x74, 0x79, 0x20, 0x52, 0x53, 0x41, 0x20, 0x52, 0x32, 0x30, 0x82, 0x02, 0x22, 0x30, 0x0d, 0x06, 0x09,
  0x2a, 0x86, 0x48, 0x86, 0xf7, 0x0d, 0x01, 0x01, 0x01, 0x05, 0x00, 0x03, 0x82, 0x02, 0x0f, 0x00, 0x30, 0x82, 0x02, 0x0a,
  0x02, 0x82, 0x02, 0x01, 0x00, 0x8f, 0x36, 0x65, 0x40, 0xe1, 0xd6, 0x4d, 0xc0, 0xd7, 0xb4, 0xe9, 0x46, 0xda, 0x6b, 0xea,
  0x33, 0x47, 0xcd, 0x4c, 0xf9, 0x7d, 0x7d, 0xbe, 0xbd, 0x2d, 0x3d, 0xf0, 0xdb, 0x78, 0xe1, 0x86, 0xa5, 0xd9, 0xba, 0x09,
  0x57, 0x68, 0xed, 0x57, 0x3e, 0xa0, 0xd0, 0x08, 0x41, 0x83, 0xe7, 0x28, 0x41, 0x24, 0x1f, 0xe3, 0x72, 0x15, 0xd0, 0x01,
  0x1a, 0xfb, 0x5e, 0x70, 0x23, 0xb2, 0xcb, 0x9f, 0x39, 0xe3, 0xcf, 0xc5, 0x4e, 0xc6, 0x92, 0x6d, 0x26, 0xc6, 0x7b, 0xbb,
  0xb3, 0xda, 0x27, 0x9d, 0x0a, 0x86, 0xe9, 0x81, 0x37, 0x05, 0xfe, 0xf0, 0x71, 0x71, 0xec, 0xc3, 0x1c, 0xe9, 0x63, 0xa2,
  0x17, 0x14, 0x9d, 0xef, 0x1b, 0x67, 0xd3, 0x85, 0x55, 0x02, 0x02, 0xd6, 0x49, 0xc9, 0xcc, 0x5a, 0xe1, 0xb1, 0xf7, 0x6f,
  0x32, 0x9f, 0xc9, 0xd4, 0x3b, 0x88, 0x41, 0xa8, 0x9c, 0xbd, 0xcb, 0xab, 0xdb, 0x6d, 0x7b, 0x09, 0x1f, 0xa2, 0x4c, 0x72,
  0x90, 0xda, 0x2b, 0x08, 0xfc, 0xcf, 0x3c, 0x54, 0xce, 0x67, 0x0f, 0xa8, 0xcf, 0x5d, 0x96, 0x19, 0x0b, 0xc4, 0xe3, 0x72,
  0xeb, 0xad, 0xd1, 0x7d, 0x1d, 0x27, 0xef, 0x92, 0xeb, 0x10, 0xbf, 0x5b, 0xeb, 0x3b, 0xaf, 0xcf, 0x80, 0xdd, 0xc1, 0xd2,
  0x96, 0x04, 0x5b, 0x7a, 0x7e, 0xa4, 0xa9, 0x3c, 0x38, 0x76, 0xa4, 0x62, 0x8e, 0xa0, 0x39, 0x5e, 0xea, 0x77, 0xcf, 0x5d,
  0x00, 0x59, 0x8f, 0x66, 0x2c, 0x3e, 0x07, 0xa2, 0xa3, 0x05, 0x26, 0x11, 0x69, 0x97, 0xea, 0x85, 0xb7, 0x0f, 0x96, 0x0b,
  0x4b, 0xc8, 0x40, 0xe1, 0x50, 0xba, 0x2e, 0x8a, 0xcb, 0xf7, 0x0f, 0x9a, 0x22, 0xe7, 0x7f, 0x9a, 0x37, 0x13, 0xcd, 0xf2,
  0x4d, 0x13, 0x6b, 0x21, 0xd1, 0xc0, 0xcc, 0x22, 0xf2, 0xa1, 0x46, 0xf6, 0x44, 0x69, 0x9c, 0xca, 0x61, 0x35, 0x07, 0x00,
  0x6f, 0xd6, 0x61, 0x08, 0x11, 0xea, 0xba, 0xb8, 0xf6, 0xe9, 0xb3, 0x60, 0xe5, 0x4d, 0xb9, 0xec, 0x9f, 0x14, 0x66, 0xc9,
  0x57, 0x58, 0xdb, 0xcd, 0x87, 0x69, 0xf8, 0x8a, 0x86, 0x12, 0x03, 0x47, 0xbf, 0x66, 0x13, 0x76, 0xac, 0x77, 0x7d, 0x34,
  0x24, 0x85, 0x83, 0xcd, 0xd7, 0xaa, 0x9c, 0x90, 0x1a, 0x9f, 0x21, 0x2c, 0x7f, 0x78, 0xb7, 0x64, 0xb8, 0xd8, 0xe8, 0xa6,
  0xf4, 0x78, 0xb3, 0x55, 0xcb, 0x84, 0xd2, 0x32, 0xc4, 0x78, 0xae, 0xa3, 0x8f, 0x61, 0xdd, 0xce, 0x08, 0x53, 0xad, 0xec,
  0x88, 0xfc, 0x15, 0xe4, 0x9a, 0x0d, 0xe6, 0x9f, 0x1a, 0x77, 0xce, 0x4c, 0x8f, 0xb8, 0x14, 0x15, 0x3d, 0x62, 0x9c, 0x86,
  0x38, 0x06, 0x00, 0x66, 0x12, 0xe4, 0x59, 0x76, 0x5a, 0x53, 0xc0, 0x02, 0x98, 0xa2, 0x10, 0x2b, 0x68, 0x44, 0x7b, 0x8e,
  0x79, 0xce, 0x33, 0x4a, 0x76, 0xaa, 0x5b, 0x81, 0x16, 0x1b, 0xb5, 0x8a, 0xd8, 0xd0, 0x00, 0x7b, 0x5e, 0x62, 0xb4, 0x09,
  0xd6, 0x86, 0x63, 0x0e, 0xa6, 0x05, 0x95, 0x49, 0xba, 0x28, 0x8b, 0x88, 0x93, 0xb2, 0x34, 0x1c, 0xd8, 0xa4, 0x55, 0x6e,
  0xb7, 0x1c, 0xd0, 0xde, 0x99, 0x55, 0x3b, 0x23, 0xf4, 0x22, 0xe0, 0xf9, 0x29, 0x66, 0x26, 0xec, 0x20, 0x50, 0x77, 0xdb,
  0x4a, 0x0b, 0x8f, 0xbe, 0xe5, 0x02, 0x60, 0x70, 0x41, 0x5e, 0xd4, 0xae, 0x50, 0x39, 0x22, 0x14, 0x26, 0xcb, 0xb2, 0x3b,
  0x73, 0x74, 0x55, 0x47, 0x07, 0x79, 0x81, 0x39, 0xa8, 0x30, 0x13, 0x44, 0xe5, 0x04, 0x8a, 0xae, 0x96, 0x13, 0x25, 0x42,
  0x0f, 0xb9, 0x53, 0xc4, 0x9b, 0xfc, 0xcd, 0xe4, 0x1c, 0xde, 0x3c, 0xfa, 0xab, 0xd6, 0x06, 0x4a, 0x1f, 0x67, 0xa6, 0x98,
  0x30, 0x1c, 0xdd, 0x2c, 0xdb, 0xdc, 0x18, 0x95, 0x57, 0x66, 0xc6, 0xff, 0x5c, 0x8b, 0x56, 0xf5, 0x77, 0x02, 0x03, 0x01,
  0x00, 0x01, 0x00, 0x86, 0x01, 0x26, 0x30, 0x81, 0x83, 0x31, 0x0b, 0x30, 0x09, 0x06, 0x03, 0x55, 0x04, 0x06, 0x13, 0x02,
  0x55, 0x53, 0x31, 0x10, 0x30, 0x0e, 0x06, 0x03, 0x55, 0x04, 0x08, 0x13, 0x07, 0x41, 0x72, 0x69, 0x7a, 0x6f, 0x6e, 0x61,
  0x31, 0x13, 0x30, 0x11, 0x06, 0x03, 0x55, 0x04, 0x07, 0x13, 0x0a, 0x53, 0x63, 0x6f, 0x74, 0x74, 0x73, 0x64, 0x61, 0x6c,
  0x65, 0x31, 0x1a, 0x30, 0x18, 0x06, 0x03, 0x55, 0x04, 0x0a, 0x13, 0x11, 0x47, 0x6f, 0x44, 0x61, 0x64, 0x64, 0x79, 0x2e,
  0x63, 0x6f, 0x6d, 0x2c, 0x20, 0x49, 0x6e, 0x63, 0x2e, 0x31, 0x31, 0x30, 0x2f, 0x06, 0x03, 0x55, 0x04, 0x03, 0x13, 0x28,
  0x47, 0x6f, 0x20, 0x44, 0x61, 0x64, 0x64, 0x79, 0x20, 0x52, 0x6f, 0x6f, 0x74, 0x20, 0x43, 0x65, 0x72, 0x74, 0x69, 0x66,
  0x69, 0x63, 0x61, 0x74, 0x65, 0x20, 0x41, 0x75, 0x74, 0x68, 0x6f, 0x72, 0x69, 0x74, 0x79, 0x20, 0x2d, 0x20, 0x47, 0x32,
  0x30, 0x82, 0x01, 0x22, 0x30, 0x0d, 0x06, 0x09, 0x2a, 0x86, 0x48, 0x86, 0xf7, 0x0d, 0x01, 0x01, 0x01, 0x05, 0x00, 0x03,
  0x82, 0x01, 0x0f, 0x00, 0x30, 0x82, 0x01, 0x0a, 0x02, 0x82, 0x01, 0x01, 0x00, 0xbf, 0x71, 0x62, 0x08, 0xf1, 0xfa, 0x59,
  0x34, 0xf7, 0x1b, 0xc9, 0x18, 0xa3, 0xf7, 0x80, 0x49, 0x58, 0xe9, 0x22, 0x83, 0x13, 0xa6, 0xc5, 0x20, 0x43, 0x01, 0x3b,
  0x84, 0xf1, 0xe6, 0x85, 0x49, 0x9f, 0x27, 0xea, 0xf6, 0x84, 0x1b, 0x4e, 0xa0, 0xb4, 0xdb, 0x70, 0x98, 0xc7, 0x32, 0x01,
  0xb1, 0x05, 0x3e, 0x07, 0x4e, 0xee, 0xf4, 0xfa, 0x4f, 0x2f, 0x59, 0x30, 0x22, 0xe7, 0xab, 0x19, 0x56, 0x6b, 0xe2, 0x80,
  0x07, 0xfc, 0xf3, 0x16, 0x75, 0x80, 0x39, 0x51, 0x7b, 0xe5, 0xf9, 0x35, 0xb6, 0x74, 0x4e, 0xa9, 0x8d, 0x82, 0x13, 0xe4,
  0xb6, 0x3f, 0xa9, 0x03, 0x83, 0xfa, 0xa2, 0xbe, 0x8a, 0x15, 0x6a, 0x7f, 0xde, 0x0b, 0xc3, 0xb6, 0x19, 0x14, 0x05, 0xca,
  0xea, 0xc3, 0xa8, 0x04, 0x94, 0x3b, 0x46, 0x7c, 0x32, 0x0d, 0xf3, 0x00, 0x66, 0x22, 0xc8, 0x8d, 0x69, 0x6d, 0x36, 0x8c,
  0x11, 0x18, 0xb7, 0xd3, 0xb2, 0x1c, 0x60, 0xb4, 0x38, 0xfa, 0x02, 0x8c, 0xce, 0xd3, 0xdd, 0x46, 0x07, 0xde, 0x0a, 0x3e,
  0xeb, 0x5d, 0x7c, 0xc8, 0x7c, 0xfb, 0xb0, 0x2b, 0x53, 0xa4, 0x92, 0x62, 0x69, 0x51, 0x25, 0x05, 0x61, 0x1a, 0x44, 0x81,
  0x8c, 0x2c, 0xa9, 0x43, 0x96, 0x23, 0xdf, 0xac, 0x3a, 0x81, 0x9a, 0x0e, 0x29, 0xc5, 0x1c, 0xa9, 0xe9, 0x5d, 0x1e, 0xb6,
  0x9e, 0x9e, 0x30, 0x0a, 0x39, 0xce, 0xf1, 0x88, 0x80, 0xfb, 0x4b, 0x5d, 0xcc, 0x32, 0xec, 0x85, 0x62, 0x43, 0x25, 0x34,
  0x02, 0x56, 0x27, 0x01, 0x91, 0xb4, 0x3b, 0x70, 0x2a, 0x3f, 0x6e, 0xb1, 0xe8, 0x9c, 0x88, 0x01, 0x7d, 0x9f, 0xd4, 0xf9,
  0xdb, 0x53, 0x6d, 0x60, 0x9d, 0xbf, 0x2c, 0xe7, 0x58, 0xab, 0xb8, 0x5f, 0x46, 0xfc, 0xce, 0xc4, 0x1b, 0x03, 0x3c, 0x09,
  0xeb, 0x49, 0x31, 0x5c, 0x69, 0x46, 0xb3, 0xe0, 0x47, 0x02, 0x03, 0x01, 0x00, 0x01, 0x00, 0x88, 0x00, 0x78, 0x30, 0x81,
  0x85, 0x31, 0x0b, 0x30, 0x09, 0x06, 0x03, 0x55, 0x04, 0x06, 0x13, 0x02, 0x47, 0x42, 0x31, 0x1b, 0x30, 0x19, 0x06, 0x03,
  0x55, 0x04, 0x08, 0x13, 0x12, 0x47, 0x72, 0x65, 0x61, 0x74, 0x65, 0x72, 0x20, 0x4d, 0x61, 0x6e, 0x63, 0x68, 0x65, 0x73,
  0x74, 0x65, 0x72, 0x31, 0x10, 0x30, 0x0e, 0x06, 0x03, 0x55, 0x04, 0x07, 0x13, 0x07, 0x53, 0x61, 0x6c, 0x66, 0x6f, 0x72,
  0x64, 0x31, 0x1a, 0x30, 0x18, 0x06, 0x03, 0x55, 0x04, 0x0a, 0x13, 0x11, 0x43, 0x4f, 0x4d, 0x4f, 0x44, 0x4f, 0x20, 0x43,
  0x41, 0x20, 0x4c, 0x69, 0x6d, 0x69, 0x74, 0x65, 0x64, 0x31, 0x2b, 0x30, 0x29, 0x06, 0x03, 0x55, 0x04, 0x03, 0x13, 0x22,
  0x43, 0x4f, 0x4d, 0x4f, 0x44, 0x4f, 0x20, 0x45, 0x43, 0x43, 0x20, 0x43, 0x65, 0x72, 0x74, 0x69, 0x66, 0x69, 0x63, 0x61,
  0x74, 0x69, 0x6f, 0x6e, 0x20, 0x41, 0x75, 0x74, 0x68, 0x6f, 0x72, 0x69, 0x74, 0x79, 0x30, 0x76, 0x30, 0x10, 0x06, 0x07,
  0x2a, 0x86, 0x48, 0xce, 0x3d, 0x02, 0x01, 0x06, 0x05, 0x2b, 0x81, 0x04, 0x00, 0x22, 0x03, 0x62, 0x00, 0x04, 0x03, 0x47,
  0x7b, 0x2f, 0x75, 0xc9, 0x82, 0x15, 0x85, 0xfb, 0x75, 0xe4, 0x91, 0x16, 0xd4, 0xab, 0x62, 0x99, 0xf5, 0x3e, 0x52, 0x0b,
  0x06, 0xce, 0x41, 0x00, 0x7f, 0x97, 0xe1, 0x0a, 0x24, 0x3c, 0x1d, 0x01, 0x04, 0xee, 0x3d, 0xd2, 0x8d, 0x09, 0x97, 0x0c,
  0xe0, 0x75, 0xe4, 0xfa, 0xfb, 0x77, 0x8a, 0x2a, 0xf5, 0x03, 0x60, 0x4b, 0x36, 0x8b, 0x16, 0x23, 0x16, 0xad, 0x09, 0x71,
  0xf4, 0x4a, 0xf4, 0x28, 0x50, 0xb4, 0xfe, 0x88, 0x1c, 0x6e, 0x3f, 0x6c, 0x2f, 0x2f, 0x09, 0x59, 0x5b, 0xa5, 0x5b, 0x0b,
  0x33, 0x99, 0xe2, 0xc3, 0x3d, 0x89, 0xf9, 0x6a, 0x2c, 0xef, 0xb2, 0xd3, 0x06, 0xe9, 0x00, 0x88, 0x02, 0x26, 0x30, 0x81,
  0x85, 0x31, 0x0b, 0x30, 0x09, 0x06, 0x03, 0x55, 0x04, 0x06, 0x13, 0x02, 0x47, 0x42, 0x31, 0x1b, 0x30, 0x19, 0x06, 0x03,
  0x55, 0x04, 0x08, 0x13, 0x12, 0x47, 0x72, 0x65, 0x61, 0x74, 0x65, 0x72, 0x20, 0x4d, 0x61, 0x6e, 0x63, 0x68, 0x65, 0x73,
  0x74, 0x65, 0x72, 0x31, 0x10, 0x30, 0x0e, 0x06, 0x03, 0x55, 0x04, 0x07, 0x13, 0x07, 0x53, 0x61, 0x6c, 0x66, 0x6f, 0x72,
  0x64, 0x31, 0x1a, 0x30, 0x18, 0x06, 0x03, 0x55, 0x04, 0x0a, 0x13, 0x11, 0x43, 0x4f, 0x4d, 0x4f, 0x44, 0x4f, 0x20, 0x43,
  0x41, 0x20, 0x4c, 0x69, 0x6d, 0x69, 0x74, 0x65, 0x64, 0x31, 0x2b, 0x30, 0x29, 0x06, 0x03, 0x55, 0x04, 0x03, 0x13, 0x22,
  0x43, 0x4f, 0x4d, 0x4f, 0x44, 0x4f, 0x20, 0x52, 0x53, 0x41, 0x20, 0x43, 0x65, 0x72, 0x74, 0x69, 0x66, 0x69, 0x63, 0x61,
  0x74, 0x69, 0x6f, 0x6e, 0x20, 0x41, 0x75, 0x74, 0x68, 0x6f, 0x72, 0x69, 0x74, 0x79, 0x30, 0x82, 0x02, 0x22, 0x30, 0x0d,
  0x06, 0x09, 0x2a, 0x86, 0x48, 0x86, 0xf7, 0x0d, 0x01, 0x01, 0x01, 0x05, 0x00, 0x03, 0x82, 0x02, 0x0f, 0x00, 0x30, 0x82,
  0x02, 0x0a, 0x02, 0x82, 0x02, 0x01, 0x00, 0x91, 0xe8, 0x54, 0x92, 0xd2, 0x0a, 0x56, 0xb1, 0xac, 0x0d, 0x24, 0xdd, 0xc5,
  0xcf, 0x44, 0x67, 0x74, 0x99, 0x2b, 0x37, 0xa3, 0x7d, 0x23, 0x70, 0x00, 0x71, 0xbc, 0x53, 0xdf, 0xc4, 0xfa, 0x2a, 0x12,
  0x8f, 0x4b, 0x7f, 0x10, 0x56, 0xbd, 0x9f, 0x70, 0x72, 0xb7, 0x61, 0x7f, 0xc9, 0x4b, 0x0f, 0x17, 0xa7, 0x3d, 0xe3, 0xb0,
  0x04, 0x61, 0xee, 0xff, 0x11, 0x97, 0xc7, 0xf4, 0x86, 0x3e, 0x0a, 0xfa, 0x3e, 0x5c, 0xf9, 0x93, 0xe6, 0x34, 0x7a, 0xd9,
  0x14, 0x6b, 0xe7, 0x9c, 0xb3, 0x85, 0xa0, 0x82, 0x7a, 0x76, 0xaf, 0x71, 0x90, 0xd7, 0xec, 0xfd, 0x0d, 0xfa, 0x9c, 0x6c,
  0xfa, 0xdf, 0xb0, 0x82, 0xf4, 0x14, 0x7e, 0xf9, 0xbe, 0xc4, 0xa6, 0x2f, 0x4f, 0x7f, 0x99, 0x7f, 0xb5, 0xfc, 0x67, 0x43,
  0x72, 0xbd, 0x0c, 0x00, 0xd6, 0x89, 0xeb, 0x6b, 0x2c, 0xd3, 0xed, 0x8f, 0x98, 0x1c, 0x14, 0xab, 0x7e, 0xe5, 0xe3, 0x6e,
  0xfc, 0xd8, 0xa8, 0xe4, 0x92, 0x24, 0xda, 0x43, 0x6b, 0x62, 0xb8, 0x55, 0xfd, 0xea, 0xc1, 0xbc, 0x6c, 0xb6, 0x8b, 0xf3,
  0x0e, 0x8d, 0x9a, 0xe4, 0x9b, 0x6c, 0x69, 0x99, 0xf8, 0x78, 0x48, 0x30, 0x45, 0xd5, 0xad, 0xe1, 0x0d, 0x3c, 0x45, 0x60,
  0xfc, 0x32, 0x96, 0x51, 0x27, 0xbc, 0x67, 0xc3, 0xca, 0x2e, 0xb6, 0x6b, 0xea, 0x46, 0xc7, 0xc7, 0x20, 0xa0, 0xb1, 0x1f,
  0x65, 0xde, 0x48, 0x08, 0xba, 0xa4, 0x4e, 0xa9, 0xf2, 0x83, 0x46, 0x37, 0x84, 0xeb, 0xe8, 0xcc, 0x81, 0x48, 0x43, 0x67,
  0x4e, 0x72, 0x2a, 0x9b, 0x5c, 0xbd, 0x4c, 0x1b, 0x28, 0x8a, 0x5c, 0x22, 0x7b, 0xb4, 0xab, 0x98, 0xd9, 0xee, 0xe0, 0x51,
  0x83, 0xc3, 0x09, 0x46, 0x4e, 0x6d, 0x3e, 0x99, 0xfa, 0x95, 0x17, 0xda, 0x7c, 0x33, 0x57, 0x41, 0x3c, 0x8d, 0x51, 0xed,
  0x0b, 0xb6, 0x5c, 0xaf, 0x2c, 0x63, 0x1a, 0xdf, 0x57, 0xc8, 0x3f, 0xbc, 0xe9, 0x5d, 0xc4, 0x9b, 0xaf, 0x45, 0x99, 0xe2,
  0xa3, 0x5a, 0x24, 0xb4, 0xba, 0xa9, 0x56, 0x3d, 0xcf, 0x6f, 0xaa, 0xff, 0x49, 0x58, 0xbe, 0xf0, 0xa8, 0xff, 0xf4, 0xb8,
  0xad, 0xe9, 0x37, 0xfb, 0xba, 0xb8, 0xf4, 0x0b, 0x3a, 0xf9, 0xe8, 0x43, 0x42, 0x1e, 0x89, 0xd8, 0x84, 0xcb, 0x13, 0xf1,
  0xd9, 0xbb, 0xe1, 0x89, 0x60, 0xb8, 0x8c, 0x28, 0x56, 0xac, 0x14, 0x1d, 0x9c, 0x0a, 0xe7, 0x71, 0xeb, 0xcf, 0x0e, 0xdd,
  0x3d, 0xa9, 0x96, 0xa1, 0x48, 0xbd, 0x3c, 0xf7, 0xaf, 0xb5, 0x0d, 0x22, 0x4c, 0xc0, 0x11, 0x81, 0xec, 0x56, 0x3b, 0xf6,
  0xd3, 0xa2, 0xe2, 0x5b, 0xb7, 0xb2, 0x04, 0x22, 0x52, 0x95, 0x80, 0x93, 0x69, 0xe8, 0x8e, 0x4c, 0x65, 0xf1, 0x91, 0x03,
  0x2d, 0x70, 0x74, 0x02, 0xea, 0x8b, 0x67, 0x15, 0x29, 0x69, 0x52, 0x02, 0xbb, 0xd7, 0xdf, 0x50, 0x6a, 0x55, 0x46, 0xbf,
  0xa0, 0xa3, 0x28, 0x61, 0x7f, 0x70, 0xd0, 0xc3, 0xa2, 0xaa, 0x2c, 0x21, 0xaa, 0x47, 0xce, 0x28, 0x9c, 0x06, 0x45, 0x76,
  0xbf, 0x82, 0x18, 0x27, 0xb4, 0xd5, 0xae, 0xb4, 0xcb, 0x50, 0xe6, 0x6b, 0xf4, 0x4c, 0x86, 0x71, 0x30, 0xe9, 0xa6, 0xdf,
  0x16, 0x86, 0xe0, 0xd8, 0xff, 0x40, 0xdd, 0xfb, 0xd0, 0x42, 0x88, 0x7f, 0xa3, 0x33, 0x3a, 0x2e, 0x5c, 0x1e, 0x41, 0x11,
  0x81, 0x63, 0xce, 0x18, 0x71, 0x6b, 0x2b, 0xec, 0xa6, 0x8a, 0xb7, 0x31, 0x5c, 0x3a, 0x6a, 0x47, 0xe0, 0xc3, 0x79, 0x59,
  0xd6, 0x20, 0x1a, 0xaf, 0xf2, 0x6a, 0x98, 0xaa, 0x72, 0xbc, 0x57, 0x4a, 0xd2, 0x4b, 0x9d, 0xbb, 0x10, 0xfc, 0xb0, 0x4c,
  0x41, 0xe5, 0xed, 0x1d, 0x3d, 0x5e, 0x28, 0x9d, 0x9c, 0xcc, 0xbf, 0xb3, 0x51, 0xda, 0xa7, 0x47, 0xe5, 0x84, 0x53, 0x02,
  0x03, 0x01, 0x00, 0x01, 0x00, 0x8b, 0x00, 0x78, 0x30, 0x81, 0x88, 0x31, 0x0b, 0x30, 0x09, 0x06, 0x03, 0x55, 0x04, 0x06,
  0x13, 0x02, 0x55, 0x53, 0x31, 0x13, 0x30, 0x11, 0x06, 0x03, 0x55, 0x04, 0x08, 0x13, 0x0a, 0x4e, 0x65, 0x77, 0x20, 0x4a,
  0x65, 0x72, 0x73, 0x65, 0x79, 0x31, 0x14, 0x30, 0x12, 0x06, 0x03, 0x55, 0x04, 0x07, 0x13, 0x0b, 0x4a, 0x65, 0x72, 0x73,
  0x65, 0x79, 0x20, 0x43, 0x69, 0x74, 0x79, 0x31, 0x1e, 0x30, 0x1c, 0x06, 0x03, 0x55, 0x04, 0x0a, 0x13, 0x15, 0x54, 0x68,
  0x65, 0x20, 0x55, 0x53, 0x45, 0x52, 0x54, 0x52, 0x55, 0x53, 0x54, 0x20, 0x4e, 0x65, 0x74, 0x77, 0x6f, 0x72, 0x6b, 0x31,
  0x2e, 0x30, 0x2c, 0x06, 0x03, 0x55, 0x04, 0x03, 0x13, 0x25, 0x55, 0x53, 0x45, 0x52, 0x54, 0x72, 0x75, 0x73, 0x74, 0x20,
  0x45, 0x43, 0x43, 0x20, 0x43, 0x65, 0x72, 0x74, 0x69, 0x66, 0x69, 0x63, 0x61, 0x74, 0x69, 0x6f, 0x6e, 0x20, 0x41, 0x75,
  0x74, 0x68, 0x6f, 0x72, 0x69, 0x74, 0x79, 0x30, 0x76, 0x30, 0x10, 0x06, 0x07, 0x2a, 0x86, 0x48, 0xce, 0x3d, 0x02, 0x01,
  0x06, 0x05, 0x2b, 0x81, 0x04, 0x00, 0x22, 0x03, 0x62, 0x00, 0x04, 0x1a, 0xac, 0x54, 0x5a, 0xa9, 0xf9, 0x68, 0x23, 0xe7,
  0x7a, 0xd5, 0x24, 0x6f, 0x53, 0xc6, 0x5a, 0xd8, 0x4b, 0xab, 0xc6, 0xd5, 0xb6, 0xd1, 0xe6, 0x73, 0x71, 0xae, 0xdd, 0x9c,
  0xd6, 0x0c, 0x61, 0xfd, 0xdb, 0xa0, 0x89, 0x03, 0xb8, 0x05, 0x14, 0xec, 0x57, 0xce, 0xee, 0x5d, 0x3f, 0xe2, 0x21, 0xb3,
  0xce, 0xf7, 0xd4, 0x8a, 0x79, 0xe0, 0xa3, 0x83, 0x7e, 0x2d, 0x97, 0xd0, 0x61, 0xc4, 0xf1, 0x99, 0xdc, 0x25, 0x91, 0x63,
  0xab, 0x7f, 0x30, 0xa3, 0xb4, 0x70, 0xe2, 0xc7, 0xa1, 0x33, 0x9c, 0xf3, 0xbf, 0x2e, 0x5c, 0x53, 0xb1, 0x5f, 0xb3, 0x7d,
  0x32, 0x7f, 0x8a, 0x34, 0xe3, 0x79, 0x79, 0x00, 0x8b, 0x02, 0x26, 0x30, 0x81, 0x88, 0x31, 0x0b, 0x30, 0x09, 0x06, 0x03,
  0x55, 0x04, 0x06, 0x13, 0x02, 0x55, 0x53, 0x31, 0x13, 0x30, 0x11, 0x06, 0x03, 0x55, 0x04, 0x08, 0x13, 0x0a, 0x4e, 0x65,
  0x77, 0x20, 0x4a, 0x65, 0x72, 0x73, 0x65, 0x79, 0x31, 0x14, 0x30, 0x12, 0x06, 0x03, 0x55, 0x04, 0x07, 0x13, 0x0b, 0x4a,
  0x65, 0x72, 0x73, 0x65, 0x79, 0x20, 0x43, 0x69, 0x74, 0x79, 0x31, 0x1e, 0x30, 0x1c, 0x06, 0x03, 0x55, 0x04, 0x0a, 0x13,
  0x15, 0x54, 0x68, 0x65, 0x20, 0x55, 0x53, 0x45, 0x52, 0x54, 0x52, 0x55, 0x53, 0x54, 0x20, 0x4e, 0x65, 0x74, 0x77, 0x6f,
  0x72, 0x6b, 0x31, 0x2e, 0x30, 0x2c, 0x06, 0x03, 0x55, 0x04, 0x03, 0x13, 0x25, 0x55, 0x53, 0x45, 0x52, 0x54, 0x72, 0x75,
  0x73, 0x74, 0x20, 0x52, 0x53, 0x41, 0x20, 0x43, 0x65, 0x72, 0x74, 0x69, 0x66, 0x69, 0x63, 0x61, 0x74, 0x69, 0x6f, 0x6e,
  0x20, 0x41, 0x75, 0x74, 0x68, 0x6f, 0x72, 0x69, 0x74, 0x79, 0x30, 0x82, 0x02, 0x22, 0x30, 0x0d, 0x06, 0x09, 0x2a, 0x86,
  0x48, 0x86, 0xf7, 0x0d, 0x01, 0x01, 0x01, 0x05, 0x00, 0x03, 0x82, 0x02, 0x0f, 0x00, 0x30, 0x82, 0x02, 0x0a, 0x02, 0x82,
  0x02, 0x01, 0x00, 0x80, 0x12, 0x65, 0x17, 0x36, 0x0e, 0xc3, 0xdb, 0x08, 0xb3, 0xd0, 0xac, 0x57, 0x0d, 0x76, 0xed, 0xcd,
  0x27, 0xd3, 0x4c, 0xad, 0x50, 0x83, 0x61, 0xe2, 0xaa, 0x20, 0x4d, 0x09, 0x2d, 0x64, 0x09, 0xdc, 0xce, 0x89, 0x9f, 0xcc,
  0x3d, 0xa9, 0xec, 0xf6, 0xcf, 0xc1, 0xdc, 0xf1, 0xd3, 0xb1, 0xd6, 0x7b, 0x37, 0x28, 0x11, 0x2b, 0x47, 0xda, 0x39, 0xc6,
  0xbc, 0x3a, 0x19, 0xb4, 0x5f, 0xa6, 0xbd, 0x7d, 0x9d, 0xa3, 0x63, 0x42, 0xb6, 0x76, 0xf2, 0xa9, 0x3b, 0x2b, 0x91, 0xf8,
  0xe2, 0x6f, 0xd0, 0xec, 0x16, 0x20, 0x90, 0x09, 0x3e, 0xe2, 0xe8, 0x74, 0xc9, 0x18, 0xb4, 0x91, 0xd4, 0x62, 0x64, 0xdb,
  0x7f, 0xa3, 0x06, 0xf1, 0x88, 0x18, 0x6a, 0x90, 0x22, 0x3c, 0xbc, 0xfe, 0x13, 0xf0, 0x87, 0x14, 0x7b, 0xf6, 0xe4, 0x1f,
  0x8e, 0xd4, 0xe4, 0x51, 0xc6, 0x11, 0x67, 0x46, 0x08, 0x51, 0xcb, 0x86, 0x14, 0x54, 0x3f, 0xbc, 0x33, 0xfe, 0x7e, 0x6c,
  0x9c, 0xff, 0x16, 0x9d, 0x18, 0xbd, 0x51, 0x8e, 0x35, 0xa6, 0xa7, 0x66, 0xc8, 0x72, 0x67, 0xdb, 0x21, 0x66, 0xb1, 0xd4,
  0x9b, 0x78, 0x03, 0xc0, 0x50, 0x3a, 0xe8, 0xcc, 0xf0, 0xdc, 0xbc, 0x9e, 0x4c, 0xfe, 0xaf, 0x05, 0x96, 0x35, 0x1f, 0x57,
  0x5a, 0xb7, 0xff, 0xce, 0xf9, 0x3d, 0xb7, 0x2c, 0xb6, 0xf6, 0x54, 0xdd, 0xc8, 0xe7, 0x12, 0x3a, 0x4d, 0xae, 0x4c, 0x8a,
  0xb7, 0x5c, 0x9a, 0xb4, 0xb7, 0x20, 0x3d, 0xca, 0x7f, 0x22, 0x34, 0xae, 0x7e, 0x3b, 0x68, 0x66, 0x01, 0x44, 0xe7, 0x01,
  0x4e, 0x46, 0x53, 0x9b, 0x33, 0x60, 0xf7, 0x94, 0xbe, 0x53, 0x37, 0x90, 0x73, 0x43, 0xf3, 0x32, 0xc3, 0x53, 0xef, 0xdb,
  0xaa, 0xfe, 0x74, 0x4e, 0x69, 0xc7, 0x6b, 0x8c, 0x60, 0x93, 0xde, 0xc4, 0xc7, 0x0c, 0xdf, 0xe1, 0x32, 0xae, 0xcc, 0x93,
  0x3b, 0x51, 0x78, 0x95, 0x67, 0x8b, 0xee, 0x3d, 0x56, 0xfe, 0x0c, 0xd0, 0x69, 0x0f, 0x1b, 0x0f, 0xf3, 0x25, 0x26, 0x6b,
  0x33, 0x6d, 0xf7, 0x6e, 0x47, 0xfa, 0x73, 0x43, 0xe5, 0x7e, 0x0e, 0xa5, 0x66, 0xb1, 0x29, 0x7c, 0x32, 0x84, 0x63, 0x55,
  0x89, 0xc4, 0x0d, 0xc1, 0x93, 0x54, 0x30, 0x19, 0x13, 0xac, 0xd3, 0x7d, 0x37, 0xa7, 0xeb, 0x5d, 0x3a, 0x6c, 0x35, 0x5c,
  0xdb, 0x41, 0xd7, 0x12, 0xda, 0xa9, 0x49, 0x0b, 0xdf, 0xd8, 0x80, 0x8a, 0x09, 0x93, 0x62, 0x8e, 0xb5, 0x66, 0xcf, 0x25,
  0x88, 0xcd, 0x84, 0xb8, 0xb1, 0x3f, 0xa4, 0x39, 0x0f, 0xd9, 0x02, 0x9e, 0xeb, 0x12, 0x4c, 0x95, 0x7c, 0xf3, 0x6b, 0x05,
  0xa9, 0x5e, 0x16, 0x83, 0xcc, 0xb8, 0x67, 0xe2, 0xe8, 0x13, 0x9d, 0xcc, 0x5b, 0x82, 0xd3, 0x4c, 0xb3, 0xed, 0x5b, 0xff,
  0xde, 0xe5, 0x73, 0xac, 0x23, 0x3b, 0x2d, 0x00, 0xbf, 0x35, 0x55, 0x74, 0x09, 0x49, 0xd8, 0x49, 0x58, 0x1a, 0x7f, 0x92,
  0x36, 0xe6, 0x51, 0x92, 0x0e, 0xf3, 0x26, 0x7d, 0x1c, 0x4d, 0x17, 0xbc, 0xc9, 0xec, 0x43, 0x26, 0xd0, 0xbf, 0x41, 0x5f,
  0x40, 0xa9, 0x44, 0x44, 0xf4, 0x99, 0xe7, 0x57, 0x87, 0x9e, 0x50, 0x1f, 0x57, 0x54, 0xa8, 0x3e, 0xfd, 0x74, 0x63, 0x2f,
  0xb1, 0x50, 0x65, 0x09, 0xe6, 0x58, 0x42, 0x2e, 0x43, 0x1a, 0x4c, 0xb4, 0xf0, 0x25, 0x47, 0x59, 0xfa, 0x04, 0x1e, 0x93,
  0xd4, 0x26, 0x46, 0x4a, 0x50, 0x81, 0xb2, 0xde, 0xbe, 0x78, 0xb7, 0xfc, 0x67, 0x15, 0xe1, 0xc9, 0x57, 0x84, 0x1e, 0x0f,
  0x63, 0xd6, 0xe9, 0x62, 0xba, 0xd6, 0x5f, 0x55, 0x2e, 0xea, 0x5c, 0xc6, 0x28, 0x08, 0x04, 0x25, 0x39, 0xb8, 0x0e, 0x2b,
  0xa9, 0xf2, 0x4c, 0x97, 0x1c, 0x07, 0x3f, 0x0d, 0x52, 0xf5, 0xed, 0xef, 0x2f, 0x82, 0x0f, 0x02, 0x03, 0x01, 0x00, 0x01,
  0x00, 0x92, 0x01, 0x26, 0x30, 0x81, 0x8f, 0x31, 0x0b, 0x30, 0x09, 0x06, 0x03, 0x55, 0x04, 0x06, 0x13, 0x02, 0x55, 0x53,
  0x31, 0x10, 0x30, 0x0e, 0x06, 0x03, 0x55, 0x04, 0x08, 0x13, 0x07, 0x41, 0x72, 0x69, 0x7a, 0x6f, 0x6e, 0x61, 0x31, 0x13,
  0x30, 0x11, 0x06, 0x03, 0x55, 0x04, 0x07, 0x13, 0x0a, 0x53, 0x63, 0x6f, 0x74, 0x74, 0x73, 0x64, 0x61, 0x6c, 0x65, 0x31,
  0x25, 0x30, 0x23, 0x06, 0x03, 0x55, 0x04, 0x0a, 0x13, 0x1c, 0x53, 0x74, 0x61, 0x72, 0x66, 0x69, 0x65, 0x6c, 0x64, 0x20,
  0x54, 0x65, 0x63, 0x68, 0x6e, 0x6f, 0x6c, 0x6f, 0x67, 0x69, 0x65, 0x73, 0x2c, 0x20, 0x49, 0x6e, 0x63, 0x2e, 0x31, 0x32,
  0x30, 0x30, 0x06, 0x03, 0x55, 0x04, 0x03, 0x13, 0x29, 0x53, 0x74, 0x61, 0x72, 0x66, 0x69, 0x65, 0x6c, 0x64, 0x20, 0x52,
  0x6f, 0x6f, 0x74, 0x20, 0x43, 0x65, 0x72, 0x74, 0x69, 0x66, 0x69, 0x63, 0x61, 0x74, 0x65, 0x20, 0x41, 0x75, 0x74, 0x68,
  0x6f, 0x72, 0x69, 0x74, 0x79, 0x20, 0x2d, 0x20, 0x47, 0x32, 0x30, 0x82, 0x01, 0x22, 0x30, 0x0d, 0x06, 0x09, 0x2a, 0x86,
  0x48, 0x86, 0xf7, 0x0d, 0x01, 0x01, 0x01, 0x05, 0x00, 0x03, 0x82, 0x01, 0x0f, 0x00, 0x30, 0x82, 0x01, 0x0a, 0x02, 0x82,
  0x01, 0x01, 0x00, 0xbd, 0xed, 0xc1, 0x03, 0xfc, 0xf6, 0x8f, 0xfc, 0x02, 0xb1, 0x6f, 0x5b, 0x9f, 0x48, 0xd9, 0x9d, 0x79,
  0xe2, 0xa2, 0xb7, 0x03, 0x61, 0x56, 0x18, 0xc3, 0x47, 0xb6, 0xd7, 0xca, 0x3d, 0x35, 0x2e, 0x89, 0x43, 0xf7, 0xa1, 0x69,
  0x9b, 0xde, 0x8a, 0x1a, 0xfd, 0x13, 0x20, 0x9c, 0xb4, 0x49, 0x77, 0x32, 0x29, 0x56, 0xfd, 0xb9, 0xec, 0x8c, 0xdd, 0x22,
  0xfa, 0x72, 0xdc, 0x27, 0x61, 0x97, 0xee, 0xf6, 0x5a, 0x84, 0xec, 0x6e, 0x19, 0xb9, 0x89, 0x2c, 0xdc, 0x84, 0x5b, 0xd5,
  0x74, 0xfb, 0x6b, 0x5f, 0xc5, 0x89, 0xa5, 0x10, 0x52, 0x89, 0x46, 0x55, 0xf4, 0xb8, 0x75, 0x1c, 0xe6, 0x7f, 0xe4, 0x54,
  0xae, 0x4b, 0xf8, 0x55, 0x72, 0x57, 0x02, 0x19, 0xf8, 0x17, 0x71, 0x59, 0xeb, 0x1e, 0x28, 0x07, 0x74, 0xc5, 0x9d, 0x48,
  0xbe, 0x6c, 0xb4, 0xf4, 0xa4, 0xb0, 0xf3, 0x64, 0x37, 0x79, 0x92, 0xc0, 0xec, 0x46, 0x5e, 0x7f, 0xe1, 0x6d, 0x53, 0x4c,
  0x62, 0xaf, 0xcd, 0x1f, 0x0b, 0x63, 0xbb, 0x3a, 0x9d, 0xfb, 0xfc, 0x79, 0x00, 0x98, 0x61, 0x74, 0xcf, 0x26, 0x82, 0x40,
  0x63, 0xf3, 0xb2, 0x72, 0x6a, 0x19, 0x0d, 0x99, 0xca, 0xd4, 0x0e, 0x75, 0xcc, 0x37, 0xfb, 0x8b, 0x89, 0xc1, 0x59, 0xf1,
  0x62, 0x7f, 0x5f, 0xb3, 0x5f, 0x65, 0x30, 0xf8, 0xa7, 0xb7, 0x4d, 0x76, 0x5a, 0x1e, 0x76, 0x5e, 0x34, 0xc0, 0xe8, 0x96,
  0x56, 0x99, 0x8a, 0xb3, 0xf0, 0x7f, 0xa4, 0xcd, 0xbd, 0xdc, 0x32, 0x31, 0x7c, 0x91, 0xcf, 0xe0, 0x5f, 0x11, 0xf8, 0x6b,
  0xaa, 0x49, 0x5c, 0xd1, 0x99, 0x94, 0xd1, 0xa2, 0xe3, 0x63, 0x5b, 0x09, 0x76, 0xb5, 0x56, 0x62, 0xe1, 0x4b, 0x74, 0x1d,
  0x96, 0xd4, 0x26, 0xd4, 0x08, 0x04, 0x59, 0xd0, 0x98, 0x0e, 0x0e, 0xe6, 0xde, 0xfc, 0xc3, 0xec, 0x1f, 0x90, 0xf1, 0x02,
  0x03, 0x01, 0x00, 0x01, 0x00, 0x9b, 0x01, 0x26, 0x30, 0x81, 0x98, 0x31, 0x0b, 0x30, 0x09, 0x06, 0x03, 0x55, 0x04, 0x06,
  0x13, 0x02, 0x55, 0x53, 0x31, 0x10, 0x30, 0x0e, 0x06, 0x03, 0x55, 0x04, 0x08, 0x13, 0x07, 0x41, 0x72, 0x69, 0x7a, 0x6f,
  0x6e, 0x61, 0x31, 0x13, 0x30, 0x11, 0x06, 0x03, 0x55, 0x04, 0x07, 0x13, 0x0a, 0x53, 0x63, 0x6f, 0x74, 0x74, 0x73, 0x64,
  0x61, 0x6c, 0x65, 0x31, 0x25, 0x30, 0x23, 0x06, 0x03, 0x55, 0x04, 0x0a, 0x13, 0x1c, 0x53, 0x74, 0x61, 0x72, 0x66, 0x69,
  0x65, 0x6c, 0x64, 0x20, 0x54, 0x65, 0x63, 0x68, 0x6e, 0x6f, 0x6c, 0x6f, 0x67, 0x69, 0x65, 0x73, 0x2c, 0x20, 0x49, 0x6e,
  0x63, 0x2e, 0x31, 0x3b, 0x30, 0x39, 0x06, 0x03, 0x55, 0x04, 0x03, 0x13, 0x32, 0x53, 0x74, 0x61, 0x72, 0x66, 0x69, 0x65,
  0x6c, 0x64, 0x20, 0x53, 0x65, 0x72, 0x76, 0x69, 0x63, 0x65, 0x73, 0x20, 0x52, 0x6f, 0x6f, 0x74, 0x20, 0x43, 0x65, 0x72,
  0x74, 0x69, 0x66, 0x69, 0x63, 0x61, 0x74, 0x65, 0x20, 0x41, 0x75, 0x74, 0x68, 0x6f, 0x72, 0x69, 0x74, 0x79, 0x20, 0x2d,
  0x20, 0x47, 0x32, 0x30, 0x82, 0x01, 0x22, 0x30, 0x0d, 0x06, 0x09, 0x2a, 0x86, 0x48, 0x86, 0xf7, 0x0d, 0x01, 0x01, 0x01,
  0x05, 0x00, 0x03, 0x82, 0x01, 0x0f, 0x00, 0x30, 0x82, 0x01, 0x0a, 0x02, 0x82, 0x01, 0x01, 0x00, 0xd5, 0x0c, 0x3a, 0xc4,
  0x2a, 0xf9, 0x4e, 0xe2, 0xf5, 0xbe, 0x19, 0x97, 0x5f, 0x8e, 0x88, 0x53, 0xb1, 0x1f, 0x3f, 0xcb, 0xcf, 0x9f, 0x20, 0x13,
  0x6d, 0x29, 0x3a, 0xc8, 0x0f, 0x7d, 0x3c, 0xf7, 0x6b, 0x76, 0x38, 0x63, 0xd9, 0x36, 0x60, 0xa8, 0x9b, 0x5e, 0x5c, 0x00,
  0x80, 0xb2, 0x2f, 0x59, 0x7f, 0xf6, 0x87, 0xf9, 0x25, 0x43, 0x86, 0xe7, 0x69, 0x1b, 0x52, 0x9a, 0x90, 0xe1, 0x71, 0xe3,
  0xd8, 0x2d, 0x0d, 0x4e, 0x6f, 0xf6, 0xc8, 0x49, 0xd9, 0xb6, 0xf3, 0x1a, 0x56, 0xae, 0x2b, 0xb6, 0x74, 0x14, 0xeb, 0xcf,
  0xfb, 0x26, 0xe3, 0x1a, 0xba, 0x1d, 0x96, 0x2e, 0x6a, 0x3b, 0x58, 0x94, 0x89, 0x47, 0x56, 0xff, 0x25, 0xa0, 0x93, 0x70,
  0x53, 0x83, 0xda, 0x84, 0x74, 0x14, 0xc3, 0x67, 0x9e, 0x04, 0x68, 0x3a, 0xdf, 0x8e, 0x40, 0x5a, 0x1d, 0x4a, 0x4e, 0xcf,
  0x43, 0x91, 0x3b, 0xe7, 0x56, 0xd6, 0x00, 0x70, 0xcb, 0x52, 0xee, 0x7b, 0x7d, 0xae, 0x3a, 0xe7, 0xbc, 0x31, 0xf9, 0x45,
  0xf6, 0xc2, 0x60, 0xcf, 0x13, 0x59, 0x02, 0x2b, 0x80, 0xcc, 0x34, 0x47, 0xdf, 0xb9, 0xde, 0x90, 0x65, 0x6d, 0x02, 0xcf,
  0x2c, 0x91, 0xa6, 0xa6, 0xe7, 0xde, 0x85, 0x18, 0x49, 0x7c, 0x66, 0x4e, 0xa3, 0x3a, 0x6d, 0xa9, 0xb5, 0xee, 0x34, 0x2e,
  0xba, 0x0d, 0x03, 0xb8, 0x33, 0xdf, 0x47, 0xeb, 0xb1, 0x6b, 0x8d, 0x25, 0xd9, 0x9b, 0xce, 0x81, 0xd1, 0x45, 0x46, 0x32,
  0x96, 0x70, 0x87, 0xde, 0x02, 0x0e, 0x49, 0x43, 0x85, 0xb6, 0x6c, 0x73, 0xbb, 0x64, 0xea, 0x61, 0x41, 0xac, 0xc9, 0xd4,
  0x54, 0xdf, 0x87, 0x2f, 0xc7, 0x22, 0xb2, 0x26, 0xcc, 0x9f, 0x59, 0x54, 0x68, 0x9f, 0xfc, 0xbe, 0x2a, 0x2f, 0xc4, 0x55,
  0x1c, 0x75, 0x40, 0x60, 0x17, 0x85, 0x02, 0x55, 0x39, 0x8b, 0x7f, 0x05, 0x02, 0x03, 0x01, 0x00, 0x01, 0x00, 0xb7, 0x01,
  0x26, 0x30, 0x81, 0xb4, 0x31, 0x14, 0x30, 0x12, 0x06, 0x03, 0x55, 0x04, 0x0a, 0x13, 0x0b, 0x45, 0x6e, 0x74, 0x72, 0x75,
  0x73, 0x74, 0x2e, 0x6e, 0x65, 0x74, 0x31, 0x40, 0x30, 0x3e, 0x06, 0x03, 0x55, 0x04, 0x0b, 0x14, 0x37, 0x77, 0x77, 0x77,
  0x2e, 0x65, 0x6e, 0x74, 0x72, 0x75, 0x73, 0x74, 0x2e, 0x6e, 0x65, 0x74, 0x2f, 0x43, 0x50, 0x53, 0x5f, 0x32, 0x30, 0x34,
  0x38, 0x20, 0x69, 0x6e, 0x63, 0x6f, 0x72, 0x70, 0x2e, 0x20, 0x62, 0x79, 0x20, 0x72, 0x65, 0x66, 0x2e, 0x20, 0x28, 0x6c,
  0x69, 0x6d, 0x69, 0x74, 0x73, 0x20, 0x6c, 0x69, 0x61, 0x62, 0x2e, 0x29, 0x31, 0x25, 0x30, 0x23, 0x06, 0x03, 0x55, 0x04,
  0x0b, 0x13, 0x1c, 0x28, 0x63, 0x29, 0x20, 0x31, 0x39, 0x39, 0x39, 0x20, 0x45, 0x6e, 0x74, 0x72, 0x75, 0x73, 0x74, 0x2e,
  0x6e, 0x65, 0x74, 0x20, 0x4c, 0x69, 0x6d, 0x69, 0x74, 0x65, 0x64, 0x31, 0x33, 0x30, 0x31, 0x06, 0x03, 0x55, 0x04, 0x03,
  0x13, 0x2a, 0x45, 0x6e, 0x74, 0x72, 0x75, 0x73, 0x74, 0x2e, 0x6e, 0x65, 0x74, 0x20, 0x43, 0x65, 0x72, 0x74, 0x69, 0x66,
  0x69, 0x63, 0x61, 0x74, 0x69, 0x6f, 0x6e, 0x20, 0x41, 0x75, 0x74, 0x68, 0x6f, 0x72, 0x69, 0x74, 0x79, 0x20, 0x28, 0x32,
  0x30, 0x34, 0x38, 0x29, 0x30, 0x82, 0x01, 0x22, 0x30, 0x0d, 0x06, 0x09, 0x2a, 0x86, 0x48, 0x86, 0xf7, 0x0d, 0x01, 0x01,
  0x01, 0x05, 0x00, 0x03, 0x82, 0x01, 0x0f, 0x00, 0x30, 0x82, 0x01, 0x0a, 0x02, 0x82, 0x01, 0x01, 0x00, 0xad, 0x4d, 0x4b,
  0xa9, 0x12, 0x86, 0xb2, 0xea, 0xa3, 0x20, 0x07, 0x15, 0x16, 0x64, 0x2a, 0x2b, 0x4b, 0xd1, 0xbf, 0x0b, 0x4a, 0x4d, 0x8e,
  0xed, 0x80, 0x76, 0xa5, 0x67, 0xb7, 0x78, 0x40, 0xc0, 0x73, 0x42, 0xc8, 0x68, 0xc0, 0xdb, 0x53, 0x2b, 0xdd, 0x5e, 0xb8,
  0x76, 0x98, 0x35, 0x93, 0x8b, 0x1a, 0x9d, 0x7c, 0x13, 0x3a, 0x0e, 0x1f, 0x5b, 0xb7, 0x1e, 0xcf, 0xe5, 0x24, 0x14, 0x1e,
  0xb1, 0x81, 0xa9, 0x8d, 0x7d, 0xb8, 0xcc, 0x6b, 0x4b, 0x03, 0xf1, 0x02, 0x0c, 0xdc, 0xab, 0xa5, 0x40, 0x24, 0x00, 0x7f,
  0x74, 0x94, 0xa1, 0x9d, 0x08, 0x29, 0xb3, 0x88, 0x0b, 0xf5, 0x87, 0x77, 0x9d, 0x55, 0xcd, 0xe4, 0xc3, 0x7e, 0xd7, 0x6a,
  0x64, 0xab, 0x85, 0x14, 0x86, 0x95, 0x5b, 0x97, 0x32, 0x50, 0x6f, 0x3d, 0xc8, 0xba, 0x66, 0x0c, 0xe3, 0xfc, 0xbd, 0xb8,
  0x49, 0xc1, 0x76, 0x89, 0x49, 0x19, 0xfd, 0xc0, 0xa8, 0xbd, 0x89, 0xa3, 0x67, 0x2f, 0xc6, 0x9f, 0xbc, 0x71, 0x19, 0x60,
  0xb8, 0x2d, 0xe9, 0x2c, 0xc9, 0x90, 0x76, 0x66, 0x7b, 0x94, 0xe2, 0xaf, 0x78, 0xd6, 0x65, 0x53, 0x5d, 0x3c, 0xd6, 0x9c,
  0xb2, 0xcf, 0x29, 0x03, 0xf9, 0x2f, 0xa4, 0x50, 0xb2, 0xd4, 0x48, 0xce, 0x05, 0x32, 0x55, 0x8a, 0xfd, 0xb2, 0x64, 0x4c,
  0x0e, 0xe4, 0x98, 0x07, 0x75, 0xdb, 0x7f, 0xdf, 0xb9, 0x08, 0x55, 0x60, 0x85, 0x30, 0x29, 0xf9, 0x7b, 0x48, 0xa4, 0x69,
  0x86, 0xe3, 0x35, 0x3f, 0x1e, 0x86, 0x5d, 0x7a, 0x7a, 0x15, 0xbd, 0xef, 0x00, 0x8e, 0x15, 0x22, 0x54, 0x17, 0x00, 0x90,
  0x26, 0x93, 0xbc, 0x0e, 0x49, 0x68, 0x91, 0xbf, 0xf8, 0x47, 0xd3, 0x9d, 0x95, 0x42, 0xc1, 0x0e, 0x4d, 0xdf, 0x6f, 0x26,
  0xcf, 0xc3, 0x18, 0x21, 0x62, 0x66, 0x43, 0x70, 0xd6, 0xd5, 0xc0, 0x07, 0xe1, 0x02, 0x03, 0x01, 0x00, 0x01, 0x00, 0xc1,
  0x01, 0x26, 0x30, 0x81, 0xbe, 0x31, 0x0b, 0x30, 0x09, 0x06, 0x03, 0x55, 0x04, 0x06, 0x13, 0x02, 0x55, 0x53, 0x31, 0x16,
  0x30, 0x14, 0x06, 0x03, 0x55, 0x04, 0x0a, 0x13, 0x0d, 0x45, 0x6e, 0x74, 0x72, 0x75, 0x73, 0x74, 0x2c, 0x20, 0x49, 0x6e,
  0x63, 0x2e, 0x31, 0x28, 0x30, 0x26, 0x06, 0x03, 0x55, 0x04, 0x0b, 0x13, 0x1f, 0x53, 0x65, 0x65, 0x20, 0x77, 0x77, 0x77,
  0x2e, 0x65, 0x6e, 0x74, 0x72, 0x75, 0x73, 0x74, 0x2e, 0x6e, 0x65, 0x74, 0x2f, 0x6c, 0x65, 0x67, 0x61, 0x6c, 0x2d, 0x74,
  0x65, 0x72, 0x6d, 0x73, 0x31, 0x39, 0x30, 0x37, 0x06, 0x03, 0x55, 0x04, 0x0b, 0x13, 0x30, 0x28, 0x63, 0x29, 0x20, 0x32,
  0x30, 0x30, 0x39, 0x20, 0x45, 0x6e, 0x74, 0x72, 0x75, 0x73, 0x74, 0x2c, 0x20, 0x49, 0x6e, 0x63, 0x2e, 0x20, 0x2d, 0x20,
  0x66, 0x6f, 0x72, 0x20, 0x61, 0x75, 0x74, 0x68, 0x6f, 0x72, 0x69, 0x7a, 0x65, 0x64, 0x20, 0x75, 0x73, 0x65, 0x20, 0x6f,
  0x6e, 0x6c, 0x79, 0x31, 0x32, 0x30, 0x30, 0x06, 0x03, 0x55, 0x04, 0x03, 0x13, 0x29, 0x45, 0x6e, 0x74, 0x72, 0x75, 0x73,
  0x74, 0x20, 0x52, 0x6f, 0x6f, 0x74, 0x20, 0x43, 0x65, 0x72, 0x74, 0x69, 0x66, 0x69, 0x63, 0x61, 0x74, 0x69, 0x6f, 0x6e,
  0x20, 0x41, 0x75, 0x74, 0x68, 0x6f, 0x72, 0x69, 0x74, 0x79, 0x20, 0x2d, 0x20, 0x47, 0x32, 0x30, 0x82, 0x01, 0x22, 0x30,
  0x0d, 0x06, 0x09, 0x2a, 0x86, 0x48, 0x86, 0xf7, 0x0d, 0x01, 0x01, 0x01, 0x05, 0x00, 0x03, 0x82, 0x01, 0x0f, 0x00, 0x30,
  0x82, 0x01, 0x0a, 0x02, 0x82, 0x01, 0x01, 0x00, 0xba, 0x84, 0xb6, 0x72, 0xdb, 0x9e, 0x0c, 0x6b, 0xe2, 0x99, 0xe9, 0x30,
  0x01, 0xa7, 0x76, 0xea, 0x32, 0xb8, 0x95, 0x41, 0x1a, 0xc9, 0xda, 0x61, 0x4e, 0x58, 0x72, 0xcf, 0xfe, 0xf6, 0x82, 0x79,
  0xbf, 0x73, 0x61, 0x06, 0x0a, 0xa5, 0x27, 0xd8, 0xb3, 0x5f, 0xd3, 0x45, 0x4e, 0x1c, 0x72, 0xd6, 0x4e, 0x32, 0xf2, 0x72,
  0x8a, 0x0f, 0xf7, 0x83, 0x19, 0xd0, 0x6a, 0x80, 0x80, 0x00, 0x45, 0x1e, 0xb0, 0xc7, 0xe7, 0x9a, 0xbf, 0x12, 0x57, 0x27,
  0x1c, 0xa3, 0x68, 0x2f, 0x0a, 0x87, 0xbd, 0x6a, 0x6b, 0x0e, 0x5e, 0x65, 0xf3, 0x1c, 0x77, 0xd5, 0xd4, 0x85, 0x8d, 0x70,
  0x21, 0xb4, 0xb3, 0x32, 0xe7, 0x8b, 0xa2, 0xd5, 0x86, 0x39, 0x02, 0xb1, 0xb8, 0xd2, 0x47, 0xce, 0xe4, 0xc9, 0x49, 0xc4,
  0x3b, 0xa7, 0xde, 0xfb, 0x54, 0x7d, 0x57, 0xbe, 0xf0, 0xe8, 0x6e, 0xc2, 0x79, 0xb2, 0x3a, 0x0b, 0x55, 0xe2, 0x50, 0x98,
  0x16, 0x32, 0x13, 0x5c, 0x2f, 0x78, 0x56, 0xc1, 0xc2, 0x94, 0xb3, 0xf2, 0x5a, 0xe4, 0x27, 0x9a, 0x9f, 0x24, 0xd7, 0xc6,
  0xec, 0xd0, 0x9b, 0x25, 0x82, 0xe3, 0xcc, 0xc2, 0xc4, 0x45, 0xc5, 0x8c, 0x97, 0x7a, 0x06, 0x6b, 0x2a, 0x11, 0x9f, 0xa9,
  0x0a, 0x6e, 0x48, 0x3b, 0x6f, 0xdb, 0xd4, 0x11, 0x19, 0x42, 0xf7, 0x8f, 0x07, 0xbf, 0xf5, 0x53, 0x5f, 0x9c, 0x3e, 0xf4,
  0x17, 0x2c, 0xe6, 0x69, 0xac, 0x4e, 0x32, 0x4c, 0x62, 0x77, 0xea, 0xb7, 0xe8, 0xe5, 0xbb, 0x34, 0xbc, 0x19, 0x8b, 0xae,
  0x9c, 0x51, 0xe7, 0xb7, 0x7e, 0xb5, 0x53, 0xb1, 0x33, 0x22, 0xe5, 0x6d, 0xcf, 0x70, 0x3c, 0x1a, 0xfa, 0xe2, 0x9b, 0x67,
  0xb6, 0x83, 0xf4, 0x8d, 0xa5, 0xaf, 0x62, 0x4c, 0x4d, 0xe0, 0x58, 0xac, 0x64, 0x34, 0x12, 0x03, 0xf8, 0xb6, 0x8d, 0x94,
  0x63, 0x24, 0xa4, 0x71, 0x02, 0x03, 0x01, 0x00, 0x01, 0x00, 0xc2, 0x00, 0x78, 0x30, 0x81, 0xbf, 0x31, 0x0b, 0x30, 0x09,
  0x06, 0x03, 0x55, 0x04, 0x06, 0x13, 0x02, 0x55, 0x53, 0x31, 0x16, 0x30, 0x14, 0x06, 0x03, 0x55, 0x04, 0x0a, 0x13, 0x0d,
  0x45, 0x6e, 0x74, 0x72, 0x75, 0x73, 0x74, 0x2c, 0x20, 0x49, 0x6e, 0x63, 0x2e, 0x31, 0x28, 0x30, 0x26, 0x06, 0x03, 0x55,
  0x04, 0x0b, 0x13, 0x1f, 0x53, 0x65, 0x65, 0x20, 0x77, 0x77, 0x77, 0x2e, 0x65, 0x6e, 0x74, 0x72, 0x75, 0x73, 0x74, 0x2e,
  0x6e, 0x65, 0x74, 0x2f, 0x6c, 0x65, 0x67, 0x61, 0x6c, 0x2d, 0x74, 0x65, 0x72, 0x6d, 0x73, 0x31, 0x39, 0x30, 0x37, 0x06,
  0x03, 0x55, 0x04, 0x0b, 0x13, 0x30, 0x28, 0x63, 0x29, 0x20, 0x32, 0x30, 0x31, 0x32, 0x20, 0x45, 0x6e, 0x74, 0x72, 0x75,
  0x73, 0x74, 0x2c, 0x20, 0x49, 0x6e, 0x63, 0x2e, 0x20, 0x2d, 0x20, 0x66, 0x6f, 0x72, 0x20, 0x61, 0x75, 0x74, 0x68, 0x6f,
  0x72, 0x69, 0x7a, 0x65, 0x64, 0x20, 0x75, 0x73, 0x65, 0x20, 0x6f, 0x6e, 0x6c, 0x79, 0x31, 0x33, 0x30, 0x31, 0x06, 0x03,
  0x55, 0x04, 0x03, 0x13, 0x2a, 0x45, 0x6e, 0x74, 0x72, 0x75, 0x73, 0x74, 0x20, 0x52, 0x6f, 0x6f, 0x74, 0x20, 0x43, 0x65,
  0x72, 0x74, 0x69, 0x66, 0x69, 0x63, 0x61, 0x74, 0x69, 0x6f, 0x6e, 0x20, 0x41, 0x75, 0x74, 0x68, 0x6f, 0x72, 0x69, 0x74,
  0x79, 0x20, 0x2d, 0x20, 0x45, 0x43, 0x31, 0x30, 0x76, 0x30, 0x10, 0x06, 0x07, 0x2a, 0x86, 0x48, 0xce, 0x3d, 0x02, 0x01,
  0x06, 0x05, 0x2b, 0x81, 0x04, 0x00, 0x22, 0x03, 0x62, 0x00, 0x04, 0x84, 0x13, 0xc9, 0xd0, 0xba, 0x6d, 0x41, 0x7b, 0xe2,
  0x6c, 0xd0, 0xeb, 0x55, 0x5f, 0x66, 0x02, 0x1a, 0x24, 0xf4, 0x5b, 0x89, 0x69, 0x47, 0xe3, 0xb8, 0xc2, 0x7d, 0xf1, 0xf2,
  0x02, 0xc5, 0x9f, 0xa0, 0xf6, 0x5b, 0xd5, 0x8b, 0x06, 0x19, 0x86, 0x4f, 0x53, 0x10, 0x6d, 0x07, 0x24, 0x27, 0xa1, 0xa0,
  0xf8, 0xd5, 0x47, 0x19, 0x61, 0x4c, 0x7d, 0xca, 0x93, 0x27, 0xea, 0x74, 0x0c, 0xef, 0x6f, 0x96, 0x09, 0xfe, 0x63, 0xec,
  0x70, 0x5d, 0x36, 0xad, 0x67, 0x77, 0xae, 0xc9, 0x9d, 0x7c, 0x55, 0x44, 0x3a, 0xa2, 0x63, 0x51, 0x1f, 0xf5, 0xe3, 0x62,
  0xd4, 0xa9, 0x47, 0x07, 0x3e, 0xcc, 0x20
};

void setTrustedRoots(WiFiClientSecure &client) { client.setCACertBundle(CERT_BUNDLE); }
